family,source_level,group_id,valence,vertex_count,normal_absolute_error_mean,normal_absolute_error_maximum,normal_absolute_error_rms,tangential_speed_mean,tangential_speed_maximum,tangential_speed_rms
C,1,1,5,2,0.10500301616476809,0.10500301616476809,0.10500301616476809,0.022707644732629047,0.022707644732629064,0.022707644732629047
C,1,2,5,2,0.1095671438037137,0.10956714380371381,0.1095671438037137,0.017608258493050068,0.017608258493050165,0.017608258493050068
C,1,3,5,2,0.099709257801774628,0.099709257801774628,0.099709257801774628,0.0157826070555529,0.0157826070555529,0.0157826070555529
C,1,4,5,2,0.10316692582548032,0.10316692582548032,0.10316692582548032,0.03453918799447675,0.034539187994476798,0.034539187994476743
C,1,5,5,2,0.10238960909750869,0.1023896090975088,0.10238960909750869,0.019877536528602305,0.019877536528602448,0.019877536528602305
C,1,6,5,2,0.10480559901118355,0.10480559901118366,0.10480559901118355,0.028564027022544763,0.028564027022544788,0.028564027022544767
C,1,7,6,2,0.036007973654881828,0.036007973654881988,0.036007973654881828,0.0072458698970899486,0.0072458698970899581,0.0072458698970899486
C,1,8,6,2,0.024624777617377445,0.0246247776173775,0.024624777617377445,0.020310537421950919,0.020310537421950922,0.020310537421950919
C,1,9,6,2,0.038374462738680143,0.038374462738680143,0.038374462738680143,0.030795920897848678,0.030795920897848678,0.030795920897848678
C,1,10,6,2,0.030101152940893446,0.030101152940893498,0.030101152940893446,0.013821067140918887,0.013821067140918925,0.013821067140918887
C,1,11,6,2,0.025281054366775559,0.025281054366775559,0.025281054366775559,0.026324637209299253,0.026324637209299333,0.026324637209299253
C,1,12,6,2,0.027934993345137722,0.027934993345137774,0.027934993345137722,0.034347206686449347,0.034347206686449368,0.03434720668644934
C,1,13,6,2,0.043576115003257546,0.043576115003257601,0.043576115003257546,0.024124378446685295,0.024124378446685305,0.024124378446685295
C,1,14,6,2,0.035053729358153464,0.035053729358153464,0.035053729358153464,0.01885136298062657,0.01885136298062659,0.01885136298062657
C,1,15,6,2,0.018526508651855705,0.018526508651855705,0.018526508651855705,0.0080352352979903632,0.0080352352979903945,0.0080352352979903632
C,1,16,6,2,0.04138092350590146,0.04138092350590146,0.04138092350590146,0.026222853721909682,0.026222853721909682,0.026222853721909682
C,1,17,6,2,0.035934483209460126,0.035934483209460126,0.035934483209460126,0.035705772906975686,0.03570577290697579,0.035705772906975679
C,1,18,6,2,0.027507410846593743,0.027507410846593798,0.027507410846593743,0.018822217177355948,0.018822217177355952,0.018822217177355948
C,1,19,6,2,0.044516912203981546,0.044516912203981601,0.044516912203981553,0.021313053747500962,0.021313053747500976,0.021313053747500962
C,1,20,6,2,0.031414552880862791,0.031414552880862846,0.031414552880862791,0.023855314589187555,0.02385531458918759,0.023855314589187559
C,1,21,6,2,0.026025764910539415,0.02602576491053947,0.026025764910539418,0.032275552449814962,0.032275552449815052,0.032275552449814962
C,2,1,5,2,0.13802311139862158,0.13802311139862158,0.13802311139862158,0.0064732891203799414,0.0064732891203799622,0.0064732891203799414
C,2,2,5,2,0.13685273429558292,0.13685273429558292,0.13685273429558292,0.0046837050906598891,0.0046837050906598978,0.0046837050906598891
C,2,3,5,2,0.13586422870237103,0.13586422870237114,0.13586422870237103,0.0051339065040665191,0.0051339065040665443,0.0051339065040665191
C,2,4,5,2,0.13534390160308343,0.13534390160308366,0.13534390160308343,0.0096331397262351334,0.009633139726235156,0.0096331397262351334
C,2,5,5,2,0.13715143294676033,0.13715143294676033,0.13715143294676033,0.0059229578781740304,0.00592295787817421,0.0059229578781740304
C,2,6,5,2,0.13698537583918502,0.13698537583918513,0.13698537583918502,0.0079703163697659278,0.0079703163697659903,0.0079703163697659278
C,2,7,6,2,0.015323892717905704,0.015323892717905704,0.015323892717905704,0.0020778155475021732,0.0020778155475021788,0.0020778155475021732
C,2,8,6,2,0.00063586006146824827,0.00063586006146835669,0.00063586006146824827,0.00602923170847601,0.0060292317084760993,0.0060292317084760091
C,2,9,6,2,0.017204372809045076,0.017204372809045184,0.017204372809045076,0.0087454716497859034,0.0087454716497859381,0.0087454716497859034
C,2,10,6,2,0.011333932831879756,0.011333932831879756,0.011333932831879756,0.0036518446103006698,0.0036518446103006698,0.0036518446103006698
C,2,11,6,2,0.0038036716895777957,0.0038036716895777957,0.0038036716895777957,0.0072124804962760154,0.0072124804962760839,0.0072124804962760154
C,2,12,6,2,0.0042677753696300112,0.0042677753696301196,0.0042677753696300112,0.0095601761987441983,0.0095601761987442139,0.0095601761987441983
C,2,13,6,2,0.022336287940082553,0.022336287940082553,0.022336287940082553,0.0071090279635309664,0.0071090279635309846,0.0071090279635309664
C,2,14,6,2,0.012456581210431444,0.012456581210431444,0.012456581210431444,0.0055013788671343057,0.0055013788671343265,0.0055013788671343057
C,2,15,6,2,0.0062673409507943032,0.0062673409507944117,0.0062673409507943032,0.0023643695917687727,0.0023643695917687953,0.0023643695917687727
C,2,16,6,2,0.02079638256063162,0.02079638256063162,0.02079638256063162,0.0075766235842945669,0.0075766235842947274,0.0075766235842945678
C,2,17,6,2,0.01361995445144169,0.013619954451441797,0.013619954451441688,0.010031438780520652,0.010031438780520697,0.010031438780520653
C,2,18,6,2,0.0077775466446805205,0.0077775466446805205,0.0077775466446805205,0.0050781653117486251,0.0050781653117486806,0.0050781653117486251
C,2,19,6,2,0.022422301308072049,0.022422301308072049,0.022422301308072049,0.0064663263985985002,0.0064663263985985696,0.0064663263985985002
C,2,20,6,2,0.0067772462892583219,0.0067772462892584304,0.0067772462892583219,0.0070844008678724174,0.0070844008678724426,0.0070844008678724174
C,2,21,6,2,0.0030001139441938884,0.0030001139441938884,0.0030001139441938884,0.0089400649973492077,0.0089400649973492806,0.0089400649973492095
C,2,22,6,2,0.0088595644564691458,0.0088595644564691458,0.0088595644564691458,0.0041096018064751775,0.0041096018064752399,0.0041096018064751775
C,2,23,6,2,0.0021039406981429067,0.0021039406981431235,0.0021039406981429067,0.019367296401160028,0.019367296401160083,0.019367296401160028
C,2,24,6,2,0.013847072320524886,0.013847072320524994,0.013847072320524885,0.0092454540573191149,0.0092454540573191375,0.0092454540573191149
C,2,25,6,2,0.010608073450060979,0.010608073450060979,0.010608073450060979,0.0056738739267230562,0.0056738739267230562,0.0056738739267230562
C,2,26,6,2,0.0078630960424924158,0.0078630960424924158,0.0078630960424924158,0.0060412828627511234,0.0060412828627512674,0.0060412828627511234
C,2,27,6,2,0.0092564421516025709,0.0092564421516026785,0.0092564421516025709,0.014115059899226179,0.014115059899226191,0.014115059899226179
C,2,28,6,2,0.0085437236696944436,0.0085437236696944436,0.0085437236696944436,0.022002811029950709,0.022002811029950713,0.022002811029950709
C,2,29,6,2,0.0052649509672404423,0.0052649509672405507,0.0052649509672404423,0.0054736375290762099,0.0054736375290763382,0.0054736375290762099
C,2,30,6,2,0.011366535014574594,0.011366535014574811,0.011366535014574594,0.010332989812873727,0.010332989812873753,0.010332989812873729
C,2,31,6,2,0.0053736721096801169,0.0053736721096801169,0.0053736721096801169,0.010007384026850006,0.010007384026850098,0.010007384026850006
C,2,32,6,2,0.011251120716047934,0.011251120716047934,0.011251120716047934,0.012743405846384528,0.012743405846384568,0.012743405846384528
C,2,33,6,2,0.013012861111258217,0.013012861111258217,0.013012861111258217,0.011666433070017778,0.011666433070017778,0.011666433070017778
C,2,34,6,2,0.0023697537999938911,0.0023697537999938911,0.0023697537999938911,0.013589177476161896,0.013589177476162066,0.013589177476161894
C,2,35,6,2,0.0059937945447980463,0.0059937945447981547,0.0059937945447980463,0.018676911708439409,0.018676911708439412,0.018676911708439412
C,2,36,6,2,0.0094139839391067306,0.0094139839391068399,0.0094139839391067324,0.004855979032338812,0.0048559790323388216,0.0048559790323388129
C,2,37,6,2,0.0065822657020424931,0.0065822657020426015,0.0065822657020424931,0.0053472377556001323,0.0053472377556002771,0.0053472377556001323
C,2,38,6,2,0.0035764363931212184,0.0035764363931212184,0.0035764363931212184,0.017259134757120792,0.01725913475712082,0.017259134757120792
C,2,39,6,2,0.011163458771816992,0.011163458771817208,0.011163458771816993,0.0067505028831039149,0.0067505028831040354,0.0067505028831039149
C,2,40,6,2,0.0051702841207843875,0.0051702841207844959,0.0051702841207843875,0.0028316684816060735,0.0028316684816061099,0.0028316684816060735
C,2,41,6,2,0.0093486485215848007,0.00934864852158491,0.0093486485215848025,0.02448930791006429,0.02448930791006439,0.024489307910064293
C,2,42,6,2,0.0047248403371204228,0.0047248403371204228,0.0047248403371204228,0.0094904551656211401,0.0094904551656211766,0.0094904551656211419
C,2,43,6,2,0.011757675557556337,0.011757675557556337,0.011757675557556337,0.015006218297958011,0.015006218297958011,0.015006218297958011
C,2,44,6,2,0.01492081866623883,0.01492081866623883,0.01492081866623883,0.0086499942039292982,0.0086499942039293329,0.0086499942039292965
C,2,45,6,2,0.0075067709174149802,0.0075067709174149802,0.0075067709174149802,0.020383339999596108,0.020383339999596319,0.020383339999596108
C,2,46,6,2,0.0055795761394576704,0.0055795761394576704,0.0055795761394576704,0.0042071044954168626,0.0042071044954169147,0.0042071044954168626
C,2,47,6,2,0.011327605221440776,0.011327605221440884,0.011327605221440776,0.0071359319772785444,0.0071359319772785548,0.0071359319772785444
C,2,48,6,2,0.0018597890202050717,0.0018597890202051801,0.0018597890202050717,0.01419250373824194,0.014192503738241975,0.01419250373824194
C,2,49,6,2,0.011136637059577206,0.011136637059577315,0.011136637059577207,0.022629053873558957,0.022629053873559041,0.022629053873558961
C,2,50,6,2,0.0072032404089270377,0.0072032404089270377,0.0072032404089270377,0.0048933075334662221,0.0048933075334663869,0.0048933075334662212
C,2,51,6,2,0.0047440237151269698,0.0047440237151269698,0.0047440237151269698,0.003960776486168549,0.003960776486168549,0.003960776486168549
C,2,52,6,2,0.010107026660457997,0.010107026660457997,0.010107026660457997,0.018246594655135631,0.018246594655135676,0.018246594655135628
C,2,53,6,2,0.011196880989625103,0.011196880989625211,0.011196880989625102,0.0082987960289119742,0.0082987960289121424,0.0082987960289119742
C,2,54,6,2,0.0082593913119607433,0.0082593913119607433,0.0082593913119607433,0.02077646906347478,0.020776469063474814,0.02077646906347478
C,2,55,6,2,0.00076222778676868566,0.00076222778676868566,0.00076222778676868566,0.015752831709822872,0.015752831709822893,0.015752831709822872
C,2,56,6,2,0.014938825739200579,0.014938825739200688,0.014938825739200579,0.0090827446792581795,0.0090827446792583026,0.0090827446792581795
C,2,57,6,2,0.0042142548815154134,0.0042142548815154134,0.0042142548815154134,0.017226596764845711,0.017226596764845711,0.017226596764845711
C,2,58,6,2,0.0080869502328509858,0.0080869502328509858,0.0080869502328509858,0.0053864776770232766,0.0053864776770232861,0.0053864776770232766
C,2,59,6,2,0.011675376972035021,0.011675376972035238,0.011675376972035021,0.011239496856695272,0.011239496856695338,0.011239496856695272
C,2,60,6,2,0.0037352720437943288,0.0037352720437943288,0.0037352720437943288,0.012151149840880426,0.012151149840880426,0.012151149840880426
C,2,61,6,2,0.0050062535180755638,0.0050062535180755638,0.0050062535180755638,0.01119182863343202,0.011191828633432042,0.011191828633432018
C,2,62,6,2,0.012555463744651002,0.012555463744651002,0.012555463744651002,0.010394534566294411,0.010394534566294434,0.010394534566294411
C,2,63,6,2,0.012097956941057947,0.012097956941058054,0.012097956941057947,0.011755784217055002,0.011755784217055023,0.011755784217055002
C,2,64,6,2,0.011953923028173628,0.011953923028173736,0.011953923028173628,0.025582111269687346,0.025582111269687371,0.02558211126968735
C,2,65,6,2,0.0061186887514860181,0.0061186887514860181,0.0061186887514860181,0.0060049831665905072,0.0060049831665905358,0.0060049831665905072
C,2,66,6,2,0.011918995540316935,0.011918995540316935,0.011918995540316935,0.0062296327912352394,0.0062296327912353035,0.0062296327912352402
C,2,67,6,2,0.0063544792589374137,0.0063544792589375221,0.0063544792589374137,0.019081332434345462,0.019081332434345476,0.019081332434345462
C,2,68,6,2,0.0043005859925728755,0.0043005859925728755,0.0043005859925728755,0.016062299544583818,0.016062299544583932,0.016062299544583818
C,2,69,6,2,0.013540701734669541,0.013540701734669758,0.013540701734669541,0.007028882009843391,0.0070288820098434188,0.007028882009843391
C,2,70,6,2,0.010260775789683253,0.010260775789683362,0.010260775789683253,0.0071562355438342879,0.0071562355438343469,0.0071562355438342879
C,2,71,6,2,0.0050408110348393233,0.0050408110348393233,0.0050408110348393233,0.008847585958941355,0.0088475859589413983,0.008847585958941355
C,2,72,6,2,0.011262099236044567,0.011262099236044676,0.011262099236044567,0.014253550625847673,0.014253550625847844,0.014253550625847671
C,2,73,6,2,0.0023090209882507774,0.0023090209882508858,0.0023090209882507774,0.015671142389403737,0.015671142389403793,0.015671142389403737
C,2,74,6,2,0.0080409194244070083,0.0080409194244070083,0.0080409194244070083,0.021394287329524482,0.021394287329524482,0.021394287329524482
C,2,75,6,2,0.0056823193851733827,0.0056823193851733827,0.0056823193851733827,0.0042209990586543188,0.0042209990586543596,0.0042209990586543188
C,2,76,6,2,0.0050502192820940433,0.0050502192820941517,0.0050502192820940433,0.022457444612636861,0.022457444612636903,0.022457444612636861
C,2,77,6,2,0.0087183020040372365,0.0087183020040372365,0.0087183020040372365,0.011426709605233643,0.01142670960523369,0.011426709605233643
C,2,78,6,2,0.0075828056785227135,0.0075828056785227135,0.0075828056785227135,0.023244681857140313,0.023244681857140452,0.02324468185714031
C,2,79,6,2,0.0048602702249123022,0.0048602702249123022,0.0048602702249123022,0.01295013450684963,0.01295013450684963,0.01295013450684963
C,2,80,6,2,0.0098674376895276257,0.0098674376895276257,0.0098674376895276257,0.026543749228119633,0.026543749228119706,0.026543749228119633
C,2,81,6,2,0.0047096752963968029,0.0047096752963968029,0.0047096752963968029,0.016489962389253692,0.01648996238925372,0.016489962389253692
C,3,1,5,2,0.14682740256017679,0.14682740256017679,0.14682740256017679,0.0017109747032905053,0.0017109747032905136,0.0017109747032905053
C,3,2,5,2,0.14372232134619012,0.14372232134619053,0.14372232134619009,0.0011882485240990903,0.0011882485240991914,0.0011882485240990901
C,3,3,5,2,0.14579449708842043,0.14579449708842065,0.14579449708842043,0.0015984158467860126,0.0015984158467862932,0.0015984158467860126
C,3,4,5,2,0.14370979704315412,0.14370979704315423,0.14370979704315412,0.0024880014920062431,0.0024880014920063845,0.0024880014920062431
C,3,5,5,2,0.14657547941591129,0.1465754794159114,0.14657547941591129,0.0016618917972519485,0.0016618917972520202,0.0016618917972519485
C,3,6,5,2,0.1454436661152724,0.14544366611527262,0.1454436661152724,0.0020410165575295816,0.002041016557530047,0.0020410165575295816
C,3,7,6,2,0.0098159130539610378,0.0098159130539612546,0.0098159130539610378,0.00053852202446058172,0.00053852202446070337,0.00053852202446058172
C,3,8,6,2,0.0075024742993174288,0.0075024742993176456,0.0075024742993174288,0.0015765974657689513,0.0015765974657691128,0.0015765974657689513
C,3,9,6,2,0.011671872468813439,0.011671872468813549,0.011671872468813439,0.0022557199216861985,0.0022557199216864669,0.0022557199216861981
C,3,10,6,2,0.0066509302620259116,0.00665093026202602,0.0066509302620259116,0.00092450490405294105,0.00092450490405311225,0.00092450490405294105
C,3,11,6,2,0.0016476920436049505,0.0016476920436049505,0.0016476920436049505,0.0018426317826159928,0.0018426317826160353,0.001842631782615993
C,3,12,6,2,0.001915193791373151,0.0019151937913732594,0.001915193791373151,0.0024539859952405685,0.0024539859952407059,0.0024539859952405689
C,3,13,6,2,0.016575592636979431,0.016575592636979431,0.016575592636979431,0.0018553858979643515,0.0018553858979643723,0.0018553858979643515
C,3,14,6,2,0.0063330314198104063,0.0063330314198106231,0.0063330314198104063,0.0014329075962582088,0.0014329075962582259,0.001432907596258209
C,3,15,6,2,0.012917731366578394,0.012917731366578504,0.012917731366578394,0.0006165579150253361,0.0006165579150254404,0.0006165579150253361
C,3,16,6,2,0.01533244179625394,0.01533244179625394,0.01533244179625394,0.0019650621533051065,0.0019650621533052353,0.0019650621533051065
C,3,17,6,2,0.0078413271177774947,0.0078413271177774947,0.0078413271177774947,0.002578697157524238,0.0025786971575243109,0.002578697157524238
C,3,18,6,2,0.0028271750421202894,0.0028271750421205062,0.0028271750421202894,0.0012922961004677095,0.0012922961004677757,0.0012922961004677095
C,3,19,6,2,0.016316303672226848,0.016316303672226848,0.016316303672226848,0.0017018823484427114,0.0017018823484427174,0.0017018823484427111
C,3,20,6,2,2.3050254783227656e-05,2.3050254783227656e-05,2.3050254783227656e-05,0.0018537435532398048,0.0018537435532398211,0.0018537435532398048
C,3,21,6,2,0.0029376552694235225,0.0029376552694235225,0.0029376552694235225,0.0022909942219441742,0.0022909942219443745,0.0022909942219441737
C,3,22,6,2,0.0046613816304427302,0.004661381630442947,0.0046613816304427302,0.0016566381607549668,0.0016566381607549825,0.0016566381607549668
C,3,23,6,2,0.0043891170885078769,0.0043891170885082022,0.0043891170885078769,0.008663092826619697,0.0086630928266197074,0.0086630928266196953
C,3,24,6,2,0.0073463601683258078,0.0073463601683260247,0.0073463601683258078,0.0031180171801756971,0.0031180171801757058,0.0031180171801756975
C,3,25,6,2,0.0053782071642264218,0.0053782071642264218,0.0053782071642264218,0.002386003038158615,0.0023860030381587004,0.002386003038158615
C,3,26,6,2,0.0019382504239940897,0.001938250423994415,0.0019382504239940897,0.0032199747175957177,0.0032199747175958035,0.0032199747175957181
C,3,27,6,2,0.0035045092102392811,0.0035045092102393895,0.0035045092102392811,0.0082603238672288755,0.0082603238672290212,0.0082603238672288755
C,3,28,6,2,0.0015402222603979818,0.0015402222603984154,0.0015402222603979818,0.0096529945027592785,0.0096529945027593878,0.0096529945027592785
C,3,29,6,2,0.00089014837877056038,0.00089014837877056038,0.00089014837877056038,0.0020204215849163138,0.0020204215849164236,0.0020204215849163138
C,3,30,6,2,0.0058794627791382281,0.0058794627791382281,0.0058794627791382281,0.0032805681387614609,0.0032805681387614921,0.0032805681387614609
C,3,31,6,2,0.00089633555530881266,0.00089633555530881266,0.00089633555530881266,0.0063982223452521015,0.0063982223452521362,0.0063982223452521015
C,3,32,6,2,0.0042455329019964539,0.0042455329019965623,0.0042455329019964539,0.004676727924690479,0.0046767279246905319,0.0046767279246904799
C,3,33,6,2,0.0061780816992310604,0.0061780816992312772,0.0061780816992310604,0.0041370216340779571,0.0041370216340779978,0.0041370216340779571
C,3,34,6,2,0.0025805140462231962,0.002580514046223413,0.0025805140462231962,0.0068328653569476481,0.006832865356947832,0.0068328653569476481
C,3,35,6,2,0.00052373418029890741,0.00052373418029890741,0.00052373418029890741,0.0083518756196429133,0.0083518756196429862,0.0083518756196429133
C,3,36,6,2,0.0049096879665462426,0.004909687966546351,0.0049096879665462426,0.0022255743609208485,0.0022255743609209018,0.0022255743609208485
C,3,37,6,2,0.0025838387092073489,0.0025838387092073489,0.0025838387092073489,0.0022054044455883503,0.0022054044455885064,0.0022054044455883499
C,3,38,6,2,0.0021879404317316862,0.0021879404317316862,0.0021879404317316862,0.007934301379315032,0.0079343013793151361,0.0079343013793150338
C,3,39,6,2,0.0064015456753492616,0.00640154567534937,0.0064015456753492616,0.0021614410172251033,0.0021614410172251905,0.0021614410172251038
C,3,40,6,2,0.0019685443226238452,0.0019685443226238452,0.0019685443226238452,0.00077139492599715906,0.00077139492599731659,0.00077139492599715895
C,3,41,6,2,0.0025801384886935683,0.0025801384886936767,0.0025801384886935683,0.010188170214885174,0.01018817021488526,0.010188170214885174
C,3,42,6,2,0.00047343715529500272,0.00047343715529500272,0.00047343715529500272,0.006356434610487737,0.0063564346104880388,0.006356434610487737
C,3,43,6,2,0.0039903630594964688,0.0039903630594964688,0.0039903630594964688,0.005579676857932446,0.0055796768579324746,0.0055796768579324469
C,3,44,6,2,0.0081378318896255103,0.0081378318896256196,0.0081378318896255103,0.0031081615198997412,0.0031081615198999047,0.0031081615198997412
C,3,45,6,2,0.00086386227323971641,0.00086386227323982483,0.00086386227323971641,0.0094980163467598688,0.0094980163467599729,0.0094980163467598706
C,3,46,6,2,0.00041240930438355382,0.00041240930438355382,0.00041240930438355382,0.0028770157397477016,0.0028770157397477341,0.0028770157397477016
C,3,47,6,2,0.0051297016854553838,0.0051297016854553838,0.0051297016854553838,0.0030716679500828268,0.0030716679500828944,0.0030716679500828268
C,3,48,6,2,0.0043565060922983422,0.0043565060922983422,0.0043565060922983422,0.007692292550546851,0.0076922925505470289,0.0076922925505468519
C,3,49,6,2,0.0044557775169307189,0.0044557775169308273,0.0044557775169307189,0.010484531014729022,0.010484531014729057,0.010484531014729022
C,3,50,6,2,0.0034247415557503175,0.0034247415557505344,0.0034247415557503175,0.001436592841460659,0.0014365928414607888,0.001436592841460659
C,3,51,6,2,7.4963400595383194e-05,7.4963400595708454e-05,7.4963400595383194e-05,0.00245172121730055,0.0024517212173006159,0.00245172121730055
C,3,52,6,2,0.0041774749430920815,0.0041774749430921899,0.0041774749430920815,0.0093111249372698213,0.0093111249372699063,0.0093111249372698195
C,3,53,6,2,0.0062919413071051361,0.0062919413071052446,0.0062919413071051361,0.0026288127443513374,0.0026288127443513491,0.0026288127443513374
C,3,54,6,2,0.0016391121889917145,0.0016391121889917145,0.0016391121889917145,0.0094737420558523473,0.0094737420558523786,0.0094737420558523473
C,3,55,6,2,0.0052929041672955621,0.0052929041672955621,0.0052929041672955621,0.0078334420089878724,0.0078334420089879678,0.0078334420089878724
C,3,56,6,2,0.0081827662557618815,0.0081827662557619908,0.0081827662557618815,0.0031418819551756729,0.0031418819551756964,0.0031418819551756729
C,3,57,6,2,0.00093256910302136516,0.00093256910302136516,0.00093256910302136516,0.007874284096991457,0.007874284096991457,0.007874284096991457
C,3,58,6,2,0.0038064225456593478,0.0038064225456593478,0.0038064225456593478,0.0023223035457776561,0.0023223035457778166,0.0023223035457776561
C,3,59,6,2,0.0056093622905441969,0.0056093622905443053,0.0056093622905441969,0.0036223907367241284,0.0036223907367242346,0.003622390736724128
C,3,60,6,2,0.00094645000803814452,0.00094645000803814452,0.00094645000803814452,0.0065804500163236836,0.0065804500163236931,0.0065804500163236836
C,3,61,6,2,0.00050457931598203373,0.00050457931598203373,0.00050457931598203373,0.0065283624073614885,0.0065283624073616811,0.0065283624073614885
C,3,62,6,2,0.0061994817871796224,0.0061994817871797309,0.0061994817871796224,0.0034169054117118526,0.0034169054117120187,0.0034169054117118526
C,3,63,6,2,0.005301089077147875,0.0053010890771480919,0.005301089077147875,0.0042473764128562672,0.0042473764128563261,0.0042473764128562672
C,3,64,6,2,0.0044586001102813909,0.0044586001102814993,0.0044586001102813909,0.011323546916406343,0.01132354691640635,0.011323546916406345
C,3,65,6,2,0.0021208858159423938,0.0021208858159425022,0.0021208858159423938,0.0016686304408801101,0.0016686304408805065,0.0016686304408801099
C,3,66,6,2,0.0066317670404273743,0.0066317670404274828,0.0066317670404273743,0.0021510544098096969,0.0021510544098097342,0.0021510544098096965
C,3,67,6,2,0.00049974471619902358,0.00049974471619902358,0.00049974471619902358,0.0092492746045296989,0.0092492746045297093,0.0092492746045296989
C,3,68,6,2,0.0023901245865699111,0.0023901245865699111,0.0023901245865699111,0.0084125285955812777,0.0084125285955813402,0.008412528595581276
C,3,69,6,2,0.0073581360640293534,0.0073581360640294618,0.0073581360640293534,0.0026238430753617232,0.0026238430753618212,0.0026238430753617232
C,3,70,6,2,0.0038220598615692656,0.0038220598615693741,0.0038220598615692656,0.0033381961997499404,0.003338196199749956,0.0033381961997499404
C,3,71,6,2,0.00032352390550534002,0.00032352390550555686,0.00032352390550534002,0.0062030778587154074,0.0062030778587154082,0.0062030778587154074
C,3,72,6,2,0.0038304456563382442,0.0038304456563382442,0.0038304456563382442,0.0052551778601650345,0.0052551778601650648,0.0052551778601650336
C,3,73,6,2,0.0030242225075554751,0.0030242225075556919,0.0030242225075554751,0.0073874092253554263,0.0073874092253554298,0.0073874092253554255
C,3,74,6,2,0.0019842114464979112,0.001984211446498128,0.0019842114464979112,0.0092187437316699622,0.0092187437316700229,0.0092187437316699622
C,3,75,6,2,0.0020709363530593914,0.0020709363530593914,0.0020709363530593914,0.0016056461475660471,0.0016056461475661419,0.0016056461475660471
C,3,76,6,2,0.0020755340533059555,0.0020755340533059555,0.0020755340533059555,0.0095157432174451002,0.0095157432174451002,0.0095157432174451002
C,3,77,6,2,0.0028361466007180945,0.0028361466007180945,0.0028361466007180945,0.0076089441988547194,0.0076089441988547194,0.0076089441988547194
C,3,78,6,2,0.00024874761875206403,0.00024874761875206403,0.00024874761875206403,0.0098395954193633631,0.009839595419363403,0.0098395954193633631
C,3,79,6,2,0.00086218980661282967,0.00086218980661304651,0.00086218980661282967,0.0071273381540624342,0.0071273381540625791,0.0071273381540624342
C,3,80,6,2,0.0025578145020894007,0.0025578145020895091,0.0025578145020894007,0.010829121736444415,0.010829121736444463,0.010829121736444415
C,3,81,6,2,0.0012562668007037522,0.0012562668007037522,0.0012562668007037522,0.0079047385782960687,0.0079047385782962231,0.0079047385782960687
C,3,82,6,2,0.0012513549081695496,0.0012513549081695496,0.0012513549081695496,0.0019899732796326004,0.0019899732796326004,0.0019899732796326004
C,3,83,6,2,0.00087647776338269871,0.00087647776338302397,0.00087647776338269871,0.0026352633237519893,0.0026352633237520635,0.0026352633237519893
C,3,84,6,2,0.0049134584081441789,0.0049134584081441789,0.0049134584081441789,0.0033755680721119005,0.00337556807211191,0.0033755680721119005
C,3,85,6,2,0.00217860658441565,0.0021786065844157584,0.00217860658441565,0.0010346364584789965,0.0010346364584790401,0.0010346364584789965
C,3,86,6,2,0.00076174253583940338,0.00076174253583940338,0.00076174253583940338,0.0085289441652005894,0.008528944165200612,0.0085289441652005877
C,3,87,6,2,0.0027826125575766041,0.0027826125575767125,0.0027826125575766041,0.00092421468760930448,0.0009242146876094786,0.00092421468760930448
C,3,88,6,2,0.0030288305211540996,0.003028830521154208,0.0030288305211540996,0.00337750028143403,0.0033775002814340621,0.00337750028143403
C,3,89,6,2,0.00073362940391727156,0.00073362940391759682,0.00073362940391727167,0.0082851467585322823,0.0082851467585326188,0.0082851467585322823
C,3,90,6,2,0.0038021208024143112,0.0038021208024143112,0.0038021208024143112,0.0027413662369140503,0.0027413662369140928,0.0027413662369140507
C,3,91,6,2,0.0030627178795249958,0.0030627178795249958,0.0030627178795249958,0.0018700042285839024,0.0018700042285839024,0.0018700042285839024
C,3,92,6,2,0.0015349594750496253,0.0015349594750498421,0.0015349594750496253,0.0024886353513307734,0.002488635351330985,0.0024886353513307734
C,3,93,6,2,0.0023081612213186496,0.002308161221318758,0.0023081612213186496,0.008467622227415407,0.0084676222274156047,0.0084676222274154087
C,3,94,6,2,0.0022140807884154026,0.0022140807884154026,0.0022140807884154026,0.0026168998711997415,0.0026168998711997567,0.0026168998711997415
C,3,95,6,2,0.0012937934509080337,0.0012937934509081421,0.0012937934509080337,0.0029441272117940011,0.0029441272117941885,0.0029441272117940007
C,3,96,6,2,0.001776113174746909,0.0017761131747471258,0.001776113174746909,0.0025811066027633749,0.0025811066027637292,0.0025811066027633749
C,3,97,6,2,0.002545062143730222,0.0025450621437303304,0.002545062143730222,0.0020385292689481826,0.0020385292689482784,0.0020385292689481826
C,3,98,6,2,0.0025427713021718883,0.0025427713021722136,0.0025427713021718883,0.0030499165685518464,0.003049916568551869,0.0030499165685518464
C,3,99,6,2,0.0021739690465671186,0.0021739690465672271,0.0021739690465671186,0.0079555146539289495,0.0079555146539291299,0.0079555146539289495
C,3,100,6,2,0.0023133046904659895,0.0023133046904660979,0.0023133046904659895,0.0095367255192096746,0.0095367255192098915,0.0095367255192096746
C,3,101,6,2,0.0020963448236815865,0.0020963448236815865,0.0020963448236815865,0.0035376560996949651,0.0035376560996951412,0.0035376560996949647
C,3,102,6,2,0.0026459567864184439,0.0026459567864186607,0.0026459567864184439,0.0026851580994583304,0.002685158099458422,0.0026851580994583304
C,3,103,6,2,0.0028567772791040103,0.0028567772791040103,0.0028567772791040103,0.0093625355609006852,0.0093625355609006956,0.0093625355609006835
C,3,104,6,2,0.0010869830504310661,0.0010869830504311746,0.0010869830504310661,0.0016429127424892934,0.0016429127424895905,0.0016429127424892934
C,3,105,6,2,0.0027928072637677104,0.0027928072637677104,0.0027928072637677104,0.00053978282170250437,0.00053978282170268337,0.00053978282170250437
C,3,106,6,2,0.00084754994561151136,0.00084754994561161978,0.00084754994561151136,0.0037295710008415622,0.0037295710008417222,0.0037295710008415622
C,3,107,6,2,0.00022888199712573724,0.00022888199712584566,0.00022888199712573724,0.0020904348662072201,0.0020904348662072652,0.0020904348662072201
C,3,108,6,2,0.0034741530163620062,0.0034741530163620062,0.0034741530163620062,0.0037346726680842022,0.0037346726680842512,0.0037346726680842022
C,3,109,6,2,0.0022188305996095024,0.0022188305996095024,0.0022188305996095024,0.0025617143798925572,0.0025617143798928673,0.0025617143798925567
C,3,110,6,2,0.00081504171139826307,0.00081504171139837149,0.00081504171139826307,0.0021633004776990651,0.0021633004776991497,0.0021633004776990651
C,3,111,6,2,0.0031721338431972296,0.0031721338431976633,0.0031721338431972296,0.0050290473663733831,0.0050290473663736441,0.0050290473663733831
C,3,112,6,2,0.00094382434998280078,0.00094382434998280078,0.00094382434998280078,0.00082352992922028257,0.00082352992922043815,0.00082352992922028257
C,3,113,6,2,0.0043082350087379068,0.0043082350087379068,0.0043082350087379068,0.0052128853604943397,0.0052128853604943631,0.0052128853604943388
C,3,114,6,2,0.0013508050155722207,0.0013508050155722207,0.0013508050155722207,0.0068355874746198926,0.0068355874746202439,0.0068355874746198926
C,3,115,6,2,0.0014861714040591105,0.0014861714040591105,0.0014861714040591105,0.0026498418146916514,0.0026498418146916514,0.0026498418146916514
C,3,116,6,2,0.0023974993143035649,0.0023974993143037818,0.0023974993143035649,0.0033693583660472305,0.003369358366047371,0.0033693583660472305
C,3,117,6,2,0.00090031703938353753,0.00090031703938353753,0.00090031703938353753,0.0060884909648738581,0.0060884909648739362,0.0060884909648738581
C,3,118,6,2,0.0034102163887445112,0.0034102163887445112,0.0034102163887445112,0.0037424572128622277,0.0037424572128623777,0.0037424572128622277
C,3,119,6,2,0.0021717419081034505,0.002171741908103559,0.0021717419081034505,0.0021650109920517925,0.0021650109920519161,0.0021650109920517925
C,3,120,6,2,0.00073993534052511911,0.00073993534052555279,0.00073993534052511911,0.0072473341589938452,0.0072473341589938747,0.0072473341589938452
C,3,121,6,2,0.0053661925689146199,0.0053661925689147284,0.0053661925689146199,0.0050447588652891701,0.0050447588652891935,0.0050447588652891692
C,3,122,6,2,0.00012209538671650692,0.00012209538671650692,0.00012209538671650692,0.0017204775295580307,0.0017204775295583427,0.0017204775295580307
C,3,123,6,2,0.0025838583653933159,0.0025838583653933159,0.0025838583653933159,0.003516994825451709,0.0035169948254519861,0.003516994825451709
C,3,124,6,2,0.0036023743425516504,0.0036023743425516504,0.0036023743425516504,0.0030085448219913449,0.0030085448219915188,0.0030085448219913454
C,3,125,6,2,0.00035285169532376336,0.0003528516953239802,0.00035285169532376336,0.0064145370122936935,0.0064145370122938453,0.0064145370122936935
C,3,126,6,2,0.0021553395923172613,0.0021553395923173697,0.0021553395923172613,0.0083598746451629541,0.0083598746451631501,0.0083598746451629541
C,3,127,6,2,0.0021399367548298074,0.0021399367548299159,0.0021399367548298074,0.00070823743956128886,0.00070823743956129569,0.00070823743956128875
C,3,128,6,2,0.0011955461695842273,0.0011955461695842273,0.0011955461695842273,0.0015122159751316852,0.0015122159751318016,0.0015122159751316852
C,3,129,6,2,0.0017443556988391189,0.001744355698839661,0.0017443556988391189,0.0082522724169662477,0.008252272416966305,0.0082522724169662477
C,3,130,6,2,0.002005252375859596,0.002005252375859596,0.002005252375859596,0.0012323672815592172,0.0012323672815592924,0.0012323672815592172
C,3,131,6,2,0.0017894845236752837,0.001789484523675609,0.0017894845236752837,0.0019891860512623667,0.0019891860512624461,0.0019891860512623667
C,3,132,6,2,0.00024108306981361453,0.00024108306981361453,0.00024108306981361453,0.0020654401592014194,0.0020654401592016163,0.0020654401592014194
C,3,133,6,2,0.0033620112902645397,0.0033620112902647565,0.0033620112902645397,0.0030669984473481286,0.0030669984473481434,0.0030669984473481286
C,3,134,6,2,0.0016415208239774041,0.001641520823977621,0.0016415208239774041,0.002772795409284266,0.0027727954092843727,0.0027727954092842664
C,3,135,6,2,0.0017399619251814947,0.0017399619251820368,0.0017399619251814947,0.00098394610976061214,0.00098394610976094521,0.00098394610976061214
C,3,136,6,2,0.0021167437819365718,0.0021167437819365718,0.0021167437819365718,0.0037173746284811589,0.0037173746284811589,0.0037173746284811589
C,3,137,6,2,0.0010399778634408163,0.0010399778634408163,0.0010399778634408163,0.0026785642708193162,0.0026785642708194142,0.0026785642708193167
C,3,138,6,2,1.4424048799875459e-05,1.442404879998388e-05,1.4424048799875459e-05,0.002426640440716497,0.0024266404407165573,0.002426640440716497
C,3,139,6,2,0.0025904247888145979,0.0025904247888145979,0.0025904247888145979,0.0024711775032364228,0.0024711775032364549,0.0024711775032364228
C,3,140,6,2,0.00042765063411982426,0.00042765063411982426,0.00042765063411982426,0.0071557492602394406,0.0071557492602396505,0.0071557492602394406
C,3,141,6,2,0.0031862623720106936,0.0031862623720106936,0.0031862623720106936,0.0040603373318970157,0.0040603373318970912,0.0040603373318970157
C,3,142,6,2,0.0020078098903602301,0.0020078098903603386,0.0020078098903602301,0.0017271696535870581,0.0017271696535871176,0.0017271696535870581
C,3,143,6,2,0.0011222971385046587,0.0011222971385048755,0.0011222971385046587,0.0085382630386681702,0.0085382630386683697,0.0085382630386681702
C,3,144,6,2,0.0025362478902908993,0.0025362478902910077,0.0025362478902908993,0.001801005859969701,0.0018010058599699996,0.001801005859969701
C,3,145,6,2,0.0020514199894153002,0.0020514199894153002,0.0020514199894153002,0.0023836243440153973,0.0023836243440154788,0.0023836243440153973
C,3,146,6,2,0.0027123635996655505,0.0027123635996657673,0.0027123635996655505,0.0098452918983000237,0.0098452918983000688,0.0098452918983000237
C,3,147,6,2,0.00019598214643420236,0.0001959821464344192,0.00019598214643420236,0.001283637635151001,0.0012836376351512905,0.001283637635151001
C,3,148,6,2,0.00071404254126214602,0.00071404254126236286,0.00071404254126214602,0.0033532256297594955,0.0033532256297595119,0.0033532256297594955
C,3,149,6,2,0.0019649985935806793,0.0019649985935807877,0.0019649985935806793,0.0005157980741895584,0.00051579807418963852,0.0005157980741895584
C,3,150,6,2,0.00063877621118003762,0.00063877621118003762,0.00063877621118003762,0.00048581775830813421,0.00048581775830817866,0.00048581775830813421
C,3,151,6,2,0.0033126029441577073,0.0033126029441578157,0.0033126029441577073,0.010293324503098812,0.010293324503098998,0.010293324503098814
C,3,152,6,2,0.0011181056451875157,0.0011181056451877325,0.0011181056451875157,0.0068674628035917985,0.0068674628035919295,0.0068674628035917985
C,3,153,6,2,0.0017690123306985175,0.0017690123306987344,0.0017690123306985175,0.0029952975953294568,0.0029952975953296385,0.0029952975953294572
C,3,154,6,2,0.0042890106705058056,0.004289010670505914,0.0042890106705058056,0.0027528630165111079,0.0027528630165111726,0.0027528630165111079
C,3,155,6,2,0.00040931342605045589,0.00040931342605056431,0.00040931342605045589,0.0058357051873008025,0.0058357051873008511,0.0058357051873008025
C,3,156,6,2,0.0038985937876249814,0.0038985937876249814,0.0038985937876249814,0.0047056338144514098,0.0047056338144514315,0.004705633814451409
C,3,157,6,2,0.0030399542297783466,0.0030399542297783466,0.0030399542297783466,0.0041485135732394198,0.0041485135732397226,0.0041485135732394198
C,3,158,6,2,0.00086747796193087454,0.00086747796193098296,0.00086747796193087454,0.0010105255054673953,0.0010105255054676124,0.0010105255054673953
C,3,159,6,2,0.0039757066425077751,0.0039757066425077751,0.0039757066425077751,0.0058577215650334642,0.0058577215650334972,0.0058577215650334642
C,3,160,6,2,0.004679368894538018,0.004679368894538018,0.004679368894538018,0.003282597838663825,0.0032825978386638865,0.003282597838663825
C,3,161,6,2,0.0020776116860081201,0.0020776116860081201,0.0020776116860081201,0.0048345588241781373,0.0048345588241781373,0.0048345588241781373
C,3,162,6,2,0.0015313024233677437,0.0015313024233677437,0.0015313024233677437,0.003670646649788199,0.003670646649788199,0.003670646649788199
C,3,163,6,2,0.0024589338154590908,0.0024589338154590908,0.0024589338154590908,0.001391612655316976,0.001391612655316976,0.001391612655316976
C,3,164,6,2,0.00063480864061899161,0.00063480864061910003,0.00063480864061899161,0.0031952844209082194,0.0031952844209083408,0.0031952844209082189
C,3,165,6,2,0.0004869327005871827,0.0004869327005871827,0.0004869327005871827,0.0027907021751484122,0.0027907021751484122,0.0027907021751484122
C,3,166,6,2,0.0022870811693397096,0.002287081169339818,0.0022870811693397096,0.0098794682639973784,0.009879468263997479,0.0098794682639973784
C,3,167,6,2,0.0017795953700462707,0.0017795953700463791,0.0017795953700462707,0.0021145932376709659,0.0021145932376710284,0.0021145932376709664
C,3,168,6,2,0.003112680752275724,0.0031126807522759408,0.003112680752275724,0.0015514307931516721,0.0015514307931517467,0.0015514307931516721
C,3,169,6,2,0.0019279301214980343,0.0019279301214983596,0.0019279301214980343,0.0087214692365979521,0.0087214692365981273,0.0087214692365979521
C,3,170,6,2,0.001668789373298089,0.001668789373298089,0.001668789373298089,0.0025147143494220312,0.0025147143494220312,0.0025147143494220312
C,3,171,6,2,0.0027599395026750573,0.0027599395026752741,0.0027599395026750573,0.0030425239342430936,0.003042523934243215,0.0030425239342430936
C,3,172,6,2,0.00060522514072635942,0.00060522514072646784,0.00060522514072635942,0.0077641643974998989,0.0077641643975001947,0.0077641643974998989
C,3,173,6,2,0.0025604462089102911,0.0025604462089102911,0.0025604462089102911,0.0030384080866252029,0.0030384080866253235,0.0030384080866252034
C,3,174,6,2,0.00055411905250509971,0.00055411905250509971,0.00055411905250509971,0.0018432369419380079,0.0018432369419381267,0.0018432369419380081
C,3,175,6,2,0.0031057921661805168,0.0031057921661805168,0.0031057921661805168,0.0024440891234185549,0.0024440891234186087,0.0024440891234185549
C,3,176,6,2,0.0035887026157618027,0.0035887026157619111,0.0035887026157618027,0.002759259149633912,0.002759259149633971,0.0027592591496339125
C,3,177,6,2,0.00024308693683384834,0.00024308693683406518,0.00024308693683384834,0.0071984356424792933,0.0071984356424794624,0.0071984356424792924
C,3,178,6,2,0.0029867187632516773,0.0029867187632517857,0.0029867187632516773,0.010012515210955072,0.010012515210955163,0.010012515210955072
C,3,179,6,2,0.0024988088331513638,0.0024988088331513638,0.0024988088331513638,0.001807847594082443,0.0018078475940824688,0.0018078475940824428
C,3,180,6,2,0.0011820804936707192,0.001182080493670936,0.0011820804936707192,0.001987138646145338,0.001987138646145691,0.001987138646145338
C,3,181,6,2,0.0032748607642921418,0.0032748607642922502,0.0032748607642921418,0.010713082055008278,0.010713082055008344,0.010713082055008278
C,3,182,6,2,0.0014624396615623998,0.0014624396615626166,0.0014624396615623998,0.0009619295374881712,0.00096192953748837416,0.0009619295374881712
C,3,183,6,2,0.0014866888647945041,0.0014866888647948294,0.0014866888647945041,0.0014183003619605435,0.001418300361960642,0.0014183003619605435
C,3,184,6,2,0.0016802850600105331,0.0016802850600109668,0.0016802850600105331,0.0039166376683168209,0.0039166376683168842,0.0039166376683168209
C,3,185,6,2,0.00027084780800090951,0.00027084780800101793,0.00027084780800090951,0.0016868643111513071,0.0016868643111513787,0.0016868643111513071
C,3,186,6,2,1.2977799422240165e-05,1.2977799422348585e-05,1.2977799422240165e-05,0.002497076004596129,0.0024970760045961572,0.0024970760045961294
C,3,187,6,2,0.0032592906630535528,0.0032592906630537696,0.0032592906630535528,0.0034174184041306658,0.0034174184041309238,0.0034174184041306662
C,3,188,6,2,0.0023260163472490526,0.0023260163472490526,0.0023260163472490526,0.0025787484510272881,0.002578748451027321,0.0025787484510272881
C,3,189,6,2,0.0009119092173095469,0.00091190921730965532,0.0009119092173095469,0.0031729839939427344,0.0031729839939427526,0.0031729839939427344
C,3,190,6,2,0.0017337892352267247,0.0017337892352269416,0.0017337892352267247,0.0031887584155896567,0.0031887584155897747,0.0031887584155896567
C,3,191,6,2,0.0025522825674749103,0.0025522825674749103,0.0025522825674749103,0.0088737498268786179,0.0088737498268786647,0.0088737498268786179
C,3,192,6,2,0.0025364977567678007,0.0025364977567679092,0.0025364977567678007,0.0016299355340574401,0.0016299355340574926,0.0016299355340574401
C,3,193,6,2,0.0012655141677263759,0.0012655141677267012,0.0012655141677263759,0.0017200388899495202,0.0017200388899497082,0.0017200388899495202
C,3,194,6,2,0.0027871283343072371,0.0027871283343075624,0.0027871283343072371,0.0096009353823748034,0.0096009353823753498,0.0096009353823748034
C,3,195,6,2,0.0029369336413792016,0.00293693364137931,0.0029369336413792016,0.00058911369388697397,0.00058911369388698503,0.00058911369388697397
C,3,196,6,2,0.002497902182521574,0.002497902182521574,0.002497902182521574,0.0088827426177800206,0.0088827426177801819,0.0088827426177800206
C,3,197,6,2,0.0030264649808210394,0.0030264649808211478,0.0030264649808210394,0.0030562135559737752,0.0030562135559737873,0.0030562135559737752
C,3,198,6,2,0.00082418656733261857,0.00082418656733272699,0.00082418656733261857,0.0033771437054393085,0.00337714370543942,0.0033771437054393089
C,3,199,6,2,0.0017206251534084005,0.0017206251534084005,0.0017206251534084005,0.0027818854642379987,0.0027818854642380798,0.0027818854642379987
C,3,200,6,2,0.0025025480110461937,0.0025025480110461937,0.0025025480110461937,0.0021193964412701974,0.0021193964412701979,0.0021193964412701979
C,3,201,6,2,0.0023900857639667927,0.0023900857639670096,0.0023900857639667927,0.0096827470303335397,0.0096827470303336004,0.0096827470303335415
C,3,202,6,2,0.00014912768527409852,0.00014912768527409852,0.00014912768527409852,0.0075220473280447619,0.007522047328044853,0.0075220473280447611
C,3,203,6,2,0.0029142072310522167,0.0029142072310523251,0.0029142072310522167,0.0018220277599369787,0.0018220277599371915,0.0018220277599369787
C,3,204,6,2,0.00035964154805612214,0.00035964154805612214,0.00035964154805612214,0.0076882961121679545,0.0076882961121680308,0.0076882961121679545
C,3,205,6,2,0.0042439702146973395,0.0042439702146973395,0.0042439702146973395,0.0027256422447670091,0.0027256422447670854,0.0027256422447670087
C,3,206,6,2,0.002922329683622887,0.002922329683622887,0.002922329683622887,0.0032395089045725691,0.0032395089045726935,0.0032395089045725691
C,3,207,6,2,0.00097764227834193536,0.0009776422783421522,0.00097764227834193536,0.001983116730220353,0.0019831167302204792,0.001983116730220353
C,3,208,6,2,0.005150281199601571,0.005150281199601571,0.005150281199601571,0.0034134948855465983,0.0034134948855465983,0.0034134948855465983
C,3,209,6,2,0.00053388096844190353,0.00053388096844190353,0.00053388096844190353,0.0023734339505915979,0.0023734339505915979,0.0023734339505915979
C,3,210,6,2,0.003210141085623671,0.0032101410856238879,0.003210141085623671,0.0041444063620720371,0.0041444063620721793,0.0041444063620720371
C,3,211,6,2,0.0022928942621176828,0.0022928942621177912,0.0022928942621176828,0.0021803548785662326,0.0021803548785663176,0.0021803548785662326
C,3,212,6,2,0.00015310398072184307,0.00015310398072195149,0.00015310398072184307,0.0015287216755105915,0.0015287216755106548,0.0015287216755105915
C,3,213,6,2,0.0025962545274361287,0.0025962545274361287,0.0025962545274361287,0.0030594141794765498,0.003059414179476699,0.0030594141794765498
C,3,214,6,2,0.0013579291412852941,0.0013579291412854026,0.0013579291412852941,0.0078383029140133131,0.0078383029140134848,0.0078383029140133131
C,3,215,6,2,0.0019644571031739123,0.0019644571031740207,0.0019644571031739123,0.0016007130355264968,0.0016007130355265228,0.0016007130355264968
C,3,216,6,2,0.0021301928371660842,0.0021301928371663011,0.0021301928371660842,0.0012004387230095932,0.0012004387230096856,0.0012004387230095932
C,3,217,6,2,0.001484443855978828,0.0014844438559790448,0.001484443855978828,0.0078415733774369334,0.0078415733774371919,0.0078415733774369334
C,3,218,6,2,0.0016439044874647004,0.0016439044874649172,0.0016439044874647004,0.0014289299989593716,0.0014289299989595854,0.0014289299989593716
C,3,219,6,2,0.0022261328461597747,0.0022261328461599915,0.0022261328461597747,0.0034200984406653088,0.0034200984406653097,0.0034200984406653088
C,3,220,6,2,0.00066020151596080275,0.00066020151596101959,0.00066020151596080275,0.0063063681513479269,0.0063063681513480241,0.0063063681513479269
C,3,221,6,2,0.0039082406504720472,0.0039082406504721556,0.0039082406504720472,0.0039994302212322773,0.0039994302212325332,0.0039994302212322764
C,3,222,6,2,0.00035898372231866343,0.00035898372231866343,0.00035898372231866343,0.0015210570270357342,0.0015210570270357342,0.0015210570270357342
C,3,223,6,2,0.0020601747925282337,0.0020601747925284505,0.0020601747925282337,0.0023675985279073982,0.0023675985279074134,0.0023675985279073982
C,3,224,6,2,0.0028738104992801286,0.0028738104992803454,0.0028738104992801286,0.0030725693629338351,0.003072569362933993,0.0030725693629338351
C,3,225,6,2,0.0010685173836059124,0.0010685173836059124,0.0010685173836059124,0.0069394100965218999,0.0069394100965218999,0.0069394100965218999
C,3,226,6,2,0.00091252018267801334,0.00091252018267823018,0.00091252018267801334,0.0062773898682285303,0.0062773898682287766,0.0062773898682285303
C,3,227,6,2,0.0021441889613383691,0.0021441889613384776,0.0021441889613383691,0.0033189527778756745,0.0033189527778758241,0.003318952777875674
C,3,228,6,2,0.0034723811386261089,0.0034723811386261089,0.0034723811386261089,0.0032128145163429094,0.0032128145163429849,0.0032128145163429094
C,3,229,6,2,0.0013523706041578595,0.0013523706041578595,0.0013523706041578595,0.0069113860792977856,0.0069113860792978645,0.0069113860792977856
C,3,230,6,2,0.0032811569827149653,0.003281156982715399,0.0032811569827149653,0.0029965583676420421,0.0029965583676422832,0.0029965583676420421
C,3,231,6,2,0.0017557472981000145,0.0017557472981001229,0.0017557472981000145,0.0024513610037018969,0.0024513610037019996,0.0024513610037018969
C,3,232,6,2,0.00076340984900768408,0.00076340984900800934,0.00076340984900768408,0.001219507671673414,0.0012195076716734296,0.001219507671673414
C,3,233,6,2,0.0044209235086754449,0.0044209235086755533,0.0044209235086754449,0.0036890213361535384,0.0036890213361536186,0.0036890213361535384
C,3,234,6,2,0.0048581552429404103,0.0048581552429406271,0.0048581552429404103,0.004997917683795261,0.0049979176837953911,0.0049979176837952602
C,3,235,6,2,0.0018860240264331751,0.0018860240264331751,0.0018860240264331751,0.003236324703775178,0.0032363247037752044,0.003236324703775178
C,3,236,6,2,0.0013610722391459423,0.0013610722391459423,0.0013610722391459423,0.0004990017289767132,0.0004990017289767132,0.0004990017289767132
C,3,237,6,2,0.0014345256612361378,0.0014345256612363546,0.0014345256612361378,0.0028584391324462111,0.0028584391324466179,0.0028584391324462106
C,3,238,6,2,0.001632596340296914,0.001632596340296914,0.001632596340296914,0.0044689655792435274,0.0044689655792435274,0.0044689655792435274
C,3,239,6,2,0.0002192939543875028,0.00021929395438761122,0.0002192939543875028,0.0017894115973458719,0.0017894115973459928,0.0017894115973458721
C,3,240,6,2,0.00340979126379733,0.0034097912637975469,0.00340979126379733,0.010996167081199311,0.010996167081199311,0.010996167081199311
C,3,241,6,2,0.0023624263493379977,0.0023624263493381061,0.0023624263493379977,0.0019988765238755403,0.0019988765238755546,0.0019988765238755399
C,3,242,6,2,0.0019867010896893866,0.0019867010896893866,0.0019867010896893866,0.0017771418290708316,0.001777141829070899,0.0017771418290708316
C,3,243,6,2,0.0035486323449267741,0.0035486323449267741,0.0035486323449267741,0.011299042685140512,0.011299042685140512,0.011299042685140512
C,3,244,6,2,0.0011533122072175921,0.001153312207217809,0.0011533122072175921,0.001336067050913106,0.0013360670509132346,0.001336067050913106
C,3,245,6,2,0.0032635680990585579,0.0032635680990585579,0.0032635680990585579,0.0022960721100505981,0.0022960721100505981,0.0022960721100505981
C,3,246,6,2,0.0013835700450817593,0.0013835700450818677,0.0013835700450817593,0.0084700165665883079,0.008470016566588353,0.0084700165665883079
C,3,247,6,2,0.0026598576639451973,0.0026598576639454141,0.0026598576639451973,0.0023122747740664884,0.0023122747740668627,0.002312274774066488
C,3,248,6,2,0.00039428893201104431,0.00039428893201126115,0.00039428893201104431,0.003014864297447681,0.00301486429744773,0.0030148642974476814
C,3,249,6,2,0.0021481796128099704,0.0021481796128100788,0.0021481796128099704,0.0019450146910543523,0.0019450146910543952,0.0019450146910543525
C,3,250,6,2,0.0029895713872322418,0.0029895713872323502,0.0029895713872322418,0.0019009433054724724,0.0019009433054725325,0.0019009433054724724
C,3,251,6,2,0.0019482451392115446,0.0019482451392117614,0.0019482451392115446,0.0096007552325021589,0.0096007552325022474,0.0096007552325021589
C,3,252,6,2,0.00079895817597648404,0.00079895817597648404,0.00079895817597648404,0.0077590166461367575,0.0077590166461367913,0.0077590166461367575
C,3,253,6,2,0.0032679784032238306,0.0032679784032238306,0.0032679784032238306,0.0025822330457449683,0.0025822330457449683,0.0025822330457449683
C,3,254,6,2,0.0033673856630769914,0.0033673856630769914,0.0033673856630769914,0.003200023756349102,0.0032000237563491974,0.0032000237563491016
C,3,255,6,2,0.0012921467927932669,0.0012921467927933753,0.0012921467927932669,0.008636752190047765,0.0086367521900478621,0.008636752190047765
C,3,256,6,2,0.0037540225344955555,0.003754022534495664,0.0037540225344955555,0.0023863585617038049,0.0023863585617040013,0.0023863585617038049
C,3,257,6,2,0.0025205090072217846,0.0025205090072220014,0.0025205090072217846,0.0024412101838822832,0.0024412101838822997,0.0024412101838822832
C,3,258,6,2,5.4708972072655543e-06,5.4708972072655543e-06,5.4708972072655543e-06,0.0024159452738768267,0.0024159452738768267,0.0024159452738768267
C,3,259,6,2,0.0035527108919230013,0.003552710891923435,0.0035527108919230013,0.0027063316465641956,0.0027063316465642728,0.002706331646564196
C,3,260,6,2,0.0021297799857104794,0.0021297799857105879,0.0021297799857104794,0.0030563404906035581,0.0030563404906036665,0.0030563404906035581
C,3,261,6,2,0.0016417995895877174,0.0016417995895878258,0.0016417995895877174,0.0036356017674715885,0.0036356017674717103,0.0036356017674715885
C,3,262,6,2,0.0032959298522952608,0.0032959298522953692,0.0032959298522952608,0.0029081551771627336,0.0029081551771628265,0.0029081551771627336
C,3,263,6,2,0.0021742978266169619,0.0021742978266170703,0.0021742978266169619,0.0033348690814262658,0.0033348690814262874,0.0033348690814262658
C,3,264,6,2,0.0009503508292378355,0.0009503508292378355,0.0009503508292378355,0.00060978224050788727,0.00060978224050788727,0.00060978224050788727
C,3,265,6,2,0.0040288266843767654,0.0040288266843768739,0.0040288266843767654,0.0056224123661495927,0.0056224123661496508,0.0056224123661495927
C,3,266,6,2,0.0011939447055781156,0.0011939447055781156,0.0011939447055781156,0.0066886490313563859,0.0066886490313563859,0.0066886490313563859
C,3,267,6,2,0.0015203982524130072,0.0015203982524131156,0.0015203982524130072,0.0029695673311946557,0.002969567331194673,0.0029695673311946557
C,3,268,6,2,0.0027559861049060745,0.0027559861049061829,0.0027559861049060745,0.0037007144373328296,0.0037007144373329562,0.0037007144373328296
C,3,269,6,2,0.00063934659513462371,0.00063934659513473213,0.00063934659513462371,0.0057939595391271791,0.0057939595391271852,0.0057939595391271791
C,3,270,6,2,0.0035976015405437623,0.0035976015405438707,0.0035976015405437623,0.0043646523027375071,0.0043646523027377326,0.0043646523027375071
C,3,271,6,2,0.0021087191021375512,0.0021087191021376597,0.0021087191021375512,0.001852293113125576,0.0018522931131261067,0.001852293113125576
C,3,272,6,2,0.0007682038727010055,0.0007682038727010055,0.0007682038727010055,0.0079153604966556209,0.0079153604966556209,0.0079153604966556209
C,3,273,6,2,0.00029798148519456433,0.00029798148519456433,0.00029798148519456433,0.0020129759176267512,0.0020129759176267512,0.0020129759176267512
C,3,274,6,2,0.0029452338854965478,0.0029452338854965478,0.0029452338854965478,0.003687115735862763,0.003687115735862763,0.003687115735862763
C,3,275,6,2,0.00028672198198597277,0.00028672198198608119,0.00028672198198597277,0.006752886342566199,0.0067528863425662007,0.0067528863425661998
C,3,276,6,2,0.0028971710127355171,0.0028971710127356255,0.0028971710127355171,0.0093170926007687064,0.0093170926007687654,0.0093170926007687064
C,3,277,6,2,0.0020230639564806051,0.0020230639564806051,0.0020230639564806051,0.00016142809306073419,0.00016142809306084416,0.00016142809306073419
C,3,278,6,2,0.00086928136740064589,0.00086928136740086273,0.00086928136740064589,0.0011810707309348484,0.001181070730934907,0.0011810707309348482
C,3,279,6,2,0.0022545712771266605,0.0022545712771266605,0.0022545712771266605,0.0089788576690710154,0.0089788576690710553,0.0089788576690710154
C,3,280,6,2,0.0018361010024425892,0.0018361010024425892,0.0018361010024425892,0.0023214619287720028,0.0023214619287720128,0.0023214619287720028
C,3,281,6,2,0.0006160949814822559,0.00061609498148247274,0.0006160949814822559,0.0027751996569541594,0.0027751996569543129,0.0027751996569541598
C,3,282,6,2,0.0008110588773730049,0.00081105887737311332,0.0008110588773730049,0.0020413057265719682,0.0020413057265720237,0.0020413057265719682
C,3,283,6,2,0.0021778498471566399,0.0021778498471567483,0.0021778498471566399,0.0014311855324917462,0.0014311855324919273,0.0014311855324917462
C,3,284,6,2,0.0021239480692130134,0.0021239480692131218,0.0021239480692130134,0.004301225292016043,0.0043012252920160889,0.004301225292016043
C,3,285,6,2,0.0010869660636813857,0.0010869660636814941,0.0010869660636813857,0.0029437454472477365,0.0029437454472477655,0.0029437454472477365
C,3,286,6,2,0.00023440989586019905,0.00023440989586030747,0.00023440989586019905,0.0033860048000077998,0.0033860048000078666,0.0033860048000077998
C,3,287,6,2,0.0017948407042587622,0.0017948407042588706,0.0017948407042587622,0.0095000514220981783,0.0095000514220982546,0.0095000514220981783
C,3,288,6,2,0.0027076920172887549,0.0027076920172887549,0.0027076920172887549,0.00055721652777053195,0.00055721652777053195,0.00055721652777053195
C,3,289,6,2,0.002973860018315325,0.0029738600183155418,0.002973860018315325,0.0037216481918779963,0.003721648191878011,0.0037216481918779963
C,3,290,6,2,0.0014205925433382043,0.0014205925433384212,0.0014205925433382043,0.0090169596663381979,0.0090169596663382257,0.0090169596663381979
C,3,291,6,2,0.0020451421219218682,0.0020451421219218682,0.0020451421219218682,0.0028978100532585753,0.0028978100532585753,0.0028978100532585753
C,3,292,6,2,0.0019738442259508143,0.0019738442259510311,0.0019738442259508143,0.007666953130166446,0.0076669531301665865,0.007666953130166446
C,3,293,6,2,0.0017856656740634219,0.0017856656740634219,0.0017856656740634219,0.0021108142076577416,0.0021108142076577702,0.0021108142076577416
C,3,294,6,2,0.0024200154280023482,0.002420015428002565,0.0024200154280023482,0.0026567772058209748,0.0026567772058212003,0.0026567772058209743
C,3,295,6,2,0.0019240106601235447,0.0019240106601235447,0.0019240106601235447,0.0074807928800220752,0.0074807928800220752,0.0074807928800220752
C,3,296,6,2,0.0019947698988767018,0.0019947698988772439,0.0019947698988767018,0.0094321685916120869,0.0094321685916123471,0.0094321685916120869
C,3,297,6,2,0.0026345178287023917,0.0026345178287025001,0.0026345178287023917,0.0039020254380303988,0.0039020254380305237,0.0039020254380303988
C,3,298,6,2,0.0026399882181972955,0.002639988218197404,0.0026399882181972955,0.009785685125569283,0.0097856851255693766,0.0097856851255692812
C,3,299,6,2,0.0027055833958034362,0.0027055833958034362,0.0027055833958034362,0.00080212919880432256,0.00080212919880432256,0.00080212919880432256
C,3,300,6,2,0.00048686499303461899,0.00048686499303472741,0.00048686499303461899,0.0038241104196911476,0.0038241104196912426,0.0038241104196911476
C,3,301,6,2,0.0020086944842945742,0.0020086944842946826,0.0020086944842945742,0.0028836943586823503,0.0028836943586823508,0.0028836943586823503
C,3,302,6,2,0.0014830728805715178,0.0014830728805716262,0.0014830728805715178,0.0026294405436415565,0.0026294405436415591,0.0026294405436415561
C,3,303,6,2,0.0031491258775933218,0.0031491258775935387,0.0031491258775933218,0.0056872534488047865,0.0056872534488048047,0.0056872534488047865
C,3,304,6,2,0.00073132788884489042,0.00073132788884489042,0.00073132788884489042,0.0019440956469418613,0.0019440956469418944,0.0019440956469418613
C,3,305,6,2,0.00042996974049626987,0.00042996974049637829,0.00042996974049626987,0.006491941656797999,0.0064919416567981256,0.0064919416567979981
C,3,306,6,2,0.0032241070789736396,0.003224107078973748,0.0032241070789736396,0.0044693843756777128,0.0044693843756777795,0.0044693843756777128
C,3,307,6,2,0.0019449353774030629,0.0019449353774031713,0.0019449353774030629,0.0025129537391654876,0.0025129537391655335,0.0025129537391654876
C,3,308,6,2,0.0012495844657877666,0.001249584465787875,0.0012495844657877666,0.0076484447332631454,0.0076484447332631897,0.0076484447332631446
C,3,309,6,2,0.002068664911361465,0.0020686649113616819,0.002068664911361465,0.0012898000767052847,0.0012898000767054547,0.0012898000767052847
C,3,310,6,2,0.00335469960459551,0.0033546996045957268,0.00335469960459551,0.010766384690106309,0.010766384690106393,0.010766384690106309
C,3,311,6,2,0.00062293705170460376,0.00062293705170471218,0.00062293705170460376,0.0036595212746811882,0.0036595212746812181,0.0036595212746811886
C,3,312,6,2,0.0021581182101809444,0.0021581182101809444,0.0021581182101809444,0.002011028646317969,0.0020110286463180284,0.002011028646317969
C,3,313,6,2,0.0031147247635054205,0.0031147247635055289,0.0031147247635054205,0.010551489180257244,0.010551489180257809,0.010551489180257244
C,3,314,6,2,0.0013547186325968581,0.0013547186325968581,0.0013547186325968581,0.0084815316223645389,0.0084815316223646221,0.0084815316223645406
C,3,315,6,2,0.0019776942187124755,0.0019776942187126924,0.0019776942187124755,0.0019683187041008568,0.0019683187041010628,0.0019683187041008568
C,3,316,6,2,0.00050256225381467654,0.0005025622538150018,0.00050256225381467654,0.0071461708729116721,0.0071461708729117562,0.0071461708729116721
C,3,317,6,2,0.0032842082517673841,0.0032842082517674925,0.0032842082517673841,0.0044426015948852149,0.0044426015948852322,0.0044426015948852149
C,3,318,6,2,0.00043602233923422957,0.00043602233923455483,0.00043602233923422957,0.0025473272112206654,0.0025473272112207773,0.0025473272112206654
C,3,319,6,2,0.0019428343989349312,0.0019428343989349312,0.0019428343989349312,0.0045102316800626659,0.0045102316800628888,0.0045102316800626659
C,3,320,6,2,0.0020780991165153181,0.0020780991165153181,0.0020780991165153181,0.0049770191591731261,0.0049770191591733621,0.0049770191591731261
C,3,321,6,2,0.0025533757698688623,0.0025533757698689707,0.0025533757698688623,0.00061030311163022728,0.00061030311163031597,0.00061030311163022728
C,4,1,5,2,0.14907357087242268,0.14907357087242268,0.14907357087242268,0.00049106286889830965,0.00049106286889840766,0.00049106286889830965
C,4,2,5,2,0.14544115969733679,0.14544115969733723,0.14544115969733679,0.00029838141814417544,0.00029838141814465466,0.00029838141814417544
C,4,3,5,2,0.14831946564346546,0.14831946564346568,0.14831946564346546,0.0005423315381065069,0.00054233153810653259,0.0005423315381065069
C,4,4,5,2,0.14581580196253197,0.14581580196253227,0.14581580196253197,0.00063473090891798874,0.00063473090891803363,0.00063473090891798874
C,4,5,5,2,0.14897981913832448,0.14897981913832448,0.14897981913832448,0.0005180948246665129,0.00051809482466677647,0.0005180948246665129
C,4,6,5,2,0.14759119348540833,0.14759119348540856,0.14759119348540833,0.00052286914395704097,0.00052286914395717346,0.00052286914395704108
C,4,7,6,2,0.0084159485888679435,0.0084159485888679435,0.0084159485888679435,0.00013586690358821706,0.00013586690358821706,0.00013586690358821706
C,4,8,6,2,0.0092566607300435082,0.0092566607300438326,0.0092566607300435082,0.00039865702437550928,0.00039865702437565347,0.00039865702437550928
C,4,9,6,2,0.010275018838172795,0.010275018838172903,0.010275018838172795,0.00056832346889755514,0.00056832346889804065,0.00056832346889755514
C,4,10,6,2,0.0054820594635335024,0.0054820594635337193,0.0054820594635335024,0.00023183475793160207,0.00023183475793169727,0.00023183475793160207
C,4,11,6,2,0.0030136539758739492,0.0030136539758739492,0.0030136539758739492,0.00046312261875566037,0.00046312261875574966,0.00046312261875566043
C,4,12,6,2,0.0034761465674277691,0.0034761465674277691,0.0034761465674277691,0.00061753766363425262,0.00061753766363460303,0.00061753766363425262
C,4,13,6,2,0.01510474817968319,0.015104748179683514,0.01510474817968319,0.00046892304680845283,0.00046892304680847268,0.00046892304680845283
C,4,14,6,2,0.004769334362745019,0.0047693343627451274,0.004769334362745019,0.0003619775096821296,0.00036197750968249253,0.00036197750968212954
C,4,15,6,2,0.014611017272536036,0.01461101727253636,0.014611017272536036,0.00015578904343579748,0.00015578904343580637,0.00015578904343579748
C,4,16,6,2,0.013946060695782308,0.013946060695782308,0.013946060695782308,0.00049581703513439481,0.00049581703513439481,0.00049581703513439481
C,4,17,6,2,0.0063870440477776375,0.0063870440477776375,0.0063870440477776375,0.00064911905612988262,0.00064911905613019704,0.00064911905612988262
C,4,18,6,2,0.0015900008743216553,0.0015900008743217637,0.0015900008743216553,0.00032448475842507837,0.00032448475842509616,0.00032448475842507837
C,4,19,6,2,0.014748834627494045,0.014748834627494045,0.014748834627494045,0.00043106657993091722,0.00043106657993145569,0.00043106657993091717
C,4,20,6,2,0.0017066181593778252,0.0017066181593778252,0.0017066181593778252,0.00046883220518188025,0.00046883220518192269,0.00046883220518188025
C,4,21,6,2,0.0044313451782079013,0.0044313451782081181,0.0044313451782079013,0.00057626443710219032,0.00057626443710276658,0.00057626443710219032
C,4,22,6,2,0.0039194574828689847,0.00391945748286931,0.0039194574828689847,0.0008532227634634415,0.00085322276346357171,0.0008532227634634415
C,4,23,6,2,0.0061312244478761236,0.0061312244478766657,0.0061312244478761236,0.0041025560217811691,0.0041025560217812203,0.0041025560217811683
C,4,24,6,2,0.0053269600028677238,0.0053269600028681575,0.0053269600028677238,0.0012213385454319565,0.0012213385454323488,0.0012213385454319565
C,4,25,6,2,0.0040950125596908842,0.0040950125596908842,0.0040950125596908842,0.0011023245303134073,0.0011023245303134073,0.0011023245303134073
C,4,26,6,2,0.00044297910707364989,0.00044297910707386673,0.00044297910707364989,0.0016731441970609751,0.0016731441970611819,0.0016731441970609753
C,4,27,6,2,0.0021524291222117797,0.0021524291222119966,0.0021524291222117797,0.0044300195441736249,0.00443001954417367,0.0044300195441736249
C,4,28,6,2,0.00044661290831565521,0.00044661290831576363,0.00044661290831565521,0.0045104184154073166,0.0045104184154075577,0.0045104184154073166
C,4,29,6,2,0.00026755148092633043,0.00026755148092665569,0.00026755148092633043,0.0012117808459650577,0.0012117808459652676,0.0012117808459650577
C,4,30,6,2,0.0045051641007540612,0.0045051641007546033,0.0045051641007540612,0.0012528226563819902,0.0012528226563821348,0.0012528226563819902
C,4,31,6,2,8.9782014153945433e-06,8.9782014153945433e-06,8.9782014153945433e-06,0.0036027342728545391,0.0036027342728546176,0.0036027342728545391
C,4,32,6,2,0.0020153892281236496,0.0020153892281236496,0.0020153892281236496,0.001908487646821848,0.001908487646821967,0.001908487646821848
C,4,33,6,2,0.0039480898812753115,0.0039480898812761789,0.0039480898812753115,0.001635297713166789,0.0016352977131670321,0.0016352977131667888
C,4,34,6,2,0.0037234513753631572,0.0037234513753632657,0.0037234513753631572,0.0035205356425027246,0.0035205356425027437,0.0035205356425027251
C,4,35,6,2,0.00096881129291268714,0.00096881129291268714,0.00096881129291268714,0.0039427798202563147,0.0039427798202563927,0.0039427798202563147
C,4,36,6,2,0.0037599114393523656,0.003759911439352474,0.0037599114393523656,0.0010740575936373851,0.0010740575936376982,0.0010740575936373851
C,4,37,6,2,0.0018145293042388325,0.0018145293042388325,0.0018145293042388325,0.0011315232623086643,0.0011315232623087927,0.0011315232623086643
C,4,38,6,2,0.003542554986487147,0.0035425549864873639,0.003542554986487147,0.003909104379344947,0.0039091043793449617,0.003909104379344947
C,4,39,6,2,0.0054105482327588498,0.0054105482327590666,0.0054105482327588498,0.00091087239384009732,0.00091087239384021626,0.00091087239384009732
C,4,40,6,2,0.0017064924620071274,0.0017064924620071274,0.0017064924620071274,0.00078829182791069962,0.00078829182791069962,0.00078829182791069962
C,4,41,6,2,0.0006312922975824746,0.00063129229758269144,0.0006312922975824746,0.0045721763117114378,0.0045721763117115323,0.0045721763117114378
C,4,42,6,2,0.0014931955731911943,0.0014931955731913027,0.0014931955731911943,0.0036914319997184914,0.0036914319997185712,0.0036914319997184909
C,4,43,6,2,0.0015390214503209574,0.0015390214503211742,0.0015390214503209574,0.002272671153404026,0.0022726711534041444,0.002272671153404026
C,4,44,6,2,0.0060716599842467953,0.0060716599842467953,0.0060716599842467953,0.0012576841218053226,0.0012576841218053443,0.0012576841218053226
C,4,45,6,2,0.00094278732453443106,0.00094278732453464791,0.00094278732453443106,0.0045475394538223614,0.0045475394538225253,0.0045475394538223614
C,4,46,6,2,0.00073137561167025637,0.00073137561167036479,0.00073137561167025637,0.0016398438937013805,0.0016398438937016097,0.0016398438937013805
C,4,47,6,2,0.0034283912167718499,0.0034283912167722835,0.0034283912167718499,0.0014020915576905169,0.0014020915576908181,0.0014020915576905169
C,4,48,6,2,0.0058973250529969308,0.005897325052997256,0.0058973250529969308,0.0039975525137485486,0.0039975525137486163,0.0039975525137485486
C,4,49,6,2,0.0026350513739342588,0.0026350513739345841,0.0026350513739342588,0.0049913808818296129,0.0049913808818297621,0.0049913808818296129
C,4,50,6,2,0.0030158158204251963,0.0030158158204254132,0.0030158158204251963,0.00079531153861658703,0.00079531153861684952,0.00079531153861658703
C,4,51,6,2,0.00078119344302032823,0.00078119344302032823,0.00078119344302032823,0.0014847698921475771,0.0014847698921475771,0.0014847698921475771
C,4,52,6,2,0.0026679680189300222,0.0026679680189304559,0.0026679680189300222,0.0046800778917955076,0.00468007789179576,0.0046800778917955076
C,4,53,6,2,0.0051883572760946057,0.005188357276094931,0.0051883572760946057,0.0010325722622950507,0.0010325722622952741,0.0010325722622950507
C,4,54,6,2,0.00021978616628450312,0.00021978616628450312,0.00021978616628450312,0.0044966189192305519,0.0044966189192308971,0.0044966189192305519
C,4,55,6,2,0.0068383662659005345,0.0068383662659005345,0.0068383662659005345,0.0039247747416089884,0.0039247747416092504,0.0039247747416089884
C,4,56,6,2,0.0060420324999186032,0.0060420324999187116,0.0060420324999186032,0.0012319900007394802,0.0012319900007395053,0.0012319900007394802
C,4,57,6,2,0.002302193899318618,0.0023021938993187264,0.002302193899318618,0.003761531785935736,0.0037615317859358965,0.003761531785935736
C,4,58,6,2,0.0028189875296466245,0.002818987529646733,0.0028189875296466245,0.001126933731912996,0.0011269337319131424,0.001126933731912996
C,4,59,6,2,0.0039520203486722834,0.0039520203486723918,0.0039520203486722834,0.0013955837141490413,0.0013955837141490775,0.0013955837141490413
C,4,60,6,2,0.0019828240381258031,0.0019828240381259115,0.0019828240381258031,0.0035035674503393968,0.003503567450339487,0.0035035674503393972
C,4,61,6,2,0.00043921093091170774,0.00043921093091170774,0.00043921093091170774,0.0035674657304085732,0.0035674657304092749,0.0035674657304085732
C,4,62,6,2,0.0043290750915828732,0.00432907509158309,0.0043290750915828732,0.0013340549579214374,0.0013340549579214558,0.0013340549579214374
C,4,63,6,2,0.0031052749846640455,0.0031052749846641539,0.0031052749846640455,0.0017083288456837353,0.0017083288456840495,0.0017083288456837353
C,4,64,6,2,0.002337331697715452,0.0023373316977155605,0.002337331697715452,0.0052313094922169113,0.0052313094922169122,0.0052313094922169122
C,4,65,6,2,0.0017044077195324482,0.0017044077195325566,0.0017044077195324482,0.00093984223009123359,0.00093984223009129625,0.00093984223009123359
C,4,66,6,2,0.0054339273309788249,0.0054339273309789334,0.0054339273309788249,0.0009614767760223737,0.00096147677602273778,0.00096147677602237381
C,4,67,6,2,0.0022971018143170228,0.0022971018143170228,0.0022971018143170228,0.0045272872173979838,0.0045272872173979838,0.0045272872173979838
C,4,68,6,2,0.0040809207236506976,0.004080920723650806,0.0040809207236506976,0.0042890337666946204,0.0042890337666947921,0.0042890337666946204
C,4,69,6,2,0.0056884952478252837,0.0056884952478253922,0.0056884952478252837,0.0011386215614124459,0.0011386215614126961,0.0011386215614124459
C,4,70,6,2,0.0020684089223760305,0.0020684089223760305,0.0020684089223760305,0.001602415411856365,0.0016024154118567805,0.001602415411856365
C,4,71,6,2,0.000582500511399635,0.00058250051139974342,0.000582500511399635,0.0036075956629816417,0.0036075956629816421,0.0036075956629816417
C,4,72,6,2,0.0014884760130397592,0.0014884760130406266,0.0014884760130397592,0.0021436587055765604,0.0021436587055767816,0.0021436587055765604
C,4,73,6,2,0.004285048788223709,0.0042850487882238174,0.004285048788223709,0.0036811409961581996,0.0036811409961582113,0.0036811409961581996
C,4,74,6,2,0.00028299490518373174,0.00028299490518416542,0.00028299490518373174,0.0042513484056756696,0.004251348405676105,0.0042513484056756696
C,4,75,6,2,0.0015613537527151304,0.0015613537527152388,0.0015613537527151304,0.00097683131960745384,0.00097683131960776067,0.00097683131960745384
C,4,76,6,2,0.0040464393108552259,0.0040464393108552259,0.0040464393108552259,0.0043619428586416393,0.0043619428586416393,0.0043619428586416393
C,4,77,6,2,0.001530125712029891,0.0015301257120299994,0.001530125712029891,0.0042905846935192594,0.0042905846935192751,0.0042905846935192586
C,4,78,6,2,0.0018119364941043782,0.0018119364941044866,0.0018119364941043782,0.0045110211818178095,0.0045110211818181357,0.0045110211818178095
C,4,79,6,2,0.002066448177869603,0.0020664481778698198,0.002066448177869603,0.0038880008824000705,0.0038880008824001742,0.0038880008824000709
C,4,80,6,2,0.0004125771673095871,0.00041257716730980394,0.0004125771673095871,0.0047732823636325011,0.0047732823636330059,0.0047732823636325019
C,4,81,6,2,0.0026033023639582004,0.0026033023639584173,0.0026033023639582004,0.0040146461542810413,0.0040146461542812538,0.0040146461542810404
C,4,82,6,2,0.00073453425527235643,0.00073453425527246485,0.00073453425527235643,0.00098419635740450888,0.00098419635740458001,0.00098419635740450888
C,4,83,6,2,0.0022214012360696018,0.0022214012360697102,0.0022214012360696018,0.0010604059802598498,0.0010604059802608045,0.0010604059802598498
C,4,84,6,2,0.0025896713789029914,0.0025896713789035335,0.0025896713789029914,0.0013714769409452041,0.0013714769409456386,0.0013714769409452039
C,4,85,6,2,0.0012128922310546651,0.001212892231054882,0.0012128922310546651,0.00059115405344712085,0.00059115405344719229,0.00059115405344712085
C,4,86,6,2,0.00094520319945804506,0.00094520319945815348,0.00094520319945804506,0.0040579760864752606,0.0040579760864754436,0.0040579760864752606
C,4,87,6,2,0.0015908441393979117,0.001590844139398237,0.0015908441393979117,0.00070357778302156809,0.00070357778302166133,0.00070357778302156809
C,4,88,6,2,0.0015655996812623599,0.0015655996812623599,0.0015655996812623599,0.0012997940817262759,0.0012997940817264094,0.0012997940817262759
C,4,89,6,2,0.00082328301232912314,0.00082328301232933998,0.00082328301232912314,0.0039498046528614805,0.0039498046528616566,0.0039498046528614805
C,4,90,6,2,0.002055457068292116,0.0020554570682928749,0.002055457068292116,0.00098850784880699693,0.00098850784880701319,0.00098850784880699714
C,4,91,6,2,0.001633080479779541,0.001633080479779541,0.001633080479779541,0.00083866872332211812,0.00083866872332211812,0.00083866872332211812
C,4,92,6,2,2.1591135046408576e-05,2.1591135046733836e-05,2.1591135046408576e-05,0.00109462748393048,0.0010946274839304896,0.00109462748393048
C,4,93,6,2,0.00093478669007350523,0.00093478669007350523,0.00093478669007350523,0.0044698605196139838,0.0044698605196142258,0.0044698605196139838
C,4,94,6,2,0.0011504631049299475,0.0011504631049301644,0.0011504631049299475,0.0012233237757039803,0.0012233237757040864,0.0012233237757039803
C,4,95,6,2,0.00024927775135437716,0.00024927775135481084,0.00024927775135437716,0.0016958489114933723,0.0016958489114934103,0.0016958489114933721
C,4,96,6,2,0.00019713356878261947,0.00019713356878272789,0.00019713356878261947,0.001241583782500142,0.0012415837825003686,0.0012415837825001418
C,4,97,6,2,0.00099225113510089443,0.00099225113510100285,0.00099225113510089443,0.0010059387690089215,0.0010059387690091062,0.0010059387690089215
C,4,98,6,2,0.00082123274120187838,0.00082123274120220364,0.00082123274120187838,0.0013991443252256695,0.0013991443252258083,0.0013991443252256693
C,4,99,6,2,0.00082933978702321321,0.00082933978702353847,0.00082933978702321321,0.004323091567414946,0.0043230915674156356,0.004323091567414946
C,4,100,6,2,0.00059496561210430152,0.00059496561210440994,0.00059496561210430152,0.0044445109702621419,0.0044445109702621628,0.0044445109702621419
C,4,101,6,2,0.00051922277423226137,0.00051922277423226137,0.00051922277423226137,0.0012754956754965601,0.001275495675496744,0.0012754956754965601
C,4,102,6,2,0.0014528652449140051,0.0014528652449142219,0.0014528652449140051,0.00094725815600371806,0.00094725815600406132,0.00094725815600371817
C,4,103,6,2,0.00074826538371919153,0.00074826538371919153,0.00074826538371919153,0.0044146436014031636,0.0044146436014031636,0.0044146436014031636
C,4,104,6,2,0.00012911955879263328,0.00012911955879295854,0.00012911955879263328,0.00093280378956491828,0.00093280378956550462,0.00093280378956491839
C,4,105,6,2,0.00139351888510603,0.00139351888510603,0.00139351888510603,0.00047494413408237025,0.00047494413408297621,0.00047494413408237025
C,4,106,6,2,0.00076545733844360191,0.00076545733844381875,0.00076545733844360191,0.0013726386325423182,0.0013726386325425598,0.0013726386325423185
C,4,107,6,2,0.00041049668446705139,0.00041049668446715981,0.00041049668446705139,0.0012980781832697243,0.0012980781832697271,0.0012980781832697241
C,4,108,6,2,0.0018057799431214945,0.0018057799431214945,0.0018057799431214945,0.0014794048736958244,0.0014794048736965246,0.0014794048736958244
C,4,109,6,2,0.0006091387753843526,0.00060913877538478628,0.0006091387753843526,0.001242032107195791,0.001242032107196015,0.001242032107195791
C,4,110,6,2,0.0008308764693719644,0.00083087646937218124,0.0008308764693719644,0.0010476809475528099,0.001047680947553051,0.0010476809475528099
C,4,111,6,2,0.0013443126478216057,0.001344312647822473,0.0013443126478216057,0.0019599996982179449,0.0019599996982181374,0.0019599996982179449
C,4,112,6,2,0.00030827288740047261,0.00030827288740047261,0.00030827288740047261,0.00067254568171179734,0.00067254568171192311,0.00067254568171179734
C,4,113,6,2,0.0018253154162243927,0.0018253154162246096,0.0018253154162243927,0.0021960009087644405,0.002196000908764476,0.0021960009087644405
C,4,114,6,2,0.00024731525365107813,0.00024731525365183707,0.00024731525365107813,0.0037076926349512897,0.0037076926349512936,0.0037076926349512897
C,4,115,6,2,0.0001644033764381346,0.00016440337643835144,0.0001644033764381346,0.0010195870106923543,0.0010195870106923656,0.0010195870106923543
C,4,116,6,2,0.0010157709858382583,0.0010157709858383667,0.0010157709858382583,0.0012844701530937155,0.0012844701530943621,0.0012844701530937155
C,4,117,6,2,8.6031892282379362e-05,8.6031892282487782e-05,8.6031892282379362e-05,0.0034923295289336961,0.003492329528933772,0.0034923295289336961
C,4,118,6,2,0.001473451937666426,0.001473451937666426,0.001473451937666426,0.0014482577646982224,0.0014482577646983759,0.0014482577646982224
C,4,119,6,2,0.00096494093985771343,0.00096494093985793027,0.00096494093985771343,0.00085314907212593943,0.0008531490721262288,0.00085314907212593943
C,4,120,6,2,0.00059617680135746857,0.00059617680135768542,0.00059617680135746857,0.003619319986761153,0.0036193199867612233,0.003619319986761153
C,4,121,6,2,0.0025772984021337582,0.0025772984021338666,0.0025772984021337582,0.0020090337231546854,0.0020090337231552955,0.0020090337231546854
C,4,122,6,2,0.0013630597372993021,0.0013630597372996274,0.0013630597372993021,0.00073193905520930916,0.000731939055209378,0.00073193905520930927
C,4,123,6,2,0.0012334860924574165,0.0012334860924577418,0.0012334860924574165,0.0013250876009578954,0.0013250876009579609,0.0013250876009578952
C,4,124,6,2,0.0018461458518100222,0.0018461458518104559,0.0018461458518100222,0.001172255916532076,0.0011722559165323319,0.0011722559165320762
C,4,125,6,2,0.00059985971572547488,0.00059985971572547488,0.00059985971572547488,0.0033815999912074255,0.0033815999912074255,0.0033815999912074255
C,4,126,6,2,0.00048171304016910235,0.00048171304016910235,0.00048171304016910235,0.0039186296673856267,0.0039186296673858843,0.0039186296673856267
C,4,127,6,2,0.0010362385953030691,0.0010362385953032859,0.0010362385953030691,0.00059264586499802475,0.00059264586499818456,0.00059264586499802475
C,4,128,6,2,0.00045960121689784389,0.00045960121689806073,0.00045960121689784389,0.00077396555752449418,0.0007739655575246915,0.00077396555752449428
C,4,129,6,2,0.00034929233105472808,0.00034929233105472808,0.00034929233105472808,0.0038976867341027543,0.0038976867341028714,0.0038976867341027547
C,4,130,6,2,0.0011191447397442249,0.0011191447397444418,0.0011191447397442249,0.00069404607345852922,0.00069404607345866886,0.00069404607345852922
C,4,131,6,2,0.00063225695253301198,0.00063225695253322882,0.00063225695253301198,0.00089282457235799755,0.00089282457235824474,0.00089282457235799755
C,4,132,6,2,0.00093764554971969942,0.00093764554971969942,0.00093764554971969942,0.0009450980605246593,0.00094509806052477997,0.0009450980605246593
C,4,133,6,2,0.0017651197484529419,0.0017651197484532671,0.0017651197484529419,0.0013766708608920852,0.0013766708608920904,0.0013766708608920852
C,4,134,6,2,0.00073133931293204411,0.00073133931293204411,0.00073133931293204411,0.0013705865793819491,0.0013705865793822601,0.0013705865793819489
C,4,135,6,2,0.00044103806840054167,0.00044103806840054167,0.00044103806840054167,0.00077268775834016072,0.00077268775834016072,0.00077268775834016072
C,4,136,6,2,0.0006651501364356811,0.00066515013643578952,0.0006651501364356811,0.0015080827091997996,0.0015080827092001168,0.0015080827091997994
C,4,137,6,2,0.000333396886092064,0.00033339688609249768,0.000333396886092064,0.0011527481282212998,0.0011527481282213553,0.0011527481282212998
C,4,138,6,2,0.0013814929236667878,0.0013814929236668962,0.0013814929236667878,0.00097511865817506466,0.00097511865817517134,0.00097511865817506466
C,4,139,6,2,0.0015371954844394225,0.0015371954844396393,0.0015371954844394225,0.0010833637955138193,0.0010833637955142879,0.0010833637955138193
C,4,140,6,2,0.00057946886877584518,0.0005794688687759536,0.00057946886877584518,0.0036369145452749109,0.0036369145452749942,0.0036369145452749105
C,4,141,6,2,0.0016581757618197883,0.0016581757618198967,0.0016581757618197883,0.0015063471953339364,0.0015063471953341014,0.0015063471953339364
C,4,142,6,2,0.00070103483359681452,0.00070103483359681452,0.00070103483359681452,0.00071662084526459926,0.00071662084526481621,0.00071662084526459926
C,4,143,6,2,0.00047714775035191323,0.00047714775035191323,0.00047714775035191323,0.0041001280590531796,0.004100128059053334,0.0041001280590531796
C,4,144,6,2,0.0015180502523001998,0.0015180502523004166,0.0015180502523001998,0.00068366094739544052,0.00068366094739574757,0.00068366094739544063
C,4,145,6,2,0.00077551735870270457,0.00077551735870313825,0.00077551735870270457,0.00094877442761095922,0.00094877442761116522,0.00094877442761095922
C,4,146,6,2,0.00094986858057560797,0.00094986858057582481,0.00094986858057560797,0.0044470456879969877,0.0044470456879972574,0.0044470456879969885
C,4,147,6,2,8.0073685110055443e-05,8.0073685110272283e-05,8.0073685110055443e-05,0.00097920766217010299,0.00097920766217062622,0.00097920766217010299
C,4,148,6,2,0.00063800434763300155,0.00063800434763321839,0.00063800434763300155,0.0013010376551115094,0.0013010376551117592,0.0013010376551115094
C,4,149,6,2,0.00074943676244953322,0.00074943676244953322,0.00074943676244953322,0.00040680798193765426,0.0004068079819378904,0.00040680798193765426
C,4,150,6,2,0.00015415845251482048,0.00015415845251503732,0.00015415845251482048,0.00048121520720387733,0.00048121520720406836,0.00048121520720387727
C,4,151,6,2,0.0011351557631600557,0.0011351557631603809,0.0011351557631600557,0.0045891516463508917,0.0045891516463510149,0.0045891516463508917
C,4,152,6,2,0.00011381167996059316,0.00011381167996081,0.00011381167996059316,0.0038355782939531943,0.0038355782939533188,0.0038355782939531948
C,4,153,6,2,0.00026362113800964572,0.00026362113800986256,0.00026362113800964572,0.0011470093532330141,0.0011470093532331294,0.0011470093532330141
C,4,154,6,2,0.0023697402518183973,0.0023697402518185057,0.0023697402518183973,0.0010297678591572057,0.0010297678591573165,0.0010297678591572057
C,4,155,6,2,0.00040799352688935132,0.0004079935268903271,0.00040799352688935132,0.0035063869349135478,0.003506386934914034,0.0035063869349135483
C,4,156,6,2,0.001607577159331978,0.0016075771593323032,0.001607577159331978,0.0017761684740756119,0.00177616847407595,0.0017761684740756119
C,4,157,6,2,0.001423962345055603,0.0014239623450558198,0.001423962345055603,0.0015434587170445292,0.0015434587170448436,0.0015434587170445292
C,4,158,6,2,0.00058910871393808364,0.00058910871393851733,0.00058910871393808364,0.00073185786860649308,0.00073185786860664693,0.00073185786860649308
C,4,159,6,2,0.0015195916340496503,0.0015195916340496503,0.0015195916340496503,0.002533861672913972,0.002533861672913972,0.002533861672913972
C,4,160,6,2,0.0025110024965233502,0.0025110024965235671,0.0025110024965233502,0.0013992016106350641,0.001399201610635261,0.0013992016106350641
C,4,161,6,2,0.00031153292808113169,0.00031153292808124011,0.00031153292808113169,0.0018000122466124277,0.0018000122466124415,0.0018000122466124275
C,4,162,6,2,0.00015704829198128628,0.00015704829198128628,0.00015704829198128628,0.0013850876709874844,0.0013850876709877334,0.0013850876709874842
C,4,163,6,2,0.00092328574368891452,0.00092328574368923978,0.00092328574368891452,0.00082866882433278548,0.00082866882433280207,0.00082866882433278548
C,4,164,6,2,0.00089819887686705922,0.0008981988768674929,0.00089819887686705922,0.0013089112896817849,0.0013089112896818814,0.0013089112896817847
C,4,165,6,2,0.00022490003332928128,0.0002249000333293897,0.00022490003332928128,0.0017011306688813808,0.0017011306688815028,0.0017011306688813808
C,4,166,6,2,0.00045500113782692871,0.00045500113782714555,0.00045500113782692871,0.0046446949427993234,0.004644694942799745,0.0046446949427993234
C,4,167,6,2,0.00029716597451951571,0.00029716597451994939,0.00029716597451951571,0.00093772537522559141,0.00093772537522611476,0.00093772537522559152
C,4,168,6,2,0.0017025498662345947,0.0017025498662347031,0.0017025498662345947,0.00092347870674059447,0.00092347870674093784,0.00092347870674059447
C,4,169,6,2,0.00034202920181833612,0.00034202920181866138,0.00034202920181833612,0.0042808046528819907,0.0042808046528822145,0.0042808046528819907
C,4,170,6,2,0.00028404640199978202,0.00028404640199999887,0.00028404640199978202,0.0013192245894733837,0.001319224589473818,0.0013192245894733839
C,4,171,6,2,0.0012767149868358292,0.0012767149868359376,0.0012767149868358292,0.0012669647963329113,0.0012669647963329622,0.0012669647963329113
C,4,172,6,2,0.00090716190500792458,0.00090716190500814142,0.00090716190500792458,0.0039880470133935985,0.0039880470133939099,0.0039880470133935985
C,4,173,6,2,0.0011750838659418212,0.0011750838659419297,0.0011750838659418212,0.0014817403843526964,0.0014817403843529807,0.0014817403843526964
C,4,174,6,2,0.0019642069357938283,0.0019642069357941536,0.0019642069357938283,0.00094481942524235799,0.00094481942524237209,0.00094481942524235799
C,4,175,6,2,0.0017313058743022736,0.0017313058743024905,0.0017313058743022736,0.0011575229552132985,0.001157522955213305,0.0011575229552132985
C,4,176,6,2,0.0017382964305925723,0.0017382964305925723,0.0017382964305925723,0.0011462461329067464,0.0011462461329069681,0.0011462461329067464
C,4,177,6,2,0.0011176730859641581,0.0011176730859642665,0.0011176730859641581,0.0038203012229309709,0.0038203012229314336,0.0038203012229309709
C,4,178,6,2,0.0012925468936639956,0.0012925468936642124,0.0012925468936639956,0.0048276104304329701,0.0048276104304331149,0.0048276104304329709
C,4,179,6,2,0.0010445800717634761,0.0010445800717635845,0.0010445800717634761,0.00090481927973692033,0.00090481927973696684,0.00090481927973692033
C,4,180,6,2,5.1848566045382613e-05,5.1848566045599453e-05,5.1848566045382613e-05,0.0011606127316159611,0.0011606127316160567,0.0011606127316159611
C,4,181,6,2,0.0013683423188609383,0.0013683423188610468,0.0013683423188609383,0.0050460731732955072,0.0050460731732955419,0.0050460731732955072
C,4,182,6,2,0.0007260374149713417,0.00072603741497145012,0.0007260374149713417,0.00053982844088947403,0.0005398284408897943,0.00053982844088947392
C,4,183,6,2,1.2638820773703922e-05,1.2638820773812343e-05,1.2638820773703922e-05,0.00074027825823402501,0.00074027825823428999,0.00074027825823402501
C,4,184,6,2,8.2612372156228714e-05,8.2612372157096076e-05,8.2612372156228714e-05,0.001553052242048391,0.001553052242048538,0.001553052242048391
C,4,185,6,2,0.00018011029552132077,0.00018011029552164604,0.00018011029552132077,0.00092022712799371721,0.0009202271279937609,0.00092022712799371732
C,4,186,6,2,0.00044264132828422762,0.00044264132828433604,0.00044264132828422762,0.0015691268838416367,0.0015691268838416491,0.0015691268838416367
C,4,187,6,2,0.0014806558341749375,0.0014806558341752627,0.0014806558341749375,0.0015910132055602416,0.0015910132055604008,0.0015910132055602419
C,4,188,6,2,0.00056670538953217976,0.00056670538953283028,0.00056670538953217976,0.0013156358279913509,0.0013156358279917152,0.0013156358279913509
C,4,189,6,2,0.00084222054283641067,0.00084222054283684435,0.00084222054283641067,0.0014224122480453515,0.0014224122480457509,0.0014224122480453515
C,4,190,6,2,0.00019638553271647888,0.00019638553271647888,0.00019638553271647888,0.0013817917109167203,0.001381791710916992,0.0013817917109167203
C,4,191,6,2,0.0011076525126309245,0.0011076525126313581,0.0011076525126309245,0.0045316007265169024,0.0045316007265176995,0.0045316007265169024
C,4,192,6,2,0.0010914631883040572,0.0010914631883040572,0.0010914631883040572,0.00091399257092492428,0.00091399257092504257,0.00091399257092492428
C,4,193,6,2,0.00019211125471050965,0.00019211125471072649,0.00019211125471050965,0.00087624731702196437,0.00087624731702246896,0.00087624731702196437
C,4,194,6,2,0.0012061393951396521,0.0012061393951398689,0.0012061393951396521,0.0047498407151112653,0.0047498407151114284,0.0047498407151112662
C,4,195,6,2,0.0015779047840376245,0.0015779047840378414,0.0015779047840376245,0.00067208670459031634,0.00067208670459055855,0.00067208670459031645
C,4,196,6,2,0.00068087872192039607,0.00068087872192061291,0.00068087872192039607,0.0043004883563163765,0.0043004883563169801,0.0043004883563163765
C,4,197,6,2,0.0017097181876441414,0.0017097181876442498,0.0017097181876441414,0.001241178233916861,0.0012411782339169109,0.0012411782339168613
C,4,198,6,2,0.00072275744198487674,0.00072275744198509358,0.00072275744198487674,0.0013196104246926636,0.0013196104246927015,0.0013196104246926638
C,4,199,6,2,0.00023191603090169047,0.00023191603090179889,0.00023191603090169047,0.0010838767723923347,0.0010838767723924448,0.0010838767723923344
C,4,200,6,2,0.001490278536599751,0.0014902785365998594,0.001490278536599751,0.00076342646860238768,0.00076342646860239364,0.00076342646860238768
C,4,201,6,2,0.00064014530780907332,0.00064014530780907332,0.00064014530780907332,0.0045347382031612048,0.0045347382031613766,0.0045347382031612048
C,4,202,6,2,0.0012789949951655345,0.0012789949951656429,0.0012789949951655345,0.0038172705663929805,0.0038172705663931505,0.0038172705663929805
C,4,203,6,2,0.0017038460012416433,0.0017038460012417517,0.0017038460012416433,0.00096467185918553192,0.00096467185918567124,0.00096467185918553192
C,4,204,6,2,0.0010948136483497455,0.0010948136483499623,0.0010948136483497455,0.003846537254834987,0.003846537254835278,0.003846537254834987
C,4,205,6,2,0.0023573927339246232,0.0023573927339247316,0.0023573927339246232,0.00099394253471967288,0.00099394253471968329,0.00099394253471967288
C,4,206,6,2,0.0015035625355921392,0.0015035625355922476,0.0015035625355921392,0.0012969201896816341,0.0012969201896816398,0.0012969201896816341
C,4,207,6,2,0.0022844751607927318,0.0022844751607928402,0.0022844751607927318,0.00091970279391949796,0.0009197027939196981,0.00091970279391949796
C,4,208,6,2,0.0027585179181294477,0.0027585179181296646,0.0027585179181294477,0.0013908849362607198,0.0013908849362608425,0.0013908849362607196
C,4,209,6,2,0.0010857373496274891,0.0010857373496275975,0.0010857373496274891,0.0011822481332233385,0.0011822481332234276,0.0011822481332233385
C,4,210,6,2,0.0014760575184501103,0.0014760575184501103,0.0014760575184501103,0.0017534885521562455,0.0017534885521562455,0.0017534885521562455
C,4,211,6,2,0.00069134294207375685,0.00069134294207397369,0.00069134294207375685,0.0012198210029666411,0.0012198210029668328,0.0012198210029666411
C,4,212,6,2,0.0012596139512228511,0.0012596139512231763,0.0012596139512228511,0.00081632838722907764,0.00081632838722920482,0.00081632838722907764
C,4,213,6,2,0.001291110421655162,0.0012911104216553788,0.001291110421655162,0.0014089037195438238,0.001408903719544197,0.001408903719543824
C,4,214,6,2,4.6560387640661935e-06,4.6560387643914541e-06,4.6560387640661935e-06,0.003732006890059196,0.0037320068900593213,0.003732006890059196
C,4,215,6,2,0.00087065782470273356,0.00087065782470273356,0.00087065782470273356,0.00081313200771337946,0.00081313200771365062,0.00081313200771337946
C,4,216,6,2,0.0010580110871539431,0.00105801108715416,0.0010580110871539431,0.00072252446584637341,0.00072252446584643185,0.00072252446584637341
C,4,217,6,2,3.4330194769848638e-05,3.4330194770715999e-05,3.4330194769848638e-05,0.0037265744427670382,0.0037265744427673378,0.0037265744427670386
C,4,218,6,2,0.00082359720101525882,0.00082359720101547566,0.00082359720101525882,0.00074689156647990309,0.0007468915664802701,0.00074689156647990299
C,4,219,6,2,0.0008937868967563798,0.0008937868967563798,0.0008937868967563798,0.0012873276621023105,0.0012873276621023105,0.0012873276621023105
C,4,220,6,2,0.00023450997448473156,0.0002345099744849484,0.00023450997448473156,0.0034107418958468738,0.003410741895846905,0.0034107418958468738
C,4,221,6,2,0.0019304645903565594,0.0019304645903566679,0.0019304645903565594,0.0016039193484382586,0.001603919348438478,0.0016039193484382586
C,4,222,6,2,0.00087709841329350422,0.00087709841329382948,0.00087709841329350422,0.0006992026499943357,0.00069920264999434492,0.0006992026499943357
C,4,223,6,2,0.0008159047529004591,0.00081590475290056752,0.0008159047529004591,0.00090490692583061836,0.00090490692583090773,0.00090490692583061836
C,4,224,6,2,0.0014520324694534351,0.0014520324694534351,0.0014520324694534351,0.0010898323154377677,0.001089832315438065,0.0010898323154377675
C,4,225,6,2,0.00019034669743742474,0.00019034669743785843,0.00019034669743742474,0.0035772885103536357,0.0035772885103538851,0.0035772885103536357
C,4,226,6,2,6.676117996439173e-05,6.6761179964716991e-05,6.676117996439173e-05,0.0034788090312338647,0.0034788090312340325,0.0034788090312338643
C,4,227,6,2,0.00081159060439425085,0.00081159060439468453,0.00081159060439425085,0.0012611700929329723,0.0012611700929341576,0.0012611700929329723
C,4,228,6,2,0.001667421800339566,0.0016674218003399997,0.001667421800339566,0.0012538600349947769,0.0012538600349949797,0.0012538600349947769
C,4,229,6,2,0.0001692837402931472,0.00016928374029379772,0.0001692837402931472,0.0036504024661489073,0.0036504024661489624,0.0036504024661489073
C,4,230,6,2,0.0016731359490737173,0.0016731359490740425,0.0016731359490737173,0.0010721072725720132,0.001072107272572487,0.0010721072725720132
C,4,231,6,2,0.00048184840160340331,0.00048184840160362015,0.00048184840160340331,0.000939748349585455,0.00093974834958574296,0.00093974834958545489
C,4,232,6,2,0.00046118621728204016,0.000461186217282257,0.00046118621728204016,0.00069253467647185322,0.00069253467647199991,0.00069253467647185322
C,4,233,6,2,0.002233076468997181,0.0022330764689972894,0.002233076468997181,0.0014993875648013867,0.0014993875648018976,0.0014993875648013867
C,4,234,6,2,0.0022380553258649844,0.0022380553258650928,0.0022380553258649844,0.0020403247565965715,0.0020403247565969466,0.0020403247565965715
C,4,235,6,2,0.00052129507899115277,0.00052129507899126119,0.00052129507899115277,0.0013674523636449786,0.0013674523636450252,0.0013674523636449786
C,4,236,6,2,9.7652829257133603e-05,9.7652829257567283e-05,9.7652829257133603e-05,0.00068993531462460699,0.00068993531462500956,0.00068993531462460689
C,4,237,6,2,9.9441504070431688e-05,9.9441504070648529e-05,9.9441504070431688e-05,0.0012394545898676136,0.001239454589867868,0.0012394545898676136
C,4,238,6,2,5.6453127456577989e-05,5.6453127456577989e-05,5.6453127456577989e-05,0.001685548492838502,0.001685548492838502,0.001685548492838502
C,4,239,6,2,0.00022163435825452073,0.00022163435825462915,0.00022163435825452073,0.0010432140069935808,0.0010432140069935945,0.0010432140069935808
C,4,240,6,2,0.0013915092473427548,0.0013915092473429716,0.0013915092473427548,0.0051097479192775842,0.005109747919277585,0.0051097479192775842
C,4,241,6,2,0.00083388645000844613,0.00083388645000844613,0.00083388645000844613,0.00087237264130646979,0.00087237264130646979,0.00087237264130646979
C,4,242,6,2,0.00044856299292236196,0.00044856299292279564,0.00044856299292236196,0.00077738890533939867,0.00077738890533960857,0.00077738890533939867
C,4,243,6,2,0.0014212389191625967,0.0014212389191625967,0.0014212389191625967,0.0052065255305621784,0.0052065255305621784,0.0052065255305621784
C,4,244,6,2,0.00036235274955066007,0.00036235274955076849,0.00036235274955066001,0.00068955771028551447,0.00068955771028555003,0.00068955771028551447
C,4,245,6,2,0.0017412098520962942,0.0017412098520966195,0.0017412098520962942,0.0011286242083486239,0.0011286242083490214,0.0011286242083486239
C,4,246,6,2,0.00011625048529232199,0.00011625048529232199,0.00011625048529232199,0.0042447037158483379,0.0042447037158483379,0.0042447037158483379
C,4,247,6,2,0.0015380295890710322,0.0015380295890711406,0.0015380295890710322,0.0010906008341333058,0.0010906008341336438,0.0010906008341333058
C,4,248,6,2,0.001173989117340588,0.0011739891173409133,0.001173989117340588,0.0012842556446023721,0.0012842556446026093,0.0012842556446023721
C,4,249,6,2,0.00060635657837490066,0.00060635657837533434,0.00060635657837490066,0.00094823357508241196,0.00094823357508257351,0.00094823357508241196
C,4,250,6,2,0.0016995200935175951,0.0016995200935177035,0.0016995200935175951,0.00076696844695082447,0.00076696844695108317,0.00076696844695082447
C,4,251,6,2,9.3170142560685537e-05,9.3170142560685537e-05,9.3170142560685537e-05,0.004618679586559947,0.004618679586559947,0.004618679586559947
C,4,252,6,2,0.00063857713569629229,0.00063857713569629229,0.00063857713569629229,0.0040457404217341449,0.0040457404217341449,0.0040457404217341449
C,4,253,6,2,0.0017377004476613802,0.001737700447661597,0.0017377004476613802,0.0012138769086386786,0.0012138769086387318,0.0012138769086386789
C,4,254,6,2,0.001415767351148063,0.0014157673511481714,0.001415767351148063,0.0013550453179872269,0.0013550453179872943,0.0013550453179872271
C,4,255,6,2,0.00041683053806241405,0.00041683053806241405,0.00041683053806241405,0.0043346495407745652,0.0043346495407746051,0.0043346495407745643
C,4,256,6,2,0.0020678791441203692,0.0020678791441206944,0.0020678791441203692,0.0009425275810368087,0.00094252758103683071,0.0009425275810368087
C,4,257,6,2,0.00096459625410923698,0.00096459625410923698,0.00096459625410923698,0.0011144736425214253,0.0011144736425214253,0.0011144736425214253
C,4,258,6,2,0.0015325101827508075,0.0015325101827509159,0.0015325101827508075,0.0011318317873715345,0.0011318317873716881,0.0011318317873715345
C,4,259,6,2,0.0019450282013083091,0.0019450282013084175,0.0019450282013083091,0.0012514449895259475,0.0012514449895263311,0.0012514449895259475
C,4,260,6,2,0.00079920373056519087,0.00079920373056573298,0.00079920373056519087,0.0016292339723354482,0.0016292339723355755,0.0016292339723354482
C,4,261,6,2,0.00028831684673676257,0.00028831684673676257,0.00028831684673676257,0.0015660815119035141,0.0015660815119037351,0.0015660815119035141
C,4,262,6,2,0.0014215640322942169,0.0014215640322943254,0.0014215640322942169,0.0014936508416285243,0.0014936508416286865,0.0014936508416285243
C,4,263,6,2,0.00023763296261595981,0.00023763296261606823,0.00023763296261595981,0.0014973105695928186,0.0014973105695928438,0.0014973105695928186
C,4,264,6,2,0.00039543409619869664,0.00039543409619891348,0.00039543409619869664,0.00065866278229668204,0.00065866278229670134,0.00065866278229668204
C,4,265,6,2,0.0015805257417790455,0.0015805257417790455,0.0015805257417790455,0.0024099336246260462,0.0024099336246265462,0.0024099336246260462
C,4,266,6,2,9.0707346930385228e-05,9.0707346930493649e-05,9.0707346930385228e-05,0.0037331169641425729,0.0037331169641426185,0.0037331169641425729
C,4,267,6,2,0.00010520001476064036,0.00010520001476064036,0.00010520001476064036,0.0011288225604337626,0.0011288225604337843,0.0011288225604337626
C,4,268,6,2,0.001265714880115793,0.0012657148801161183,0.001265714880115793,0.0013923472053265081,0.0013923472053265823,0.0013923472053265081
C,4,269,6,2,0.00015603574191817675,0.00015603574191839359,0.00015603574191817675,0.0034634602667930653,0.0034634602667930948,0.0034634602667930653
C,4,270,6,2,0.0014700677339874162,0.0014700677339880668,0.0014700677339874162,0.0016617544838999443,0.0016617544839006961,0.0016617544838999443
C,4,271,6,2,0.00089644597371131562,0.00089644597371131562,0.00089644597371131562,0.00076620575166194975,0.00076620575166194975,0.00076620575166194975
C,4,272,6,2,0.00069391470677144206,0.00069391470677144206,0.00069391470677144206,0.00383162614881077,0.00383162614881077,0.00383162614881077
C,4,273,6,2,0.0015675171490768785,0.0015675171490768785,0.0015675171490768785,0.00083312674833214604,0.00083312674833214604,0.00083312674833214604
C,4,274,6,2,0.0015392681751531453,0.0015392681751533622,0.0015392681751531453,0.0013890450368763984,0.0013890450368764552,0.0013890450368763984
C,4,275,6,2,0.00071220517867314013,0.00071220517867324855,0.00071220517867314002,0.0034663032327240297,0.0034663032327240397,0.0034663032327240297
C,4,276,6,2,0.00093921248455722424,0.00093921248455722424,0.00093921248455722424,0.0042601402062487741,0.0042601402062488296,0.0042601402062487741
C,4,277,6,2,0.00086252989803248248,0.00086252989803269932,0.00086252989803248248,0.00044699164832685118,0.00044699164832723602,0.00044699164832685118
C,4,278,6,2,0.00024858627340547564,0.00024858627340547564,0.00024858627340547564,0.0006629503570058481,0.00066295035700602613,0.00066295035700584821
C,4,279,6,2,0.00073009114765073494,0.0007300911476510602,0.00073009114765073494,0.0041620693496640503,0.0041620693496642455,0.0041620693496640495
C,4,280,6,2,0.00060917674695435981,0.00060917674695511875,0.00060917674695435981,0.00095811002690937759,0.00095811002690953664,0.00095811002690937759
C,4,281,6,2,0.00065717320199987911,0.00065717320199987911,0.00065717320199987911,0.0011353238389832363,0.0011353238389833426,0.0011353238389832365
C,4,282,6,2,0.00033401151334230914,0.00033401151334241756,0.00033401151334230914,0.001173084954049945,0.0011730849540501056,0.001173084954049945
C,4,283,6,2,0.00078422299973693321,0.00078422299973715005,0.00078422299973693321,0.00085642213504934575,0.00085642213504943151,0.00085642213504934575
C,4,284,6,2,0.0005286416111468812,0.0005286416111468812,0.0005286416111468812,0.001662756860025358,0.0016627568600257024,0.001662756860025358
C,4,285,6,2,0.00041194472315069473,0.00041194472315091157,0.00041194472315069473,0.0011855805223362015,0.0011855805223364689,0.0011855805223362013
C,4,286,6,2,0.0017306878642308786,0.0017306878642314207,0.0017306878642308786,0.0012516060546217439,0.0012516060546223723,0.0012516060546217439
C,4,287,6,2,0.00025657412018511433,0.00025657412018511433,0.00025657412018511433,0.0043585866479497574,0.0043585866479498164,0.0043585866479497574
C,4,288,6,2,0.0014015545255484678,0.0014015545255492267,0.0014015545255484678,0.00048521960358090688,0.00048521960358161758,0.00048521960358090688
C,4,289,6,2,0.0013929552493069722,0.001392955249307189,0.0013929552493069722,0.001354353793199199,0.0013543537932002201,0.001354353793199199
C,4,290,6,2,0.00025610718718492836,0.00025610718718525362,0.00025610718718492836,0.0041701498186831124,0.004170149818683579,0.0041701498186831124
C,4,291,6,2,0.00037346074669331215,0.00037346074669352899,0.00037346074669331215,0.0012156880775354754,0.0012156880775355853,0.0012156880775354754
C,4,292,6,2,0.00066599238032576374,0.00066599238032587216,0.00066599238032576374,0.0042845553041346227,0.0042845553041352064,0.0042845553041346227
C,4,293,6,2,0.00014158710378729591,0.00014158710378740433,0.00014158710378729591,0.0011467703121026077,0.0011467703121028582,0.0011467703121026077
C,4,294,6,2,0.00074981486877421198,0.00074981486877442882,0.00074981486877421198,0.0011561123813934437,0.0011561123813936557,0.0011561123813934437
C,4,295,6,2,0.00061238877211886814,0.00061238877211897656,0.00061238877211886814,0.004233530004610039,0.0042335300046103504,0.004233530004610039
C,4,296,6,2,0.00027873252784939989,0.00027873252784939989,0.00027873252784939989,0.0043508408782438604,0.0043508408782440061,0.0043508408782438604
C,4,297,6,2,0.00099697885240588452,0.00099697885240588452,0.00099697885240588452,0.0013795007015725959,0.0013795007015725959,0.0013795007015725959
C,4,298,6,2,0.00041364437809471733,0.00041364437809482575,0.00041364437809471733,0.0044943900683122231,0.0044943900683124894,0.0044943900683122231
C,4,299,6,2,0.0012974694754760031,0.0012974694754762199,0.0012974694754760031,0.00040309760053347808,0.00040309760053355392,0.00040309760053347808
C,4,300,6,2,0.0011293879022358268,0.0011293879022362605,0.0011293879022358268,0.0013743840867207883,0.0013743840867210114,0.0013743840867207881
C,4,301,6,2,0.00029326251218110642,0.00029326251218121484,0.00029326251218110642,0.0012256957815447831,0.0012256957815449338,0.0012256957815447831
C,4,302,6,2,0.00025199108509717759,0.00025199108509717759,0.00025199108509717759,0.0011098757724186652,0.001109875772418912,0.0011098757724186652
C,4,303,6,2,0.0011894198145733685,0.001189419814573477,0.0011894198145733685,0.0021167105111101307,0.0021167105111102808,0.0021167105111101307
C,4,304,6,2,0.00078784885470606705,0.00078784885470606705,0.00078784885470606705,0.00092100692618410059,0.00092100692618410059,0.00092100692618410059
C,4,305,6,2,0.00046600467295404568,0.00046600467295404568,0.00046600467295404568,0.0036544623619664419,0.0036544623619664475,0.0036544623619664423
C,4,306,6,2,0.0015281721906129945,0.0015281721906133198,0.0015281721906129945,0.0016459605935060964,0.0016459605935065745,0.0016459605935060964
C,4,307,6,2,0.00042368262866381966,0.00042368262866392808,0.00042368262866381966,0.00099637535158841667,0.00099637535158864652,0.00099637535158841667
C,4,308,6,2,0.00019940944923925973,0.00019940944923969341,0.00019940944923925973,0.0040545763446405529,0.0040545763446408088,0.004054576344640552
C,4,309,6,2,0.00081353982284170824,0.00081353982284192508,0.00081353982284170824,0.00057701617167608835,0.00057701617167616251,0.00057701617167608835
C,4,310,6,2,0.0011243209359937346,0.0011243209359942767,0.0011243209359937346,0.0047378487890398649,0.0047378487890403177,0.0047378487890398649
C,4,311,6,2,0.00076735391171182769,0.00076735391171182769,0.00076735391171182769,0.0013904666248025946,0.0013904666248025946,0.0013904666248025946
C,4,312,6,2,0.00087608979822855534,0.00087608979822909744,0.00087608979822855534,0.00080967603711379365,0.00080967603711433586,0.00080967603711379376
C,4,313,6,2,0.0010558705481512757,0.0010558705481513841,0.0010558705481512757,0.0046672262819489139,0.0046672262819489252,0.0046672262819489147
C,4,314,6,2,0.00026094521463515975,0.00026094521463526817,0.00026094521463515975,0.0042068321476051544,0.0042068321476055257,0.0042068321476051536
C,4,315,6,2,0.00053653325242375427,0.00053653325242375427,0.00053653325242375427,0.00079729136439735235,0.00079729136439735235,0.00079729136439735235
C,4,316,6,2,0.00046772989651798925,0.00046772989651809767,0.00046772989651798925,0.0037395428187299846,0.0037395428187302223,0.0037395428187299846
C,4,317,6,2,0.0016240249211791442,0.0016240249211792526,0.0016240249211791442,0.0016270684389393941,0.0016270684389394041,0.0016270684389393943
C,4,318,6,2,0.0010471448283953756,0.001047144828395484,0.0010471448283953756,0.0010397609117817161,0.0010397609117820605,0.0010397609117817161
C,4,319,6,2,9.6435581975430271e-05,9.6435581976297632e-05,9.6435581975430271e-05,0.0016587176889190708,0.0016587176889192518,0.0016587176889190708
C,4,320,6,2,0.00020159367924445747,0.00020159367924445747,0.00020159367924445747,0.0018240515600799802,0.0018240515600802664,0.0018240515600799802
C,4,321,6,2,0.0009121952200299684,0.00091219522003029366,0.0009121952200299684,0.00069414776017121991,0.00069414776017153151,0.00069414776017121991
C,4,322,6,2,0.00017073439797057107,0.00017073439797067949,0.00017073439797057107,0.0010217073530773828,0.0010217073530778935,0.0010217073530773828
C,4,323,6,2,0.00029879292322461393,0.00029879292322461393,0.00029879292322461393,0.00046354811308307029,0.00046354811308311203,0.00046354811308307029
C,4,324,6,2,0.0018348853474078365,0.0018348853474082702,0.0018348853474078365,0.0013999131769204852,0.0013999131769211301,0.0013999131769204854
C,4,325,6,2,3.9920804228836017e-05,3.9920804228944437e-05,3.9920804228836017e-05,0.00091243322057937663,0.00091243322057943952,0.00091243322057937652
C,4,326,6,2,0.0002379920653954818,0.00023799206539569864,0.0002379920653954818,0.0011088627842385118,0.0011088627842385946,0.0011088627842385118
C,4,327,6,2,0.00075572402601347538,0.00075572402601347538,0.00075572402601347538,0.00023786509581340986,0.00023786509581351622,0.00023786509581340986
C,4,328,6,2,0.000802759057986005,0.00080275905798643868,0.000802759057986005,0.00061722175563746877,0.00061722175563762055,0.00061722175563746877
C,4,329,6,2,0.00018052009806261444,0.0001805200980629397,0.00018052009806261444,0.0010090015072944528,0.0010090015072945387,0.0010090015072944528
C,4,330,6,2,0.001658141433208654,0.0016581414332087624,0.001658141433208654,0.0013164364799031314,0.0013164364799032465,0.0013164364799031314
C,4,331,6,2,0.00028575598398281315,0.00028575598398292157,0.00028575598398281315,0.00063220685931967874,0.00063220685931989222,0.00063220685931967885
C,4,332,6,2,0.00020281033321159232,0.00020281033321170074,0.00020281033321159232,0.00042251313721050057,0.00042251313721065474,0.00042251313721050057
C,4,333,6,2,0.00069696931347573883,0.00069696931347617251,0.00069696931347573883,0.0008325053424610428,0.00083250534246151042,0.0008325053424610428
C,4,334,6,2,0.00044950196912926267,0.00044950196912926267,0.00044950196912926267,0.00053136345123637105,0.00053136345123637105,0.00053136345123637105
C,4,335,6,2,0.00027079083766620975,0.00027079083766653501,0.00027079083766620975,0.0040354076631226189,0.0040354076631229155,0.0040354076631226197
C,4,336,6,2,0.00067940682219015062,0.00067940682219025904,0.00067940682219015062,7.8550718972190687e-05,7.8550718972215055e-05,7.8550718972190701e-05
C,4,337,6,2,0.00076640754682660763,0.00076640754682671605,0.00076640754682660763,0.00050027660664484115,0.00050027660664515199,0.00050027660664484126
C,4,338,6,2,0.00034040717670688874,0.00034040717670743084,0.00034040717670688874,0.0040216475267314091,0.0040216475267314195,0.0040216475267314091
C,4,339,6,2,0.00061556658826592177,0.00061556658826613861,0.00061556658826592177,0.0005763641933086499,0.00057636419330877795,0.0005763641933086499
C,4,340,6,2,0.00076506639737003446,0.00076506639737003446,0.00076506639737003446,0.0013957333157428309,0.001395733315743033,0.0013957333157428309
C,4,341,6,2,8.5911721566444763e-05,8.5911721566878443e-05,8.5911721566444763e-05,0.00058631098852370456,0.00058631098852427344,0.00058631098852370456
C,4,342,6,2,0.0012735541381200333,0.0012735541381205754,0.0012735541381200333,0.0010390974871674974,0.0010390974871676358,0.0010390974871674974
C,4,343,6,2,0.0008962544422384507,0.00089625444223855912,0.0008962544422384507,0.0011937163577235431,0.001193716357723758,0.0011937163577235429
C,4,344,6,2,0.00023545650115026299,0.00023545650115037141,0.00023545650115026299,0.0039435802844524082,0.0039435802844527282,0.003943580284452409
C,4,345,6,2,0.00075504460624715129,0.00075504460624736813,0.00075504460624715129,0.00026845726155868524,0.00026845726155871229,0.00026845726155868524
C,4,346,6,2,0.00065320202262300446,0.0006532020226232213,0.00065320202262300446,0.00067069615359944103,0.00067069615360002195,0.00067069615359944103
C,4,347,6,2,0.00019186240997857984,0.00019186240997857984,0.00019186240997857984,0.0039064548159335683,0.00390645481593357,0.0039064548159335683
C,4,348,6,2,0.0010865837653860431,0.0010865837653862599,0.0010865837653860431,0.0009282307640159493,0.00092823076401599472,0.0009282307640159493
C,4,349,6,2,0.00071294009523130506,0.00071294009523141348,0.00071294009523130506,0.00031900374273345362,0.00031900374273421912,0.00031900374273345362
C,4,350,6,2,0.00020076042180831692,0.00020076042180853376,0.00020076042180831692,0.00044389474979447479,0.00044389474979460224,0.00044389474979447479
C,4,351,6,2,0.00080870504169628602,0.00080870504169661128,0.00080870504169628602,0.00069983877775214539,0.00069983877775226964,0.0006998387777521455
C,4,352,6,2,0.00088597018458019122,0.00088597018458019122,0.00088597018458019122,0.00078173980413365663,0.00078173980413369923,0.00078173980413365663
C,4,353,6,2,0.00028991761936720661,0.00028991761936731503,0.00028991761936720661,0.00037061989701690491,0.00037061989701706548,0.00037061989701690491
C,4,354,6,2,0.00052060631797602556,0.00052060631797624241,0.00052060631797602556,0.0044975968972568855,0.0044975968972571423,0.0044975968972568855
C,4,355,6,2,0.00075199943499939387,0.00075199943499961071,0.00075199943499939387,0.00087503406505182418,0.00087503406505186777,0.00087503406505182418
C,4,356,6,2,0.00039687923253828479,0.00039687923253850163,0.00039687923253828479,0.0011425517265396608,0.0011425517265398661,0.0011425517265396606
C,4,357,6,2,0.00046419251094245023,0.00046419251094245023,0.00046419251094245023,0.00026002032062909599,0.00026002032062915568,0.00026002032062909599
C,4,358,6,2,0.00069150247326453182,0.00069150247326453182,0.00069150247326453182,0.00028352872055941309,0.00028352872055941309,0.00028352872055941309
C,4,359,6,2,0.00040649496514059275,0.00040649496514102643,0.00040649496514059275,0.0010358706697589277,0.0010358706697591216,0.0010358706697589277
C,4,360,6,2,0.00047460058893024175,0.00047460058893024175,0.00047460058893024175,0.0044238038252842728,0.0044238038252842728,0.0044238038252842728
C,4,361,6,2,0.00052184475550975593,0.00052184475550997277,0.00052184475550975593,0.0011591039189787601,0.0011591039189791231,0.0011591039189787601
C,4,362,6,2,0.00047611579188304009,0.00047611579188336535,0.00047611579188304009,0.0003848242991417915,0.00038482429914212532,0.00038482429914179155
C,4,363,6,2,0.00045031521746783428,0.0004503152174679427,0.00045031521746783428,0.0012554384304070509,0.0012554384304074924,0.0012554384304070509
C,4,364,6,2,0.00026055870524241756,0.00026055870524241756,0.00026055870524241756,0.0012464261283195864,0.0012464261283195864,0.0012464261283195864
C,4,365,6,2,0.00012897359198628302,0.00012897359198639144,0.00012897359198628302,0.0016279332500465111,0.0016279332500466011,0.0016279332500465111
C,4,366,6,2,0.00039501377387151423,0.00039501377387183949,0.00039501377387151423,0.00049079189198020072,0.00049079189198067842,0.00049079189198020072
C,4,367,6,2,0.00067693274669110119,0.00067693274669131803,0.00067693274669110119,6.2369346450294531e-05,6.2369346450528502e-05,6.2369346450294531e-05
C,4,368,6,2,0.00030533562290048846,0.0003053356229007053,0.00030533562290048846,0.001702438482985399,0.0017024384829854181,0.001702438482985399
C,4,369,6,2,0.00046280881472961135,0.00046280881472971977,0.00046280881472961135,0.0012267177296473699,0.001226717729647402,0.0012267177296473701
C,4,370,6,2,0.00063066246789157763,0.00063066246789211973,0.00063066246789157763,0.00096362673134928948,0.00096362673134953874,0.00096362673134928948
C,4,371,6,2,0.00047663981944244972,0.00047663981944277498,0.00047663981944244972,0.00046043570377585349,0.00046043570377586899,0.00046043570377585349
C,4,372,6,2,0.000447760261076415,0.00044776026107674026,0.000447760261076415,0.0043394211991937973,0.0043394211991939907,0.0043394211991937973
C,4,373,6,2,0.00064945895029858234,0.0006494589502989076,0.00064945895029858234,0.0010451825845100272,0.0010451825845102119,0.0010451825845100274
C,4,374,6,2,0.00064017167485629078,0.00064017167485629078,0.00064017167485629078,0.001390575082011474,0.0013905750820118609,0.001390575082011474
C,4,375,6,2,0.00046106772097151156,0.00046106772097183682,0.00046106772097151156,0.00018235266365827546,0.00018235266365857871,0.00018235266365827546
C,4,376,6,2,0.0005855644801350474,0.00058556448013515582,0.0005855644801350474,0.00039948216153840358,0.00039948216153850934,0.00039948216153840358
C,4,377,6,2,0.00083550747816325301,0.00083550747816368669,0.00083550747816325301,0.0013641611698488351,0.0013641611698490285,0.0013641611698488351
C,4,378,6,2,0.00040687190489452525,0.00040687190489474209,0.00040687190489452525,0.0042938238464439345,0.0042938238464439961,0.0042938238464439336
C,4,379,6,2,0.0006743048145916317,0.00067430481459174012,0.0006743048145916317,0.00040252187003142286,0.00040252187003173668,0.00040252187003142286
C,4,380,6,2,0.00041608480023588856,0.00041608480023588856,0.00041608480023588856,9.5892295350598968e-05,9.5892295350610609e-05,9.5892295350598968e-05
C,4,381,6,2,0.00047399647679644344,0.0004739964767973108,0.00047399647679644344,0.00045634731772437363,0.00045634731772471238,0.00045634731772437363
C,4,382,6,2,0.00064672386908683037,0.00064672386908726405,0.00064672386908683037,0.0044251511350347087,0.0044251511350355231,0.0044251511350347087
C,4,383,6,2,0.000396877669284635,0.00039687766928506868,0.000396877669284635,0.00067214534504885968,0.00067214534504918071,0.00067214534504885968
C,4,384,6,2,0.00053305668878240141,0.00053305668878261825,0.00053305668878240141,0.00085619100835036279,0.0008561910083506037,0.00085619100835036279
C,4,385,6,2,0.00071636249703238911,0.00071636249703238911,0.00071636249703238911,0.0044277749652206662,0.0044277749652207495,0.0044277749652206662
C,4,386,6,2,0.00064799215285606983,0.00064799215285606983,0.00064799215285606983,0.0012275404782014271,0.0012275404782014271,0.0012275404782014271
C,4,387,6,2,0.00073217739034593492,0.00073217739034615176,0.00073217739034593492,0.0003323229258852333,0.0003323229258852545,0.0003323229258852333
C,4,388,6,2,0.00027394162224758396,0.00027394162224769238,0.00027394162224758396,0.00072716011016865385,0.00072716011016886884,0.00072716011016865374
C,4,389,6,2,0.00051954416537068181,0.00051954416537100707,0.00051954416537068181,0.0013117351730187634,0.0013117351730188875,0.0013117351730187637
C,4,390,6,2,0.0006573792475064906,0.00065737924750692428,0.0006573792475064906,0.0010250832371378198,0.0010250832371379666,0.0010250832371378196
C,4,391,6,2,0.00099567933250935357,0.00099567933250989567,0.00099567933250935357,0.0044139397888622849,0.0044139397888624627,0.0044139397888622849
C,4,392,6,2,0.00057862683870376665,0.00057862683870376665,0.00057862683870376665,0.00068481201046774898,0.00068481201046774898,0.00068481201046774898
C,4,393,6,2,0.00063128024788703177,0.00063128024788746545,0.00063128024788703177,0.00039097007736344316,0.00039097007736346907,0.0003909700773634431
C,4,394,6,2,0.00095348061964774765,0.00095348061964796449,0.00095348061964774765,0.0043772432341684948,0.0043772432341687029,0.0043772432341684948
C,4,395,6,2,9.6357577045007303e-05,9.6357577045224144e-05,9.635757704500729e-05,0.00089306046594068078,0.00089306046594114991,0.00089306046594068078
C,4,396,6,2,0.00070710123442716422,0.00070710123442748948,0.00070710123442716422,0.00025170370656164636,0.00025170370656186434,0.00025170370656164642
C,4,397,6,2,0.00021956155332617053,0.00021956155332627895,0.00021956155332617053,0.00067491307769744729,0.00067491307769752514,0.00067491307769744729
C,4,398,6,2,0.00013824419705017223,0.00013824419705060591,0.00013824419705017223,0.00093988296917295062,0.00093988296917314914,0.00093988296917295062
C,4,399,6,2,0.00067138011058444098,0.0006713801105845494,0.00067138011058444098,0.00057038579876065969,0.0005703857987608092,0.00057038579876065969
C,4,400,6,2,0.0002420862303773464,0.00024208623037756324,0.0002420862303773464,0.0013284432259902323,0.0013284432259902472,0.0013284432259902323
C,4,401,6,2,0.00063261340164249853,0.00063261340164282379,0.00063261340164249853,0.00074668747749323647,0.00074668747749337915,0.00074668747749323647
C,4,402,6,2,0.00086643063787862976,0.00086643063787862976,0.00086643063787862976,0.0013827832223451306,0.0013827832223451866,0.0013827832223451306
C,4,403,6,2,0.00027970925182410275,0.00027970925182431959,0.00027970925182410275,0.0014102361152488778,0.0014102361152490868,0.0014102361152488775
C,4,404,6,2,0.00062858720342956562,0.00062858720343010772,0.00062858720342956562,0.0012691883510474401,0.0012691883510476563,0.0012691883510474401
C,4,405,6,2,0.00075227317548095651,0.00075227317548106493,0.00075227317548095651,0.00039795456380482797,0.00039795456380489974,0.00039795456380482797
C,4,406,6,2,0.00011642961500197679,0.00011642961500208521,0.00011642961500197679,0.00074312829699250277,0.00074312829699384934,0.00074312829699250277
C,4,407,6,2,0.0008206450592961349,0.00082064505929624332,0.0008206450592961349,0.0012847208111647665,0.0012847208111647708,0.0012847208111647665
C,4,408,6,2,0.0011470257303529147,0.0011470257303531316,0.0011470257303529147,0.0015495347561219801,0.0015495347561221787,0.0015495347561219801
C,4,409,6,2,0.00018737554889462511,0.00018737554889495037,0.00018737554889462511,0.00056979772707954613,0.00056979772708010969,0.00056979772707954613
C,4,410,6,2,0.00051384694194718441,0.00051384694194729283,0.00051384694194718441,0.0005518502955001518,0.00055185029550040485,0.0005518502955001518
C,4,411,6,2,0.00079193654388756696,0.0007919365438877838,0.00079193654388756696,0.00088477257391454353,0.00088477257391470269,0.00088477257391454353
C,4,412,6,2,0.00050880031991231388,0.00050880031991253072,0.00050880031991231388,0.00038116296500657773,0.00038116296500663297,0.00038116296500657773
C,4,413,6,2,0.00057956429474147718,0.00057956429474234454,0.00057956429474147718,0.0013478296531095734,0.001347829653109653,0.0013478296531095734
C,4,414,6,2,0.00027721019401271904,0.00027721019401293588,0.00027721019401271904,0.00030542277507270151,0.00030542277507270574,0.00030542277507270151
C,4,415,6,2,0.00084070649002262413,0.00084070649002273255,0.00084070649002262413,0.00074791084266714577,0.00074791084266722665,0.00074791084266714577
C,4,416,6,2,0.00045379129619206766,0.0004537912961922845,0.00045379129619206766,0.0011356173233069231,0.0011356173233069344,0.0011356173233069233
C,4,417,6,2,0.00063351422045028385,0.00063351422045039227,0.00063351422045028385,0.00048498636548349419,0.00048498636548427649,0.00048498636548349419
C,4,418,6,2,0.00019427724807510264,0.00019427724807521106,0.00019427724807510264,0.0011226535676387153,0.0011226535676388896,0.0011226535676387153
C,4,419,6,2,0.00016215889771123513,0.00016215889771177723,0.00016215889771123513,0.00038559954722701666,0.0003855995472273847,0.00038559954722701666
C,4,420,6,2,0.00085412924569487798,0.00085412924569509482,0.00085412924569487809,0.00088352722199145479,0.00088352722199150401,0.00088352722199145479
C,4,421,6,2,0.00014013870017984958,0.00014013870018028327,0.00014013870017984958,0.00097019179100792086,0.00097019179100830434,0.00097019179100792097
C,4,422,6,2,0.0008872447490565049,0.00088724474905693858,0.0008872447490565049,0.0019175279476320449,0.0019175279476323344,0.0019175279476320449
C,4,423,6,2,0.00063402121942618059,0.00063402121942661427,0.00063402121942618059,0.0004597122444484544,0.00045971224444860435,0.0004597122444484544
C,4,424,6,2,0.00086784761592405366,0.00086784761592459576,0.00086784761592405366,0.0019944135474292842,0.0019944135474294872,0.0019944135474292842
C,4,425,6,2,0.00032476696573810384,0.0003247669657384291,0.00032476696573810384,0.00052563887587240752,0.00052563887587257936,0.00052563887587240752
C,4,426,6,2,0.00063323769410982955,0.00063323769410993797,0.00063323769410982955,0.00092613170595379668,0.00092613170595383864,0.00092613170595379668
C,4,427,6,2,0.00078413509125977755,0.00078413509125999439,0.00078413509125977755,0.00010578425910966888,0.00010578425910992037,0.00010578425910966888
C,4,428,6,2,0.00066903424016345574,0.00066903424016367258,0.00066903424016345574,0.00078608239201117939,0.00078608239201142323,0.00078608239201117928
C,4,429,6,2,0.0002786482758342047,0.0002786482758347468,0.0002786482758342047,0.00074152141511535916,0.00074152141511575663,0.00074152141511535916
C,4,430,6,2,0.00025351394644917286,0.0002535139464493897,0.00025351394644917286,0.0001859950611100202,0.00018599506111007471,0.00018599506111002023
C,4,431,6,2,0.0016562158657131617,0.0016562158657131617,0.0016562158657131617,0.0022617445513448114,0.0022617445513448261,0.0022617445513448114
C,4,432,6,2,0.00020172519601198598,0.00020172519601220282,0.00020172519601198598,0.00074913515209710786,0.00074913515209712716,0.00074913515209710775
C,4,433,6,2,0.00044083551085959734,0.00044083551085970576,0.00044083551085959734,0.00052749689665061445,0.00052749689665062757,0.00052749689665061445
C,4,434,6,2,0.00066119836006827901,0.00066119836006827901,0.00066119836006827901,0.00062683332539904195,0.0006268333253993401,0.00062683332539904195
C,4,435,6,2,0.00016157053219054314,0.00016157053219054314,0.00016157053219054314,0.00062414422199409702,0.00062414422199442326,0.00062414422199409702
C,4,436,6,2,0.0016388225863158898,0.0016388225863158898,0.0016388225863158898,0.0020712703847296102,0.0020712703847297659,0.0020712703847296102
C,4,437,6,2,0.00027310291059266106,0.0002731029105928779,0.00027310291059266106,0.00033046442042314794,0.00033046442042317993,0.00033046442042314794
C,4,438,6,2,0.00040782371745699385,0.00040782371745710227,0.00040782371745699385,0.0011334531677528068,0.0011334531677528203,0.0011334531677528068
C,4,439,6,2,0.00027949581112029793,0.00027949581112084003,0.00027949581112029793,0.0037754706282199027,0.0037754706282201616,0.0037754706282199023
C,4,440,6,2,0.00031575497363533871,0.00031575497363555555,0.00031575497363533871,0.00052069059363319932,0.00052069059363322209,0.00052069059363319921
C,4,441,6,2,0.00068643796809404224,0.00068643796809425908,0.00068643796809404224,0.00068694293667426339,0.00068694293667440596,0.0006869429366742635
C,4,442,6,2,0.00014785140629738989,0.00014785140629749831,0.00014785140629738989,0.0036285368446609262,0.0036285368446609574,0.0036285368446609262
C,4,443,6,2,0.00032995085433968566,0.00032995085433979408,0.00032995085433968566,0.00090390260135891128,0.00090390260135922126,0.00090390260135891128
C,4,444,6,2,0.0006764723327595118,0.0006764723327595118,0.0006764723327595118,0.0013632969588083586,0.0013632969588086952,0.0013632969588083584
C,4,445,6,2,0.00026781099670433826,0.00026781099670444668,0.00026781099670433826,0.00018409981212639116,0.00018409981212644873,0.00018409981212639116
C,4,446,6,2,0.0012714587093458525,0.0012714587093460693,0.0012714587093458525,0.0015542618326420776,0.0015542618326421667,0.0015542618326420776
C,4,447,6,2,0.00061435241227635398,0.00061435241227657082,0.00061435241227635398,0.0012060071903991702,0.001206007190399232,0.00120600719039917
C,4,448,6,2,2.8192319872707983e-05,2.8192319872924823e-05,2.8192319872707983e-05,0.0034987268754725549,0.0034987268754725948,0.0034987268754725549
C,4,449,6,2,0.00046771465943642749,0.00046771465943653591,0.00046771465943642749,0.00053236092785519638,0.00053236092785521037,0.00053236092785519638
C,4,450,6,2,0.00049033118913906475,0.00049033118913917317,0.00049033118913906475,0.00058924492047337618,0.00058924492047367672,0.00058924492047337618
C,4,451,6,2,6.414727505145261e-06,6.4147275052536812e-06,6.414727505145261e-06,0.0034811601497214666,0.0034811601497218123,0.0034811601497214662
C,4,452,6,2,0.0011162272180821392,0.0011162272180822476,0.0011162272180821392,0.0013162104008007033,0.001316210400801041,0.0013162104008007031
C,4,453,6,2,0.00061325406067376,0.00061325406067397684,0.00061325406067376,0.00029320256397854236,0.0002932025639785544,0.00029320256397854242
C,4,454,6,2,0.00032421628510647532,0.00032421628510647532,0.00032421628510647532,0.0007184701651845193,0.00071847016518461287,0.0007184701651845193
C,4,455,6,2,0.00041661552827856538,0.00041661552827878222,0.00041661552827856538,0.00045652509062670568,0.00045652509062677979,0.00045652509062670568
C,4,456,6,2,0.0005341689019182274,0.00053416890191844424,0.0005341689019182274,0.00047557655150654796,0.0004755765515066959,0.00047557655150654796
C,4,457,6,2,0.00020246907415412147,0.00020246907415466357,0.00020246907415412147,0.0036811798584439176,0.0036811798584441609,0.0036811798584439176
C,4,458,6,2,0.00057697337156777107,0.00057697337156798791,0.00057697337156777107,0.00098667993252124758,0.00098667993252129203,0.00098667993252124758
C,4,459,6,2,5.1062544281863659e-06,5.1062544284032063e-06,5.1062544281863659e-06,0.00047748634437429205,0.00047748634437433276,0.00047748634437429205
C,4,460,6,2,0.00073317208871517998,0.00073317208871539682,0.00073317208871517998,0.00072887355653803278,0.00072887355653825103,0.00072887355653803278
C,4,461,6,2,0.00042750130298686156,0.00042750130298686156,0.00042750130298686156,0.00072057319107450427,0.00072057319107468804,0.00072057319107450427
C,4,462,6,2,0.0001446416597143934,0.00014464165971461024,0.0001446416597143934,0.0035307475384441633,0.0035307475384442275,0.0035307475384441637
C,4,463,6,2,0.00061614792554425934,0.00061614792554436776,0.00061614792554425934,0.00055269732419494671,0.00055269732419546387,0.00055269732419494671
C,4,464,6,2,6.812724271418151e-05,6.8127242714398351e-05,6.812724271418151e-05,0.00084587186726351653,0.00084587186726404215,0.00084587186726351653
C,4,465,6,2,0.0022410299766531527,0.0022410299766531527,0.0022410299766531527,0.0021416259537837554,0.0021416259537839397,0.0021416259537837554
C,4,466,6,2,2.3582246560138916e-05,2.3582246560247336e-05,2.3582246560138912e-05,0.00042926337510710454,0.00042926337510750185,0.00042926337510710454
C,4,467,6,2,0.0007197599888391585,0.0007197599888391585,0.0007197599888391585,0.0007453055971633687,0.00074530559716337683,0.0007453055971633687
C,4,468,6,2,0.0019568639188055322,0.0019568639188058574,0.0019568639188055322,0.0018414680986115208,0.0018414680986116698,0.0018414680986115208
C,4,469,6,2,8.6153750062105579e-05,8.6153750063298201e-05,8.6153750062105579e-05,0.00064115347337292267,0.00064115347337311967,0.00064115347337292267
C,4,470,6,2,0.00073465192916696495,0.00073465192916739863,0.00073465192916696495,0.0012407379063427639,0.0012407379063432058,0.0012407379063427639
C,4,471,6,2,0.00060090012418874145,0.00060090012418884987,0.00060090012418874145,0.00035484718801823308,0.00035484718801846987,0.00035484718801823302
C,4,472,6,2,4.5946877085261024e-05,4.5946877085803126e-05,4.5946877085261024e-05,0.0033810482476873847,0.0033810482476877941,0.0033810482476873847
C,4,473,6,2,0.00068720346652279343,0.00068720346652279343,0.00068720346652279343,0.0014091452976730972,0.0014091452976733446,0.0014091452976730972
C,4,474,6,2,0.0013631205473648355,0.001363120547364944,0.0013631205473648355,0.0013052662384139433,0.0013052662384139672,0.0013052662384139436
C,4,475,6,2,2.8449627433274442e-05,2.8449627433599703e-05,2.8449627433274442e-05,0.00029018033949775718,0.00029018033949803962,0.00029018033949775718
C,4,476,6,2,0.00051401658311667729,0.00051401658311689413,0.00051401658311667729,0.00055073096483552564,0.00055073096483569163,0.00055073096483552564
C,4,477,6,2,0.0010800327127524116,0.0010800327127529537,0.0010800327127524116,0.0010264518960780083,0.001026451896078399,0.0010264518960780083
C,4,478,6,2,4.9568888617649784e-05,4.9568888617866624e-05,4.9568888617649784e-05,0.0033632428550337649,0.0033632428550339692,0.0033632428550337649
C,4,479,6,2,0.00064994347700097956,0.00064994347700108798,0.00064994347700097956,0.00028588881687592572,0.00028588881687634232,0.00028588881687592572
C,4,480,6,2,0.00062971356673145653,0.00062971356673178179,0.00062971356673145653,0.00060341128966784373,0.00060341128966813192,0.00060341128966784373
C,4,481,6,2,3.1324244694191233e-05,3.1324244694624914e-05,3.1324244694191233e-05,0.0006498738372610717,0.00064987383726137539,0.00064987383726107181
C,4,482,6,2,0.00081356926718255396,0.00081356926718255396,0.00081356926718255396,0.0039348506449419438,0.0039348506449420574,0.0039348506449419446
C,4,483,6,2,0.00052673292385717243,0.00052673292385728085,0.00052673292385717243,0.00018444412620043489,0.00018444412620075411,0.00018444412620043489
C,4,484,6,2,4.423659481485407e-05,4.423659481496249e-05,4.423659481485407e-05,0.00067817135252661357,0.0006781713525268818,0.00067817135252661346
C,4,485,6,2,0.00068763448090984353,0.00068763448091016879,0.00068763448090984353,0.0038809612104094022,0.0038809612104094872,0.0038809612104094022
C,4,486,6,2,0.00050037469287997956,0.00050037469288008798,0.00050037469287997956,0.00052016975425816093,0.00052016975425848207,0.00052016975425816093
C,4,487,6,2,0.00052701085416376279,0.00052701085416387121,0.00052701085416376279,0.00047443825544407864,0.00047443825544441609,0.00047443825544407864
C,4,488,6,2,0.00010755250892701459,0.00010755250892712301,0.00010755250892701459,0.00046118167113571619,0.00046118167113580585,0.00046118167113571624
C,4,489,6,2,0.00053174044438442092,0.00053174044438463776,0.00053174044438442092,0.00068696237508961621,0.00068696237508993183,0.00068696237508961621
C,4,490,6,2,9.5949479906568165e-05,9.5949479906676585e-05,9.5949479906568165e-05,0.00085128768989528852,0.00085128768989584721,0.00085128768989528852
C,4,491,6,2,0.00052693173547137089,0.00052693173547137089,0.00052693173547137089,0.0038693183443196709,0.0038693183443198769,0.0038693183443196709
C,4,492,6,2,0.0005820280238210589,0.00058202802382116732,0.0005820280238210589,7.9039028841430085e-05,7.9039028841735478e-05,7.9039028841430085e-05
C,4,493,6,2,0.00050760706163442779,0.00050760706163475305,0.00050760706163442779,0.00085408278110324322,0.000854082781103552,0.00085408278110324332
C,4,494,6,2,0.00057060343040425329,0.00057060343040447013,0.00057060343040425329,0.0039053482461564775,0.0039053482461568405,0.0039053482461564775
C,4,495,6,2,0.00032064810910126858,0.000320648109101377,0.00032064810910126858,0.00057506787494835299,0.00057506787494839766,0.00057506787494835299
C,4,496,6,2,0.00036820508424791759,0.00036820508424813443,0.00036820508424791754,0.00020577923609085003,0.00020577923609094948,0.00020577923609085003
C,4,497,6,2,0.00011604744017622813,0.00011604744017644497,0.00011604744017622813,0.00034236310340737537,0.00034236310340748027,0.00034236310340737537
C,4,498,6,2,0.00052023176145827958,0.00052023176145849642,0.00052023176145827958,0.00080130192855544112,0.00080130192855560668,0.00080130192855544112
C,4,499,6,2,0.00044602266595253175,0.00044602266595253175,0.00044602266595253175,0.00094435435525590478,0.00094435435525590478,0.00094435435525590478
C,4,500,6,2,8.3014362489393714e-05,8.3014362489610555e-05,8.3014362489393714e-05,0.00099497147227765783,0.00099497147227780029,0.00099497147227765783
C,4,501,6,2,0.00060120899658634361,0.00060120899658656045,0.00060120899658634361,0.00019158454819296548,0.00019158454819347452,0.00019158454819296548
C,4,502,6,2,0.00014020546189568838,0.0001402054618957968,0.00014020546189568838,0.0012685510988606004,0.0012685510988609391,0.0012685510988606002
C,4,503,6,2,5.9913808174265337e-05,5.9913808174482178e-05,5.9913808174265337e-05,0.00092215015528273876,0.00092215015528277432,0.00092215015528273887
C,4,504,6,2,0.00086941732606435253,0.00086941732606446095,0.00086941732606435253,0.0012453813375928034,0.0012453813375929816,0.0012453813375928036
C,4,505,6,2,0.0005391505171096567,0.00053915051710976512,0.0005391505171096567,0.00038749460389747397,0.00038749460389748145,0.00038749460389747397
C,4,506,6,2,8.3428100985764864e-06,8.3428100990101672e-06,8.3428100985764864e-06,0.00027973332795558153,0.00027973332795614781,0.00027973332795558153
C,4,507,6,2,0.0013098292447230294,0.0013098292447231378,0.0013098292447230294,0.0014868073164318945,0.0014868073164320806,0.0014868073164318945
C,4,508,6,2,0.00040913925356618648,0.00040913925356640332,0.00040913925356618648,0.0014417151397030123,0.0014417151397032773,0.0014417151397030123
C,4,509,6,2,7.7568525282860692e-05,7.7568525282860692e-05,7.7568525282860692e-05,0.00026890963138363728,0.00026890963138363728,0.00026890963138363728
C,4,510,6,2,0.00058993063007956731,0.00058993063008021783,0.00058993063007956731,0.00042412092654506723,0.00042412092654518731,0.00042412092654506723
C,4,511,6,2,0.00047014800404177569,0.00047014800404177569,0.00047014800404177569,0.00020412428583070334,0.00020412428583072898,0.00020412428583070334
C,4,512,6,2,0.00043926076314347324,0.00043926076314358166,0.00043926076314347324,0.00027335543963661149,0.00027335543963668413,0.00027335543963661154
C,4,513,6,2,0.00035229000625914587,0.00035229000625914587,0.00035229000625914587,0.00071713022062936012,0.00071713022062936012,0.00071713022062936012
C,4,514,6,2,0.00062154868102066822,0.00062154868102088506,0.00062154868102066822,0.00076605067236648226,0.00076605067236649809,0.00076605067236648226
C,4,515,6,2,0.00034700185407346949,0.00034700185407368633,0.00034700185407346949,0.00063681292054526388,0.0006368129205454831,0.00063681292054526388
C,4,516,6,2,0.00041813104000932352,0.00041813104000986562,0.00041813104000932352,0.00086580678749101857,0.00086580678749118153,0.00086580678749101857
C,4,517,6,2,0.00050070512856432818,0.00050070512856432818,0.00050070512856432818,0.00010753232751506518,0.00010753232751506518,0.00010753232751506518
C,4,518,6,2,0.00063213475529901812,0.00063213475529912654,0.00063213475529901812,0.0015377981770011717,0.0015377981770012034,0.0015377981770011717
C,4,519,6,2,0.00038739278688073361,0.00038739278688084203,0.00038739278688073361,0.0005468643084072587,0.00054686430840760695,0.00054686430840725881
C,4,520,6,2,0.00037623867599851854,0.00037623867599851854,0.00037623867599851854,0.00046660500976617011,0.00046660500976617011,0.00046660500976617011
C,4,521,6,2,0.00055557090642517279,0.00055557090642517279,0.00055557090642517279,0.001490709886323507,0.0014907098863240827,0.0014907098863235072
C,4,522,6,2,0.00029645214674528172,0.00029645214674528172,0.00029645214674528172,0.0012528327099186115,0.0012528327099186115,0.0012528327099186115
C,4,523,6,2,0.00051043063689789302,0.00051043063689810986,0.00051043063689789302,0.0003698332099103651,0.00036983320991039898,0.0003698332099103651
C,4,524,6,2,0.00022225373419980116,0.00022225373420034326,0.00022225373419980116,0.0010716306674439669,0.0010716306674440335,0.0010716306674439669
C,4,525,6,2,0.00063073816013192209,0.00063073816013213893,0.00063073816013192209,0.00072270156908311588,0.00072270156908346868,0.00072270156908311588
C,4,526,6,2,0.00019034121415226635,0.00019034121415237477,0.00019034121415226635,0.00044841110023169627,0.00044841110023169627,0.00044841110023169627
C,4,527,6,2,0.00031296924335466342,0.00031296924335498869,0.00031296924335466342,0.00051644446461782882,0.00051644446461801574,0.00051644446461782882
C,4,528,6,2,0.00052965704358369243,0.00052965704358401769,0.00052965704358369243,0.00071892092032209279,0.00071892092032209919,0.00071892092032209279
C,4,529,6,2,0.00054233721578922367,0.00054233721578944051,0.00054233721578922367,0.00027499989787592492,0.00027499989787612534,0.00027499989787592487
C,4,530,6,2,3.659745007370506e-05,3.65974500739219e-05,3.659745007370506e-05,0.00045401636516170481,0.00045401636516199793,0.00045401636516170481
C,4,531,6,2,0.00056034519254721631,0.00056034519254743315,0.00056034519254721631,0.001131678726113308,0.0011316787261135921,0.001131678726113308
C,4,532,6,2,5.4267133054049753e-05,5.4267133054591854e-05,5.4267133054049753e-05,0.00086691725529580905,0.00086691725529614027,0.00086691725529580905
C,4,533,6,2,0.00083565811777948536,0.00083565811777948536,0.00083565811777948536,0.00073860313044828499,0.00073860313044853197,0.00073860313044828499
C,4,534,6,2,0.00057748359097420897,0.00057748359097420897,0.00057748359097420897,0.00041644001762216698,0.00041644001762221913,0.00041644001762216698
C,4,535,6,2,2.6027444315784333e-05,2.6027444316109594e-05,2.6027444315784333e-05,0.0010860409080087406,0.0010860409080095459,0.0010860409080087406
C,4,536,6,2,0.00040492747634492988,0.00040492747634514673,0.00040492747634492988,0.001019052192722449,0.0010190521927226166,0.001019052192722449
C,4,537,6,2,8.5008810195232216e-05,8.5008810195340637e-05,8.5008810195232216e-05,0.00049813419444746368,0.00049813419444789421,0.00049813419444746357
C,4,538,6,2,0.00082831568129016278,0.00082831568129016278,0.00082831568129016278,0.0015698201227746379,0.0015698201227749172,0.0015698201227746379
C,4,539,6,2,0.00015669978763535337,0.00015669978763546179,0.00015669978763535337,0.0035655927010195456,0.0035655927010196354,0.0035655927010195452
C,4,540,6,2,0.00066750069351744802,0.00066750069351744802,0.00066750069351744802,0.00073849832420276574,0.00073849832420276574,0.00073849832420276574
C,4,541,6,2,0.00055946300398825033,0.00055946300398825033,0.00055946300398825033,0.000426116476005575,0.00042611647600558763,0.000426116476005575
C,4,542,6,2,5.1116751402209906e-05,5.1116751402209906e-05,5.1116751402209906e-05,0.0036896506693251604,0.003689650669325572,0.0036896506693251604
C,4,543,6,2,0.00091821682673455269,0.00091821682673466111,0.00091821682673455269,0.0014402212111628524,0.0014402212111628582,0.0014402212111628524
C,4,544,6,2,0.00051748442590976787,0.00051748442591020155,0.00051748442590976787,0.00083117133806465127,0.00083117133806507985,0.00083117133806465127
C,4,545,6,2,2.9962864263712377e-05,2.9962864263929218e-05,2.9962864263712377e-05,0.00053947530411865602,0.00053947530411914532,0.00053947530411865602
C,4,546,6,2,0.00044414944961896491,0.00044414944961896491,0.00044414944961896491,0.00073639539498784022,0.00073639539498795688,0.00073639539498784022
C,4,547,6,2,0.00036576963054202327,0.00036576963054224011,0.00036576963054202327,0.00060218046746991923,0.00060218046746992747,0.00060218046746991923
C,4,548,6,2,0.00026201523102976736,0.0002620152310299842,0.00026201523102976736,0.0039814278811611745,0.0039814278811611866,0.0039814278811611736
C,4,549,6,2,0.0008502180226569421,0.0008502180226569421,0.0008502180226569421,0.00077528951227690858,0.00077528951227716521,0.00077528951227690858
C,4,550,6,2,0.00050664526201802361,0.00050664526201824045,0.00050664526201802361,0.00038819537722248695,0.00038819537722329566,0.00038819537722248695
C,4,551,6,2,0.000338709373246893,0.00033870937324732668,0.000338709373246893,0.0041778094350492893,0.0041778094350493145,0.0041778094350492902
C,4,552,6,2,0.00044128361221574836,0.00044128361221585678,0.00044128361221574836,0.00062213298805642516,0.0006221329880569614,0.00062213298805642516
C,4,553,6,2,0.00060439103232801453,0.00060439103232801453,0.00060439103232801453,0.00071271739362669415,0.00071271739362670271,0.00071271739362669415
C,4,554,6,2,7.3120721142349264e-05,7.3120721142674525e-05,7.3120721142349264e-05,0.00066088070954320021,0.00066088070954332739,0.00066088070954320021
C,4,555,6,2,0.00077516345808989646,0.00077516345808989646,0.00077516345808989646,0.00030452904618588237,0.00030452904618591289,0.00030452904618588237
C,4,556,6,2,0.00044520994129727039,0.00044520994129737881,0.00044520994129727039,0.00041962554780344428,0.00041962554780387753,0.00041962554780344434
C,4,557,6,2,0.00089034044541255655,0.00089034044541266497,0.00089034044541255655,0.0044152883460256941,0.0044152883460257617,0.0044152883460256941
C,4,558,6,2,0.00047392295216377219,0.00047392295216409745,0.00047392295216377219,0.00094558374493536345,0.0009455837449354143,0.00094558374493536345
C,4,559,6,2,0.0002427399519465195,0.00024273995194662792,0.0002427399519465195,0.00062945284395670093,0.00062945284395684871,0.00062945284395670093
C,4,560,6,2,0.00052187360823682111,0.00052187360823682111,0.00052187360823682111,0.00028618125853302468,0.00028618125853303525,0.00028618125853302462
C,4,561,6,2,0.00059317432134068683,0.00059317432134068683,0.00059317432134068683,0.00096623366792113262,0.00096623366792117566,0.00096623366792113273
C,4,562,6,2,0.00087576515739741078,0.0008757651573975192,0.00087576515739741078,0.00445568466633974,0.0044556846663397539,0.0044556846663397409
C,4,563,6,2,0.00059249415511385215,0.00059249415511396057,0.00059249415511385215,0.00042474976561651613,0.00042474976561655082,0.00042474976561651613
C,4,564,6,2,0.00021391709250598735,0.00021391709250631261,0.00021391709250598735,0.0012583741644210328,0.0012583741644212085,0.0012583741644210328
C,4,565,6,2,0.0004274450129957471,0.00042744501299596394,0.0004274450129957471,0.0010281456292375198,0.0010281456292380636,0.0010281456292375198
C,4,566,6,2,6.889816052261296e-05,6.889816052293822e-05,6.889816052261296e-05,0.00052937623158592353,0.00052937623158699743,0.00052937623158592353
C,4,567,6,2,0.00055449145153999447,0.00055449145154010289,0.00055449145153999447,0.00019400207142554064,0.00019400207142589759,0.00019400207142554064
C,4,568,6,2,0.00058551140842287488,0.0005855114084229833,0.00058551140842287488,0.00090613191552852562,0.00090613191552869519,0.00090613191552852562
C,4,569,6,2,0.00024691208483601339,0.00024691208483601339,0.00024691208483601339,0.0013536413849644156,0.0013536413849652425,0.0013536413849644156
C,4,570,6,2,0.0004611247476022165,0.0004611247476022165,0.0004611247476022165,0.00039827357158381938,0.00039827357158413179,0.00039827357158381938
C,4,571,6,2,0.00057649520055868923,0.00057649520055890607,0.00057649520055868923,0.00060949142092760352,0.000609491420928108,0.00060949142092760352
C,4,572,6,2,0.0010999327547629245,0.001099932754763033,0.0010999327547629245,0.0045381148287602958,0.0045381148287604155,0.0045381148287602958
C,4,573,6,2,0.00044744614693720177,0.00044744614693731019,0.00044744614693720182,0.00045637724067206208,0.00045637724067268539,0.00045637724067206208
C,4,574,6,2,0.00031774232829443264,0.00031774232829464948,0.00031774232829443264,0.00053477661265823235,0.00053477661265860087,0.00053477661265823235
C,4,575,6,2,0.00023640383440962694,0.00023640383440973536,0.00023640383440962694,0.00073351063721714964,0.00073351063721783236,0.00073351063721714953
C,4,576,6,2,0.00050868922721336324,0.00050868922721368851,0.00050868922721336324,0.00034140668848206941,0.00034140668848243381,0.00034140668848206941
C,4,577,6,2,0.00022144702906308229,0.00022144702906319071,0.00022144702906308229,0.00041230705318046074,0.0004123070531805794,0.00041230705318046074
C,4,578,6,2,0.0012549714243478751,0.0012549714243483088,0.0012549714243478751,0.0046102768486116054,0.0046102768486125031,0.0046102768486116054
C,4,579,6,2,0.00054777652887607903,0.00054777652887618745,0.00054777652887607903,0.00065719586329447406,0.00065719586329447438,0.00065719586329447406
C,4,580,6,2,0.00053772400720639938,0.0005377240072065078,0.00053772400720639938,0.00051274125754399171,0.00051274125754420508,0.00051274125754399171
C,4,581,6,2,0.00017375823763675358,0.00017375823763697042,0.00017375823763675358,0.00032254174359464644,0.00032254174359469979,0.00032254174359464639
C,4,582,6,2,0.00016878341286912478,0.00016878341286912478,0.00016878341286912478,0.0039034042216455236,0.0039034042216455236,0.0039034042216455236
C,4,583,6,2,0.00037715773328972704,0.00037715773328972704,0.00037715773328972704,0.00056476787774127754,0.00056476787774140352,0.00056476787774127754
C,4,584,6,2,0.0012834323004726894,0.0012834323004729063,0.0012834323004726894,0.00097009725895688269,0.00097009725895708793,0.00097009725895688269
C,4,585,6,2,5.1244257377172295e-05,5.1244257378039657e-05,5.1244257377172295e-05,0.0037434879810867715,0.0037434879810868656,0.0037434879810867715
C,4,586,6,2,0.00038398577990915797,0.00038398577990937481,0.00038398577990915797,0.0010315775246718391,0.0010315775246719334,0.0010315775246718391
C,4,587,6,2,0.00081929155427182092,0.0008192915542722546,0.00081929155427182092,0.0007480873470988948,0.00074808734709902144,0.00074808734709889469
C,4,588,6,2,0.00024965424669091182,0.00024965424669145392,0.00024965424669091182,0.00026812405034001027,0.00026812405034009115,0.00026812405034001022
C,4,589,6,2,0.00047544039193233786,0.00047544039193298838,0.00047544039193233786,0.0012549103782975117,0.0012549103782982982,0.0012549103782975117
C,4,590,6,2,0.0013700455510744095,0.0013700455510745179,0.0013700455510744095,0.0010770981809479342,0.0010770981809480667,0.0010770981809479342
C,4,591,6,2,0.00022506684244343739,0.00022506684244343739,0.00022506684244343739,0.0035383563313046936,0.0035383563313046936,0.0035383563313046936
C,4,592,6,2,0.00054033129502975823,0.00054033129502986665,0.00054033129502975823,0.00065132933315245763,0.000651329333152519,0.00065132933315245752
C,4,593,6,2,0.00078082058642924002,0.00078082058642924002,0.00078082058642924002,0.0014552058695341476,0.0014552058695344499,0.0014552058695341476
C,4,594,6,2,0.00029856984023991177,0.00029856984024002019,0.00029856984023991177,0.0034647082111247916,0.0034647082111249304,0.0034647082111247916
C,4,595,6,2,0.0013757710556897484,0.0013757710556900737,0.0013757710556897484,0.0016344928454903711,0.0016344928454904168,0.0016344928454903711
C,4,596,6,2,0.00064536751050419793,0.00064536751050452319,0.00064536751050419793,0.00081498009862350398,0.00081498009862374175,0.00081498009862350398
C,4,597,6,2,0.00025340337073153675,0.00025340337073153675,0.00025340337073153675,0.0003506255831687079,0.00035062558316872623,0.0003506255831687079
C,4,598,6,2,0.001413820559831476,0.0014138205598319097,0.001413820559831476,0.0018805729915360799,0.0018805729915363208,0.0018805729915360799
C,4,599,6,2,0.00084510438939239003,0.00084510438939271529,0.00084510438939239003,0.0016247870433326738,0.0016247870433331924,0.0016247870433326738
C,4,600,6,2,0.00018754505682076674,0.00018754505682130884,0.00018754505682076677,0.00080634732334128648,0.00080634732334157304,0.00080634732334128648
C,4,601,6,2,0.00051431789839637056,0.00051431789839669582,0.00051431789839637056,0.00050908127802028625,0.00050908127802074671,0.00050908127802028625
C,4,602,6,2,0.0015634199924494541,0.001563419992449671,0.0015634199924494541,0.0013572249133691388,0.001357224913369214,0.0013572249133691388
C,4,603,6,2,0.0001320643329951127,0.00013206433299543796,0.0001320643329951127,0.00066401433414495247,0.00066401433414495529,0.00066401433414495258
C,4,604,6,2,0.0015850171439580393,0.0015850171439580393,0.0015850171439580393,0.0024318610220428792,0.0024318610220428792,0.0024318610220428792
C,4,605,6,2,0.00080109136376738978,0.00080109136376760662,0.00080109136376738978,0.00067061256193468586,0.00067061256193469356,0.00067061256193468586
C,4,606,6,2,0.00022863090262572727,0.00022863090262583569,0.00022863090262572727,0.00015499729223004104,0.00015499729223007069,0.00015499729223004101
C,4,607,6,2,0.001319474406024832,0.0013194744060253741,0.001319474406024832,0.0025553036128499627,0.0025553036128503582,0.0025553036128499623
C,4,608,6,2,0.0015162802619950524,0.0015162802619952693,0.0015162802619950524,0.0014142870476164054,0.0014142870476165819,0.0014142870476164056
C,4,609,6,2,0.00030913056644880661,0.00030913056644913187,0.00030913056644880661,0.00081502749287187197,0.00081502749287207124,0.00081502749287187197
C,4,610,6,2,0.0005070256988404763,0.0005070256988404763,0.0005070256988404763,0.00055272159745564957,0.00055272159745585079,0.00055272159745564946
C,4,611,6,2,0.00076460337327917752,0.00076460337327939436,0.00076460337327917752,0.00030525586484602221,0.00030525586484641865,0.00030525586484602215
C,4,612,6,2,0.00032465940211147837,0.0003246594021115868,0.00032465940211147837,0.00083146740502194872,0.00083146740502195295,0.00083146740502194861
C,4,613,6,2,0.00056217518300011749,0.00056217518300022591,0.00056217518300011749,0.0017785384589952919,0.0017785384589952935,0.0017785384589952922
C,4,614,6,2,0.00049557139115952685,0.00049557139115974369,0.00049557139115952685,0.00070735342346205641,0.00070735342346284398,0.00070735342346205641
C,4,615,6,2,0.0006665815780552151,0.00066658157805532352,0.0006665815780552151,0.00033899837507527923,0.00033899837507529127,0.00033899837507527923
C,4,616,6,2,0.000658630626324333,0.00065863062632454984,0.000658630626324333,0.0018113249051712509,0.0018113249051713034,0.0018113249051712507
C,4,617,6,2,0.00064749209210989474,0.00064749209211000316,0.00064749209210989474,0.00099668714415858286,0.00099668714415865399,0.00099668714415858286
C,4,618,6,2,0.000346859143262419,0.00034685914326263584,0.000346859143262419,0.0013049782931835851,0.0013049782931836118,0.0013049782931835849
C,4,619,6,2,0.00030113771517625409,0.00030113771517636251,0.00030113771517625409,0.00076822521744608152,0.00076822521744681661,0.00076822521744608152
C,4,620,6,2,0.00067666914536684743,0.00067666914536695585,0.00067666914536684743,0.00051959287793553605,0.0005195928779359835,0.00051959287793553605
C,4,621,6,2,0.00044351776954515681,0.00044351776954526523,0.00044351776954515681,0.0014649547066722308,0.001464954706672493,0.0014649547066722308
C,4,622,6,2,0.00050661360291668484,0.00050661360291690168,0.00050661360291668484,0.00076298960179368232,0.00076298960179370932,0.00076298960179368232
C,4,623,6,2,0.0006112761062978438,0.00061127610629816906,0.0006112761062978438,0.00092453054146080969,0.00092453054146123697,0.00092453054146080969
C,4,624,6,2,0.00059806205854101482,0.00059806205854112324,0.00059806205854101482,0.00091715949568707653,0.00091715949568757667,0.00091715949568707664
C,4,625,6,2,0.000429759558816592,0.000429759558816592,0.000429759558816592,0.00071814548743008816,0.00071814548743046286,0.00071814548743008816
C,4,626,6,2,0.0006252137966651335,0.00062521379666524192,0.0006252137966651335,0.0003710880212640033,0.00037108802126463241,0.0003710880212640033
C,4,627,6,2,0.00073374412525853069,0.00073374412525853069,0.00073374412525853069,0.0010346798265898599,0.0010346798265898599,0.0010346798265898599
C,4,628,6,2,0.0005124796270012397,0.00051247962700156496,0.0005124796270012397,0.00048253754500678255,0.00048253754500685064,0.00048253754500678255
C,4,629,6,2,0.00041091880475109099,0.00041091880475119941,0.00041091880475109099,0.00077271554202812116,0.00077271554202822405,0.00077271554202812116
C,4,630,6,2,5.3810443590459993e-05,5.3810443590785254e-05,5.3810443590459993e-05,0.00057731437593819246,0.00057731437593868697,0.00057731437593819236
C,4,631,6,2,0.00041923910732680376,0.00041923910732680376,0.00041923910732680376,0.0016544215792335952,0.0016544215792335952,0.0016544215792335952
C,4,632,6,2,0.00020455245267807318,0.00020455245267861528,0.00020455245267807318,0.0013475676629371848,0.0013475676629371974,0.0013475676629371846
C,4,633,6,2,0.00054379696310053252,0.0005437969631009662,0.00054379696310053252,0.00044788527073945275,0.00044788527073981346,0.0004478852707394528
C,4,634,6,2,0.00080876473118639877,0.00080876473118715771,0.00080876473118639877,9.0575607983688371e-05,9.0575607983740534e-05,9.0575607983688384e-05
C,4,635,6,2,0.00020347524538259602,0.00020347524538281286,0.00020347524538259602,0.0012571003287781869,0.0012571003287782444,0.0012571003287781869
C,4,636,6,2,8.0928234354139469e-05,8.0928234354139469e-05,8.0928234354139469e-05,0.0016862577168521649,0.0016862577168521649,0.0016862577168521649
C,4,637,6,2,0.00022890172383341779,0.00022890172383395989,0.00022890172383341779,0.00061612682269069588,0.00061612682269192602,0.00061612682269069588
C,4,638,6,2,0.00044834135162611678,0.00044834135162633362,0.00044834135162611678,0.0010331339518326252,0.0010331339518329548,0.0010331339518326252
C,4,639,6,2,0.00070644753904570198,0.00070644753904624408,0.00070644753904570198,0.0046758772411796944,0.0046758772411797421,0.0046758772411796944
C,4,640,6,2,0.00038020411497158117,0.00038020411497179801,0.00038020411497158117,0.00041984400973701669,0.00041984400973740993,0.00041984400973701669
C,4,641,6,2,0.00081967918758474746,0.00081967918758485588,0.00081967918758474746,0.00016447982638688219,0.00016447982638771551,0.00016447982638688219
C,4,642,6,2,0.00067664833834407603,0.00067664833834440129,0.00067664833834407603,0.004566748894245019,0.0045667488942454249,0.004566748894245019
C,4,643,6,2,0.00047532744029351887,0.00047532744029362729,0.00047532744029351887,0.00083081799962031184,0.00083081799962036345,0.00083081799962031184
C,4,644,6,2,0.00075685694661444935,0.00075685694661455777,0.00075685694661444935,0.00098396842000610194,0.00098396842000671907,0.00098396842000610194
C,4,645,6,2,0.00019198915536175736,0.00019198915536186578,0.00019198915536175736,0.0003933583517862617,0.00039335835178673522,0.00039335835178626175
C,4,646,6,2,0.00028946017911703117,0.00028946017911713959,0.00028946017911703117,0.0013203046908589824,0.0013203046908590291,0.0013203046908589824
C,4,647,6,2,0.00079357292289610002,0.00079357292289664212,0.00079357292289610002,0.0008695437823141081,0.00086954378231433914,0.0008695437823141081
C,4,648,6,2,0.00061699977455074041,0.00061699977455128251,0.00061699977455074041,0.0043502653602644379,0.0043502653602644483,0.0043502653602644379
C,4,649,6,2,0.00047647561759501817,0.00047647561759512659,0.00047647561759501817,0.00019022423140936255,0.0001902242314098209,0.00019022423140936255
C,4,650,6,2,0.00074580028115733572,0.00074580028115766098,0.00074580028115733572,0.00027703232912160982,0.00027703232912167569,0.00027703232912160982
C,4,651,6,2,0.00041006330308353701,0.00041006330308364543,0.00041006330308353701,0.0041858590240698903,0.0041858590240699961,0.0041858590240698912
C,4,652,6,2,0.0004909322607317369,0.00049093226073184532,0.0004909322607317369,0.0012741833653275932,0.0012741833653276396,0.0012741833653275932
C,4,653,6,2,0.00083855354133708336,0.0008385535413373002,0.00083855354133708336,0.00061564457987389547,0.00061564457987423168,0.00061564457987389547
C,4,654,6,2,0.00015178304330445199,0.00015178304330456041,0.00015178304330445199,0.00015393733760046536,0.000153937337600966,0.00015393733760046534
C,4,655,6,2,0.00045406206010227546,0.00045406206010227546,0.00045406206010227546,0.00038994720044122647,0.00038994720044156566,0.00038994720044122647
C,4,656,6,2,0.00061260791080967707,0.00061260791080989391,0.00061260791080967707,0.00059689171053842552,0.0005968917105385695,0.00059689171053842552
C,4,657,6,2,0.00012220717918079004,0.00012220717918089846,0.00012220717918079004,0.0039864189774423738,0.0039864189774425473,0.003986418977442373
C,4,658,6,2,0.00071986070704528615,0.00071986070704550299,0.00071986070704528615,0.001400442763469597,0.0014004427634697202,0.001400442763469597
C,4,659,6,2,3.2951896039709258e-05,3.2951896039926099e-05,3.2951896039709258e-05,0.00039861243383388723,0.00039861243383411106,0.00039861243383388723
C,4,660,6,2,0.00082459001026467544,0.00082459001026478386,0.00082459001026467544,0.00023025443264730182,0.00023025443264738395,0.00023025443264730182
C,4,661,6,2,0.00072935033186040388,0.00072935033186083756,0.00072935033186040388,0.0011243875282710184,0.0011243875282717401,0.0011243875282710184
C,4,662,6,2,9.909401542038121e-05,9.909401542038121e-05,9.909401542038121e-05,0.003935469903709206,0.003935469903709206,0.003935469903709206
C,4,663,6,2,0.0007432856095700548,0.00074328560957038006,0.0007432856095700548,0.00050609176985013803,0.00050609176985014746,0.00050609176985013814
C,4,664,6,2,0.0001140156841726624,0.00011401568417277082,0.0001140156841726624,0.00096057554750990869,0.00096057554751011892,0.00096057554750990869
C,4,665,6,2,0.0003802238639034547,0.00038022386390388838,0.0003802238639034547,0.0014637809817991366,0.0014637809817991568,0.0014637809817991366
C,4,666,6,2,0.00019906175527297648,0.00019906175527341016,0.00019906175527297648,0.00029887216073509911,0.00029887216073546481,0.00029887216073509911
C,4,667,6,2,0.00080551114497182455,0.00080551114497204139,0.00080551114497182455,0.000256321428636457,0.00025632142863653349,0.000256321428636457
C,4,668,6,2,0.0007957065391614275,0.0007957065391614275,0.0007957065391614275,0.0014498350967121739,0.0014498350967122279,0.0014498350967121737
C,4,669,6,2,0.00016704171981285314,0.00016704171981328682,0.00016704171981285314,0.00092040745768984158,0.00092040745768996366,0.00092040745768984158
C,4,670,6,2,0.000748972817331316,0.00074897281733153284,0.000748972817331316,0.0010316164081717563,0.0010316164081722954,0.0010316164081717561
C,4,671,6,2,0.00071574217525146797,0.00071574217525146797,0.00071574217525146797,0.00035734646580903753,0.00035734646580914048,0.00035734646580903753
C,4,672,6,2,2.617821335138687e-05,2.617821335138687e-05,2.617821335138687e-05,0.0038355864846739401,0.0038355864846744557,0.0038355864846739401
C,4,673,6,2,0.00080533290630732841,0.00080533290630754525,0.00080533290630732841,0.0012814187313103362,0.0012814187313104791,0.0012814187313103362
C,4,674,6,2,0.0010256482868239471,0.0010256482868239471,0.0010256482868239471,0.0011658179749351946,0.0011658179749351946,0.0011658179749351946
C,4,675,6,2,9.856537736181465e-05,9.8565377361923071e-05,9.856537736181465e-05,0.00010979410388514616,0.00010979410388556821,0.00010979410388514616
C,4,676,6,2,0.00073585984249155845,0.00073585984249166687,0.00073585984249155845,0.00049771010651141791,0.00049771010651173048,0.0004977101065114178
C,4,677,6,2,0.0011728108701901342,0.0011728108701904594,0.0011728108701901342,0.0010984306317120334,0.0010984306317122119,0.0010984306317120334
C,4,678,6,2,0.00011910267291371287,0.00011910267291403813,0.00011910267291371287,0.0037618652338725104,0.0037618652338728882,0.0037618652338725109
C,4,679,6,2,0.00084392503000218708,0.00084392503000262076,0.00084392503000218708,0.00048140540152389959,0.00048140540152418376,0.00048140540152389954
C,4,680,6,2,0.00069448360660829492,0.00069448360660862019,0.00069448360660829492,0.00010295530688119762,0.00010295530688153435,0.00010295530688119762
C,4,681,6,2,0.00011044916692056015,0.00011044916692110225,0.00011044916692056015,0.00041033271035023134,0.00041033271035063201,0.00041033271035023129
C,4,682,6,2,0.00080171977606289732,0.000801719776063331,0.00080171977606289732,0.0047699775972748007,0.0047699775972748224,0.0047699775972748007
C,4,683,6,2,0.00058644149933167935,0.00058644149933200461,0.00058644149933167935,0.00026925325973681805,0.0002692532597372178,0.00026925325973681805
C,4,684,6,2,0.0002411734181114681,0.00024117341811190178,0.0002411734181114681,0.0011129883384328352,0.0011129883384329109,0.0011129883384328354
C,4,685,6,2,0.00086198414788417593,0.00086198414788428435,0.00086198414788417593,0.0048670075354357509,0.0048670075354360787,0.0048670075354357509
C,4,686,6,2,0.0006546999920120514,0.00065469999201215982,0.0006546999920120514,0.00090702947104936201,0.00090702947104970776,0.00090702947104936212
C,4,687,6,2,0.0004150629542509993,0.00041506295425132456,0.0004150629542509993,0.00019250424789181433,0.00019250424789198238,0.00019250424789181431
C,4,688,6,2,0.00045072678147217368,0.00045072678147260736,0.00045072678147217368,0.00057325582158524585,0.00057325582158531752,0.00057325582158524585
C,4,689,6,2,0.000571406926983529,0.00057140692698385426,0.000571406926983529,0.00090767177512872822,0.00090767177512907993,0.00090767177512872811
C,4,690,6,2,2.8204278871820157e-05,2.8204278871820157e-05,2.8204278871820157e-05,0.0011677913536339657,0.0011677913536339657,0.0011677913536339657
C,4,691,6,2,0.00093883547078600204,0.00093883547078654414,0.00093883547078600204,0.0049925277862648068,0.0049925277862649118,0.0049925277862648059
C,4,692,6,2,0.00067842143936706987,0.00067842143936717829,0.00067842143936706987,0.00034225651119833148,0.00034225651119865392,0.00034225651119833148
C,4,693,6,2,0.00037353786175461055,0.00037353786175482739,0.00037353786175461055,0.00071184777512889579,0.00071184777512916511,0.00071184777512889568
C,4,694,6,2,0.00099753403499827469,0.00099753403499849153,0.00099753403499827469,0.0050719764174898176,0.0050719764174898584,0.0050719764174898185
C,4,695,6,2,0.00011835132879311257,0.00011835132879343783,0.00011835132879311257,0.00048428255902808868,0.00048428255902824708,0.00048428255902808868
C,4,696,6,2,0.00034139399536785471,0.00034139399536807155,0.00034139399536785471,0.0002533475977839788,0.00025334759778422106,0.0002533475977839788
C,4,697,6,2,0.00045761447520198915,0.00045761447520220599,0.00045761447520198915,0.00067787299195689796,0.00067787299195705495,0.00067787299195689796
C,4,698,6,2,9.7677570262818744e-05,9.7677570262818744e-05,9.7677570262818744e-05,0.00057427834248383416,0.00057427834248404807,0.00057427834248383416
C,4,699,6,2,0.00034081478581687343,0.00034081478581709027,0.00034081478581687343,0.00077175657309331278,0.00077175657309346783,0.00077175657309331268
C,4,700,6,2,0.00048538958454110662,0.00048538958454143188,0.00048538958454110662,0.0015186241635913016,0.0015186241635913034,0.0015186241635913016
C,4,701,6,2,0.00067665883325478907,0.00067665883325511433,0.00067665883325478907,0.00031743080678603512,0.00031743080678622729,0.00031743080678603512
C,4,702,6,2,0.00039360173321957483,0.00039360173321968325,0.00039360173321957483,0.0015420713138439915,0.0015420713138440184,0.0015420713138439915
C,4,703,6,2,0.0004775464902463146,0.00047754649024674828,0.0004775464902463146,0.0015816666638717785,0.0015816666638718614,0.0015816666638717783
C,4,704,6,2,0.00055362229040164211,0.00055362229040185895,0.00055362229040164211,0.00085876886329186788,0.00085876886329199495,0.00085876886329186788
C,4,705,6,2,0.00045790182289157707,0.00045790182289190233,0.00045790182289157707,0.00036358809453272082,0.0003635880945327721,0.00036358809453272082
C,4,706,6,2,0.00030570836145665456,0.0003057083614568714,0.00030570836145665456,0.00071241718642702911,0.00071241718642757826,0.00071241718642702922
C,4,707,6,2,0.00064486092505883913,0.00064486092505927281,0.00064486092505883913,0.00095117448832677393,0.00095117448832723157,0.00095117448832677393
C,4,708,6,2,0.00064828225686784646,0.00064828225686784646,0.00064828225686784646,0.0015413426713950203,0.0015413426713950617,0.0015413426713950203
C,4,709,6,2,0.00040801254577802881,0.00040801254577835407,0.00040801254577802881,4.9756070925149423e-05,4.9756070925234858e-05,4.9756070925149423e-05
C,4,710,6,2,0.00068415341928393207,0.00068415341928458259,0.00068415341928393207,0.00058600318519892627,0.00058600318519903718,0.00058600318519892627
C,4,711,6,2,0.00040932721670603085,0.00040932721670624769,0.00040932721670603085,0.00055719358176383837,0.00055719358176388532,0.00055719358176383837
C,4,712,6,2,0.00073692343098162496,0.00073692343098173338,0.00073692343098162496,0.00069540446234670579,0.00069540446234671674,0.00069540446234670579
C,4,713,6,2,0.00086412196252010423,0.00086412196252010423,0.00086412196252010423,0.0015696437218742426,0.0015696437218743254,0.0015696437218742426
C,4,714,6,2,0.00062476804414159093,0.00062476804414202461,0.00062476804414159093,6.1457410157803694e-05,6.1457410157862106e-05,6.1457410157803694e-05
C,4,715,6,2,0.00035077539669821963,0.00035077539669854489,0.00035077539669821963,0.0005041571995565413,0.00050415719955665525,0.0005041571995565413
C,4,716,6,2,0.00082184430551376572,0.00082184430551376572,0.00082184430551376572,0.0016096636823149807,0.0016096636823149937,0.0016096636823149807
C,4,717,6,2,0.00085053218708145209,0.00085053218708145209,0.00085053218708145209,0.00023065611806972976,0.00023065611806975803,0.00023065611806972976
C,4,718,6,2,0.00058037619225315487,0.00058037619225358855,0.00058037619225315487,0.0012391088488806325,0.0012391088488809003,0.0012391088488806323
C,4,719,6,2,0.00051281262763199897,0.00051281262763210739,0.00051281262763199897,0.00049581715069378488,0.00049581715069387162,0.00049581715069378488
C,4,720,6,2,0.00036486249907984568,0.00036486249908006252,0.00036486249907984568,0.00057324625034827707,0.00057324625034849066,0.00057324625034827707
C,4,721,6,2,0.00059461064477945354,0.00059461064478021249,0.00059461064477945354,0.0013829005239930025,0.0013829005239932859,0.0013829005239930025
C,4,722,6,2,0.0002421290620220444,0.00024212906202247808,0.0002421290620220444,0.0013640030500844111,0.0013640030500848192,0.0013640030500844111
C,4,723,6,2,0.0008482557019446604,0.00084825570194498566,0.0008482557019446604,0.00033687215858179217,0.00033687215858193062,0.00033687215858179217
C,4,724,6,2,0.00026010951703593025,0.00026010951703603867,0.00026010951703593025,0.0014615215559616516,0.0014615215559620233,0.0014615215559616516
C,4,725,6,2,0.00065650542298279196,0.00065650542298311722,0.00065650542298279196,0.0003499721214500946,0.00034997212145012376,0.0003499721214500946
C,4,726,6,2,9.3626038331581264e-05,9.3626038331689684e-05,9.3626038331581264e-05,0.00046142511034159882,0.00046142511034225693,0.00046142511034159882
C,4,727,6,2,0.00027233028053463837,0.00027233028053463837,0.00027233028053463837,0.00017109731432185144,0.00017109731432189367,0.00017109731432185144
C,4,728,6,2,0.00085672734120715351,0.00085672734120726193,0.00085672734120715351,0.00054488094107285937,0.00054488094107342066,0.00054488094107285948
C,4,729,6,2,0.00062893562103444583,0.00062893562103455425,0.00062893562103444583,0.0005396968446386368,0.000539696844638754,0.0005396968446386368
C,4,730,6,2,0.00035588143947225259,0.00035588143947246943,0.00035588143947225259,0.00058383300685876818,0.00058383300685911686,0.00058383300685876818
C,4,731,6,2,0.00047701344595249724,0.00047701344595249724,0.00047701344595249724,0.0013532921613880473,0.0013532921613880473,0.0013532921613880473
C,4,732,6,2,0.00068032320088800939,0.00068032320088844307,0.00068032320088800939,0.00011875663587252347,0.00011875663587278098,0.00011875663587252349
C,4,733,6,2,0.00041415705009657366,0.00041415705009668208,0.00041415705009657366,0.00032595529307898497,0.00032595529307955699,0.00032595529307898497
C,4,734,6,2,0.00046500818042883099,0.00046500818042904783,0.00046500818042883099,0.0014083599500354419,0.0014083599500360191,0.0014083599500354421
C,4,735,6,2,0.00045369539439720722,0.00045369539439731564,0.00045369539439720722,0.00034722859322097618,0.00034722859322111171,0.00034722859322097618
C,4,736,6,2,0.0006147584417967979,0.00061475844179690632,0.0006147584417967979,0.00093439550448322036,0.00093439550448352286,0.00093439550448322025
C,4,737,6,2,0.00059699948357398117,0.00059699948357430643,0.00059699948357398117,0.0044837044771692935,0.0044837044771697124,0.0044837044771692935
C,4,738,6,2,0.00059167743967215684,0.00059167743967237368,0.00059167743967215684,0.00022687161632590336,0.00022687161632617926,0.00022687161632590336
C,4,739,6,2,0.00038840143719287828,0.0003884014371929867,0.00038840143719287828,0.00025998216137728509,0.00025998216137763014,0.00025998216137728504
C,4,740,6,2,0.00064654355436360826,0.0006465435543638251,0.00064654355436360826,0.0045667182248708962,0.0045667182248709881,0.0045667182248708962
C,4,741,6,2,0.0006454421210740904,0.00064544212107419882,0.0006454421210740904,0.00089680391110471538,0.0008968039111049332,0.00089680391110471538
C,4,742,6,2,0.00030874734378350845,0.00030874734378372529,0.00030874734378350845,0.00091861570666916959,0.00091861570666934914,0.00091861570666916948
C,4,743,6,2,0.00045945487213406265,0.00045945487213471317,0.00045945487213406265,0.00046083962145705866,0.00046083962145762781,0.00046083962145705861
C,4,744,6,2,0.00032716396454056558,0.00032716396454078242,0.00032716396454056558,0.00083025130684920355,0.00083025130684927066,0.00083025130684920355
C,4,745,6,2,0.00070461588387441595,0.00070461588387495805,0.00070461588387441595,0.0046922185682355781,0.0046922185682355816,0.0046922185682355781
C,4,746,6,2,0.00068840839013170705,0.00068840839013181547,0.00068840839013170705,0.00021050917670578642,0.00021050917670605775,0.00021050917670578642
C,4,747,6,2,0.00025437811503904988,0.0002543781150391583,0.00025437811503904988,0.00018235832103213737,0.00018235832103243447,0.00018235832103213737
C,4,748,6,2,0.00076890635189506926,0.00076890635189517768,0.00076890635189506926,0.0047865315123953173,0.0047865315123953563,0.0047865315123953173
C,4,749,6,2,0.00035079828739894778,0.00035079828739894778,0.00035079828739894778,0.00031078415801320391,0.00031078415801320391,0.00031078415801320391
C,4,750,6,2,0.00043926193912747959,0.00043926193912780485,0.00043926193912747959,0.00020699642669363806,0.00020699642669413373,0.00020699642669363806
C,4,751,6,2,0.00068470353678962582,0.00068470353678995108,0.00068470353678962582,0.00044200853711710001,0.00044200853711737041,0.00044200853711710001
C,4,752,6,2,0.00072143448382551347,0.00072143448382562189,0.00072143448382551347,4.5340980746493332e-05,4.534098074664489e-05,4.5340980746493339e-05
C,4,753,6,2,0.00073095876994429786,0.00073095876994429786,0.00073095876994429786,0.004228977850054611,0.0042289778500546934,0.004228977850054611
C,4,754,6,2,0.00070943729651214843,0.00070943729651214843,0.00070943729651214843,0.00074270783552533978,0.00074270783552533978,0.00074270783552533978
C,4,755,6,2,0.00021892357298497998,0.00021892357298497998,0.00021892357298497998,0.00049853610531329828,0.00049853610531397721,0.00049853610531329828
C,4,756,6,2,0.00047475420135228638,0.00047475420135272006,0.00047475420135228638,0.00045005862844474051,0.00045005862844513879,0.00045005862844474051
C,4,757,6,2,0.00070889050405838552,0.00070889050405838552,0.00070889050405838552,0.00061415627463220145,0.00061415627463248974,0.00061415627463220145
C,4,758,6,2,0.00085039884514977182,0.00085039884514998866,0.00085039884514977182,0.0043435592825879221,0.0043435592825879239,0.0043435592825879221
C,4,759,6,2,0.00077949468395874071,0.00077949468395895755,0.00077949468395874071,0.00023416565061287501,0.00023416565061292214,0.00023416565061287501
C,4,760,6,2,0.00027006405519021132,0.00027006405519031974,0.00027006405519021132,0.0013093708717361085,0.001309370871736355,0.0013093708717361082
C,4,761,6,2,0.00086515465963867867,0.00086515465963932919,0.00086515465963867867,0.001309243912514258,0.0013092439125145018,0.001309243912514258
C,4,762,6,2,0.00010889308596690774,0.00010889308596712458,0.00010889308596690774,0.00064893773631038336,0.00064893773631040765,0.00064893773631038336
C,4,763,6,2,0.00054302507942723469,0.00054302507942766837,0.00054302507942723469,0.00060024393489560958,0.00060024393489606278,0.00060024393489560958
C,4,764,6,2,0.00060810935426861955,0.00060810935426872798,0.00060810935426861955,0.0011534358052576483,0.0011534358052577348,0.0011534358052576483
C,4,765,6,2,0.00024595408467666894,0.00024595408467677736,0.00024595408467666894,0.0013214994738871247,0.001321499473887829,0.0013214994738871249
C,4,766,6,2,0.00050528662360943208,0.00050528662360943208,0.00050528662360943208,0.0010108043182749946,0.0010108043182753652,0.0010108043182749946
C,4,767,6,2,0.00077496925662259766,0.00077496925662270608,0.00077496925662259766,0.00018809253201554664,0.00018809253201554696,0.00018809253201554666
C,4,768,6,2,0.00072994904995720561,0.00072994904995742245,0.00072994904995720561,0.004480472754212891,0.0044804727542128962,0.004480472754212891
C,4,769,6,2,0.00043133056773709318,0.0004313305677372016,0.00043133056773709318,0.001145497514696096,0.0011454975146962525,0.001145497514696096
C,4,770,6,2,0.0005081296936994403,0.00050812969369954872,0.0005081296936994403,0.00083314270193496907,0.0008331427019349863,0.00083314270193496907
C,4,771,6,2,0.00026635799461839291,0.00026635799461839291,0.00026635799461839291,0.00065081591064586591,0.00065081591064586591,0.00065081591064586591
C,4,772,6,2,0.00033377389494534514,0.00033377389494545356,0.00033377389494534514,0.00052329720751620175,0.00052329720751626517,0.00052329720751620186
C,4,773,6,2,0.00043156796078404509,0.00043156796078404509,0.00043156796078404509,0.00068351667578360194,0.00068351667578380815,0.00068351667578360183
C,4,774,6,2,0.00071621351280747557,0.00071621351280747557,0.00071621351280747557,0.0045496866479101464,0.0045496866479106833,0.0045496866479101455
C,4,775,6,2,0.0004291061764171919,0.0004291061764171919,0.0004291061764171919,0.00042793361598656311,0.00042793361598656311,0.00042793361598656311
C,4,776,6,2,0.00081446601532552711,0.00081446601532552711,0.00081446601532552711,0.00074136423724332763,0.00074136423724361353,0.00074136423724332763
C,4,777,6,2,0.00018076159006251424,0.00018076159006273108,0.00018076159006251424,0.00036974527831348043,0.00036974527831354251,0.00036974527831348043
C,4,778,6,2,2.6928545646706485e-05,2.6928545646814905e-05,2.6928545646706485e-05,0.0037787941097516434,0.0037787941097518797,0.0037787941097516434
C,4,779,6,2,0.00069738975235519689,0.00069738975235519689,0.00069738975235519689,0.00030186866881420796,0.00030186866881420796,0.00030186866881420796
C,4,780,6,2,7.7654749778611511e-05,7.7654749778719931e-05,7.7654749778611511e-05,0.0038039201845363382,0.003803920184536496,0.0038039201845363382
C,4,781,6,2,0.00066868288616200693,0.00066868288616222377,0.00066868288616200693,0.00083449300361191584,0.00083449300361222137,0.00083449300361191584
C,4,782,6,2,0.00074307975369365589,0.00074307975369398115,0.00074307975369365589,0.00040297587650111222,0.00040297587650164581,0.00040297587650111222
C,4,783,6,2,0.00022145406972410523,0.00022145406972443049,0.00022145406972410523,0.00018282757246994248,0.00018282757247065781,0.00018282757246994248
C,4,784,6,2,0.00074838444983640028,0.00074838444983661712,0.00074838444983640028,0.0010954840284691683,0.0010954840284694051,0.0010954840284691683
C,4,785,6,2,7.1162127744856842e-05,7.1162127744965262e-05,7.1162127744856842e-05,0.0038127872371033636,0.0038127872371034196,0.0038127872371033636
C,4,786,6,2,0.00078982107321870151,0.00078982107321870151,0.00078982107321870151,0.00022784395909305005,0.00022784395909305005,0.00022784395909305005
C,4,787,6,2,0.00081724725288826426,0.0008172472528884811,0.00081724725288826426,0.0011632967126047173,0.0011632967126049144,0.0011632967126047175
C,4,788,6,2,7.0870399519838007e-05,7.0870399519838007e-05,7.0870399519838007e-05,0.0038275173922258845,0.0038275173922266404,0.003827517392225884
C,4,789,6,2,0.0012670996292312971,0.0012670996292314055,0.0012670996292312971,0.00092942326992912481,0.00092942326992912654,0.00092942326992912481
C,4,790,6,2,0.00064120805062556525,0.00064120805062578209,0.00064120805062556525,0.00062808352020624254,0.00062808352020694185,0.00062808352020624254
C,4,791,6,2,0.00012000043277842539,0.00012000043277853381,0.00012000043277842539,0.00046074940358454099,0.00046074940358482657,0.00046074940358454105
C,4,792,6,2,0.0014321267440725897,0.0014321267440726981,0.0014321267440725897,0.0010488808875850613,0.001048880887585073,0.0010488808875850613
C,4,793,6,2,0.00075557746749815163,0.00075557746749815163,0.00075557746749815163,0.0014203582208057817,0.0014203582208060454,0.0014203582208057819
C,4,794,6,2,0.00027921132263761337,0.00027921132263772179,0.00027921132263761337,0.00093600807433765615,0.00093600807433779493,0.00093600807433765615
C,4,795,6,2,0.00077458048253426295,0.00077458048253447979,0.00077458048253426295,0.00027246372266148829,0.00027246372266153849,0.00027246372266148829
C,4,796,6,2,0.00021548639844194695,0.00021548639844194695,0.00021548639844194695,0.00090121505049365236,0.00090121505049384828,0.00090121505049365236
C,4,797,6,2,0.0017809429760492958,0.0017809429760492958,0.0017809429760492958,0.001333691113799239,0.001333691113799239,0.001333691113799239
C,4,798,6,2,0.0007771575449509174,0.00077715754495102582,0.0007771575449509174,0.00058161352732956947,0.00058161352732958953,0.00058161352732956947
C,4,799,6,2,0.00030354412657409343,0.00030354412657420185,0.00030354412657409343,0.00034299648735784959,0.0003429964873581221,0.00034299648735784959
C,4,800,6,2,0.0018587587467666774,0.0018587587467667858,0.0018587587467666774,0.0014217166086826229,0.0014217166086826262,0.0014217166086826229
C,4,801,6,2,0.00022066156810487177,0.00022066156810498019,0.00022066156810487177,0.00042254054012599038,0.00042254054012601846,0.00042254054012599038
C,4,802,6,2,0.00082566889890195883,0.00082566889890228409,0.00082566889890195883,0.00057249235342850301,0.00057249235342878469,0.00057249235342850301
C,4,803,6,2,0.00070756156414475933,0.00070756156414475933,0.00070756156414475933,0.00011399063800667804,0.00011399063800667804,0.00011399063800667804
C,4,804,6,2,4.3522160494231452e-05,4.3522160494448292e-05,4.3522160494231458e-05,0.00026920816945314255,0.00026920816945341175,0.00026920816945314249
C,4,805,6,2,0.00011140748369382718,0.00011140748369382718,0.00011140748369382718,0.0011179242678526693,0.001117924267853047,0.0011179242678526693
C,4,806,6,2,0.000845456978489415,0.00084545697848952342,0.000845456978489415,0.00060275373094089714,0.00060275373094096751,0.00060275373094089714
C,4,807,6,2,0.00064860654954172411,0.00064860654954194095,0.00064860654954172411,0.00028995156183295818,0.00028995156183338444,0.00028995156183295824
C,4,808,6,2,0.00014278053567121172,0.00014278053567153698,0.00014278053567121172,0.0012382730448166289,0.0012382730448175032,0.0012382730448166289
C,4,809,6,2,0.00026858577086344686,0.00026858577086355528,0.00026858577086344686,0.00047470853771632628,0.00047470853771633393,0.00047470853771632628
C,4,810,6,2,0.00084144411388305338,0.0008414441138831618,0.00084144411388305338,0.0017859229339480961,0.0017859229339481418,0.0017859229339480961
C,4,811,6,2,0.00068952307052407534,0.00068952307052407534,0.00068952307052407534,0.00078900096106913182,0.00078900096106936817,0.00078900096106913182
C,4,812,6,2,0.00063513930422106832,0.00063513930422106832,0.00063513930422106832,0.0002259087522620359,0.0002259087522620359,0.0002259087522620359
C,4,813,6,2,0.00087883654402388586,0.00087883654402388586,0.00087883654402388586,0.0017173693839678916,0.0017173693839679682,0.0017173693839678916
C,4,814,6,2,0.00059054177086815055,0.00059054177086815055,0.00059054177086815055,0.0013116937104981528,0.0013116937104985659,0.0013116937104981528
C,4,815,6,2,0.0002445859227756227,0.00024458592277573112,0.0002445859227756227,0.00034407550015894193,0.00034407550015902103,0.00034407550015894193
C,4,816,6,2,0.00052239732780453435,0.00052239732780453435,0.00052239732780453435,0.001126334838090195,0.0011263348380902169,0.0011263348380901948
C,4,817,6,2,0.00083836224143126262,0.00083836224143147946,0.00083836224143126262,0.00045431084425726607,0.00045431084425738214,0.00045431084425726607
C,4,818,6,2,0.00051982113889563475,0.00051982113889606843,0.00051982113889563475,0.00028903894361517551,0.00028903894361579166,0.00028903894361517545
C,4,819,6,2,0.00065773479995259124,0.00065773479995269966,0.00065773479995259124,0.00060692722006000076,0.00060692722006000694,0.00060692722006000076
C,4,820,6,2,0.00019245169030786529,0.00019245169030797371,0.00019245169030786529,0.00042784199982190749,0.00042784199982193004,0.00042784199982190749
C,4,821,6,2,0.00081345907945533889,0.00081345907945533889,0.00081345907945533889,0.00022914490974383959,0.00022914490974392784,0.00022914490974383959
C,4,822,6,2,7.6621252329965757e-05,7.6621252330724698e-05,7.6621252329965757e-05,0.00010292623156074233,0.00010292623156127986,0.00010292623156074234
C,4,823,6,2,0.00091432698971023654,0.00091432698971034496,0.00091432698971023654,0.0015060920487063457,0.0015060920487071825,0.0015060920487063457
C,4,824,6,2,4.3790541305729555e-05,4.3790541305729555e-05,4.3790541305729555e-05,0.00082121420131408467,0.00082121420131408467,0.00082121420131408467
C,4,825,6,2,0.00057244596927442937,0.00057244596927464621,0.00057244596927442937,0.00031719787883740592,0.00031719787883817982,0.00031719787883740586
C,4,826,6,2,0.00060430397010795105,0.00060430397010860157,0.00060430397010795105,0.00024745814124282461,0.00024745814124304909,0.00024745814124282461
C,4,827,6,2,3.9510424223359111e-05,3.9510424223359111e-05,3.9510424223359111e-05,0.00084716868593020557,0.00084716868593022541,0.00084716868593020546
C,4,828,6,2,0.0005561906020996139,0.00055619060209972232,0.0005561906020996139,0.001284760065518442,0.0012847600655184518,0.001284760065518442
C,4,829,6,2,2.0335247403503731e-05,2.0335247403720572e-05,2.0335247403503731e-05,0.00026679182940228654,0.00026679182940265143,0.00026679182940228654
C,4,830,6,2,0.00049669345778024284,0.00049669345778035126,0.00049669345778024284,0.00089204112379347373,0.00089204112379368786,0.00089204112379347373
C,4,831,6,2,0.00048028708923061186,0.00048028708923061186,0.00048028708923061186,0.0037484267026357573,0.0037484267026357617,0.0037484267026357573
C,4,832,6,2,0.00043248452508441379,0.00043248452508441379,0.00043248452508441379,8.7518494312452595e-05,8.7518494312607703e-05,8.7518494312452595e-05
C,4,833,6,2,0.00059115962627029946,0.00059115962627062472,0.00059115962627029946,0.00019716084438050523,0.00019716084438098022,0.00019716084438050523
C,4,834,6,2,0.00041268852340699876,0.00041268852340710718,0.00041268852340699876,0.0036929847246598268,0.0036929847246598558,0.0036929847246598268
C,4,835,6,2,0.00051853118408903484,0.00051853118408903484,0.00051853118408903484,0.00074779111161791937,0.00074779111161791937,0.00074779111161791937
C,4,836,6,2,0.00053921554139281513,0.00053921554139324882,0.00053921554139281513,0.00081471019814281982,0.00081471019814292954,0.00081471019814281982
C,4,837,6,2,1.4862769284838123e-05,1.4862769284838123e-05,1.4862769284838123e-05,0.00031704669139101462,0.00031704669139101462,0.00031704669139101462
C,4,838,6,2,0.00033868857296395598,0.00033868857296438966,0.00033868857296395598,0.00084426618744348639,0.00084426618744440839,0.00084426618744348639
C,4,839,6,2,0.00052350496810692898,0.00052350496810692898,0.00052350496810692898,0.00064681565463426381,0.00064681565463438069,0.00064681565463426381
C,4,840,6,2,0.00046356308599907782,0.00046356308599929466,0.00046356308599907782,0.003689434910413045,0.0036894349104133416,0.003689434910413045
C,4,841,6,2,0.00056164910434140011,0.00056164910434150853,0.00056164910434140011,0.00033480968705860384,0.00033480968705867605,0.00033480968705860384
C,4,842,6,2,0.00049914528505562959,0.00049914528505584643,0.00049914528505562959,7.7821832389686962e-05,7.782183238992485e-05,7.7821832389686962e-05
C,4,843,6,2,0.00055434715179629099,0.00055434715179629099,0.00055434715179629099,0.0037413818864705981,0.0037413818864705981,0.0037413818864705981
C,4,844,6,2,0.00020368247328692024,0.00020368247328735392,0.00020368247328692024,0.00063411218795741508,0.00063411218795810572,0.00063411218795741519
C,4,845,6,2,0.00057815770818678107,0.00057815770818699791,0.00057815770818678107,0.00025721494376853237,0.0002572149437686629,0.00025721494376853237
C,4,846,6,2,9.4120927806142299e-06,9.4120927807226501e-06,9.4120927806142299e-06,0.00020887948580023861,0.0002088794858002668,0.00020887948580023861
C,4,847,6,2,0.00052338896161811723,0.00052338896161822565,0.00052338896161811723,0.00012947803614220705,0.00012947803614296705,0.00012947803614220705
C,4,848,6,2,0.00042498949438763908,0.00042498949438763908,0.00042498949438763908,0.00052059513304626931,0.00052059513304632114,0.00052059513304626931
C,4,849,6,2,2.6948841694534979e-05,2.694884169486024e-05,2.6948841694534979e-05,0.0034085344143286187,0.0034085344143287826,0.0034085344143286187
C,4,850,6,2,0.00060698822874633972,0.00060698822874709867,0.00060698822874633972,0.0013692700565425191,0.0013692700565434254,0.0013692700565425191
C,4,851,6,2,0.00013153927556062463,0.00013153927556084147,0.00013153927556062463,0.00021932339016082363,0.00021932339016122367,0.0002193233901608236
C,4,852,6,2,0.00057607374577594087,0.00057607374577594087,0.00057607374577594087,0.00038864967084455512,0.00038864967084468479,0.00038864967084455512
C,4,853,6,2,0.00062011146050727772,0.00062011146050727772,0.00062011146050727772,0.0012057099228425479,0.0012057099228425479,0.0012057099228425479
C,4,854,6,2,4.690074996123797e-07,4.6900749993764035e-07,4.690074996123797e-07,0.0033997411033337204,0.0033997411033338926,0.0033997411033337204
C,4,855,6,2,0.00064197846607943684,0.00064197846607965368,0.00064197846607943684,0.00073444054128599199,0.00073444054128602126,0.00073444054128599199
C,4,856,6,2,2.5081995727984155e-05,2.5081995728200995e-05,2.5081995727984155e-05,0.00062295389441614606,0.00062295389441650569,0.00062295389441614616
C,4,857,6,2,0.0014019582208908135,0.0014019582208911387,0.0014019582208908137,0.0016550114698402874,0.0016550114698405639,0.0016550114698402874
C,4,858,6,2,0.0001061073977820081,0.00010610739778222494,0.0001061073977820081,0.00040640233265671634,0.00040640233265685431,0.00040640233265671634
C,4,859,6,2,0.00058113666125245069,0.00058113666125255911,0.00058113666125245069,0.00057379542768162079,0.00057379542768166405,0.00057379542768162079
C,4,860,6,2,0.001128190274095396,0.0011281902740955044,0.001128190274095396,0.0015213365214683632,0.0015213365214684536,0.0015213365214683632
C,4,861,6,2,5.5933819808479113e-05,5.5933819808479113e-05,5.5933819808479113e-05,0.00080439033635280465,0.00080439033635280465,0.00080439033635280465
C,4,862,6,2,0.00042185816139504208,0.00042185816139525892,0.00042185816139504208,0.0007743097784147742,0.00077430977841485562,0.0007743097784147742
C,4,863,6,2,0.00066078717128104959,0.00066078717128126643,0.00066078717128104959,0.00074304957055191612,0.00074304957055197466,0.00074304957055191612
C,4,864,6,2,0.00018264658122784175,0.00018264658122784175,0.00018264658122784175,0.0035022211267133506,0.0035022211267134182,0.0035022211267133506
C,4,865,6,2,0.00055686931264831412,0.00055686931264842254,0.00055686931264831412,0.0010379374285885341,0.0010379374285887021,0.0010379374285885341
C,4,866,6,2,0.00083224532875382073,0.00083224532875392915,0.00083224532875382073,0.0011616930388915056,0.0011616930388920847,0.0011616930388915056
C,4,867,6,2,0.00011846990200566759,0.00011846990200631811,0.00011846990200566759,0.00047772417512546774,0.0004777241751257737,0.00047772417512546774
C,4,868,6,2,0.00049701603118377808,0.0004970160311838865,0.00049701603118377808,0.00053323692416168888,0.00053323692416171187,0.00053323692416168888
C,4,869,6,2,0.00067463760260004502,0.0006746376026004787,0.00067463760260004502,0.0010028130441107137,0.0010028130441108519,0.001002813044110714
C,4,870,6,2,0.00027024845547724344,0.00027024845547724344,0.00027024845547724344,0.0036353320601531735,0.0036353320601538895,0.0036353320601531735
C,4,871,6,2,0.00058008746228039015,0.00058008746228071541,0.00058008746228039015,0.00057587680840166355,0.00057587680840167407,0.00057587680840166355
C,4,872,6,2,0.00057277125337399856,0.00057277125337443224,0.00057277125337399856,0.00030672263761939803,0.00030672263761962604,0.00030672263761939803
C,4,873,6,2,0.00015660607911665257,0.00015660607911686941,0.00015660607911665257,0.00068302656942363042,0.00068302656942370132,0.00068302656942363042
C,4,874,6,2,6.7116991274386237e-05,6.7116991274386237e-05,6.7116991274386237e-05,0.0034773277345625554,0.0034773277345625554,0.0034773277345625554
C,4,875,6,2,0.0004145956322195582,0.00041459563221999188,0.0004145956322195582,0.00052370144759388048,0.00052370144759413483,0.00052370144759388037
C,4,876,6,2,0.0010789602282489704,0.0010789602282489704,0.0010789602282489704,0.0011170488797999111,0.001117048879800038,0.0011170488797999109
C,4,877,6,2,2.1354501573284113e-05,2.1354501573284113e-05,2.1354501573284113e-05,0.0034729444401632721,0.0034729444401636329,0.0034729444401632721
C,4,878,6,2,0.00057371535753885337,0.00057371535753885337,0.00057371535753885337,0.0011851951042363995,0.0011851951042364014,0.0011851951042363997
C,4,879,6,2,0.00051423816558975044,0.00051423816558975044,0.00051423816558975044,0.00044100864870024207,0.00044100864870024207,0.00044100864870024207
C,4,880,6,2,0.0002253123306351695,0.00022531233063527792,0.0002253123306351695,0.00016322981552561148,0.0001632298155257051,0.00016322981552561148
C,4,881,6,2,0.00059890525294095057,0.00059890525294105899,0.00059890525294095057,0.0013384383997746777,0.0013384383997749739,0.0013384383997746777
C,4,882,6,2,0.0013063740823145674,0.0013063740823150011,0.0013063740823145674,0.001372985092818471,0.0013729850928190436,0.0013729850928184712
C,4,883,6,2,0.00020108487397765828,0.00020108487397787513,0.00020108487397765828,0.003576480081052115,0.0035764800810523631,0.003576480081052115
C,4,884,6,2,0.00063918955211139834,0.00063918955211139834,0.00063918955211139834,0.00072209089114120683,0.00072209089114120683,0.00072209089114120683
C,4,885,6,2,0.0003740084789261456,0.00037400847892636244,0.0003740084789261456,0.00081800085667272607,0.00081800085667287548,0.00081800085667272607
C,4,886,6,2,0.00032478035218055749,0.00032478035218077433,0.00032478035218055749,0.0037129712212124839,0.0037129712212125589,0.0037129712212124839
C,4,887,6,2,0.00086868387693176102,0.00086868387693186944,0.00086868387693176102,0.00100266202829761,0.0010026620282978863,0.00100266202829761
C,4,888,6,2,0.00040618971130948305,0.00040618971130969989,0.00040618971130948305,0.00053462598525307612,0.00053462598525312382,0.00053462598525307612
C,4,889,6,2,0.00022703118066221516,0.00022703118066264884,0.00022703118066221516,0.00042860634145007042,0.00042860634145016902,0.00042860634145007042
C,4,890,6,2,0.0010494034946547173,0.0010494034946549342,0.0010494034946547173,0.0011283302442258506,0.0011283302442261049,0.0011283302442258506
C,4,891,6,2,0.00047907841250875195,0.00047907841250896879,0.00047907841250875195,0.0010634927467749107,0.0010634927467749406,0.0010634927467749107
C,4,892,6,2,0.00011955529923327567,0.00011955529923370935,0.00011955529923327567,0.00063183482195653231,0.00063183482195676704,0.00063183482195653231
C,4,893,6,2,0.0006150389323331942,0.0006150389323337363,0.0006150389323331942,0.00067503089528514145,0.00067503089528546194,0.00067503089528514134
C,4,894,6,2,0.0018000662379751096,0.0018000662379755433,0.0018000662379751096,0.0018911885963659911,0.00189118859636679,0.0018911885963659909
C,4,895,6,2,0.00016030589124302504,0.00016030589124324188,0.00016030589124302504,0.00078400568772284455,0.00078400568772323312,0.00078400568772284455
C,4,896,6,2,0.0014085112856409383,0.0014085112856410467,0.0014085112856409383,0.0014393565059392548,0.0014393565059394782,0.0014393565059392548
C,4,897,6,2,0.00050175386332416971,0.00050175386332438655,0.00050175386332416971,0.00053979570810282717,0.00053979570810303815,0.00053979570810282717
C,4,898,6,2,0.00020732778869929358,0.00020732778869972726,0.00020732778869929358,0.00030835912851353187,0.00030835912851368485,0.00030835912851353181
C,4,899,6,2,0.0016488481574689897,0.001648848157469315,0.0016488481574689897,0.0015293640135672615,0.0015293640135674949,0.0015293640135672615
C,4,900,6,2,0.0019713916034262528,0.0019713916034264697,0.0019713916034262528,0.0021450811044263591,0.0021450811044266493,0.0021450811044263587
C,4,901,6,2,0.00026966391430288152,0.00026966391430309836,0.00026966391430288152,0.00069206543585700788,0.0006920654358580111,0.00069206543585700788
C,4,902,6,2,0.00055426019690844788,0.0005542601969085563,0.00055426019690844788,0.00028577198091321327,0.00028577198091423453,0.00028577198091321327
C,4,903,6,2,0.00048743226016003619,0.00048743226016014461,0.00048743226016003619,0.00051288123063552172,0.00051288123063571091,0.00051288123063552172
C,4,904,6,2,0.00035749330477776071,0.00035749330477797756,0.00035749330477776071,0.00044633534274781739,0.00044633534274834898,0.00044633534274781739
C,4,905,6,2,0.00054948535307768574,0.00054948535307811942,0.00054948535307768574,0.0014306211291868949,0.0014306211291871423,0.0014306211291868949
C,4,906,6,2,0.00040998171553963299,0.00040998171553984983,0.00040998171553963299,0.00011094283103492831,0.00011094283103497121,0.00011094283103492831
C,4,907,6,2,0.00046738255545951315,0.00046738255545983841,0.00046738255545951315,0.00049012462985393765,0.00049012462985412902,0.00049012462985393755
C,4,908,6,2,0.00047546125174339517,0.00047546125174361201,0.00047546125174339517,0.001322900830846381,0.0013229008308464638,0.0013229008308463807
C,4,909,6,2,0.00056707358180724254,0.00056707358180724254,0.00056707358180724254,0.0007294469307752786,0.00072944693077554715,0.0007294469307752786
C,4,910,6,2,0.00028127923743491174,0.00028127923743502016,0.00028127923743491174,0.00068647530681714014,0.00068647530681737801,0.00068647530681714014
C,4,911,6,2,0.00034970155112174026,0.00034970155112184868,0.00034970155112174026,0.00027617799652001257,0.00027617799652034986,0.00027617799652001257
C,4,912,6,2,0.00045629329163134839,0.00045629329163145681,0.00045629329163134839,0.00068776055789812249,0.00068776055789863358,0.00068776055789812249
C,4,913,6,2,0.00030432328601375219,0.00030432328601407745,0.00030432328601375219,0.00074525756613467162,0.00074525756613496945,0.00074525756613467162
C,4,914,6,2,0.00033830353256530249,0.00033830353256573617,0.00033830353256530249,0.0011712255240549042,0.0011712255240553158,0.0011712255240549042
C,4,915,6,2,0.00057249886421014817,0.00057249886421025659,0.00057249886421014817,0.00058094673721646945,0.00058094673721697805,0.00058094673721646945
C,4,916,6,2,0.00041294729692014157,0.00041294729692057525,0.00041294729692014157,0.0013279680219804024,0.0013279680219806104,0.0013279680219804024
C,4,917,6,2,0.00041464584547867313,0.00041464584547888997,0.00041464584547867313,0.000227148124751426,0.0002271481247515107,0.000227148124751426
C,4,918,6,2,0.00026824469150099357,0.00026824469150110199,0.00026824469150099357,0.00039812318987051846,0.00039812318987070711,0.00039812318987051846
C,4,919,6,2,0.00040750315037640927,0.00040750315037684295,0.00040750315037640927,0.00039920681797406271,0.0003992068179746111,0.00039920681797406271
C,4,920,6,2,0.00050421535871569053,0.00050421535871623263,0.00050421535871569053,0.00031531457093066085,0.00031531457093103815,0.00031531457093066085
C,4,921,6,2,0.00042091009812067134,0.00042091009812110503,0.00042091009812067134,0.00065206118770241579,0.00065206118770266732,0.00065206118770241579
C,4,922,6,2,0.00026349060399603452,0.00026349060399614294,0.00026349060399603452,0.00082210793019823331,0.00082210793019832915,0.00082210793019823331
C,4,923,6,2,0.00087433923186578874,0.00087433923186600558,0.00087433923186578874,0.001052846168949154,0.0010528461689493084,0.001052846168949154
C,4,924,6,2,0.00048842899715766195,0.00048842899715842089,0.00048842899715766195,0.0016658481856221476,0.0016658481856224093,0.0016658481856221476
C,4,925,6,2,0.00064646783892025311,0.00064646783892036153,0.00064646783892025311,0.00045132757845455987,0.00045132757845456095,0.00045132757845455987
C,4,926,6,2,0.00056454307333249614,0.00056454307333260456,0.00056454307333249614,0.00045661841707144725,0.00045661841707154673,0.00045661841707144725
C,4,927,6,2,0.00048484077944089231,0.00048484077944089231,0.00048484077944089231,0.0016948380789268023,0.0016948380789268023,0.0016948380789268023
C,4,928,6,2,0.00074342630518406828,0.0007434263051841767,0.00074342630518406839,0.0010011705216226296,0.0010011705216226997,0.0010011705216226296
C,4,929,6,2,0.00045184097195293677,0.00045184097195293677,0.00045184097195293677,0.00076114566175172532,0.00076114566175210935,0.00076114566175172532
C,4,930,6,2,0.00052346210256107219,0.00052346210256139745,0.00052346210256107219,0.00087363675251552776,0.00087363675251589282,0.00087363675251552776
C,4,931,6,2,0.0010069012136731427,0.0010069012136733595,0.0010069012136731427,0.0050634260439256038,0.0050634260439256229,0.0050634260439256038
C,4,932,6,2,0.0005608583087971181,0.0005608583087976602,0.0005608583087971181,0.00039205878517495319,0.00039205878517511387,0.00039205878517495319
C,4,933,6,2,0.0005301976655118848,0.00053019766551210164,0.0005301976655118848,0.00034178566764797558,0.00034178566764831765,0.00034178566764797558
C,4,934,6,2,0.0010514992061878489,0.0010514992061878489,0.0010514992061878489,0.0051278707846817142,0.0051278707846817142,0.0051278707846817142
C,4,935,6,2,0.00062298452575707073,0.00062298452575717915,0.00062298452575707073,0.00087505562109201594,0.00087505562109203177,0.00087505562109201594
C,4,936,6,2,0.00044181189522217272,0.00044181189522217272,0.00044181189522217272,0.00079188119471348267,0.00079188119471367913,0.00079188119471348267
C,4,937,6,2,0.00045467427825583544,0.00045467427825583544,0.00045467427825583544,0.00080343455052804015,0.00080343455052804015,0.00080343455052804015
C,4,938,6,2,0.00022063979329862982,0.00022063979329884666,0.00022063979329862982,0.00070725386533440323,0.00070725386533441808,0.00070725386533440323
C,4,939,6,2,0.0005112417805338762,0.00051124178053409304,0.0005112417805338762,0.00076686604546446666,0.00076686604546446948,0.00076686604546446666
C,4,940,6,2,0.0010885180650876828,0.0010885180650877912,0.0010885180650876828,0.0051836238329654094,0.0051836238329654267,0.0051836238329654094
C,4,941,6,2,0.00063424789065614356,0.00063424789065614356,0.00063424789065614356,0.00041111792827797441,0.00041111792827797441,0.00041111792827797441
C,4,942,6,2,0.00047518355502534394,0.00047518355502534394,0.00047518355502534394,0.000386961527816699,0.00038696152781692879,0.00038696152781669905
C,4,943,6,2,0.0011001803949718279,0.0011001803949719363,0.0011001803949718279,0.005196422812450481,0.0051964228124504906,0.005196422812450481
C,4,944,6,2,2.5385488968614027e-05,2.5385488968722447e-05,2.5385488968614027e-05,0.0006469859374949959,0.00064698593749511397,0.0006469859374949959
C,4,945,6,2,0.00054190013824416839,0.00054190013824449365,0.00054190013824416839,0.00072636394508035734,0.00072636394508044961,0.00072636394508035734
C,4,946,6,2,0.00038556704306646344,0.00038556704306668028,0.00038556704306646344,0.00021229954739097998,0.00021229954739151183,0.00021229954739097995
C,4,947,6,2,0.000645904033149086,0.00064590403314919442,0.000645904033149086,0.00072950095168675046,0.00072950095168676217,0.00072950095168675046
C,4,948,6,2,0.00077270774405423844,0.00077270774405434686,0.00077270774405423833,0.00049726881089504364,0.00049726881089504852,0.00049726881089504364
C,4,949,6,2,0.00014403057452846806,0.00014403057452846806,0.00014403057452846806,0.0041463108127525305,0.0041463108127525305,0.0041463108127525305
C,4,950,6,2,0.00080884082287880753,0.0008088408228791328,0.00080884082287880753,0.0012037301193257269,0.0012037301193259917,0.0012037301193257269
C,4,951,6,2,0.00015380222094442831,0.00015380222094475357,0.00015380222094442831,0.00037658665118223101,0.00037658665118276308,0.00037658665118223101
C,4,952,6,2,0.00056867434564101225,0.00056867434564101225,0.00056867434564101225,8.8504918479906895e-05,8.8504918480020696e-05,8.8504918479906882e-05
C,4,953,6,2,0.00084908931531548371,0.00084908931531559213,0.00084908931531548371,0.0010525523081907195,0.0010525523081907531,0.0010525523081907195
C,4,954,6,2,0.00038917982056073039,0.00038917982056073039,0.00038917982056073039,0.0043135127978503893,0.0043135127978503893,0.0043135127978503893
C,4,955,6,2,0.00083214598979217645,0.00083214598979239329,0.00083214598979217645,0.0001424885962315012,0.00014248859623209421,0.0001424885962315012
C,4,956,6,2,0.0001213191444823878,0.00012131914448260464,0.0001213191444823878,0.0012184527075755353,0.0012184527075757077,0.0012184527075755353
C,4,957,6,2,0.0004933434332709272,0.00049334343327103562,0.0004933434332709272,0.0011099730245362695,0.0011099730245362892,0.0011099730245362693
C,4,958,6,2,7.3561001194457493e-06,7.3561001196625897e-06,7.3561001194457493e-06,0.00053220246355536235,0.0005322024635555073,0.00053220246355536235
C,4,959,6,2,0.00061499291379189455,0.00061499291379189455,0.00061499291379189455,0.00035963494858019471,0.00035963494858019471,0.00035963494858019471
C,4,960,6,2,0.00049951724462218416,0.00049951724462229258,0.00049951724462218416,0.0010541901815667122,0.0010541901815669147,0.0010541901815667122
C,4,961,6,2,0.00014113797377243286,0.00014113797377254128,0.00014113797377243286,0.0013328557110257634,0.0013328557110257697,0.0013328557110257636
C,4,962,6,2,0.00054587389838487918,0.00054587389838487918,0.00054587389838487918,0.00081437905431083323,0.00081437905431087291,0.00081437905431083334
C,4,963,6,2,0.00085027666384682784,0.00085027666384693626,0.00085027666384682784,0.00013511071893364832,0.00013511071893366623,0.00013511071893364834
C,4,964,6,2,0.00054306212290890655,0.00054306212290944865,0.00054306212290890655,0.0045405410370786868,0.0045405410370788577,0.0045405410370786868
C,4,965,6,2,0.00054436292024442109,0.00054436292024518003,0.00054436292024442109,0.0010709297929536079,0.0010709297929537009,0.0010709297929536079
C,4,966,6,2,0.00061917262388533519,0.00061917262388598571,0.00061917262388533519,0.00080022993056903173,0.00080022993056909418,0.00080022993056903173
C,4,967,6,2,0.00017747954978765152,0.00017747954978819362,0.00017747954978765152,0.0005529170892152155,0.00055291708921570936,0.00055291708921521561
C,4,968,6,2,0.00048282167518210427,0.00048282167518232111,0.00048282167518210427,0.00039842690462259418,0.00039842690462323923,0.00039842690462259418
C,4,969,6,2,0.0006707453034761942,0.00067074530347662788,0.0006707453034761942,0.00072343886606034548,0.00072343886606059961,0.00072343886606034548
C,4,970,6,2,0.00057973509215273906,0.00057973509215284748,0.00057973509215273906,0.0046426641977000216,0.004642664197700045,0.0046426641977000216
C,4,971,6,2,0.00055835375425180699,0.00055835375425234909,0.00055835375425180699,0.00039268579591548178,0.00039268579591563785,0.00039268579591548178
C,4,972,6,2,0.00085654359004952614,0.00085654359004974298,0.00085654359004952614,0.00052224483458669071,0.0005222448345870163,0.00052224483458669071
C,4,973,6,2,0.00011254518391301711,0.00011254518391301711,0.00011254518391301711,0.00011215676843290352,0.00011215676843301556,0.00011215676843290352
C,4,974,6,2,3.3825215653275099e-05,3.382521565338352e-05,3.3825215653275099e-05,0.0039639320216415565,0.0039639320216415573,0.0039639320216415565
C,4,975,6,2,0.00077197612720662171,0.00077197612720673013,0.00077197612720662171,0.00057284019277349619,0.00057284019277399059,0.00057284019277349619
C,4,976,6,2,0.0011341721437094091,0.0011341721437095175,0.0011341721437094091,0.0013193282628768911,0.0013193282628769989,0.0013193282628768911
C,4,977,6,2,0.00017247417565370918,0.00017247417565370918,0.00017247417565370918,0.0040914391992587116,0.0040914391992587116,0.0040914391992587116
C,4,978,6,2,0.00083045664523568024,0.00083045664523578866,0.00083045664523568024,0.0011063282740685462,0.0011063282740687386,0.0011063282740685465
C,4,979,6,2,0.00066504248603048953,0.00066504248603070637,0.00066504248603048953,0.00023620414063421871,0.00023620414063434114,0.00023620414063421871
C,4,980,6,2,5.9505662549871365e-05,5.9505662549979785e-05,5.9505662549871365e-05,0.00027622442541089536,0.0002762244254114123,0.00027622442541089536
C,4,981,6,2,0.00083375085743460191,0.00083375085743481875,0.00083375085743460191,0.0013172140755166547,0.0013172140755166829,0.0013172140755166547
C,4,982,6,2,0.00095478328620939024,0.00095478328620939024,0.00095478328620939024,0.0013527586577005259,0.0013527586577006588,0.0013527586577005261
C,4,983,6,2,0.00030997529726069055,0.00030997529726090739,0.00030997529726069055,0.0042692593634714483,0.0042692593634714613,0.0042692593634714483
C,4,984,6,2,0.00085078977549233985,0.00085078977549233985,0.00085078977549233985,0.0001264765460267055,0.0001264765460267055,0.0001264765460267055
C,4,985,6,2,0.00064326548613669651,0.00064326548613680493,0.00064326548613669651,0.00097216010484526259,0.00097216010484530487,0.00097216010484526259
C,4,986,6,2,0.00033776865684617425,0.00033776865684649951,0.00033776865684617425,0.0043442808696869386,0.004344280869687263,0.0043442808696869386
C,4,987,6,2,0.0010391317008004268,0.0010391317008006436,0.0010391317008004268,0.00089906368932430409,0.00089906368932433738,0.00089906368932430409
C,4,988,6,2,0.00056653096441221587,0.00056653096441221587,0.00056653096441221587,0.00049064313874024826,0.00049064313874024826,0.00049064313874024826
C,4,989,6,2,9.0015246449401398e-05,9.0015246449401398e-05,9.0015246449401398e-05,0.00043223065245234137,0.00043223065245234728,0.00043223065245234137
C,4,990,6,2,0.0010221641398391358,0.0010221641398391358,0.0010221641398391358,0.00097290637126163097,0.00097290637126202346,0.00097290637126163097
C,4,991,6,2,0.00064939850535612829,0.00064939850535623671,0.00064939850535612829,0.0012476602166308433,0.0012476602166310669,0.0012476602166308431
C,4,992,6,2,1.9250039118073534e-06,1.9250039119157736e-06,1.9250039118073534e-06,0.0010781153161746172,0.0010781153161747027,0.0010781153161746172
C,4,993,6,2,0.00083229594325187357,0.00083229594325198199,0.00083229594325187357,0.0001703910583951387,0.00017039105839543409,0.0001703910583951387
C,4,994,6,2,0.0006657495369342091,0.0006657495369342091,0.0006657495369342091,0.0016329006370748131,0.0016329006370749562,0.0016329006370748129
C,4,995,6,2,3.3143687013762087e-05,3.3143687013870507e-05,3.3143687013762087e-05,0.0011698030269376833,0.0011698030269378162,0.0011698030269376833
C,4,996,6,2,0.00099797503066870272,0.00099797503066881114,0.00099797503066870272,0.0012265762441493093,0.0012265762441494743,0.0012265762441493091
C,4,997,6,2,0.00069218871790095206,0.00069218871790095206,0.00069218871790095206,0.00037523176258814981,0.00037523176258847925,0.00037523176258814981
C,4,998,6,2,8.4663025798023019e-05,8.4663025798131439e-05,8.4663025798023019e-05,0.0004086219666061975,0.00040862196660676134,0.00040862196660619755
C,4,999,6,2,0.00089613407445641134,0.00089613407445641134,0.00089613407445641134,0.0012536612939590308,0.00125366129395934,0.0012536612939590308
C,4,1000,6,2,0.00018093369548368311,0.00018093369548400837,0.00018093369548368313,0.0015684297373436949,0.0015684297373437326,0.0015684297373436949
C,4,1001,6,2,2.7695466649105098e-05,2.7695466649213518e-05,2.7695466649105098e-05,0.000275311576659228,0.0002753115766593851,0.000275311576659228
C,4,1002,6,2,0.00085798614408603632,0.00085798614408603632,0.00085798614408603632,0.00044374223556736434,0.00044374223556744864,0.0004437422355673644
C,4,1003,6,2,0.0006525533165158354,0.00065255331651594382,0.0006525533165158354,0.00027626456455453547,0.00027626456455475599,0.00027626456455453547
C,4,1004,6,2,0.00027329856943530441,0.00027329856943552125,0.00027329856943530441,0.00065444476223304416,0.000654444762233082,0.00065444476223304416
C,4,1005,6,2,0.00044295115051839334,0.00044295115051861018,0.00044295115051839334,0.001507159948975654,0.0015071599489758563,0.001507159948975654
C,4,1006,6,2,0.00085972358435169698,0.00085972358435191382,0.00085972358435169698,0.0001421231999730896,0.00014212319997323697,0.0001421231999730896
C,4,1007,6,2,0.00063824416396483351,0.00063824416396515878,0.00063824416396483351,0.0005726328410685128,0.00057263284106855497,0.0005726328410685128
C,4,1008,6,2,0.00044626025710707302,0.00044626025710718144,0.00044626025710707302,0.0016006007320500215,0.0016006007320500839,0.0016006007320500215
C,4,1009,6,2,0.00049281333784514762,0.00049281333784536446,0.00049281333784514762,0.00042260777830554005,0.0004226077783061149,0.00042260777830554005
C,4,1010,6,2,0.00082058285286775844,0.00082058285286786686,0.00082058285286775844,0.001499205656058736,0.0014992056560587416,0.001499205656058736
C,4,1011,6,2,0.00076380422224997177,0.00076380422224997177,0.00076380422224997177,0.00060961260016935978,0.00060961260016941605,0.00060961260016935978
C,4,1012,6,2,0.00059025412863205739,0.00059025412863216581,0.00059025412863205739,0.00020735579939614907,0.00020735579939634875,0.00020735579939614907
C,4,1013,6,2,0.0008392410816969063,0.00083924108169701472,0.0008392410816969063,0.0014848814521418942,0.0014848814521419263,0.0014848814521418942
C,4,1014,6,2,0.00056545238575071884,0.00056545238575093568,0.00056545238575071884,0.0015429949478991457,0.0015429949478991591,0.0015429949478991455
C,4,1015,6,2,0.00053737739660528454,0.00053737739660539297,0.00053737739660528454,0.0006733930526716935,0.00067339305267169979,0.0006733930526716935
C,4,1016,6,2,0.00057137437809329662,0.00057137437809340504,0.00057137437809329662,0.0014318760376258086,0.0014318760376260157,0.0014318760376258086
C,4,1017,6,2,0.00086279928259737609,0.00086279928259748451,0.00086279928259737609,6.2424557527733315e-05,6.2424557527939991e-05,6.2424557527733315e-05
C,4,1018,6,2,0.0004413744469848168,0.00044137444698503364,0.0004413744469848168,0.00066780331938290447,0.00066780331938306591,0.00066780331938290447
C,4,1019,6,2,0.00057175673092888738,0.00057175673092921264,0.00057175673092888738,0.00043989094421300294,0.00043989094421324618,0.00043989094421300294
C,4,1020,6,2,0.00044138696188018682,0.00044138696188040366,0.00044138696188018682,0.00023333144601912206,0.00023333144601951571,0.00023333144601912206
C,4,1021,6,2,0.0008952114833641299,0.00089521148336434674,0.0008952114833641299,0.00072701360263222807,0.0007270136026322285,0.00072701360263222807
C,4,1022,6,2,0.00025742365800769055,0.00025742365800844949,0.00025742365800769055,0.00013109276277234499,0.00013109276277252271,0.00013109276277234499
C,4,1023,6,2,0.0014334934890187579,0.0014334934890190831,0.0014334934890187579,0.0024454705720643034,0.0024454705720646235,0.0024454705720643034
C,4,1024,6,2,0.00020215037511289724,0.00020215037511289724,0.00020215037511289724,0.00072881769973097302,0.00072881769973097302,0.00072881769973097302
C,4,1025,6,2,0.00045593566343335099,0.00045593566343335099,0.00045593566343335099,0.00055313741058235944,0.00055313741058235944,0.00055313741058235944
C,4,1026,6,2,0.00073757223210241772,0.00073757223210241772,0.00073757223210241772,0.00063587211653589422,0.00063587211653612656,0.00063587211653589422
C,4,1027,6,2,0.00015671002150975666,0.00015671002150975666,0.00015671002150975666,0.00060786016198563129,0.00060786016198563129,0.00060786016198563129
C,4,1028,6,2,0.0015722442739142788,0.0015722442739144957,0.0015722442739142788,0.002301481302472529,0.002301481302472892,0.0023014813024725294
C,4,1029,6,2,0.00027201114266291009,0.00027201114266312693,0.00027201114266291009,0.00026159313431193989,0.00026159313431195762,0.00026159313431193989
C,4,1030,6,2,0.00041549729721721516,0.00041549729721721516,0.00041549729721721516,0.0012389765604844632,0.0012389765604844632,0.0012389765604844632
C,4,1031,6,2,0.00019610020672328633,0.00019610020672339475,0.00019610020672328633,0.0038022202286074128,0.0038022202286074149,0.0038022202286074128
C,4,1032,6,2,0.00030617517680182286,0.00030617517680193128,0.00030617517680182286,0.00054933131872935076,0.00054933131872935217,0.00054933131872935076
C,4,1033,6,2,0.00075913364380774187,0.00075913364380774187,0.00075913364380774187,0.0006972010564585485,0.0006972010564585485,0.0006972010564585485
C,4,1034,6,2,7.0304091418079903e-05,7.0304091418296744e-05,7.0304091418079903e-05,0.0036475578932338533,0.0036475578932338546,0.0036475578932338537
C,4,1035,6,2,0.0003443342808358632,0.0003443342808358632,0.0003443342808358632,0.0010119353518545844,0.001011935351854587,0.0010119353518545844
C,4,1036,6,2,0.00077683248638350626,0.0007768324863837231,0.00077683248638350626,0.0014759348508449142,0.0014759348508451716,0.0014759348508449142
C,4,1037,6,2,0.00026641517402543544,0.00026641517402565228,0.00026641517402543544,0.00026359277855807033,0.0002635927785580925,0.00026359277855807027
C,4,1038,6,2,0.0013192553484039395,0.00131925534840459,0.0013192553484039395,0.0017649229114470575,0.0017649229114472388,0.0017649229114470575
C,4,1039,6,2,0.00069279376826167707,0.00069279376826167707,0.00069279376826167707,0.0013057891614778375,0.0013057891614781864,0.0013057891614778375
C,4,1040,6,2,0.00013974936289163752,0.00013974936289174594,0.00013974936289163752,0.0034830041887211243,0.0034830041887214023,0.0034830041887211243
C,4,1041,6,2,0.00048688711209185585,0.00048688711209196427,0.00048688711209185585,0.00062796995324045644,0.00062796995324046131,0.00062796995324045644
C,4,1042,6,2,0.00058311087140804681,0.00058311087140837208,0.00058311087140804681,0.00070637997916609514,0.00070637997916635036,0.00070637997916609514
C,4,1043,6,2,0.00015813927681251633,0.00015813927681262475,0.00015813927681251633,0.0034378967488504714,0.0034378967488504909,0.0034378967488504714
C,4,1044,6,2,0.0012320544555389189,0.0012320544555393526,0.0012320544555389189,0.0015248641810439872,0.0015248641810448867,0.0015248641810439872
C,4,1045,6,2,0.00069959699831986712,0.00069959699831997554,0.00069959699831986712,0.00034260878351925067,0.0003426087835192717,0.00034260878351925067
C,4,1046,6,2,0.00032920184233633208,0.00032920184233654892,0.00032920184233633208,0.00078133843380735909,0.00078133843380738901,0.00078133843380735909
C,4,1047,6,2,0.00043158096720366263,0.00043158096720377105,0.00043158096720366263,0.00047250806834151675,0.0004725080683416603,0.00047250806834151681
C,4,1048,6,2,0.00052670556143505701,0.00052670556143505701,0.00052670556143505701,0.00040495423906970258,0.00040495423906970258,0.00040495423906970258
C,4,1049,6,2,0.00023905733768925241,0.00023905733768925241,0.00023905733768925241,0.0039033565764596788,0.0039033565764602231,0.0039033565764596784
C,4,1050,6,2,0.00055008533739935115,0.00055008533739945957,0.00055008533739935115,0.00089209144436494395,0.0008920914443650141,0.00089209144436494395
C,4,1051,6,2,4.3908939886382753e-05,4.3908939886382753e-05,4.3908939886382753e-05,0.0004940645716096304,0.0004940645716096304,0.0004940645716096304
C,4,1052,6,2,0.00080307054539760676,0.00080307054539760676,0.00080307054539760676,0.00072786787143976441,0.00072786787143976441,0.00072786787143976441
C,4,1053,6,2,0.00039791394421768642,0.00039791394421790326,0.00039791394421768642,0.00064008097158975126,0.00064008097158978,0.00064008097158975126
C,4,1054,6,2,0.00017987207523971222,0.00017987207523982064,0.00017987207523971222,0.0037238346470739852,0.0037238346470739891,0.0037238346470739852
C,4,1055,6,2,0.00060455059711550432,0.00060455059711561274,0.00060455059711550432,0.00047645688029810806,0.00047645688029839662,0.00047645688029810806
C,4,1056,6,2,0.00010652410983706152,0.00010652410983706152,0.00010652410983706152,0.00094919607233303867,0.00094919607233303867,0.00094919607233303867
C,4,1057,6,2,8.8936369214889094e-05,8.8936369214889094e-05,8.8936369214889094e-05,0.00042067084736834969,0.00042067084736834969,0.00042067084736834969
C,4,1058,6,2,0.00079014483101509832,0.00079014483101531516,0.00079014483101509832,0.00072591080031579819,0.00072591080031582248,0.00072591080031579819
C,4,1059,6,2,0.00012439613001052202,0.0001243961300109557,0.00012439613001052202,0.00073007961763514573,0.00073007961763531313,0.00073007961763514573
C,4,1060,6,2,0.00084717267187874902,0.00084717267187874902,0.00084717267187874902,0.0013121779307983571,0.0013121779307983571,0.0013121779307983571
C,4,1061,6,2,0.0005846549490396433,0.00058465494903975172,0.0005846549490396433,0.00035426061003179549,0.00035426061003185062,0.00035426061003179549
C,4,1062,6,2,5.4655884488955843e-05,5.4655884489064263e-05,5.4655884488955843e-05,0.0034927212025520765,0.0034927212025520778,0.003492721202552077
C,4,1063,6,2,0.00077032251440752215,0.00077032251440752215,0.00077032251440752215,0.0014654215546033795,0.0014654215546037173,0.0014654215546033795
C,4,1064,6,2,4.2884115399391409e-06,4.2884115401559814e-06,4.2884115399391409e-06,0.00038357652076484797,0.00038357652076490445,0.00038357652076484797
C,4,1065,6,2,0.00060781057895195785,0.00060781057895217469,0.00060781057895195785,0.00061934938566413707,0.00061934938566418456,0.00061934938566413707
C,4,1066,6,2,0.00010336930918468292,0.00010336930918479134,0.00010336930918468292,0.0034193096163298506,0.003419309616330204,0.0034193096163298506
C,4,1067,6,2,0.00072466535976556303,0.00072466535976567145,0.00072466535976556303,0.00026761435541759271,0.00026761435541762415,0.00026761435541759271
C,4,1068,6,2,0.00062703191633926066,0.00062703191633958592,0.00062703191633926066,0.00063683981642071071,0.00063683981642086119,0.00063683981642071071
C,4,1069,6,2,7.5994567406501359e-06,7.5994567407585562e-06,7.5994567406501359e-06,0.00062296030048267182,0.00062296030048282773,0.00062296030048267182
C,4,1070,6,2,0.0011000785877100967,0.0011000785877100967,0.0011000785877100967,0.0042846579292325701,0.0042846579292326352,0.0042846579292325701
C,4,1071,6,2,0.00051867520577965863,0.00051867520577965863,0.00051867520577965863,0.00028448013940775123,0.00028448013940775123,0.00028448013940775123
C,4,1072,6,2,0.00010050517677839561,0.00010050517677850403,0.00010050517677839561,0.00059004856520669625,0.00059004856520712516,0.00059004856520669614
C,4,1073,6,2,0.00093946573715471965,0.00093946573715493649,0.00093946573715471965,0.0042119655835000987,0.0042119655835001569,0.0042119655835000987
C,4,1074,6,2,0.00046276484340791041,0.00046276484340812725,0.00046276484340791041,0.00039381759478797091,0.00039381759478807152,0.00039381759478797091
C,4,1075,6,2,0.00053723457271726005,0.00053723457271747689,0.00053723457271726005,0.00058511113921034857,0.00058511113921050025,0.00058511113921034857
C,4,1076,6,2,0.00020394222207797269,0.00020394222207862321,0.00020394222207797269,0.00062219112964253392,0.0006221911296426791,0.00062219112964253382
C,4,1077,6,2,0.00048132395338124859,0.00048132395338135701,0.00048132395338124859,0.00053181334041646716,0.00053181334041673539,0.00053181334041646716
C,4,1078,6,2,0.00013191465531177914,0.00013191465531177914,0.00013191465531177914,0.00071905473749068918,0.00071905473749084021,0.00071905473749068918
C,4,1079,6,2,0.00069532080644260121,0.00069532080644260121,0.00069532080644260121,0.0041553741891605734,0.0041553741891605734,0.0041553741891605734
C,4,1080,6,2,0.00054315317357168415,0.00054315317357168415,0.00054315317357168415,0.00014682131660076952,0.00014682131660080302,0.00014682131660076955
C,4,1081,6,2,0.00053732644422516563,0.00053732644422527405,0.00053732644422516563,0.00095299986478401951,0.00095299986478440766,0.00095299986478401941
C,4,1082,6,2,0.00071633457564572369,0.00071633457564583211,0.00071633457564572369,0.0041491705739470372,0.0041491705739473226,0.0041491705739470372
C,4,1083,6,2,0.00037475092684959889,0.00037475092684981573,0.00037475092684959889,0.00033008663787662982,0.00033008663787665015,0.00033008663787662982
C,4,1084,6,2,0.00020884286804827377,0.00020884286804838219,0.00020884286804827377,0.00048414355551059209,0.00048414355551068734,0.00048414355551059209
C,4,1085,6,2,0.00044316178751723032,0.00044316178751733874,0.00044316178751723032,0.00097618278917055586,0.00097618278917060367,0.00097618278917055586
C,4,1086,6,2,0.00020603039498274557,0.00020603039498426345,0.00020603039498274557,0.0011955129445314406,0.0011955129445323663,0.0011955129445314404
C,4,1087,6,2,0.00056866461308098526,0.00056866461308206946,0.00056866461308098526,0.00018086088797940683,0.00018086088797941079,0.00018086088797940683
C,4,1088,6,2,0.00026394169480971688,0.00026394169480971688,0.00026394169480971688,0.0010951822608472966,0.0010951822608472966,0.0010951822608472966
C,4,1089,6,2,0.00016461627084065397,0.00016461627084097923,0.00016461627084065397,0.0010928236838947019,0.0010928236838949636,0.0010928236838947019
C,4,1090,6,2,0.00055109630340199542,0.00055109630340199542,0.00055109630340199542,0.00043693356685022721,0.0004369335668506011,0.00043693356685022721
C,4,1091,6,2,7.6640394864528442e-05,7.6640394864636863e-05,7.6640394864528442e-05,0.00043287775134828553,0.00043287775134857713,0.00043287775134828553
C,4,1092,6,2,6.598870081451786e-05,6.5988700815059961e-05,6.598870081451786e-05,0.0012231090056488033,0.0012231090056494111,0.0012231090056488033
C,4,1093,6,2,0.00015927769949654596,0.00015927769949665438,0.00015927769949654596,0.00032452969203743891,0.00032452969203782293,0.00032452969203743891
C,4,1094,6,2,0.00056458721719261293,0.00056458721719282977,0.00056458721719261293,0.00056777287275517946,0.0005677728727553423,0.00056777287275517946
C,4,1095,6,2,0.00048062186403235053,0.00048062186403245895,0.00048062186403235053,0.000365798953780284,0.00036579895378051818,0.000365798953780284
C,4,1096,6,2,0.00054709883380251768,0.00054709883380273452,0.00054709883380251768,0.00033823031078194339,0.00033823031078208596,0.00033823031078194344
C,4,1097,6,2,0.0004414719625117202,0.00044147196251193704,0.0004414719625117202,0.00077880426772535102,0.00077880426772560429,0.00077880426772535102
C,4,1098,6,2,0.00062467015236628443,0.00062467015236639285,0.00062467015236628443,0.00084272647218638377,0.0008427264721865259,0.00084272647218638377
C,4,1099,6,2,0.00033477024857125112,0.00033477024857135954,0.00033477024857125112,0.00064153442360531578,0.0006415344236055697,0.00064153442360531578
C,4,1100,6,2,0.00053839864232868833,0.00053839864232879675,0.00053839864232868833,0.00096085614364709374,0.00096085614364724097,0.00096085614364709384
C,4,1101,6,2,0.00060440451991102678,0.00060440451991124362,0.00060440451991102678,0.00022466971039473358,0.00022466971039478975,0.00022466971039473358
C,4,1102,6,2,0.00065651034247121969,0.00065651034247132811,0.00065651034247121969,0.0016698355018935625,0.0016698355018937912,0.0016698355018935622
C,4,1103,6,2,0.00035742268716509179,0.00035742268716574231,0.00035742268716509179,0.00068337945204392661,0.0006833794520441904,0.00068337945204392661
C,4,1104,6,2,0.00038852319929870167,0.00038852319929902693,0.00038852319929870167,0.00054257500923605431,0.00054257500923624545,0.00054257500923605431
C,4,1105,6,2,0.00057236088785476372,0.00057236088785530582,0.00057236088785476372,0.0016570131465271126,0.0016570131465275285,0.0016570131465271129
C,4,1106,6,2,0.00030581450128383363,0.00030581450128405047,0.00030581450128383363,0.0012820956668115635,0.0012820956668116944,0.0012820956668115635
C,4,1107,6,2,0.00061563409980622524,0.00061563409980633366,0.00061563409980622524,0.00048831361568512689,0.00048831361568519227,0.00048831361568512689
C,4,1108,6,2,0.00022968679481690044,0.0002296867948172257,0.00022968679481690044,0.0011011165226940821,0.0011011165226941159,0.0011011165226940821
C,4,1109,6,2,0.00064491244100768098,0.00064491244100768098,0.00064491244100768098,0.00088283630576447615,0.00088283630576447615,0.00088283630576447615
C,4,1110,6,2,0.00021053226750096174,0.00021053226750117858,0.00021053226750096174,0.00059469643144056538,0.0005946964314406378,0.00059469643144056538
C,4,1111,6,2,0.0003156898003046308,0.00031568980030484764,0.0003156898003046308,0.0006640181531181997,0.0006640181531191885,0.00066401815311819981
C,4,1112,6,2,0.00065427027490748673,0.00065427027490759515,0.00065427027490748673,0.00086226468123536907,0.00086226468123573098,0.00086226468123536907
C,4,1113,6,2,0.00052975604081511186,0.00052975604081543712,0.00052975604081511186,0.0003441095465037124,0.00034410954650383063,0.0003441095465037124
C,4,1114,6,2,0.00015549009427522249,0.00015549009427543933,0.00015549009427522249,0.00062647083375604084,0.00062647083375606718,0.00062647083375604094
C,4,1115,6,2,4.7861347256521886e-05,4.7861347256521886e-05,4.7861347256521886e-05,0.0013173839816404734,0.0013173839816404754,0.0013173839816404732
C,4,1116,6,2,0.00074274900232411227,0.00074274900232411227,0.00074274900232411227,0.00032877050737754366,0.00032877050737754366,0.00032877050737754366
C,4,1117,6,2,0.00080189396301085739,0.00080189396301118265,0.00080189396301085739,0.00070544521857792298,0.00070544521857917502,0.00070544521857792298
C,4,1118,6,2,1.9466271092565164e-05,1.9466271092673584e-05,1.9466271092565164e-05,0.0011796751181576675,0.0011796751181577649,0.0011796751181576675
C,4,1119,6,2,4.4747827333954313e-05,4.4747827333954313e-05,4.4747827333954313e-05,0.00064435200680548689,0.00064435200680568357,0.00064435200680548689
C,4,1120,6,2,0.00066220957660185608,0.0006622095766019645,0.00066220957660185608,0.00060720922640291697,0.00060720922640295058,0.00060720922640291697
C,4,1121,6,2,0.00065311416536008998,0.00065311416536008998,0.00065311416536008998,0.0043483616026530354,0.0043483616026530354,0.0043483616026530354
C,4,1122,6,2,0.00068095055908313357,0.00068095055908313357,0.00068095055908313357,0.00021728132263294518,0.00021728132263294518,0.00021728132263294518
C,4,1123,6,2,0.00076689584431325394,0.0007668958443135792,0.00076689584431325394,0.00067247173174370752,0.00067247173174437051,0.00067247173174370741
C,4,1124,6,2,0.00068427077574669589,0.00068427077574680431,0.00068427077574669589,0.0043101742685365376,0.0043101742685376842,0.0043101742685365376
C,4,1125,6,2,0.00058159366146919977,0.00058159366146930819,0.00058159366146919977,0.0003658003510624893,0.00036580035106311982,0.0003658003510624893
C,4,1126,6,2,0.00073501600952484078,0.00073501600952484078,0.00073501600952484078,0.0014122338219949063,0.0014122338219949063,0.0014122338219949063
C,4,1127,6,2,6.0242062310702886e-05,6.0242062310811306e-05,6.0242062310702886e-05,0.00072129993177821525,0.00072129993177860545,0.00072129993177821525
C,4,1128,6,2,0.00091165523336477709,0.00091165523336510235,0.00091165523336477709,0.0012871469107913563,0.0012871469107916841,0.0012871469107913565
C,4,1129,6,2,0.00045807842387736528,0.00045807842387769054,0.00045807842387736528,0.0041856732964470154,0.0041856732964474811,0.0041856732964470154
C,4,1130,6,2,0.00072182442686626134,0.00072182442686636976,0.00072182442686626134,0.00038644461165757745,0.00038644461165760174,0.00038644461165757751
C,4,1131,6,2,0.00062112668140800516,0.00062112668140811358,0.00062112668140800516,0.00074828318135592418,0.00074828318135597308,0.00074828318135592418
C,4,1132,6,2,0.00037130990323825785,0.00037130990323858311,0.00037130990323825785,0.004111311867359432,0.0041113118673595231,0.0041113118673594311
C,4,1133,6,2,0.00069895618255374787,0.00069895618255428997,0.00069895618255374787,0.00051204754667499581,0.00051204754667531663,0.00051204754667499581
C,4,1134,6,2,4.8257706344975899e-05,4.825770634508432e-05,4.8257706344975899e-05,0.00056007367270109385,0.00056007367270110122,0.00056007367270109385
C,4,1135,6,2,0.00079100918811661654,0.00079100918811661654,0.00079100918811661654,0.00085281227210314882,0.00085281227210322005,0.00085281227210314882
C,4,1136,6,2,0.00041557560500780563,0.00041557560500780563,0.00041557560500780563,0.00052463099594528446,0.0005246309959454922,0.00052463099594528446
C,4,1137,6,2,0.00033267569053252021,0.00033267569053262863,0.00033267569053252021,0.0042962874927067914,0.0042962874927070316,0.0042962874927067922
C,4,1138,6,2,0.00053908673396823627,0.00053908673396823627,0.00053908673396823627,0.0012666257662707408,0.0012666257662707972,0.0012666257662707408
C,4,1139,6,2,0.00046765266312426366,0.00046765266312458892,0.00046765266312426366,0.00011153510651537845,0.00011153510651550431,0.00011153510651537845
C,4,1140,6,2,0.0006734080724321535,0.00067340807243247876,0.0006734080724321535,0.00046183384833936044,0.00046183384833941562,0.00046183384833936044
C,4,1141,6,2,0.00052634118639363278,0.00052634118639363278,0.00052634118639363278,0.0011520212008312661,0.00115202120083128,0.0011520212008312661
C,4,1142,6,2,0.00031265620950842333,0.00031265620950853175,0.00031265620950842333,0.004255580348044634,0.004255580348044654,0.004255580348044634
C,4,1143,6,2,0.00057992357177950177,0.00057992357177950177,0.00057992357177950177,0.00034746761840971863,0.00034746761840971863,0.00034746761840971863
C,4,1144,6,2,0.00043774289511819362,0.00043774289511830204,0.00043774289511819362,0.0011507159261271195,0.0011507159261271776,0.0011507159261271195
C,4,1145,6,2,0.00041259777501588372,0.00041259777501610057,0.00041259777501588372,0.00038949773621659272,0.00038949773621702987,0.00038949773621659267
C,4,1146,6,2,0.00065123981723232052,0.00065123981723242894,0.00065123981723232052,0.0001984499372760317,0.00019844993727622729,0.0001984499372760317
C,4,1147,6,2,0.0004425106114047412,0.00044251061140495804,0.0004425106114047412,0.0011416876185788823,0.0011416876185790595,0.0011416876185788823
C,4,1148,6,2,0.00060138418571246185,0.00060138418571278711,0.00060138418571246185,0.0010982163210171174,0.0010982163210173797,0.0010982163210171174
C,4,1149,6,2,0.00059925853093884332,0.00059925853093884332,0.00059925853093884332,0.00054230215907977489,0.00054230215908064898,0.00054230215907977489
C,4,1150,6,2,0.0003037078338976153,0.00030370783389772373,0.0003037078338976153,0.0042265149763052734,0.0042265149763054876,0.0042265149763052725
C,4,1151,6,2,0.0006345733090340434,0.00063457330903436866,0.0006345733090340434,0.0012045327068280439,0.0012045327068282222,0.0012045327068280439
C,4,1152,6,2,0.0004661977229042033,0.0004661977229042033,0.0004661977229042033,4.951148214608664e-05,4.951148214608664e-05,4.951148214608664e-05
C,4,1153,6,2,0.00053316516624650045,0.00053316516624660887,0.00053316516624650045,0.00053212290243925104,0.00053212290243949054,0.00053212290243925104
C,4,1154,6,2,0.0002875086032370737,0.0002875086032370737,0.0002875086032370737,0.0042253182814420281,0.0042253182814422875,0.0042253182814420281
C,4,1155,6,2,0.0006363024558731032,0.00063630245587353688,0.0006363024558731032,0.00032907984133983181,0.00032907984134002063,0.00032907984133983181
C,4,1156,6,2,0.00054129177372221494,0.00054129177372232336,0.00054129177372221494,0.00015347207492870504,0.00015347207492899496,0.00015347207492870502
C,4,1157,6,2,0.00049901224753289963,0.00049901224753300805,0.00049901224753289963,0.00059903995515191112,0.00059903995515206497,0.00059903995515191112
C,4,1158,6,2,0.00052328960256696564,0.00052328960256772458,0.00052328960256696564,0.0043003769230923611,0.0043003769230929786,0.0043003769230923611
C,4,1159,6,2,0.00052339442239686482,0.00052339442239719008,0.00052339442239686482,0.00076698007780892185,0.00076698007780949941,0.00076698007780892185
C,4,1160,6,2,0.00062401147155012257,0.00062401147155033941,0.00062401147155012257,0.0043636712371330003,0.0043636712371333377,0.0043636712371330011
C,4,1161,6,2,0.00081859994359532312,0.00081859994359532312,0.00081859994359532312,0.0013358640970630024,0.0013358640970630024,0.0013358640970630024
C,4,1162,6,2,0.00070920941905728684,0.0007092094190576121,0.00070920941905728673,0.00042695948323813422,0.00042695948323824009,0.00042695948323813422
C,4,1163,6,2,0.00020781175497509418,0.00020781175497541944,0.00020781175497509418,0.0007768773001026833,0.00077687730010346653,0.0007768773001026833
C,4,1164,6,2,0.00064688183773486691,0.00064688183773497533,0.00064688183773486691,0.0014127106752728855,0.001412710675272891,0.0014127106752728855
C,4,1165,6,2,0.00094018129566907083,0.00094018129566928767,0.00094018129566907083,0.0044565136278789099,0.0044565136278790435,0.0044565136278789099
C,4,1166,6,2,0.00070437714752135533,0.00070437714752135533,0.00070437714752135533,0.00077048913117200638,0.00077048913117200638,0.00077048913117200638
C,4,1167,6,2,0.00058290232757946502,0.00058290232757946502,0.00058290232757946502,0.00029562549970693153,0.00029562549970693153,0.00029562549970693153
C,4,1168,6,2,0.00092884079195220369,0.00092884079195220369,0.00092884079195220369,0.0044821885195998465,0.0044821885196000711,0.0044821885195998465
C,4,1169,6,2,0.00069360884654670781,0.00069360884654670781,0.00069360884654670781,0.00032610817398197409,0.00032610817398197409,0.00032610817398197409
C,4,1170,6,2,0.00013326662926611745,0.00013326662926622587,0.00013326662926611745,0.0007479572024792964,0.00074795720247942358,0.00074795720247929651
C,4,1171,6,2,0.00065173530802871676,0.00065173530802882518,0.00065173530802871676,0.00051528886791856799,0.0005152888679185848,0.00051528886791856799
C,4,1172,6,2,0.00015167969839033693,0.00015167969839033693,0.00015167969839033693,0.0013025367747742538,0.0013025367747748443,0.0013025367747742541
C,4,1173,6,2,0.00074348573048143348,0.00074348573048175874,0.00074348573048143348,0.00078436503651200216,0.00078436503651260888,0.00078436503651200216
C,4,1174,6,2,0.00016758139512347819,0.00016758139512380345,0.00016758139512347819,0.0014392669906609298,0.0014392669906611684,0.0014392669906609301
C,4,1175,6,2,0.000737633962796325,0.000737633962796325,0.000737633962796325,0.00043047544247505539,0.00043047544247505539,0.00043047544247505539
C,4,1176,6,2,2.276085032449672e-05,2.2760850324713561e-05,2.276085032449672e-05,0.00074629603519188274,0.00074629603519201003,0.00074629603519188274
C,4,1177,6,2,0.00011567991763084505,0.00011567991763106189,0.00011567991763084505,0.00063989712633890955,0.00063989712633898143,0.00063989712633890955
C,4,1178,6,2,0.00063203905254665457,0.00063203905254697983,0.00063203905254665457,0.00060443402942252631,0.00060443402942301496,0.00060443402942252631
C,4,1179,6,2,0.00078125536351076469,0.00078125536351076469,0.00078125536351076469,0.00093756658529592135,0.00093756658529592135,0.00093756658529592135
C,4,1180,6,2,0.0004677488832577955,0.00046774888325801234,0.0004677488832577955,0.00054954855826774081,0.00054954855826788718,0.00054954855826774081
C,4,1181,6,2,0.00052154139466755855,0.00052154139466788381,0.00052154139466755855,0.0013289244792619181,0.0013289244792620346,0.0013289244792619181
C,4,1182,6,2,0.0004294184425315253,0.00042941844253163372,0.0004294184425315253,0.00049939298820463594,0.0004993929882046586,0.00049939298820463605
C,4,1183,6,2,0.00085402426303353342,0.00085402426303364185,0.00085402426303353342,0.00098737528451015629,0.00098737528451054639,0.00098737528451015629
C,4,1184,6,2,0.00038138065557675668,0.00038138065557675668,0.00038138065557675668,0.0011193338008121474,0.0011193338008123029,0.0011193338008121474
C,4,1185,6,2,0.00057242158376866192,0.00057242158376866192,0.00057242158376866192,0.00058694179701650586,0.00058694179701681312,0.00058694179701650575
C,4,1186,6,2,0.00036897707582491876,0.0003689770758251356,0.00036897707582491876,0.001199890752671439,0.0011998907526715966,0.0011998907526714387
C,4,1187,6,2,0.00034642597107549696,0.00034642597107549696,0.00034642597107549696,0.00054942386511349381,0.00054942386511370848,0.00054942386511349381
C,4,1188,6,2,0.00086113092375111975,0.00086113092375122817,0.00086113092375111975,0.0010427372548432764,0.0010427372548434206,0.0010427372548432767
C,4,1189,6,2,0.00026902723693981567,0.00026902723693992409,0.00026902723693981567,0.0010160747051513608,0.0010160747051513996,0.0010160747051513608
C,4,1190,6,2,0.00089349923935240667,0.00089349923935240667,0.00089349923935240667,0.0020923547580379981,0.0020923547580382171,0.0020923547580379977
C,4,1191,6,2,0.00058911642294317591,0.00058911642294339275,0.00058911642294317591,0.0006170543590237888,0.00061705435902412891,0.0006170543590237888
C,4,1192,6,2,0.00088763139829777481,0.00088763139829799165,0.00088763139829777481,0.0021279971389893786,0.0021279971389893859,0.0021279971389893786
C,4,1193,6,2,0.00047004687851552856,0.00047004687851563698,0.00047004687851552856,0.00062495167792485612,0.00062495167792491304,0.00062495167792485612
C,4,1194,6,2,0.00058861649250834414,0.00058861649250845256,0.00058861649250834414,0.0010434959336582447,0.0010434959336589279,0.0010434959336582444
C,4,1195,6,2,0.0007690419069328585,0.0007690419069328585,0.0007690419069328585,0.00031788383945453467,0.00031788383945453467,0.00031788383945453467
C,4,1196,6,2,0.00061747117985181971,0.00061747117985192813,0.00061747117985181971,0.00095972323808564929,0.00095972323808566707,0.00095972323808564929
C,4,1197,6,2,0.00046631291023262883,0.00046631291023306251,0.00046631291023262883,0.00095474068429340767,0.00095474068429369455,0.00095474068429340767
C,4,1198,6,2,0.00017136249692926552,0.00017136249692937394,0.00017136249692926552,0.00034595507867329894,0.00034595507867384446,0.000345955078673299
C,4,1199,6,2,0.00010744324338823191,0.00010744324338823191,0.00010744324338823191,0.00083801058675452955,0.00083801058675452955,0.00083801058675452955
C,4,1200,6,2,0.00084189613596655395,0.00084189613596677079,0.00084189613596655395,0.00073286698989534895,0.00073286698989554182,0.00073286698989534895
C,4,1201,6,2,0.00055224433955164756,0.0005522443395518644,0.00055224433955164756,0.00041427720408489629,0.00041427720408507496,0.00041427720408489629
C,4,1202,6,2,0.00016219974165979263,0.00016219974166000947,0.00016219974165979263,0.0010021969684342932,0.0010021969684343877,0.0010021969684342932
C,4,1203,6,2,0.00024262465412368955,0.00024262465412390639,0.00024262465412368955,0.00048197575174186238,0.00048197575174223638,0.00048197575174186244
C,4,1204,6,2,0.00087273401630039247,0.00087273401630093457,0.00087273401630039247,0.0017166388148966397,0.0017166388148968648,0.0017166388148966395
C,4,1205,6,2,0.00030785324100623263,0.00030785324100666631,0.00030785324100623263,0.003594156797169768,0.0035941567971697957,0.003594156797169768
C,4,1206,6,2,0.00067900262232657542,0.00067900262232657542,0.00067900262232657542,0.00087605042751482916,0.00087605042751482916,0.00087605042751482916
C,4,1207,6,2,0.0005678559270535545,0.0005678559270535545,0.0005678559270535545,0.00060091893440466419,0.00060091893440466419,0.00060091893440466419
C,4,1208,6,2,0.00019303289536883213,0.00019303289536904897,0.00019303289536883213,0.0037009112552470946,0.0037009112552472316,0.0037009112552470946
C,4,1209,6,2,0.00087220649563240268,0.0008722064956325111,0.00087220649563240268,0.0015662217927807059,0.0015662217927808059,0.0015662217927807059
C,4,1210,6,2,0.00051028209798798831,0.00051028209798820515,0.00051028209798798831,0.0010988427500065331,0.0010988427500068941,0.0010988427500065331
C,4,1211,6,2,0.0002128845043688132,0.00021288450436913846,0.0002128845043688132,0.00036926338073056729,0.00036926338073073274,0.00036926338073056729
C,4,1212,6,2,0.00038892583432807715,0.00038892583432807715,0.00038892583432807715,0.00088993875994199676,0.00088993875994224385,0.00088993875994199676
C,4,1213,6,2,0.00014743281962425418,0.0001474328196243626,0.00014743281962425418,0.0039541241568703941,0.0039541241568705849,0.0039541241568703941
C,4,1214,6,2,0.00085687454921411395,0.00085687454921433079,0.00085687454921411395,0.00079489630008943725,0.00079489630008951933,0.00079489630008943725
C,4,1215,6,2,0.00045309461260711371,0.00045309461260733055,0.00045309461260711371,0.00049290347569361259,0.0004929034756945308,0.00049290347569361259
C,4,1216,6,2,0.00024833248236119741,0.00024833248236152267,0.00024833248236119741,0.0041220160694036539,0.0041220160694039488,0.0041220160694036539
C,4,1217,6,2,0.00057002589701237501,0.00057002589701248343,0.00057002589701237501,0.00068331247236736673,0.00068331247236739188,0.00068331247236736662
C,4,1218,6,2,0.00027297665443934242,0.00027297665443955926,0.00027297665443934242,0.00079108110173001158,0.00079108110173004573,0.00079108110173001169
C,4,1219,6,2,0.00079592634925559902,0.00079592634925559902,0.00079592634925559902,0.00023753724390095259,0.00023753724390102089,0.00023753724390095259
C,4,1220,6,2,0.00051511825344770137,0.00051511825344802663,0.00051511825344770137,0.00039160352506460434,0.00039160352506495806,0.00039160352506460434
C,4,1221,6,2,0.0012463686032348435,0.0012463686032350603,0.0012463686032348435,0.0047332018525559818,0.0047332018525565057,0.0047332018525559827
C,4,1222,6,2,0.00046242886101279315,0.00046242886101300999,0.00046242886101279315,0.00058857561866775725,0.00058857561866780626,0.00058857561866775714
C,4,1223,6,2,0.00022438275443692653,0.00022438275443692653,0.00022438275443692653,0.00077064393226930418,0.00077064393226930418,0.00077064393226930418
C,4,1224,6,2,0.00058361796102812408,0.00058361796102866619,0.00058361796102812408,0.00053721318332316571,0.00053721318332317688,0.00053721318332316571
C,4,1225,6,2,0.00052741233167884118,0.0005274123316789496,0.00052741233167884118,0.00059435226502868891,0.00059435226502870008,0.00059435226502868902
C,4,1226,6,2,0.0011428616237478106,0.0011428616237480274,0.0011428616237478106,0.0047078466056576281,0.0047078466056577426,0.0047078466056576273
C,4,1227,6,2,0.00058049566009231359,0.00058049566009242201,0.00058049566009231359,0.00025289440997065376,0.0002528944099707006,0.00025289440997065376
C,4,1228,6,2,0.00022904118388337134,0.00022904118388337134,0.00022904118388337134,0.0014126035873467183,0.0014126035873467183,0.0014126035873467183
C,4,1229,6,2,1.9765890091230469e-05,1.976589009155573e-05,1.9765890091230469e-05,0.00057275630212861445,0.00057275630212871051,0.00057275630212861445
C,4,1230,6,2,0.00060603362794179466,0.00060603362794287886,0.00060603362794179466,0.00034921474802244426,0.00034921474802254807,0.00034921474802244426
C,4,1231,6,2,0.00021936350400042492,0.00021936350400064177,0.00021936350400042492,0.0013727479990100979,0.0013727479990108475,0.0013727479990100979
C,4,1232,6,2,0.0005972837124705848,0.00059728371247101848,0.0005972837124705848,0.00083245133353197125,0.00083245133353225531,0.00083245133353197125
C,4,1233,6,2,0.0005489462139705208,0.0005489462139710629,0.0005489462139705208,0.00041820161718354542,0.00041820161718402854,0.00041820161718354542
C,4,1234,6,2,0.0010537630435212631,0.0010537630435218052,0.0010537630435212631,0.0046666414125612343,0.0046666414125616368,0.0046666414125612343
C,4,1235,6,2,0.00048452208485042642,0.0004845220848508601,0.00048452208485042642,0.00080543058328018174,0.00080543058328025102,0.00080543058328018174
C,4,1236,6,2,0.00022935873326783689,0.00022935873326794531,0.00022935873326783689,0.00073386922662551876,0.00073386922662556104,0.00073386922662551876
C,4,1237,6,2,0.0005040008447174376,0.00050400084471808812,0.0005040008447174376,0.000437845047280796,0.00043784504728125396,0.000437845047280796
C,4,1238,6,2,0.00109715806643324,0.00109715806643324,0.00109715806643324,0.0046370317231830931,0.0046370317231833004,0.0046370317231830931
C,4,1239,6,2,0.00057101204675496977,0.00057101204675529503,0.00057101204675496977,0.00062544742014229108,0.00062544742014232295,0.00062544742014229097
C,4,1240,6,2,0.00056253684376135222,0.00056253684376167748,0.00056253684376135222,0.00067810216400691556,0.00067810216400697085,0.00067810216400691556
C,4,1241,6,2,0.00014197290969426585,0.00014197290969437427,0.00014197290969426585,0.00028532430345446912,0.00028532430345581434,0.00028532430345446912
C,4,1242,6,2,0.00035394837083902852,0.00035394837083935378,0.00035394837083902852,0.0042803187664401466,0.0042803187664403053,0.0042803187664401466
C,4,1243,6,2,0.00048994415333721963,0.00048994415333754489,0.00048994415333721963,0.00041530580745996194,0.00041530580746005404,0.00041530580745996194
C,4,1244,6,2,0.00026431424761895733,0.00026431424761906575,0.00026431424761895733,0.0040934054563219668,0.0040934054563220223,0.0040934054563219668
C,4,1245,6,2,0.00036717947806937448,0.00036717947806980816,0.00036717947806937448,0.00069332654905615446,0.00069332654905617875,0.00069332654905615446
C,4,1246,6,2,0.00086926447813125748,0.0008692644781313659,0.00086926447813125748,0.00081432332373872554,0.00081432332373885315,0.00081432332373872565
C,4,1247,6,2,0.0001398698516490637,0.00013986985164917212,0.0001398698516490637,0.00051098865606164238,0.00051098865606183114,0.00051098865606164238
C,4,1248,6,2,0.00050952116853518557,0.00050952116853529399,0.00050952116853518557,0.00090086354978158615,0.00090086354978199099,0.00090086354978158604
C,4,1249,6,2,0.0001022791020672837,0.00010227910206750054,0.0001022791020672837,0.0037984817306958287,0.003798481730696262,0.0037984817306958292
C,4,1250,6,2,0.00056022719139387986,0.00056022719139387986,0.00056022719139387986,0.00052602285314795084,0.00052602285314795084,0.00052602285314795084
C,4,1251,6,2,0.000928718060029597,0.00092871806002970542,0.000928718060029597,0.0015597392841732627,0.0015597392841734334,0.0015597392841732627
C,4,1252,6,2,0.00023777784526144569,0.00023777784526144569,0.00023777784526144569,0.0036641651238622452,0.0036641651238622452,0.0036641651238622452
C,4,1253,6,2,0.00068926914886411825,0.00068926914886433509,0.00068926914886411825,0.0008513656540039881,0.00085136565400452055,0.00085136565400398799
C,4,1254,6,2,0.00019016392226124581,0.00019016392226157107,0.00019016392226124581,0.00055707408220097027,0.00055707408220109767,0.00055707408220097027
C,4,1255,6,2,0.00086439981562933151,0.00086439981562954835,0.00086439981562933151,0.0016873843995195187,0.00168738439952003,0.0016873843995195187
C,4,1256,6,2,9.2131582355619093e-05,9.2131582355835934e-05,9.2131582355619093e-05,0.0011366594970005817,0.0011366594970007356,0.0011366594970005817
C,4,1257,6,2,0.00056299967695586529,0.00056299967695597371,0.00056299967695586529,0.00039963591809227947,0.00039963591809274898,0.00039963591809227947
C,4,1258,6,2,4.8250773029834271e-05,4.8250773030267952e-05,4.8250773029834271e-05,0.00093981380277059746,0.00093981380277107841,0.00093981380277059746
C,4,1259,6,2,0.00085523891073604769,0.00085523891073637295,0.00085523891073604769,0.00076865678199780152,0.00076865678199818132,0.00076865678199780152
C,4,1260,6,2,7.6645780714063895e-05,7.6645780714172315e-05,7.6645780714063895e-05,0.00047251243572387323,0.00047251243572402199,0.00047251243572387329
C,4,1261,6,2,0.00019399929921911415,0.00019399929921965625,0.00019399929921911415,0.00073772088571010105,0.00073772088571069584,0.00073772088571010116
C,4,1262,6,2,0.00059216113580749363,0.00059216113580781889,0.00059216113580749363,0.00076000783170589148,0.00076000783170597096,0.00076000783170589148
C,4,1263,6,2,0.00079987054356182863,0.00079987054356182863,0.00079987054356182863,0.00030316537453738883,0.00030316537453766893,0.00030316537453738878
C,4,1264,6,2,0.00035515950338581986,0.00035515950338625354,0.00035515950338581986,0.00089986889429040763,0.00089986889429047399,0.00089986889429040763
C,4,1265,6,2,0.00047144402783277483,0.00047144402783288325,0.00047144402783277483,0.0015875774914810086,0.0015875774914810294,0.0015875774914810086
C,4,1266,6,2,0.00064739169853297949,0.00064739169853330475,0.00064739169853297949,0.0010027547214402806,0.0010027547214403753,0.0010027547214402806
C,4,1267,6,2,0.00069094766736246555,0.00069094766736257397,0.00069094766736246555,0.00047185379973755986,0.0004718537997375887,0.00047185379973755981
C,4,1268,6,2,0.00058869121987174724,0.00058869121987185566,0.00058869121987174724,0.0017185710155874791,0.0017185710155876099,0.0017185710155874791
C,4,1269,6,2,0.00060232258190622001,0.00060232258190622001,0.00060232258190622001,0.00088891774833993161,0.00088891774834011018,0.00088891774833993161
C,4,1270,6,2,0.0005407249119052885,0.00054072491190550534,0.0005407249119052885,0.0017728254992221495,0.0017728254992223408,0.0017728254992221495
C,4,1271,6,2,0.0003397251104340698,0.0003397251104346119,0.0003397251104340698,0.000924744354221331,0.00092474435422146978,0.000924744354221331
C,4,1272,6,2,0.00068724828300296449,0.00068724828300318133,0.00068724828300296449,0.00041407481557758009,0.00041407481557802689,0.00041407481557758009
C,4,1273,6,2,0.00065216394800672074,0.00065216394800672074,0.00065216394800672074,0.0018598781083461881,0.0018598781083462466,0.0018598781083461881
C,4,1274,6,2,0.00058563854006933938,0.00058563854006955622,0.00058563854006933938,0.00073937157157765777,0.00073937157157777237,0.00073937157157765777
C,4,1275,6,2,0.00053903872711453561,0.00053903872711475245,0.00053903872711453561,0.0008217981973185841,0.00082179819731866271,0.0008217981973185841
C,4,1276,6,2,0.00054856845863417766,0.00054856845863471976,0.00054856845863417766,0.00067543304054393509,0.0006754330405440356,0.00067543304054393509
C,4,1277,6,2,0.0005944336916227904,0.00059443369162300724,0.0005944336916227904,0.00091717711565761795,0.00091717711565786721,0.00091717711565761785
C,4,1278,6,2,0.0006602113458358894,0.00066021134583621466,0.0006602113458358894,0.00027309545504473638,0.00027309545504479698,0.00027309545504473638
C,4,1279,6,2,0.00076409809025867505,0.00076409809025889189,0.00076409809025867505,0.0011484908781664634,0.0011484908781665174,0.0011484908781664634
C,4,1280,6,2,0.00049719957055703937,0.00049719957055703937,0.00049719957055703937,0.0007575355073472039,0.00075753550734734105,0.0007575355073472039
C,4,1281,6,2,0.00051742583653379554,0.00051742583653401238,0.00051742583653379554,0.00063134659629343658,0.00063134659629381573,0.00063134659629343658
