step_index,time,alpha,acceptance_source,initial_objective,accepted_objective,strict_potential_descent,projected_residual,gauge_increment_residual,optimizer_iterations,optimizer_evaluations,optimizer_reported_success,optimizer_message,callback_count,qualifying_evaluation_index,geometry_finite,geometry_signed_volume,geometry_relative_volume,geometry_minimum_face_area_ratio,geometry_minimum_orientation_cosine,geometry_flipped_face_count,geometry_degenerate_face_count
0,0,0,initial_reference_state,1.3548642195297149e-33,1.3548642195297149e-33,0,0,0,0,1,1,initial_reference_state,0,0,1,0.29999437366882148,1,1,0.99999999999999978,0,0
1,0.01,0,initial_state_physical_gate,1.3548642195297149e-33,1.3548642195297149e-33,0,9.5117249231237466e-17,0,0,1,1,initial_state_satisfies_physical_gate,0,0,1,0.29999437366882148,1,1,0.99999999999999978,0,0
2,0.02,0,initial_state_physical_gate,1.3548642195297149e-33,1.3548642195297149e-33,0,9.5117249231237466e-17,0,0,1,1,initial_state_satisfies_physical_gate,0,0,1,0.29999437366882148,1,1,0.99999999999999978,0,0
3,0.029999999999999999,0,initial_state_physical_gate,1.3548642195297149e-33,1.3548642195297149e-33,0,9.5117249231237466e-17,0,0,1,1,initial_state_satisfies_physical_gate,0,0,1,0.29999437366882148,1,1,0.99999999999999978,0,0
4,0.040000000000000001,0,initial_state_physical_gate,1.3548642195297149e-33,1.3548642195297149e-33,0,9.5117249231237466e-17,0,0,1,1,initial_state_satisfies_physical_gate,0,0,1,0.29999437366882148,1,1,0.99999999999999978,0,0
5,0.050000000000000003,0,initial_state_physical_gate,1.3548642195297149e-33,1.3548642195297149e-33,0,9.5117249231237466e-17,0,0,1,1,initial_state_satisfies_physical_gate,0,0,1,0.29999437366882148,1,1,0.99999999999999978,0,0
6,0.059999999999999998,0,initial_state_physical_gate,1.3548642195297149e-33,1.3548642195297149e-33,0,9.5117249231237466e-17,0,0,1,1,initial_state_satisfies_physical_gate,0,0,1,0.29999437366882148,1,1,0.99999999999999978,0,0
7,0.070000000000000007,0,initial_state_physical_gate,1.3548642195297149e-33,1.3548642195297149e-33,0,9.5117249231237466e-17,0,0,1,1,initial_state_satisfies_physical_gate,0,0,1,0.29999437366882148,1,1,0.99999999999999978,0,0
8,0.080000000000000002,0,initial_state_physical_gate,1.3548642195297149e-33,1.3548642195297149e-33,0,9.5117249231237466e-17,0,0,1,1,initial_state_satisfies_physical_gate,0,0,1,0.29999437366882148,1,1,0.99999999999999978,0,0
9,0.089999999999999997,0,initial_state_physical_gate,1.3548642195297149e-33,1.3548642195297149e-33,0,9.5117249231237466e-17,0,0,1,1,initial_state_satisfies_physical_gate,0,0,1,0.29999437366882148,1,1,0.99999999999999978,0,0
10,0.10000000000000001,0,initial_state_physical_gate,1.3548642195297149e-33,1.3548642195297149e-33,0,9.5117249231237466e-17,0,0,1,1,initial_state_satisfies_physical_gate,0,0,1,0.29999437366882148,1,1,0.99999999999999978,0,0
11,0.11,0,initial_state_physical_gate,1.3548642195297149e-33,1.3548642195297149e-33,0,9.5117249231237466e-17,0,0,1,1,initial_state_satisfies_physical_gate,0,0,1,0.29999437366882148,1,1,0.99999999999999978,0,0
12,0.12,0,initial_state_physical_gate,1.3548642195297149e-33,1.3548642195297149e-33,0,9.5117249231237466e-17,0,0,1,1,initial_state_satisfies_physical_gate,0,0,1,0.29999437366882148,1,1,0.99999999999999978,0,0
13,0.13,0,initial_state_physical_gate,1.3548642195297149e-33,1.3548642195297149e-33,0,9.5117249231237466e-17,0,0,1,1,initial_state_satisfies_physical_gate,0,0,1,0.29999437366882148,1,1,0.99999999999999978,0,0
14,0.14000000000000001,0,initial_state_physical_gate,1.3548642195297149e-33,1.3548642195297149e-33,0,9.5117249231237466e-17,0,0,1,1,initial_state_satisfies_physical_gate,0,0,1,0.29999437366882148,1,1,0.99999999999999978,0,0
15,0.14999999999999999,0,initial_state_physical_gate,1.3548642195297149e-33,1.3548642195297149e-33,0,9.5117249231237466e-17,0,0,1,1,initial_state_satisfies_physical_gate,0,0,1,0.29999437366882148,1,1,0.99999999999999978,0,0
16,0.16,0,initial_state_physical_gate,1.3548642195297149e-33,1.3548642195297149e-33,0,9.5117249231237466e-17,0,0,1,1,initial_state_satisfies_physical_gate,0,0,1,0.29999437366882148,1,1,0.99999999999999978,0,0
17,0.17000000000000001,0,initial_state_physical_gate,1.3548642195297149e-33,1.3548642195297149e-33,0,9.5117249231237466e-17,0,0,1,1,initial_state_satisfies_physical_gate,0,0,1,0.29999437366882148,1,1,0.99999999999999978,0,0
18,0.17999999999999999,0,initial_state_physical_gate,1.3548642195297149e-33,1.3548642195297149e-33,0,9.5117249231237466e-17,0,0,1,1,initial_state_satisfies_physical_gate,0,0,1,0.29999437366882148,1,1,0.99999999999999978,0,0
19,0.19,0,initial_state_physical_gate,1.3548642195297149e-33,1.3548642195297149e-33,0,9.5117249231237466e-17,0,0,1,1,initial_state_satisfies_physical_gate,0,0,1,0.29999437366882148,1,1,0.99999999999999978,0,0
20,0.20000000000000001,0,initial_state_physical_gate,1.3548642195297149e-33,1.3548642195297149e-33,0,9.5117249231237466e-17,0,0,1,1,initial_state_satisfies_physical_gate,0,0,1,0.29999437366882148,1,1,0.99999999999999978,0,0
21,0.20999999999999999,0,initial_state_physical_gate,1.3548642195297149e-33,1.3548642195297149e-33,0,9.5117249231237466e-17,0,0,1,1,initial_state_satisfies_physical_gate,0,0,1,0.29999437366882148,1,1,0.99999999999999978,0,0
22,0.22,0,initial_state_physical_gate,1.3548642195297149e-33,1.3548642195297149e-33,0,9.5117249231237466e-17,0,0,1,1,initial_state_satisfies_physical_gate,0,0,1,0.29999437366882148,1,1,0.99999999999999978,0,0
23,0.23000000000000001,0,initial_state_physical_gate,1.3548642195297149e-33,1.3548642195297149e-33,0,9.5117249231237466e-17,0,0,1,1,initial_state_satisfies_physical_gate,0,0,1,0.29999437366882148,1,1,0.99999999999999978,0,0
24,0.23999999999999999,0,initial_state_physical_gate,1.3548642195297149e-33,1.3548642195297149e-33,0,9.5117249231237466e-17,0,0,1,1,initial_state_satisfies_physical_gate,0,0,1,0.29999437366882148,1,1,0.99999999999999978,0,0
25,0.25,0,initial_state_physical_gate,1.3548642195297149e-33,1.3548642195297149e-33,0,9.5117249231237466e-17,0,0,1,1,initial_state_satisfies_physical_gate,0,0,1,0.29999437366882148,1,1,0.99999999999999978,0,0
26,0.26000000000000001,0,initial_state_physical_gate,1.3548642195297149e-33,1.3548642195297149e-33,0,9.5117249231237466e-17,0,0,1,1,initial_state_satisfies_physical_gate,0,0,1,0.29999437366882148,1,1,0.99999999999999978,0,0
27,0.27000000000000002,0,initial_state_physical_gate,1.3548642195297149e-33,1.3548642195297149e-33,0,9.5117249231237466e-17,0,0,1,1,initial_state_satisfies_physical_gate,0,0,1,0.29999437366882148,1,1,0.99999999999999978,0,0
28,0.28000000000000003,0,initial_state_physical_gate,1.3548642195297149e-33,1.3548642195297149e-33,0,9.5117249231237466e-17,0,0,1,1,initial_state_satisfies_physical_gate,0,0,1,0.29999437366882148,1,1,0.99999999999999978,0,0
29,0.28999999999999998,0,initial_state_physical_gate,1.3548642195297149e-33,1.3548642195297149e-33,0,9.5117249231237466e-17,0,0,1,1,initial_state_satisfies_physical_gate,0,0,1,0.29999437366882148,1,1,0.99999999999999978,0,0
30,0.29999999999999999,0,initial_state_physical_gate,1.3548642195297149e-33,1.3548642195297149e-33,0,9.5117249231237466e-17,0,0,1,1,initial_state_satisfies_physical_gate,0,0,1,0.29999437366882148,1,1,0.99999999999999978,0,0
31,0.31,0,initial_state_physical_gate,1.3548642195297149e-33,1.3548642195297149e-33,0,9.5117249231237466e-17,0,0,1,1,initial_state_satisfies_physical_gate,0,0,1,0.29999437366882148,1,1,0.99999999999999978,0,0
32,0.32000000000000001,0,initial_state_physical_gate,1.3548642195297149e-33,1.3548642195297149e-33,0,9.5117249231237466e-17,0,0,1,1,initial_state_satisfies_physical_gate,0,0,1,0.29999437366882148,1,1,0.99999999999999978,0,0
33,0.33000000000000002,0,initial_state_physical_gate,1.3548642195297149e-33,1.3548642195297149e-33,0,9.5117249231237466e-17,0,0,1,1,initial_state_satisfies_physical_gate,0,0,1,0.29999437366882148,1,1,0.99999999999999978,0,0
34,0.34000000000000002,0,initial_state_physical_gate,1.3548642195297149e-33,1.3548642195297149e-33,0,9.5117249231237466e-17,0,0,1,1,initial_state_satisfies_physical_gate,0,0,1,0.29999437366882148,1,1,0.99999999999999978,0,0
35,0.35000000000000003,0,initial_state_physical_gate,1.3548642195297149e-33,1.3548642195297149e-33,0,9.5117249231237466e-17,0,0,1,1,initial_state_satisfies_physical_gate,0,0,1,0.29999437366882148,1,1,0.99999999999999978,0,0
36,0.35999999999999999,0,initial_state_physical_gate,1.3548642195297149e-33,1.3548642195297149e-33,0,9.5117249231237466e-17,0,0,1,1,initial_state_satisfies_physical_gate,0,0,1,0.29999437366882148,1,1,0.99999999999999978,0,0
37,0.37,0,initial_state_physical_gate,1.3548642195297149e-33,1.3548642195297149e-33,0,9.5117249231237466e-17,0,0,1,1,initial_state_satisfies_physical_gate,0,0,1,0.29999437366882148,1,1,0.99999999999999978,0,0
38,0.38,0,initial_state_physical_gate,1.3548642195297149e-33,1.3548642195297149e-33,0,9.5117249231237466e-17,0,0,1,1,initial_state_satisfies_physical_gate,0,0,1,0.29999437366882148,1,1,0.99999999999999978,0,0
39,0.39000000000000001,0,initial_state_physical_gate,1.3548642195297149e-33,1.3548642195297149e-33,0,9.5117249231237466e-17,0,0,1,1,initial_state_satisfies_physical_gate,0,0,1,0.29999437366882148,1,1,0.99999999999999978,0,0
40,0.40000000000000002,0,initial_state_physical_gate,1.3548642195297149e-33,1.3548642195297149e-33,0,9.5117249231237466e-17,0,0,1,1,initial_state_satisfies_physical_gate,0,0,1,0.29999437366882148,1,1,0.99999999999999978,0,0
41,0.41000000000000003,0,initial_state_physical_gate,1.3548642195297149e-33,1.3548642195297149e-33,0,9.5117249231237466e-17,0,0,1,1,initial_state_satisfies_physical_gate,0,0,1,0.29999437366882148,1,1,0.99999999999999978,0,0
42,0.41999999999999998,0,initial_state_physical_gate,1.3548642195297149e-33,1.3548642195297149e-33,0,9.5117249231237466e-17,0,0,1,1,initial_state_satisfies_physical_gate,0,0,1,0.29999437366882148,1,1,0.99999999999999978,0,0
43,0.42999999999999999,0,initial_state_physical_gate,1.3548642195297149e-33,1.3548642195297149e-33,0,9.5117249231237466e-17,0,0,1,1,initial_state_satisfies_physical_gate,0,0,1,0.29999437366882148,1,1,0.99999999999999978,0,0
44,0.44,0,initial_state_physical_gate,1.3548642195297149e-33,1.3548642195297149e-33,0,9.5117249231237466e-17,0,0,1,1,initial_state_satisfies_physical_gate,0,0,1,0.29999437366882148,1,1,0.99999999999999978,0,0
45,0.45000000000000001,0,initial_state_physical_gate,1.3548642195297149e-33,1.3548642195297149e-33,0,9.5117249231237466e-17,0,0,1,1,initial_state_satisfies_physical_gate,0,0,1,0.29999437366882148,1,1,0.99999999999999978,0,0
46,0.46000000000000002,0,initial_state_physical_gate,1.3548642195297149e-33,1.3548642195297149e-33,0,9.5117249231237466e-17,0,0,1,1,initial_state_satisfies_physical_gate,0,0,1,0.29999437366882148,1,1,0.99999999999999978,0,0
47,0.47000000000000003,0,initial_state_physical_gate,1.3548642195297149e-33,1.3548642195297149e-33,0,9.5117249231237466e-17,0,0,1,1,initial_state_satisfies_physical_gate,0,0,1,0.29999437366882148,1,1,0.99999999999999978,0,0
48,0.47999999999999998,0,initial_state_physical_gate,1.3548642195297149e-33,1.3548642195297149e-33,0,9.5117249231237466e-17,0,0,1,1,initial_state_satisfies_physical_gate,0,0,1,0.29999437366882148,1,1,0.99999999999999978,0,0
49,0.48999999999999999,0,initial_state_physical_gate,1.3548642195297149e-33,1.3548642195297149e-33,0,9.5117249231237466e-17,0,0,1,1,initial_state_satisfies_physical_gate,0,0,1,0.29999437366882148,1,1,0.99999999999999978,0,0
50,0.5,0,initial_state_physical_gate,1.3548642195297149e-33,1.3548642195297149e-33,0,9.5117249231237466e-17,0,0,1,1,initial_state_satisfies_physical_gate,0,0,1,0.29999437366882148,1,1,0.99999999999999978,0,0
51,0.51000000000000001,0,initial_state_physical_gate,1.3548642195297149e-33,1.3548642195297149e-33,0,9.5117249231237466e-17,0,0,1,1,initial_state_satisfies_physical_gate,0,0,1,0.29999437366882148,1,1,0.99999999999999978,0,0
52,0.52000000000000002,0,initial_state_physical_gate,1.3548642195297149e-33,1.3548642195297149e-33,0,9.5117249231237466e-17,0,0,1,1,initial_state_satisfies_physical_gate,0,0,1,0.29999437366882148,1,1,0.99999999999999978,0,0
53,0.53000000000000003,0,initial_state_physical_gate,1.3548642195297149e-33,1.3548642195297149e-33,0,9.5117249231237466e-17,0,0,1,1,initial_state_satisfies_physical_gate,0,0,1,0.29999437366882148,1,1,0.99999999999999978,0,0
54,0.54000000000000004,0,initial_state_physical_gate,1.3548642195297149e-33,1.3548642195297149e-33,0,9.5117249231237466e-17,0,0,1,1,initial_state_satisfies_physical_gate,0,0,1,0.29999437366882148,1,1,0.99999999999999978,0,0
55,0.55000000000000004,0,initial_state_physical_gate,1.3548642195297149e-33,1.3548642195297149e-33,0,9.5117249231237466e-17,0,0,1,1,initial_state_satisfies_physical_gate,0,0,1,0.29999437366882148,1,1,0.99999999999999978,0,0
56,0.56000000000000005,0,initial_state_physical_gate,1.3548642195297149e-33,1.3548642195297149e-33,0,9.5117249231237466e-17,0,0,1,1,initial_state_satisfies_physical_gate,0,0,1,0.29999437366882148,1,1,0.99999999999999978,0,0
57,0.57000000000000006,0,initial_state_physical_gate,1.3548642195297149e-33,1.3548642195297149e-33,0,9.5117249231237466e-17,0,0,1,1,initial_state_satisfies_physical_gate,0,0,1,0.29999437366882148,1,1,0.99999999999999978,0,0
58,0.57999999999999996,0,initial_state_physical_gate,1.3548642195297149e-33,1.3548642195297149e-33,0,9.5117249231237466e-17,0,0,1,1,initial_state_satisfies_physical_gate,0,0,1,0.29999437366882148,1,1,0.99999999999999978,0,0
59,0.58999999999999997,0,initial_state_physical_gate,1.3548642195297149e-33,1.3548642195297149e-33,0,9.5117249231237466e-17,0,0,1,1,initial_state_satisfies_physical_gate,0,0,1,0.29999437366882148,1,1,0.99999999999999978,0,0
60,0.59999999999999998,0,initial_state_physical_gate,1.3548642195297149e-33,1.3548642195297149e-33,0,9.5117249231237466e-17,0,0,1,1,initial_state_satisfies_physical_gate,0,0,1,0.29999437366882148,1,1,0.99999999999999978,0,0
61,0.60999999999999999,0,initial_state_physical_gate,1.3548642195297149e-33,1.3548642195297149e-33,0,9.5117249231237466e-17,0,0,1,1,initial_state_satisfies_physical_gate,0,0,1,0.29999437366882148,1,1,0.99999999999999978,0,0
62,0.62,0,initial_state_physical_gate,1.3548642195297149e-33,1.3548642195297149e-33,0,9.5117249231237466e-17,0,0,1,1,initial_state_satisfies_physical_gate,0,0,1,0.29999437366882148,1,1,0.99999999999999978,0,0
63,0.63,0,initial_state_physical_gate,1.3548642195297149e-33,1.3548642195297149e-33,0,9.5117249231237466e-17,0,0,1,1,initial_state_satisfies_physical_gate,0,0,1,0.29999437366882148,1,1,0.99999999999999978,0,0
64,0.64000000000000001,0,initial_state_physical_gate,1.3548642195297149e-33,1.3548642195297149e-33,0,9.5117249231237466e-17,0,0,1,1,initial_state_satisfies_physical_gate,0,0,1,0.29999437366882148,1,1,0.99999999999999978,0,0
65,0.65000000000000002,0,initial_state_physical_gate,1.3548642195297149e-33,1.3548642195297149e-33,0,9.5117249231237466e-17,0,0,1,1,initial_state_satisfies_physical_gate,0,0,1,0.29999437366882148,1,1,0.99999999999999978,0,0
66,0.66000000000000003,0,initial_state_physical_gate,1.3548642195297149e-33,1.3548642195297149e-33,0,9.5117249231237466e-17,0,0,1,1,initial_state_satisfies_physical_gate,0,0,1,0.29999437366882148,1,1,0.99999999999999978,0,0
67,0.67000000000000004,0,initial_state_physical_gate,1.3548642195297149e-33,1.3548642195297149e-33,0,9.5117249231237466e-17,0,0,1,1,initial_state_satisfies_physical_gate,0,0,1,0.29999437366882148,1,1,0.99999999999999978,0,0
68,0.68000000000000005,0,initial_state_physical_gate,1.3548642195297149e-33,1.3548642195297149e-33,0,9.5117249231237466e-17,0,0,1,1,initial_state_satisfies_physical_gate,0,0,1,0.29999437366882148,1,1,0.99999999999999978,0,0
69,0.69000000000000006,0,initial_state_physical_gate,1.3548642195297149e-33,1.3548642195297149e-33,0,9.5117249231237466e-17,0,0,1,1,initial_state_satisfies_physical_gate,0,0,1,0.29999437366882148,1,1,0.99999999999999978,0,0
70,0.70000000000000007,0,initial_state_physical_gate,1.3548642195297149e-33,1.3548642195297149e-33,0,9.5117249231237466e-17,0,0,1,1,initial_state_satisfies_physical_gate,0,0,1,0.29999437366882148,1,1,0.99999999999999978,0,0
71,0.70999999999999996,0,initial_state_physical_gate,1.3548642195297149e-33,1.3548642195297149e-33,0,9.5117249231237466e-17,0,0,1,1,initial_state_satisfies_physical_gate,0,0,1,0.29999437366882148,1,1,0.99999999999999978,0,0
72,0.71999999999999997,0,initial_state_physical_gate,1.3548642195297149e-33,1.3548642195297149e-33,0,9.5117249231237466e-17,0,0,1,1,initial_state_satisfies_physical_gate,0,0,1,0.29999437366882148,1,1,0.99999999999999978,0,0
73,0.72999999999999998,0,initial_state_physical_gate,1.3548642195297149e-33,1.3548642195297149e-33,0,9.5117249231237466e-17,0,0,1,1,initial_state_satisfies_physical_gate,0,0,1,0.29999437366882148,1,1,0.99999999999999978,0,0
74,0.73999999999999999,0,initial_state_physical_gate,1.3548642195297149e-33,1.3548642195297149e-33,0,9.5117249231237466e-17,0,0,1,1,initial_state_satisfies_physical_gate,0,0,1,0.29999437366882148,1,1,0.99999999999999978,0,0
75,0.75,0,initial_state_physical_gate,1.3548642195297149e-33,1.3548642195297149e-33,0,9.5117249231237466e-17,0,0,1,1,initial_state_satisfies_physical_gate,0,0,1,0.29999437366882148,1,1,0.99999999999999978,0,0
76,0.76000000000000001,0,initial_state_physical_gate,1.3548642195297149e-33,1.3548642195297149e-33,0,9.5117249231237466e-17,0,0,1,1,initial_state_satisfies_physical_gate,0,0,1,0.29999437366882148,1,1,0.99999999999999978,0,0
77,0.77000000000000002,0,initial_state_physical_gate,1.3548642195297149e-33,1.3548642195297149e-33,0,9.5117249231237466e-17,0,0,1,1,initial_state_satisfies_physical_gate,0,0,1,0.29999437366882148,1,1,0.99999999999999978,0,0
78,0.78000000000000003,0,initial_state_physical_gate,1.3548642195297149e-33,1.3548642195297149e-33,0,9.5117249231237466e-17,0,0,1,1,initial_state_satisfies_physical_gate,0,0,1,0.29999437366882148,1,1,0.99999999999999978,0,0
79,0.79000000000000004,0,initial_state_physical_gate,1.3548642195297149e-33,1.3548642195297149e-33,0,9.5117249231237466e-17,0,0,1,1,initial_state_satisfies_physical_gate,0,0,1,0.29999437366882148,1,1,0.99999999999999978,0,0
80,0.80000000000000004,0,initial_state_physical_gate,1.3548642195297149e-33,1.3548642195297149e-33,0,9.5117249231237466e-17,0,0,1,1,initial_state_satisfies_physical_gate,0,0,1,0.29999437366882148,1,1,0.99999999999999978,0,0
81,0.81000000000000005,0,initial_state_physical_gate,1.3548642195297149e-33,1.3548642195297149e-33,0,9.5117249231237466e-17,0,0,1,1,initial_state_satisfies_physical_gate,0,0,1,0.29999437366882148,1,1,0.99999999999999978,0,0
82,0.82000000000000006,0,initial_state_physical_gate,1.3548642195297149e-33,1.3548642195297149e-33,0,9.5117249231237466e-17,0,0,1,1,initial_state_satisfies_physical_gate,0,0,1,0.29999437366882148,1,1,0.99999999999999978,0,0
83,0.83000000000000007,0,initial_state_physical_gate,1.3548642195297149e-33,1.3548642195297149e-33,0,9.5117249231237466e-17,0,0,1,1,initial_state_satisfies_physical_gate,0,0,1,0.29999437366882148,1,1,0.99999999999999978,0,0
84,0.83999999999999997,0,initial_state_physical_gate,1.3548642195297149e-33,1.3548642195297149e-33,0,9.5117249231237466e-17,0,0,1,1,initial_state_satisfies_physical_gate,0,0,1,0.29999437366882148,1,1,0.99999999999999978,0,0
85,0.84999999999999998,0,initial_state_physical_gate,1.3548642195297149e-33,1.3548642195297149e-33,0,9.5117249231237466e-17,0,0,1,1,initial_state_satisfies_physical_gate,0,0,1,0.29999437366882148,1,1,0.99999999999999978,0,0
86,0.85999999999999999,0,initial_state_physical_gate,1.3548642195297149e-33,1.3548642195297149e-33,0,9.5117249231237466e-17,0,0,1,1,initial_state_satisfies_physical_gate,0,0,1,0.29999437366882148,1,1,0.99999999999999978,0,0
87,0.87,0,initial_state_physical_gate,1.3548642195297149e-33,1.3548642195297149e-33,0,9.5117249231237466e-17,0,0,1,1,initial_state_satisfies_physical_gate,0,0,1,0.29999437366882148,1,1,0.99999999999999978,0,0
88,0.88,0,initial_state_physical_gate,1.3548642195297149e-33,1.3548642195297149e-33,0,9.5117249231237466e-17,0,0,1,1,initial_state_satisfies_physical_gate,0,0,1,0.29999437366882148,1,1,0.99999999999999978,0,0
89,0.89000000000000001,0,initial_state_physical_gate,1.3548642195297149e-33,1.3548642195297149e-33,0,9.5117249231237466e-17,0,0,1,1,initial_state_satisfies_physical_gate,0,0,1,0.29999437366882148,1,1,0.99999999999999978,0,0
90,0.90000000000000002,0,initial_state_physical_gate,1.3548642195297149e-33,1.3548642195297149e-33,0,9.5117249231237466e-17,0,0,1,1,initial_state_satisfies_physical_gate,0,0,1,0.29999437366882148,1,1,0.99999999999999978,0,0
91,0.91000000000000003,0,initial_state_physical_gate,1.3548642195297149e-33,1.3548642195297149e-33,0,9.5117249231237466e-17,0,0,1,1,initial_state_satisfies_physical_gate,0,0,1,0.29999437366882148,1,1,0.99999999999999978,0,0
92,0.92000000000000004,0,initial_state_physical_gate,1.3548642195297149e-33,1.3548642195297149e-33,0,9.5117249231237466e-17,0,0,1,1,initial_state_satisfies_physical_gate,0,0,1,0.29999437366882148,1,1,0.99999999999999978,0,0
93,0.93000000000000005,0,initial_state_physical_gate,1.3548642195297149e-33,1.3548642195297149e-33,0,9.5117249231237466e-17,0,0,1,1,initial_state_satisfies_physical_gate,0,0,1,0.29999437366882148,1,1,0.99999999999999978,0,0
94,0.94000000000000006,0,initial_state_physical_gate,1.3548642195297149e-33,1.3548642195297149e-33,0,9.5117249231237466e-17,0,0,1,1,initial_state_satisfies_physical_gate,0,0,1,0.29999437366882148,1,1,0.99999999999999978,0,0
95,0.95000000000000007,0,initial_state_physical_gate,1.3548642195297149e-33,1.3548642195297149e-33,0,9.5117249231237466e-17,0,0,1,1,initial_state_satisfies_physical_gate,0,0,1,0.29999437366882148,1,1,0.99999999999999978,0,0
96,0.95999999999999996,0,initial_state_physical_gate,1.3548642195297149e-33,1.3548642195297149e-33,0,9.5117249231237466e-17,0,0,1,1,initial_state_satisfies_physical_gate,0,0,1,0.29999437366882148,1,1,0.99999999999999978,0,0
97,0.96999999999999997,0,initial_state_physical_gate,1.3548642195297149e-33,1.3548642195297149e-33,0,9.5117249231237466e-17,0,0,1,1,initial_state_satisfies_physical_gate,0,0,1,0.29999437366882148,1,1,0.99999999999999978,0,0
98,0.97999999999999998,0,initial_state_physical_gate,1.3548642195297149e-33,1.3548642195297149e-33,0,9.5117249231237466e-17,0,0,1,1,initial_state_satisfies_physical_gate,0,0,1,0.29999437366882148,1,1,0.99999999999999978,0,0
99,0.98999999999999999,0,initial_state_physical_gate,1.3548642195297149e-33,1.3548642195297149e-33,0,9.5117249231237466e-17,0,0,1,1,initial_state_satisfies_physical_gate,0,0,1,0.29999437366882148,1,1,0.99999999999999978,0,0
100,1,0,initial_state_physical_gate,1.3548642195297149e-33,1.3548642195297149e-33,0,9.5117249231237466e-17,0,0,1,1,initial_state_satisfies_physical_gate,0,0,1,0.29999437366882148,1,1,0.99999999999999978,0,0
101,1.01,0,initial_state_physical_gate,1.3548642195297149e-33,1.3548642195297149e-33,0,9.5117249231237466e-17,0,0,1,1,initial_state_satisfies_physical_gate,0,0,1,0.29999437366882148,1,1,0.99999999999999978,0,0
102,1.02,0,initial_state_physical_gate,1.3548642195297149e-33,1.3548642195297149e-33,0,9.5117249231237466e-17,0,0,1,1,initial_state_satisfies_physical_gate,0,0,1,0.29999437366882148,1,1,0.99999999999999978,0,0
103,1.03,0,initial_state_physical_gate,1.3548642195297149e-33,1.3548642195297149e-33,0,9.5117249231237466e-17,0,0,1,1,initial_state_satisfies_physical_gate,0,0,1,0.29999437366882148,1,1,0.99999999999999978,0,0
104,1.04,0,initial_state_physical_gate,1.3548642195297149e-33,1.3548642195297149e-33,0,9.5117249231237466e-17,0,0,1,1,initial_state_satisfies_physical_gate,0,0,1,0.29999437366882148,1,1,0.99999999999999978,0,0
105,1.05,0,initial_state_physical_gate,1.3548642195297149e-33,1.3548642195297149e-33,0,9.5117249231237466e-17,0,0,1,1,initial_state_satisfies_physical_gate,0,0,1,0.29999437366882148,1,1,0.99999999999999978,0,0
106,1.0600000000000001,0,initial_state_physical_gate,1.3548642195297149e-33,1.3548642195297149e-33,0,9.5117249231237466e-17,0,0,1,1,initial_state_satisfies_physical_gate,0,0,1,0.29999437366882148,1,1,0.99999999999999978,0,0
107,1.0700000000000001,0,initial_state_physical_gate,1.3548642195297149e-33,1.3548642195297149e-33,0,9.5117249231237466e-17,0,0,1,1,initial_state_satisfies_physical_gate,0,0,1,0.29999437366882148,1,1,0.99999999999999978,0,0
108,1.0800000000000001,0,initial_state_physical_gate,1.3548642195297149e-33,1.3548642195297149e-33,0,9.5117249231237466e-17,0,0,1,1,initial_state_satisfies_physical_gate,0,0,1,0.29999437366882148,1,1,0.99999999999999978,0,0
109,1.0900000000000001,0,initial_state_physical_gate,1.3548642195297149e-33,1.3548642195297149e-33,0,9.5117249231237466e-17,0,0,1,1,initial_state_satisfies_physical_gate,0,0,1,0.29999437366882148,1,1,0.99999999999999978,0,0
110,1.1000000000000001,0,initial_state_physical_gate,1.3548642195297149e-33,1.3548642195297149e-33,0,9.5117249231237466e-17,0,0,1,1,initial_state_satisfies_physical_gate,0,0,1,0.29999437366882148,1,1,0.99999999999999978,0,0
111,1.1100000000000001,0,initial_state_physical_gate,1.3548642195297149e-33,1.3548642195297149e-33,0,9.5117249231237466e-17,0,0,1,1,initial_state_satisfies_physical_gate,0,0,1,0.29999437366882148,1,1,0.99999999999999978,0,0
112,1.1200000000000001,0,initial_state_physical_gate,1.3548642195297149e-33,1.3548642195297149e-33,0,9.5117249231237466e-17,0,0,1,1,initial_state_satisfies_physical_gate,0,0,1,0.29999437366882148,1,1,0.99999999999999978,0,0
113,1.1300000000000001,0,initial_state_physical_gate,1.3548642195297149e-33,1.3548642195297149e-33,0,9.5117249231237466e-17,0,0,1,1,initial_state_satisfies_physical_gate,0,0,1,0.29999437366882148,1,1,0.99999999999999978,0,0
114,1.1400000000000001,0,initial_state_physical_gate,1.3548642195297149e-33,1.3548642195297149e-33,0,9.5117249231237466e-17,0,0,1,1,initial_state_satisfies_physical_gate,0,0,1,0.29999437366882148,1,1,0.99999999999999978,0,0
115,1.1500000000000001,0,initial_state_physical_gate,1.3548642195297149e-33,1.3548642195297149e-33,0,9.5117249231237466e-17,0,0,1,1,initial_state_satisfies_physical_gate,0,0,1,0.29999437366882148,1,1,0.99999999999999978,0,0
116,1.1599999999999999,0,initial_state_physical_gate,1.3548642195297149e-33,1.3548642195297149e-33,0,9.5117249231237466e-17,0,0,1,1,initial_state_satisfies_physical_gate,0,0,1,0.29999437366882148,1,1,0.99999999999999978,0,0
117,1.1699999999999999,0,initial_state_physical_gate,1.3548642195297149e-33,1.3548642195297149e-33,0,9.5117249231237466e-17,0,0,1,1,initial_state_satisfies_physical_gate,0,0,1,0.29999437366882148,1,1,0.99999999999999978,0,0
118,1.1799999999999999,0,initial_state_physical_gate,1.3548642195297149e-33,1.3548642195297149e-33,0,9.5117249231237466e-17,0,0,1,1,initial_state_satisfies_physical_gate,0,0,1,0.29999437366882148,1,1,0.99999999999999978,0,0
119,1.1899999999999999,0,initial_state_physical_gate,1.3548642195297149e-33,1.3548642195297149e-33,0,9.5117249231237466e-17,0,0,1,1,initial_state_satisfies_physical_gate,0,0,1,0.29999437366882148,1,1,0.99999999999999978,0,0
120,1.2,0,initial_state_physical_gate,1.3548642195297149e-33,1.3548642195297149e-33,0,9.5117249231237466e-17,0,0,1,1,initial_state_satisfies_physical_gate,0,0,1,0.29999437366882148,1,1,0.99999999999999978,0,0
121,1.21,0,initial_state_physical_gate,1.3548642195297149e-33,1.3548642195297149e-33,0,9.5117249231237466e-17,0,0,1,1,initial_state_satisfies_physical_gate,0,0,1,0.29999437366882148,1,1,0.99999999999999978,0,0
122,1.22,0,initial_state_physical_gate,1.3548642195297149e-33,1.3548642195297149e-33,0,9.5117249231237466e-17,0,0,1,1,initial_state_satisfies_physical_gate,0,0,1,0.29999437366882148,1,1,0.99999999999999978,0,0
123,1.23,0,initial_state_physical_gate,1.3548642195297149e-33,1.3548642195297149e-33,0,9.5117249231237466e-17,0,0,1,1,initial_state_satisfies_physical_gate,0,0,1,0.29999437366882148,1,1,0.99999999999999978,0,0
124,1.24,0,initial_state_physical_gate,1.3548642195297149e-33,1.3548642195297149e-33,0,9.5117249231237466e-17,0,0,1,1,initial_state_satisfies_physical_gate,0,0,1,0.29999437366882148,1,1,0.99999999999999978,0,0
125,1.25,0,initial_state_physical_gate,1.3548642195297149e-33,1.3548642195297149e-33,0,9.5117249231237466e-17,0,0,1,1,initial_state_satisfies_physical_gate,0,0,1,0.29999437366882148,1,1,0.99999999999999978,0,0
126,1.26,0,initial_state_physical_gate,1.3548642195297149e-33,1.3548642195297149e-33,0,9.5117249231237466e-17,0,0,1,1,initial_state_satisfies_physical_gate,0,0,1,0.29999437366882148,1,1,0.99999999999999978,0,0
127,1.27,0,initial_state_physical_gate,1.3548642195297149e-33,1.3548642195297149e-33,0,9.5117249231237466e-17,0,0,1,1,initial_state_satisfies_physical_gate,0,0,1,0.29999437366882148,1,1,0.99999999999999978,0,0
128,1.28,0,initial_state_physical_gate,1.3548642195297149e-33,1.3548642195297149e-33,0,9.5117249231237466e-17,0,0,1,1,initial_state_satisfies_physical_gate,0,0,1,0.29999437366882148,1,1,0.99999999999999978,0,0
129,1.29,0,initial_state_physical_gate,1.3548642195297149e-33,1.3548642195297149e-33,0,9.5117249231237466e-17,0,0,1,1,initial_state_satisfies_physical_gate,0,0,1,0.29999437366882148,1,1,0.99999999999999978,0,0
130,1.3,0,initial_state_physical_gate,1.3548642195297149e-33,1.3548642195297149e-33,0,9.5117249231237466e-17,0,0,1,1,initial_state_satisfies_physical_gate,0,0,1,0.29999437366882148,1,1,0.99999999999999978,0,0
131,1.3100000000000001,0,initial_state_physical_gate,1.3548642195297149e-33,1.3548642195297149e-33,0,9.5117249231237466e-17,0,0,1,1,initial_state_satisfies_physical_gate,0,0,1,0.29999437366882148,1,1,0.99999999999999978,0,0
132,1.3200000000000001,0,initial_state_physical_gate,1.3548642195297149e-33,1.3548642195297149e-33,0,9.5117249231237466e-17,0,0,1,1,initial_state_satisfies_physical_gate,0,0,1,0.29999437366882148,1,1,0.99999999999999978,0,0
133,1.3300000000000001,0,initial_state_physical_gate,1.3548642195297149e-33,1.3548642195297149e-33,0,9.5117249231237466e-17,0,0,1,1,initial_state_satisfies_physical_gate,0,0,1,0.29999437366882148,1,1,0.99999999999999978,0,0
134,1.3400000000000001,0,initial_state_physical_gate,1.3548642195297149e-33,1.3548642195297149e-33,0,9.5117249231237466e-17,0,0,1,1,initial_state_satisfies_physical_gate,0,0,1,0.29999437366882148,1,1,0.99999999999999978,0,0
135,1.3500000000000001,0,initial_state_physical_gate,1.3548642195297149e-33,1.3548642195297149e-33,0,9.5117249231237466e-17,0,0,1,1,initial_state_satisfies_physical_gate,0,0,1,0.29999437366882148,1,1,0.99999999999999978,0,0
136,1.3600000000000001,0,initial_state_physical_gate,1.3548642195297149e-33,1.3548642195297149e-33,0,9.5117249231237466e-17,0,0,1,1,initial_state_satisfies_physical_gate,0,0,1,0.29999437366882148,1,1,0.99999999999999978,0,0
137,1.3700000000000001,0,initial_state_physical_gate,1.3548642195297149e-33,1.3548642195297149e-33,0,9.5117249231237466e-17,0,0,1,1,initial_state_satisfies_physical_gate,0,0,1,0.29999437366882148,1,1,0.99999999999999978,0,0
138,1.3800000000000001,0,initial_state_physical_gate,1.3548642195297149e-33,1.3548642195297149e-33,0,9.5117249231237466e-17,0,0,1,1,initial_state_satisfies_physical_gate,0,0,1,0.29999437366882148,1,1,0.99999999999999978,0,0
139,1.3900000000000001,0,initial_state_physical_gate,1.3548642195297149e-33,1.3548642195297149e-33,0,9.5117249231237466e-17,0,0,1,1,initial_state_satisfies_physical_gate,0,0,1,0.29999437366882148,1,1,0.99999999999999978,0,0
140,1.4000000000000001,0,initial_state_physical_gate,1.3548642195297149e-33,1.3548642195297149e-33,0,9.5117249231237466e-17,0,0,1,1,initial_state_satisfies_physical_gate,0,0,1,0.29999437366882148,1,1,0.99999999999999978,0,0
141,1.4099999999999999,0,initial_state_physical_gate,1.3548642195297149e-33,1.3548642195297149e-33,0,9.5117249231237466e-17,0,0,1,1,initial_state_satisfies_physical_gate,0,0,1,0.29999437366882148,1,1,0.99999999999999978,0,0
142,1.4199999999999999,0,initial_state_physical_gate,1.3548642195297149e-33,1.3548642195297149e-33,0,9.5117249231237466e-17,0,0,1,1,initial_state_satisfies_physical_gate,0,0,1,0.29999437366882148,1,1,0.99999999999999978,0,0
143,1.4299999999999999,0,initial_state_physical_gate,1.3548642195297149e-33,1.3548642195297149e-33,0,9.5117249231237466e-17,0,0,1,1,initial_state_satisfies_physical_gate,0,0,1,0.29999437366882148,1,1,0.99999999999999978,0,0
144,1.4399999999999999,0,initial_state_physical_gate,1.3548642195297149e-33,1.3548642195297149e-33,0,9.5117249231237466e-17,0,0,1,1,initial_state_satisfies_physical_gate,0,0,1,0.29999437366882148,1,1,0.99999999999999978,0,0
145,1.45,0,initial_state_physical_gate,1.3548642195297149e-33,1.3548642195297149e-33,0,9.5117249231237466e-17,0,0,1,1,initial_state_satisfies_physical_gate,0,0,1,0.29999437366882148,1,1,0.99999999999999978,0,0
146,1.46,0,initial_state_physical_gate,1.3548642195297149e-33,1.3548642195297149e-33,0,9.5117249231237466e-17,0,0,1,1,initial_state_satisfies_physical_gate,0,0,1,0.29999437366882148,1,1,0.99999999999999978,0,0
147,1.47,0,initial_state_physical_gate,1.3548642195297149e-33,1.3548642195297149e-33,0,9.5117249231237466e-17,0,0,1,1,initial_state_satisfies_physical_gate,0,0,1,0.29999437366882148,1,1,0.99999999999999978,0,0
148,1.48,0,initial_state_physical_gate,1.3548642195297149e-33,1.3548642195297149e-33,0,9.5117249231237466e-17,0,0,1,1,initial_state_satisfies_physical_gate,0,0,1,0.29999437366882148,1,1,0.99999999999999978,0,0
149,1.49,0,initial_state_physical_gate,1.3548642195297149e-33,1.3548642195297149e-33,0,9.5117249231237466e-17,0,0,1,1,initial_state_satisfies_physical_gate,0,0,1,0.29999437366882148,1,1,0.99999999999999978,0,0
150,1.5,0,initial_state_physical_gate,1.3548642195297149e-33,1.3548642195297149e-33,0,9.5117249231237466e-17,0,0,1,1,initial_state_satisfies_physical_gate,0,0,1,0.29999437366882148,1,1,0.99999999999999978,0,0
151,1.51,0,initial_state_physical_gate,1.3548642195297149e-33,1.3548642195297149e-33,0,9.5117249231237466e-17,0,0,1,1,initial_state_satisfies_physical_gate,0,0,1,0.29999437366882148,1,1,0.99999999999999978,0,0
152,1.52,0,initial_state_physical_gate,1.3548642195297149e-33,1.3548642195297149e-33,0,9.5117249231237466e-17,0,0,1,1,initial_state_satisfies_physical_gate,0,0,1,0.29999437366882148,1,1,0.99999999999999978,0,0
153,1.53,0,initial_state_physical_gate,1.3548642195297149e-33,1.3548642195297149e-33,0,9.5117249231237466e-17,0,0,1,1,initial_state_satisfies_physical_gate,0,0,1,0.29999437366882148,1,1,0.99999999999999978,0,0
154,1.54,0,initial_state_physical_gate,1.3548642195297149e-33,1.3548642195297149e-33,0,9.5117249231237466e-17,0,0,1,1,initial_state_satisfies_physical_gate,0,0,1,0.29999437366882148,1,1,0.99999999999999978,0,0
155,1.55,0,initial_state_physical_gate,1.3548642195297149e-33,1.3548642195297149e-33,0,9.5117249231237466e-17,0,0,1,1,initial_state_satisfies_physical_gate,0,0,1,0.29999437366882148,1,1,0.99999999999999978,0,0
156,1.5600000000000001,0,initial_state_physical_gate,1.3548642195297149e-33,1.3548642195297149e-33,0,9.5117249231237466e-17,0,0,1,1,initial_state_satisfies_physical_gate,0,0,1,0.29999437366882148,1,1,0.99999999999999978,0,0
157,1.5700000000000001,0,initial_state_physical_gate,1.3548642195297149e-33,1.3548642195297149e-33,0,9.5117249231237466e-17,0,0,1,1,initial_state_satisfies_physical_gate,0,0,1,0.29999437366882148,1,1,0.99999999999999978,0,0
158,1.5800000000000001,0,initial_state_physical_gate,1.3548642195297149e-33,1.3548642195297149e-33,0,9.5117249231237466e-17,0,0,1,1,initial_state_satisfies_physical_gate,0,0,1,0.29999437366882148,1,1,0.99999999999999978,0,0
159,1.5900000000000001,0,initial_state_physical_gate,1.3548642195297149e-33,1.3548642195297149e-33,0,9.5117249231237466e-17,0,0,1,1,initial_state_satisfies_physical_gate,0,0,1,0.29999437366882148,1,1,0.99999999999999978,0,0
160,1.6000000000000001,0,initial_state_physical_gate,1.3548642195297149e-33,1.3548642195297149e-33,0,9.5117249231237466e-17,0,0,1,1,initial_state_satisfies_physical_gate,0,0,1,0.29999437366882148,1,1,0.99999999999999978,0,0
161,1.6100000000000001,0,initial_state_physical_gate,1.3548642195297149e-33,1.3548642195297149e-33,0,9.5117249231237466e-17,0,0,1,1,initial_state_satisfies_physical_gate,0,0,1,0.29999437366882148,1,1,0.99999999999999978,0,0
162,1.6200000000000001,0,initial_state_physical_gate,1.3548642195297149e-33,1.3548642195297149e-33,0,9.5117249231237466e-17,0,0,1,1,initial_state_satisfies_physical_gate,0,0,1,0.29999437366882148,1,1,0.99999999999999978,0,0
163,1.6300000000000001,0,initial_state_physical_gate,1.3548642195297149e-33,1.3548642195297149e-33,0,9.5117249231237466e-17,0,0,1,1,initial_state_satisfies_physical_gate,0,0,1,0.29999437366882148,1,1,0.99999999999999978,0,0
164,1.6400000000000001,0,initial_state_physical_gate,1.3548642195297149e-33,1.3548642195297149e-33,0,9.5117249231237466e-17,0,0,1,1,initial_state_satisfies_physical_gate,0,0,1,0.29999437366882148,1,1,0.99999999999999978,0,0
165,1.6500000000000001,0,initial_state_physical_gate,1.3548642195297149e-33,1.3548642195297149e-33,0,9.5117249231237466e-17,0,0,1,1,initial_state_satisfies_physical_gate,0,0,1,0.29999437366882148,1,1,0.99999999999999978,0,0
166,1.6600000000000001,0,initial_state_physical_gate,1.3548642195297149e-33,1.3548642195297149e-33,0,9.5117249231237466e-17,0,0,1,1,initial_state_satisfies_physical_gate,0,0,1,0.29999437366882148,1,1,0.99999999999999978,0,0
167,1.6699999999999999,0,initial_state_physical_gate,1.3548642195297149e-33,1.3548642195297149e-33,0,9.5117249231237466e-17,0,0,1,1,initial_state_satisfies_physical_gate,0,0,1,0.29999437366882148,1,1,0.99999999999999978,0,0
168,1.6799999999999999,0,initial_state_physical_gate,1.3548642195297149e-33,1.3548642195297149e-33,0,9.5117249231237466e-17,0,0,1,1,initial_state_satisfies_physical_gate,0,0,1,0.29999437366882148,1,1,0.99999999999999978,0,0
169,1.6899999999999999,0,initial_state_physical_gate,1.3548642195297149e-33,1.3548642195297149e-33,0,9.5117249231237466e-17,0,0,1,1,initial_state_satisfies_physical_gate,0,0,1,0.29999437366882148,1,1,0.99999999999999978,0,0
170,1.7,0,initial_state_physical_gate,1.3548642195297149e-33,1.3548642195297149e-33,0,9.5117249231237466e-17,0,0,1,1,initial_state_satisfies_physical_gate,0,0,1,0.29999437366882148,1,1,0.99999999999999978,0,0
171,1.71,0,initial_state_physical_gate,1.3548642195297149e-33,1.3548642195297149e-33,0,9.5117249231237466e-17,0,0,1,1,initial_state_satisfies_physical_gate,0,0,1,0.29999437366882148,1,1,0.99999999999999978,0,0
172,1.72,0,initial_state_physical_gate,1.3548642195297149e-33,1.3548642195297149e-33,0,9.5117249231237466e-17,0,0,1,1,initial_state_satisfies_physical_gate,0,0,1,0.29999437366882148,1,1,0.99999999999999978,0,0
173,1.73,0,initial_state_physical_gate,1.3548642195297149e-33,1.3548642195297149e-33,0,9.5117249231237466e-17,0,0,1,1,initial_state_satisfies_physical_gate,0,0,1,0.29999437366882148,1,1,0.99999999999999978,0,0
174,1.74,0,initial_state_physical_gate,1.3548642195297149e-33,1.3548642195297149e-33,0,9.5117249231237466e-17,0,0,1,1,initial_state_satisfies_physical_gate,0,0,1,0.29999437366882148,1,1,0.99999999999999978,0,0
175,1.75,0,initial_state_physical_gate,1.3548642195297149e-33,1.3548642195297149e-33,0,9.5117249231237466e-17,0,0,1,1,initial_state_satisfies_physical_gate,0,0,1,0.29999437366882148,1,1,0.99999999999999978,0,0
176,1.76,0,initial_state_physical_gate,1.3548642195297149e-33,1.3548642195297149e-33,0,9.5117249231237466e-17,0,0,1,1,initial_state_satisfies_physical_gate,0,0,1,0.29999437366882148,1,1,0.99999999999999978,0,0
177,1.77,0,initial_state_physical_gate,1.3548642195297149e-33,1.3548642195297149e-33,0,9.5117249231237466e-17,0,0,1,1,initial_state_satisfies_physical_gate,0,0,1,0.29999437366882148,1,1,0.99999999999999978,0,0
178,1.78,0,initial_state_physical_gate,1.3548642195297149e-33,1.3548642195297149e-33,0,9.5117249231237466e-17,0,0,1,1,initial_state_satisfies_physical_gate,0,0,1,0.29999437366882148,1,1,0.99999999999999978,0,0
179,1.79,0,initial_state_physical_gate,1.3548642195297149e-33,1.3548642195297149e-33,0,9.5117249231237466e-17,0,0,1,1,initial_state_satisfies_physical_gate,0,0,1,0.29999437366882148,1,1,0.99999999999999978,0,0
180,1.8,0,initial_state_physical_gate,1.3548642195297149e-33,1.3548642195297149e-33,0,9.5117249231237466e-17,0,0,1,1,initial_state_satisfies_physical_gate,0,0,1,0.29999437366882148,1,1,0.99999999999999978,0,0
181,1.8100000000000001,0,initial_state_physical_gate,1.3548642195297149e-33,1.3548642195297149e-33,0,9.5117249231237466e-17,0,0,1,1,initial_state_satisfies_physical_gate,0,0,1,0.29999437366882148,1,1,0.99999999999999978,0,0
182,1.8200000000000001,0,initial_state_physical_gate,1.3548642195297149e-33,1.3548642195297149e-33,0,9.5117249231237466e-17,0,0,1,1,initial_state_satisfies_physical_gate,0,0,1,0.29999437366882148,1,1,0.99999999999999978,0,0
183,1.8300000000000001,0,initial_state_physical_gate,1.3548642195297149e-33,1.3548642195297149e-33,0,9.5117249231237466e-17,0,0,1,1,initial_state_satisfies_physical_gate,0,0,1,0.29999437366882148,1,1,0.99999999999999978,0,0
184,1.8400000000000001,0,initial_state_physical_gate,1.3548642195297149e-33,1.3548642195297149e-33,0,9.5117249231237466e-17,0,0,1,1,initial_state_satisfies_physical_gate,0,0,1,0.29999437366882148,1,1,0.99999999999999978,0,0
185,1.8500000000000001,0,initial_state_physical_gate,1.3548642195297149e-33,1.3548642195297149e-33,0,9.5117249231237466e-17,0,0,1,1,initial_state_satisfies_physical_gate,0,0,1,0.29999437366882148,1,1,0.99999999999999978,0,0
186,1.8600000000000001,0,initial_state_physical_gate,1.3548642195297149e-33,1.3548642195297149e-33,0,9.5117249231237466e-17,0,0,1,1,initial_state_satisfies_physical_gate,0,0,1,0.29999437366882148,1,1,0.99999999999999978,0,0
187,1.8700000000000001,0,initial_state_physical_gate,1.3548642195297149e-33,1.3548642195297149e-33,0,9.5117249231237466e-17,0,0,1,1,initial_state_satisfies_physical_gate,0,0,1,0.29999437366882148,1,1,0.99999999999999978,0,0
188,1.8800000000000001,0,initial_state_physical_gate,1.3548642195297149e-33,1.3548642195297149e-33,0,9.5117249231237466e-17,0,0,1,1,initial_state_satisfies_physical_gate,0,0,1,0.29999437366882148,1,1,0.99999999999999978,0,0
189,1.8900000000000001,0,initial_state_physical_gate,1.3548642195297149e-33,1.3548642195297149e-33,0,9.5117249231237466e-17,0,0,1,1,initial_state_satisfies_physical_gate,0,0,1,0.29999437366882148,1,1,0.99999999999999978,0,0
190,1.9000000000000001,0,initial_state_physical_gate,1.3548642195297149e-33,1.3548642195297149e-33,0,9.5117249231237466e-17,0,0,1,1,initial_state_satisfies_physical_gate,0,0,1,0.29999437366882148,1,1,0.99999999999999978,0,0
191,1.9100000000000001,0,initial_state_physical_gate,1.3548642195297149e-33,1.3548642195297149e-33,0,9.5117249231237466e-17,0,0,1,1,initial_state_satisfies_physical_gate,0,0,1,0.29999437366882148,1,1,0.99999999999999978,0,0
192,1.9199999999999999,0,initial_state_physical_gate,1.3548642195297149e-33,1.3548642195297149e-33,0,9.5117249231237466e-17,0,0,1,1,initial_state_satisfies_physical_gate,0,0,1,0.29999437366882148,1,1,0.99999999999999978,0,0
193,1.9299999999999999,0,initial_state_physical_gate,1.3548642195297149e-33,1.3548642195297149e-33,0,9.5117249231237466e-17,0,0,1,1,initial_state_satisfies_physical_gate,0,0,1,0.29999437366882148,1,1,0.99999999999999978,0,0
194,1.9399999999999999,0,initial_state_physical_gate,1.3548642195297149e-33,1.3548642195297149e-33,0,9.5117249231237466e-17,0,0,1,1,initial_state_satisfies_physical_gate,0,0,1,0.29999437366882148,1,1,0.99999999999999978,0,0
195,1.95,0,initial_state_physical_gate,1.3548642195297149e-33,1.3548642195297149e-33,0,9.5117249231237466e-17,0,0,1,1,initial_state_satisfies_physical_gate,0,0,1,0.29999437366882148,1,1,0.99999999999999978,0,0
196,1.96,0,initial_state_physical_gate,1.3548642195297149e-33,1.3548642195297149e-33,0,9.5117249231237466e-17,0,0,1,1,initial_state_satisfies_physical_gate,0,0,1,0.29999437366882148,1,1,0.99999999999999978,0,0
197,1.97,0,initial_state_physical_gate,1.3548642195297149e-33,1.3548642195297149e-33,0,9.5117249231237466e-17,0,0,1,1,initial_state_satisfies_physical_gate,0,0,1,0.29999437366882148,1,1,0.99999999999999978,0,0
198,1.98,0,initial_state_physical_gate,1.3548642195297149e-33,1.3548642195297149e-33,0,9.5117249231237466e-17,0,0,1,1,initial_state_satisfies_physical_gate,0,0,1,0.29999437366882148,1,1,0.99999999999999978,0,0
199,1.99,0,initial_state_physical_gate,1.3548642195297149e-33,1.3548642195297149e-33,0,9.5117249231237466e-17,0,0,1,1,initial_state_satisfies_physical_gate,0,0,1,0.29999437366882148,1,1,0.99999999999999978,0,0
200,2,0,initial_state_physical_gate,1.3548642195297149e-33,1.3548642195297149e-33,0,9.5117249231237466e-17,0,0,1,1,initial_state_satisfies_physical_gate,0,0,1,0.29999437366882148,1,1,0.99999999999999978,0,0
201,2.0100000000000002,0,initial_state_physical_gate,1.3548642195297149e-33,1.3548642195297149e-33,0,9.5117249231237466e-17,0,0,1,1,initial_state_satisfies_physical_gate,0,0,1,0.29999437366882148,1,1,0.99999999999999978,0,0
202,2.02,0,initial_state_physical_gate,1.3548642195297149e-33,1.3548642195297149e-33,0,9.5117249231237466e-17,0,0,1,1,initial_state_satisfies_physical_gate,0,0,1,0.29999437366882148,1,1,0.99999999999999978,0,0
203,2.0300000000000002,0,initial_state_physical_gate,1.3548642195297149e-33,1.3548642195297149e-33,0,9.5117249231237466e-17,0,0,1,1,initial_state_satisfies_physical_gate,0,0,1,0.29999437366882148,1,1,0.99999999999999978,0,0
204,2.04,0,initial_state_physical_gate,1.3548642195297149e-33,1.3548642195297149e-33,0,9.5117249231237466e-17,0,0,1,1,initial_state_satisfies_physical_gate,0,0,1,0.29999437366882148,1,1,0.99999999999999978,0,0
205,2.0499999999999998,0,initial_state_physical_gate,1.3548642195297149e-33,1.3548642195297149e-33,0,9.5117249231237466e-17,0,0,1,1,initial_state_satisfies_physical_gate,0,0,1,0.29999437366882148,1,1,0.99999999999999978,0,0
206,2.0600000000000001,0,initial_state_physical_gate,1.3548642195297149e-33,1.3548642195297149e-33,0,9.5117249231237466e-17,0,0,1,1,initial_state_satisfies_physical_gate,0,0,1,0.29999437366882148,1,1,0.99999999999999978,0,0
207,2.0699999999999998,0,initial_state_physical_gate,1.3548642195297149e-33,1.3548642195297149e-33,0,9.5117249231237466e-17,0,0,1,1,initial_state_satisfies_physical_gate,0,0,1,0.29999437366882148,1,1,0.99999999999999978,0,0
208,2.0800000000000001,0,initial_state_physical_gate,1.3548642195297149e-33,1.3548642195297149e-33,0,9.5117249231237466e-17,0,0,1,1,initial_state_satisfies_physical_gate,0,0,1,0.29999437366882148,1,1,0.99999999999999978,0,0
209,2.0899999999999999,0,initial_state_physical_gate,1.3548642195297149e-33,1.3548642195297149e-33,0,9.5117249231237466e-17,0,0,1,1,initial_state_satisfies_physical_gate,0,0,1,0.29999437366882148,1,1,0.99999999999999978,0,0
210,2.1000000000000001,0,initial_state_physical_gate,1.3548642195297149e-33,1.3548642195297149e-33,0,9.5117249231237466e-17,0,0,1,1,initial_state_satisfies_physical_gate,0,0,1,0.29999437366882148,1,1,0.99999999999999978,0,0
211,2.1099999999999999,0,initial_state_physical_gate,1.3548642195297149e-33,1.3548642195297149e-33,0,9.5117249231237466e-17,0,0,1,1,initial_state_satisfies_physical_gate,0,0,1,0.29999437366882148,1,1,0.99999999999999978,0,0
212,2.1200000000000001,0,initial_state_physical_gate,1.3548642195297149e-33,1.3548642195297149e-33,0,9.5117249231237466e-17,0,0,1,1,initial_state_satisfies_physical_gate,0,0,1,0.29999437366882148,1,1,0.99999999999999978,0,0
213,2.1299999999999999,0,initial_state_physical_gate,1.3548642195297149e-33,1.3548642195297149e-33,0,9.5117249231237466e-17,0,0,1,1,initial_state_satisfies_physical_gate,0,0,1,0.29999437366882148,1,1,0.99999999999999978,0,0
214,2.1400000000000001,0,initial_state_physical_gate,1.3548642195297149e-33,1.3548642195297149e-33,0,9.5117249231237466e-17,0,0,1,1,initial_state_satisfies_physical_gate,0,0,1,0.29999437366882148,1,1,0.99999999999999978,0,0
215,2.1499999999999999,0,initial_state_physical_gate,1.3548642195297149e-33,1.3548642195297149e-33,0,9.5117249231237466e-17,0,0,1,1,initial_state_satisfies_physical_gate,0,0,1,0.29999437366882148,1,1,0.99999999999999978,0,0
216,2.1600000000000001,0,initial_state_physical_gate,1.3548642195297149e-33,1.3548642195297149e-33,0,9.5117249231237466e-17,0,0,1,1,initial_state_satisfies_physical_gate,0,0,1,0.29999437366882148,1,1,0.99999999999999978,0,0
217,2.1699999999999999,0,initial_state_physical_gate,1.3548642195297149e-33,1.3548642195297149e-33,0,9.5117249231237466e-17,0,0,1,1,initial_state_satisfies_physical_gate,0,0,1,0.29999437366882148,1,1,0.99999999999999978,0,0
218,2.1800000000000002,0,initial_state_physical_gate,1.3548642195297149e-33,1.3548642195297149e-33,0,9.5117249231237466e-17,0,0,1,1,initial_state_satisfies_physical_gate,0,0,1,0.29999437366882148,1,1,0.99999999999999978,0,0
219,2.1899999999999999,0,initial_state_physical_gate,1.3548642195297149e-33,1.3548642195297149e-33,0,9.5117249231237466e-17,0,0,1,1,initial_state_satisfies_physical_gate,0,0,1,0.29999437366882148,1,1,0.99999999999999978,0,0
220,2.2000000000000002,0,initial_state_physical_gate,1.3548642195297149e-33,1.3548642195297149e-33,0,9.5117249231237466e-17,0,0,1,1,initial_state_satisfies_physical_gate,0,0,1,0.29999437366882148,1,1,0.99999999999999978,0,0
221,2.21,0,initial_state_physical_gate,1.3548642195297149e-33,1.3548642195297149e-33,0,9.5117249231237466e-17,0,0,1,1,initial_state_satisfies_physical_gate,0,0,1,0.29999437366882148,1,1,0.99999999999999978,0,0
222,2.2200000000000002,0,initial_state_physical_gate,1.3548642195297149e-33,1.3548642195297149e-33,0,9.5117249231237466e-17,0,0,1,1,initial_state_satisfies_physical_gate,0,0,1,0.29999437366882148,1,1,0.99999999999999978,0,0
223,2.23,0,initial_state_physical_gate,1.3548642195297149e-33,1.3548642195297149e-33,0,9.5117249231237466e-17,0,0,1,1,initial_state_satisfies_physical_gate,0,0,1,0.29999437366882148,1,1,0.99999999999999978,0,0
224,2.2400000000000002,0,initial_state_physical_gate,1.3548642195297149e-33,1.3548642195297149e-33,0,9.5117249231237466e-17,0,0,1,1,initial_state_satisfies_physical_gate,0,0,1,0.29999437366882148,1,1,0.99999999999999978,0,0
225,2.25,0,initial_state_physical_gate,1.3548642195297149e-33,1.3548642195297149e-33,0,9.5117249231237466e-17,0,0,1,1,initial_state_satisfies_physical_gate,0,0,1,0.29999437366882148,1,1,0.99999999999999978,0,0
226,2.2600000000000002,0,initial_state_physical_gate,1.3548642195297149e-33,1.3548642195297149e-33,0,9.5117249231237466e-17,0,0,1,1,initial_state_satisfies_physical_gate,0,0,1,0.29999437366882148,1,1,0.99999999999999978,0,0
227,2.27,0,initial_state_physical_gate,1.3548642195297149e-33,1.3548642195297149e-33,0,9.5117249231237466e-17,0,0,1,1,initial_state_satisfies_physical_gate,0,0,1,0.29999437366882148,1,1,0.99999999999999978,0,0
228,2.2800000000000002,0,initial_state_physical_gate,1.3548642195297149e-33,1.3548642195297149e-33,0,9.5117249231237466e-17,0,0,1,1,initial_state_satisfies_physical_gate,0,0,1,0.29999437366882148,1,1,0.99999999999999978,0,0
229,2.29,0,initial_state_physical_gate,1.3548642195297149e-33,1.3548642195297149e-33,0,9.5117249231237466e-17,0,0,1,1,initial_state_satisfies_physical_gate,0,0,1,0.29999437366882148,1,1,0.99999999999999978,0,0
230,2.3000000000000003,0,initial_state_physical_gate,1.3548642195297149e-33,1.3548642195297149e-33,0,9.5117249231237466e-17,0,0,1,1,initial_state_satisfies_physical_gate,0,0,1,0.29999437366882148,1,1,0.99999999999999978,0,0
231,2.3100000000000001,0,initial_state_physical_gate,1.3548642195297149e-33,1.3548642195297149e-33,0,9.5117249231237466e-17,0,0,1,1,initial_state_satisfies_physical_gate,0,0,1,0.29999437366882148,1,1,0.99999999999999978,0,0
232,2.3199999999999998,0,initial_state_physical_gate,1.3548642195297149e-33,1.3548642195297149e-33,0,9.5117249231237466e-17,0,0,1,1,initial_state_satisfies_physical_gate,0,0,1,0.29999437366882148,1,1,0.99999999999999978,0,0
233,2.3300000000000001,0,initial_state_physical_gate,1.3548642195297149e-33,1.3548642195297149e-33,0,9.5117249231237466e-17,0,0,1,1,initial_state_satisfies_physical_gate,0,0,1,0.29999437366882148,1,1,0.99999999999999978,0,0
234,2.3399999999999999,0,initial_state_physical_gate,1.3548642195297149e-33,1.3548642195297149e-33,0,9.5117249231237466e-17,0,0,1,1,initial_state_satisfies_physical_gate,0,0,1,0.29999437366882148,1,1,0.99999999999999978,0,0
235,2.3500000000000001,0,initial_state_physical_gate,1.3548642195297149e-33,1.3548642195297149e-33,0,9.5117249231237466e-17,0,0,1,1,initial_state_satisfies_physical_gate,0,0,1,0.29999437366882148,1,1,0.99999999999999978,0,0
236,2.3599999999999999,0,initial_state_physical_gate,1.3548642195297149e-33,1.3548642195297149e-33,0,9.5117249231237466e-17,0,0,1,1,initial_state_satisfies_physical_gate,0,0,1,0.29999437366882148,1,1,0.99999999999999978,0,0
237,2.3700000000000001,0,initial_state_physical_gate,1.3548642195297149e-33,1.3548642195297149e-33,0,9.5117249231237466e-17,0,0,1,1,initial_state_satisfies_physical_gate,0,0,1,0.29999437366882148,1,1,0.99999999999999978,0,0
238,2.3799999999999999,0,initial_state_physical_gate,1.3548642195297149e-33,1.3548642195297149e-33,0,9.5117249231237466e-17,0,0,1,1,initial_state_satisfies_physical_gate,0,0,1,0.29999437366882148,1,1,0.99999999999999978,0,0
239,2.3900000000000001,0,initial_state_physical_gate,1.3548642195297149e-33,1.3548642195297149e-33,0,9.5117249231237466e-17,0,0,1,1,initial_state_satisfies_physical_gate,0,0,1,0.29999437366882148,1,1,0.99999999999999978,0,0
240,2.3999999999999999,0,initial_state_physical_gate,1.3548642195297149e-33,1.3548642195297149e-33,0,9.5117249231237466e-17,0,0,1,1,initial_state_satisfies_physical_gate,0,0,1,0.29999437366882148,1,1,0.99999999999999978,0,0
241,2.4100000000000001,0,initial_state_physical_gate,1.3548642195297149e-33,1.3548642195297149e-33,0,9.5117249231237466e-17,0,0,1,1,initial_state_satisfies_physical_gate,0,0,1,0.29999437366882148,1,1,0.99999999999999978,0,0
242,2.4199999999999999,0,initial_state_physical_gate,1.3548642195297149e-33,1.3548642195297149e-33,0,9.5117249231237466e-17,0,0,1,1,initial_state_satisfies_physical_gate,0,0,1,0.29999437366882148,1,1,0.99999999999999978,0,0
243,2.4300000000000002,0,initial_state_physical_gate,1.3548642195297149e-33,1.3548642195297149e-33,0,9.5117249231237466e-17,0,0,1,1,initial_state_satisfies_physical_gate,0,0,1,0.29999437366882148,1,1,0.99999999999999978,0,0
244,2.4399999999999999,0,initial_state_physical_gate,1.3548642195297149e-33,1.3548642195297149e-33,0,9.5117249231237466e-17,0,0,1,1,initial_state_satisfies_physical_gate,0,0,1,0.29999437366882148,1,1,0.99999999999999978,0,0
245,2.4500000000000002,0,initial_state_physical_gate,1.3548642195297149e-33,1.3548642195297149e-33,0,9.5117249231237466e-17,0,0,1,1,initial_state_satisfies_physical_gate,0,0,1,0.29999437366882148,1,1,0.99999999999999978,0,0
246,2.46,0,initial_state_physical_gate,1.3548642195297149e-33,1.3548642195297149e-33,0,9.5117249231237466e-17,0,0,1,1,initial_state_satisfies_physical_gate,0,0,1,0.29999437366882148,1,1,0.99999999999999978,0,0
247,2.4700000000000002,0,initial_state_physical_gate,1.3548642195297149e-33,1.3548642195297149e-33,0,9.5117249231237466e-17,0,0,1,1,initial_state_satisfies_physical_gate,0,0,1,0.29999437366882148,1,1,0.99999999999999978,0,0
248,2.48,0,initial_state_physical_gate,1.3548642195297149e-33,1.3548642195297149e-33,0,9.5117249231237466e-17,0,0,1,1,initial_state_satisfies_physical_gate,0,0,1,0.29999437366882148,1,1,0.99999999999999978,0,0
249,2.4900000000000002,0,initial_state_physical_gate,1.3548642195297149e-33,1.3548642195297149e-33,0,9.5117249231237466e-17,0,0,1,1,initial_state_satisfies_physical_gate,0,0,1,0.29999437366882148,1,1,0.99999999999999978,0,0
250,2.5,0,initial_state_physical_gate,1.3548642195297149e-33,1.3548642195297149e-33,0,9.5117249231237466e-17,0,0,1,1,initial_state_satisfies_physical_gate,0,0,1,0.29999437366882148,1,1,0.99999999999999978,0,0
251,2.5100000000000002,0,initial_state_physical_gate,1.3548642195297149e-33,1.3548642195297149e-33,0,9.5117249231237466e-17,0,0,1,1,initial_state_satisfies_physical_gate,0,0,1,0.29999437366882148,1,1,0.99999999999999978,0,0
252,2.52,0,initial_state_physical_gate,1.3548642195297149e-33,1.3548642195297149e-33,0,9.5117249231237466e-17,0,0,1,1,initial_state_satisfies_physical_gate,0,0,1,0.29999437366882148,1,1,0.99999999999999978,0,0
253,2.5300000000000002,0,initial_state_physical_gate,1.3548642195297149e-33,1.3548642195297149e-33,0,9.5117249231237466e-17,0,0,1,1,initial_state_satisfies_physical_gate,0,0,1,0.29999437366882148,1,1,0.99999999999999978,0,0
254,2.54,0,initial_state_physical_gate,1.3548642195297149e-33,1.3548642195297149e-33,0,9.5117249231237466e-17,0,0,1,1,initial_state_satisfies_physical_gate,0,0,1,0.29999437366882148,1,1,0.99999999999999978,0,0
255,2.5500000000000003,0,initial_state_physical_gate,1.3548642195297149e-33,1.3548642195297149e-33,0,9.5117249231237466e-17,0,0,1,1,initial_state_satisfies_physical_gate,0,0,1,0.29999437366882148,1,1,0.99999999999999978,0,0
256,2.5600000000000001,0,initial_state_physical_gate,1.3548642195297149e-33,1.3548642195297149e-33,0,9.5117249231237466e-17,0,0,1,1,initial_state_satisfies_physical_gate,0,0,1,0.29999437366882148,1,1,0.99999999999999978,0,0
257,2.5699999999999998,0,initial_state_physical_gate,1.3548642195297149e-33,1.3548642195297149e-33,0,9.5117249231237466e-17,0,0,1,1,initial_state_satisfies_physical_gate,0,0,1,0.29999437366882148,1,1,0.99999999999999978,0,0
258,2.5800000000000001,0,initial_state_physical_gate,1.3548642195297149e-33,1.3548642195297149e-33,0,9.5117249231237466e-17,0,0,1,1,initial_state_satisfies_physical_gate,0,0,1,0.29999437366882148,1,1,0.99999999999999978,0,0
259,2.5899999999999999,0,initial_state_physical_gate,1.3548642195297149e-33,1.3548642195297149e-33,0,9.5117249231237466e-17,0,0,1,1,initial_state_satisfies_physical_gate,0,0,1,0.29999437366882148,1,1,0.99999999999999978,0,0
260,2.6000000000000001,0,initial_state_physical_gate,1.3548642195297149e-33,1.3548642195297149e-33,0,9.5117249231237466e-17,0,0,1,1,initial_state_satisfies_physical_gate,0,0,1,0.29999437366882148,1,1,0.99999999999999978,0,0
261,2.6099999999999999,0,initial_state_physical_gate,1.3548642195297149e-33,1.3548642195297149e-33,0,9.5117249231237466e-17,0,0,1,1,initial_state_satisfies_physical_gate,0,0,1,0.29999437366882148,1,1,0.99999999999999978,0,0
262,2.6200000000000001,0,initial_state_physical_gate,1.3548642195297149e-33,1.3548642195297149e-33,0,9.5117249231237466e-17,0,0,1,1,initial_state_satisfies_physical_gate,0,0,1,0.29999437366882148,1,1,0.99999999999999978,0,0
263,2.6299999999999999,0,initial_state_physical_gate,1.3548642195297149e-33,1.3548642195297149e-33,0,9.5117249231237466e-17,0,0,1,1,initial_state_satisfies_physical_gate,0,0,1,0.29999437366882148,1,1,0.99999999999999978,0,0
264,2.6400000000000001,0,initial_state_physical_gate,1.3548642195297149e-33,1.3548642195297149e-33,0,9.5117249231237466e-17,0,0,1,1,initial_state_satisfies_physical_gate,0,0,1,0.29999437366882148,1,1,0.99999999999999978,0,0
265,2.6499999999999999,0,initial_state_physical_gate,1.3548642195297149e-33,1.3548642195297149e-33,0,9.5117249231237466e-17,0,0,1,1,initial_state_satisfies_physical_gate,0,0,1,0.29999437366882148,1,1,0.99999999999999978,0,0
266,2.6600000000000001,0,initial_state_physical_gate,1.3548642195297149e-33,1.3548642195297149e-33,0,9.5117249231237466e-17,0,0,1,1,initial_state_satisfies_physical_gate,0,0,1,0.29999437366882148,1,1,0.99999999999999978,0,0
267,2.6699999999999999,0,initial_state_physical_gate,1.3548642195297149e-33,1.3548642195297149e-33,0,9.5117249231237466e-17,0,0,1,1,initial_state_satisfies_physical_gate,0,0,1,0.29999437366882148,1,1,0.99999999999999978,0,0
268,2.6800000000000002,0,initial_state_physical_gate,1.3548642195297149e-33,1.3548642195297149e-33,0,9.5117249231237466e-17,0,0,1,1,initial_state_satisfies_physical_gate,0,0,1,0.29999437366882148,1,1,0.99999999999999978,0,0
269,2.6899999999999999,0,initial_state_physical_gate,1.3548642195297149e-33,1.3548642195297149e-33,0,9.5117249231237466e-17,0,0,1,1,initial_state_satisfies_physical_gate,0,0,1,0.29999437366882148,1,1,0.99999999999999978,0,0
270,2.7000000000000002,0,initial_state_physical_gate,1.3548642195297149e-33,1.3548642195297149e-33,0,9.5117249231237466e-17,0,0,1,1,initial_state_satisfies_physical_gate,0,0,1,0.29999437366882148,1,1,0.99999999999999978,0,0
271,2.71,0,initial_state_physical_gate,1.3548642195297149e-33,1.3548642195297149e-33,0,9.5117249231237466e-17,0,0,1,1,initial_state_satisfies_physical_gate,0,0,1,0.29999437366882148,1,1,0.99999999999999978,0,0
272,2.7200000000000002,0,initial_state_physical_gate,1.3548642195297149e-33,1.3548642195297149e-33,0,9.5117249231237466e-17,0,0,1,1,initial_state_satisfies_physical_gate,0,0,1,0.29999437366882148,1,1,0.99999999999999978,0,0
273,2.73,0,initial_state_physical_gate,1.3548642195297149e-33,1.3548642195297149e-33,0,9.5117249231237466e-17,0,0,1,1,initial_state_satisfies_physical_gate,0,0,1,0.29999437366882148,1,1,0.99999999999999978,0,0
274,2.7400000000000002,0,initial_state_physical_gate,1.3548642195297149e-33,1.3548642195297149e-33,0,9.5117249231237466e-17,0,0,1,1,initial_state_satisfies_physical_gate,0,0,1,0.29999437366882148,1,1,0.99999999999999978,0,0
275,2.75,0,initial_state_physical_gate,1.3548642195297149e-33,1.3548642195297149e-33,0,9.5117249231237466e-17,0,0,1,1,initial_state_satisfies_physical_gate,0,0,1,0.29999437366882148,1,1,0.99999999999999978,0,0
276,2.7600000000000002,0,initial_state_physical_gate,1.3548642195297149e-33,1.3548642195297149e-33,0,9.5117249231237466e-17,0,0,1,1,initial_state_satisfies_physical_gate,0,0,1,0.29999437366882148,1,1,0.99999999999999978,0,0
277,2.77,0,initial_state_physical_gate,1.3548642195297149e-33,1.3548642195297149e-33,0,9.5117249231237466e-17,0,0,1,1,initial_state_satisfies_physical_gate,0,0,1,0.29999437366882148,1,1,0.99999999999999978,0,0
278,2.7800000000000002,0,initial_state_physical_gate,1.3548642195297149e-33,1.3548642195297149e-33,0,9.5117249231237466e-17,0,0,1,1,initial_state_satisfies_physical_gate,0,0,1,0.29999437366882148,1,1,0.99999999999999978,0,0
279,2.79,0,initial_state_physical_gate,1.3548642195297149e-33,1.3548642195297149e-33,0,9.5117249231237466e-17,0,0,1,1,initial_state_satisfies_physical_gate,0,0,1,0.29999437366882148,1,1,0.99999999999999978,0,0
280,2.8000000000000003,0,initial_state_physical_gate,1.3548642195297149e-33,1.3548642195297149e-33,0,9.5117249231237466e-17,0,0,1,1,initial_state_satisfies_physical_gate,0,0,1,0.29999437366882148,1,1,0.99999999999999978,0,0
281,2.8100000000000001,0,initial_state_physical_gate,1.3548642195297149e-33,1.3548642195297149e-33,0,9.5117249231237466e-17,0,0,1,1,initial_state_satisfies_physical_gate,0,0,1,0.29999437366882148,1,1,0.99999999999999978,0,0
282,2.8199999999999998,0,initial_state_physical_gate,1.3548642195297149e-33,1.3548642195297149e-33,0,9.5117249231237466e-17,0,0,1,1,initial_state_satisfies_physical_gate,0,0,1,0.29999437366882148,1,1,0.99999999999999978,0,0
283,2.8300000000000001,0,initial_state_physical_gate,1.3548642195297149e-33,1.3548642195297149e-33,0,9.5117249231237466e-17,0,0,1,1,initial_state_satisfies_physical_gate,0,0,1,0.29999437366882148,1,1,0.99999999999999978,0,0
284,2.8399999999999999,0,initial_state_physical_gate,1.3548642195297149e-33,1.3548642195297149e-33,0,9.5117249231237466e-17,0,0,1,1,initial_state_satisfies_physical_gate,0,0,1,0.29999437366882148,1,1,0.99999999999999978,0,0
285,2.8500000000000001,0,initial_state_physical_gate,1.3548642195297149e-33,1.3548642195297149e-33,0,9.5117249231237466e-17,0,0,1,1,initial_state_satisfies_physical_gate,0,0,1,0.29999437366882148,1,1,0.99999999999999978,0,0
286,2.8599999999999999,0,initial_state_physical_gate,1.3548642195297149e-33,1.3548642195297149e-33,0,9.5117249231237466e-17,0,0,1,1,initial_state_satisfies_physical_gate,0,0,1,0.29999437366882148,1,1,0.99999999999999978,0,0
287,2.8700000000000001,0,initial_state_physical_gate,1.3548642195297149e-33,1.3548642195297149e-33,0,9.5117249231237466e-17,0,0,1,1,initial_state_satisfies_physical_gate,0,0,1,0.29999437366882148,1,1,0.99999999999999978,0,0
288,2.8799999999999999,0,initial_state_physical_gate,1.3548642195297149e-33,1.3548642195297149e-33,0,9.5117249231237466e-17,0,0,1,1,initial_state_satisfies_physical_gate,0,0,1,0.29999437366882148,1,1,0.99999999999999978,0,0
289,2.8900000000000001,0,initial_state_physical_gate,1.3548642195297149e-33,1.3548642195297149e-33,0,9.5117249231237466e-17,0,0,1,1,initial_state_satisfies_physical_gate,0,0,1,0.29999437366882148,1,1,0.99999999999999978,0,0
290,2.8999999999999999,0,initial_state_physical_gate,1.3548642195297149e-33,1.3548642195297149e-33,0,9.5117249231237466e-17,0,0,1,1,initial_state_satisfies_physical_gate,0,0,1,0.29999437366882148,1,1,0.99999999999999978,0,0
291,2.9100000000000001,0,initial_state_physical_gate,1.3548642195297149e-33,1.3548642195297149e-33,0,9.5117249231237466e-17,0,0,1,1,initial_state_satisfies_physical_gate,0,0,1,0.29999437366882148,1,1,0.99999999999999978,0,0
292,2.9199999999999999,0,initial_state_physical_gate,1.3548642195297149e-33,1.3548642195297149e-33,0,9.5117249231237466e-17,0,0,1,1,initial_state_satisfies_physical_gate,0,0,1,0.29999437366882148,1,1,0.99999999999999978,0,0
293,2.9300000000000002,0,initial_state_physical_gate,1.3548642195297149e-33,1.3548642195297149e-33,0,9.5117249231237466e-17,0,0,1,1,initial_state_satisfies_physical_gate,0,0,1,0.29999437366882148,1,1,0.99999999999999978,0,0
294,2.9399999999999999,0,initial_state_physical_gate,1.3548642195297149e-33,1.3548642195297149e-33,0,9.5117249231237466e-17,0,0,1,1,initial_state_satisfies_physical_gate,0,0,1,0.29999437366882148,1,1,0.99999999999999978,0,0
295,2.9500000000000002,0,initial_state_physical_gate,1.3548642195297149e-33,1.3548642195297149e-33,0,9.5117249231237466e-17,0,0,1,1,initial_state_satisfies_physical_gate,0,0,1,0.29999437366882148,1,1,0.99999999999999978,0,0
296,2.96,0,initial_state_physical_gate,1.3548642195297149e-33,1.3548642195297149e-33,0,9.5117249231237466e-17,0,0,1,1,initial_state_satisfies_physical_gate,0,0,1,0.29999437366882148,1,1,0.99999999999999978,0,0
297,2.9700000000000002,0,initial_state_physical_gate,1.3548642195297149e-33,1.3548642195297149e-33,0,9.5117249231237466e-17,0,0,1,1,initial_state_satisfies_physical_gate,0,0,1,0.29999437366882148,1,1,0.99999999999999978,0,0
298,2.98,0,initial_state_physical_gate,1.3548642195297149e-33,1.3548642195297149e-33,0,9.5117249231237466e-17,0,0,1,1,initial_state_satisfies_physical_gate,0,0,1,0.29999437366882148,1,1,0.99999999999999978,0,0
299,2.9900000000000002,0,initial_state_physical_gate,1.3548642195297149e-33,1.3548642195297149e-33,0,9.5117249231237466e-17,0,0,1,1,initial_state_satisfies_physical_gate,0,0,1,0.29999437366882148,1,1,0.99999999999999978,0,0
300,3,0,initial_state_physical_gate,1.3548642195297149e-33,1.3548642195297149e-33,0,9.5117249231237466e-17,0,0,1,1,initial_state_satisfies_physical_gate,0,0,1,0.29999437366882148,1,1,0.99999999999999978,0,0
301,3.0100000000000002,0,initial_state_physical_gate,1.3548642195297149e-33,1.3548642195297149e-33,0,9.5117249231237466e-17,0,0,1,1,initial_state_satisfies_physical_gate,0,0,1,0.29999437366882148,1,1,0.99999999999999978,0,0
302,3.02,0,initial_state_physical_gate,1.3548642195297149e-33,1.3548642195297149e-33,0,9.5117249231237466e-17,0,0,1,1,initial_state_satisfies_physical_gate,0,0,1,0.29999437366882148,1,1,0.99999999999999978,0,0
303,3.0300000000000002,0,initial_state_physical_gate,1.3548642195297149e-33,1.3548642195297149e-33,0,9.5117249231237466e-17,0,0,1,1,initial_state_satisfies_physical_gate,0,0,1,0.29999437366882148,1,1,0.99999999999999978,0,0
304,3.04,0,initial_state_physical_gate,1.3548642195297149e-33,1.3548642195297149e-33,0,9.5117249231237466e-17,0,0,1,1,initial_state_satisfies_physical_gate,0,0,1,0.29999437366882148,1,1,0.99999999999999978,0,0
305,3.0500000000000003,0,initial_state_physical_gate,1.3548642195297149e-33,1.3548642195297149e-33,0,9.5117249231237466e-17,0,0,1,1,initial_state_satisfies_physical_gate,0,0,1,0.29999437366882148,1,1,0.99999999999999978,0,0
306,3.0600000000000001,0,initial_state_physical_gate,1.3548642195297149e-33,1.3548642195297149e-33,0,9.5117249231237466e-17,0,0,1,1,initial_state_satisfies_physical_gate,0,0,1,0.29999437366882148,1,1,0.99999999999999978,0,0
307,3.0700000000000003,0,initial_state_physical_gate,1.3548642195297149e-33,1.3548642195297149e-33,0,9.5117249231237466e-17,0,0,1,1,initial_state_satisfies_physical_gate,0,0,1,0.29999437366882148,1,1,0.99999999999999978,0,0
308,3.0800000000000001,0,initial_state_physical_gate,1.3548642195297149e-33,1.3548642195297149e-33,0,9.5117249231237466e-17,0,0,1,1,initial_state_satisfies_physical_gate,0,0,1,0.29999437366882148,1,1,0.99999999999999978,0,0
309,3.0899999999999999,0,initial_state_physical_gate,1.3548642195297149e-33,1.3548642195297149e-33,0,9.5117249231237466e-17,0,0,1,1,initial_state_satisfies_physical_gate,0,0,1,0.29999437366882148,1,1,0.99999999999999978,0,0
310,3.1000000000000001,0,initial_state_physical_gate,1.3548642195297149e-33,1.3548642195297149e-33,0,9.5117249231237466e-17,0,0,1,1,initial_state_satisfies_physical_gate,0,0,1,0.29999437366882148,1,1,0.99999999999999978,0,0
311,3.1099999999999999,0,initial_state_physical_gate,1.3548642195297149e-33,1.3548642195297149e-33,0,9.5117249231237466e-17,0,0,1,1,initial_state_satisfies_physical_gate,0,0,1,0.29999437366882148,1,1,0.99999999999999978,0,0
312,3.1200000000000001,0,initial_state_physical_gate,1.3548642195297149e-33,1.3548642195297149e-33,0,9.5117249231237466e-17,0,0,1,1,initial_state_satisfies_physical_gate,0,0,1,0.29999437366882148,1,1,0.99999999999999978,0,0
313,3.1299999999999999,0,initial_state_physical_gate,1.3548642195297149e-33,1.3548642195297149e-33,0,9.5117249231237466e-17,0,0,1,1,initial_state_satisfies_physical_gate,0,0,1,0.29999437366882148,1,1,0.99999999999999978,0,0
314,3.1400000000000001,0,initial_state_physical_gate,1.3548642195297149e-33,1.3548642195297149e-33,0,9.5117249231237466e-17,0,0,1,1,initial_state_satisfies_physical_gate,0,0,1,0.29999437366882148,1,1,0.99999999999999978,0,0
315,3.1499999999999999,0,initial_state_physical_gate,1.3548642195297149e-33,1.3548642195297149e-33,0,9.5117249231237466e-17,0,0,1,1,initial_state_satisfies_physical_gate,0,0,1,0.29999437366882148,1,1,0.99999999999999978,0,0
316,3.1600000000000001,0,initial_state_physical_gate,1.3548642195297149e-33,1.3548642195297149e-33,0,9.5117249231237466e-17,0,0,1,1,initial_state_satisfies_physical_gate,0,0,1,0.29999437366882148,1,1,0.99999999999999978,0,0
317,3.1699999999999999,0,initial_state_physical_gate,1.3548642195297149e-33,1.3548642195297149e-33,0,9.5117249231237466e-17,0,0,1,1,initial_state_satisfies_physical_gate,0,0,1,0.29999437366882148,1,1,0.99999999999999978,0,0
318,3.1800000000000002,0,initial_state_physical_gate,1.3548642195297149e-33,1.3548642195297149e-33,0,9.5117249231237466e-17,0,0,1,1,initial_state_satisfies_physical_gate,0,0,1,0.29999437366882148,1,1,0.99999999999999978,0,0
319,3.1899999999999999,0,initial_state_physical_gate,1.3548642195297149e-33,1.3548642195297149e-33,0,9.5117249231237466e-17,0,0,1,1,initial_state_satisfies_physical_gate,0,0,1,0.29999437366882148,1,1,0.99999999999999978,0,0
320,3.2000000000000002,0,initial_state_physical_gate,1.3548642195297149e-33,1.3548642195297149e-33,0,9.5117249231237466e-17,0,0,1,1,initial_state_satisfies_physical_gate,0,0,1,0.29999437366882148,1,1,0.99999999999999978,0,0
321,3.21,0,initial_state_physical_gate,1.3548642195297149e-33,1.3548642195297149e-33,0,9.5117249231237466e-17,0,0,1,1,initial_state_satisfies_physical_gate,0,0,1,0.29999437366882148,1,1,0.99999999999999978,0,0
322,3.2200000000000002,0,initial_state_physical_gate,1.3548642195297149e-33,1.3548642195297149e-33,0,9.5117249231237466e-17,0,0,1,1,initial_state_satisfies_physical_gate,0,0,1,0.29999437366882148,1,1,0.99999999999999978,0,0
323,3.23,0,initial_state_physical_gate,1.3548642195297149e-33,1.3548642195297149e-33,0,9.5117249231237466e-17,0,0,1,1,initial_state_satisfies_physical_gate,0,0,1,0.29999437366882148,1,1,0.99999999999999978,0,0
324,3.2400000000000002,0,initial_state_physical_gate,1.3548642195297149e-33,1.3548642195297149e-33,0,9.5117249231237466e-17,0,0,1,1,initial_state_satisfies_physical_gate,0,0,1,0.29999437366882148,1,1,0.99999999999999978,0,0
325,3.25,0,initial_state_physical_gate,1.3548642195297149e-33,1.3548642195297149e-33,0,9.5117249231237466e-17,0,0,1,1,initial_state_satisfies_physical_gate,0,0,1,0.29999437366882148,1,1,0.99999999999999978,0,0
326,3.2600000000000002,0,initial_state_physical_gate,1.3548642195297149e-33,1.3548642195297149e-33,0,9.5117249231237466e-17,0,0,1,1,initial_state_satisfies_physical_gate,0,0,1,0.29999437366882148,1,1,0.99999999999999978,0,0
327,3.27,0,initial_state_physical_gate,1.3548642195297149e-33,1.3548642195297149e-33,0,9.5117249231237466e-17,0,0,1,1,initial_state_satisfies_physical_gate,0,0,1,0.29999437366882148,1,1,0.99999999999999978,0,0
328,3.2800000000000002,0,initial_state_physical_gate,1.3548642195297149e-33,1.3548642195297149e-33,0,9.5117249231237466e-17,0,0,1,1,initial_state_satisfies_physical_gate,0,0,1,0.29999437366882148,1,1,0.99999999999999978,0,0
329,3.29,0,initial_state_physical_gate,1.3548642195297149e-33,1.3548642195297149e-33,0,9.5117249231237466e-17,0,0,1,1,initial_state_satisfies_physical_gate,0,0,1,0.29999437366882148,1,1,0.99999999999999978,0,0
330,3.3000000000000003,0,initial_state_physical_gate,1.3548642195297149e-33,1.3548642195297149e-33,0,9.5117249231237466e-17,0,0,1,1,initial_state_satisfies_physical_gate,0,0,1,0.29999437366882148,1,1,0.99999999999999978,0,0
331,3.3100000000000001,0,initial_state_physical_gate,1.3548642195297149e-33,1.3548642195297149e-33,0,9.5117249231237466e-17,0,0,1,1,initial_state_satisfies_physical_gate,0,0,1,0.29999437366882148,1,1,0.99999999999999978,0,0
332,3.3200000000000003,0,initial_state_physical_gate,1.3548642195297149e-33,1.3548642195297149e-33,0,9.5117249231237466e-17,0,0,1,1,initial_state_satisfies_physical_gate,0,0,1,0.29999437366882148,1,1,0.99999999999999978,0,0
333,3.3300000000000001,0,initial_state_physical_gate,1.3548642195297149e-33,1.3548642195297149e-33,0,9.5117249231237466e-17,0,0,1,1,initial_state_satisfies_physical_gate,0,0,1,0.29999437366882148,1,1,0.99999999999999978,0,0
334,3.3399999999999999,0,initial_state_physical_gate,1.3548642195297149e-33,1.3548642195297149e-33,0,9.5117249231237466e-17,0,0,1,1,initial_state_satisfies_physical_gate,0,0,1,0.29999437366882148,1,1,0.99999999999999978,0,0
335,3.3500000000000001,0,initial_state_physical_gate,1.3548642195297149e-33,1.3548642195297149e-33,0,9.5117249231237466e-17,0,0,1,1,initial_state_satisfies_physical_gate,0,0,1,0.29999437366882148,1,1,0.99999999999999978,0,0
336,3.3599999999999999,0,initial_state_physical_gate,1.3548642195297149e-33,1.3548642195297149e-33,0,9.5117249231237466e-17,0,0,1,1,initial_state_satisfies_physical_gate,0,0,1,0.29999437366882148,1,1,0.99999999999999978,0,0
337,3.3700000000000001,0,initial_state_physical_gate,1.3548642195297149e-33,1.3548642195297149e-33,0,9.5117249231237466e-17,0,0,1,1,initial_state_satisfies_physical_gate,0,0,1,0.29999437366882148,1,1,0.99999999999999978,0,0
338,3.3799999999999999,0,initial_state_physical_gate,1.3548642195297149e-33,1.3548642195297149e-33,0,9.5117249231237466e-17,0,0,1,1,initial_state_satisfies_physical_gate,0,0,1,0.29999437366882148,1,1,0.99999999999999978,0,0
339,3.3900000000000001,0,initial_state_physical_gate,1.3548642195297149e-33,1.3548642195297149e-33,0,9.5117249231237466e-17,0,0,1,1,initial_state_satisfies_physical_gate,0,0,1,0.29999437366882148,1,1,0.99999999999999978,0,0
340,3.3999999999999999,0,initial_state_physical_gate,1.3548642195297149e-33,1.3548642195297149e-33,0,9.5117249231237466e-17,0,0,1,1,initial_state_satisfies_physical_gate,0,0,1,0.29999437366882148,1,1,0.99999999999999978,0,0
341,3.4100000000000001,0,initial_state_physical_gate,1.3548642195297149e-33,1.3548642195297149e-33,0,9.5117249231237466e-17,0,0,1,1,initial_state_satisfies_physical_gate,0,0,1,0.29999437366882148,1,1,0.99999999999999978,0,0
342,3.4199999999999999,0,initial_state_physical_gate,1.3548642195297149e-33,1.3548642195297149e-33,0,9.5117249231237466e-17,0,0,1,1,initial_state_satisfies_physical_gate,0,0,1,0.29999437366882148,1,1,0.99999999999999978,0,0
343,3.4300000000000002,0,initial_state_physical_gate,1.3548642195297149e-33,1.3548642195297149e-33,0,9.5117249231237466e-17,0,0,1,1,initial_state_satisfies_physical_gate,0,0,1,0.29999437366882148,1,1,0.99999999999999978,0,0
344,3.4399999999999999,0,initial_state_physical_gate,1.3548642195297149e-33,1.3548642195297149e-33,0,9.5117249231237466e-17,0,0,1,1,initial_state_satisfies_physical_gate,0,0,1,0.29999437366882148,1,1,0.99999999999999978,0,0
345,3.4500000000000002,0,initial_state_physical_gate,1.3548642195297149e-33,1.3548642195297149e-33,0,9.5117249231237466e-17,0,0,1,1,initial_state_satisfies_physical_gate,0,0,1,0.29999437366882148,1,1,0.99999999999999978,0,0
346,3.46,0,initial_state_physical_gate,1.3548642195297149e-33,1.3548642195297149e-33,0,9.5117249231237466e-17,0,0,1,1,initial_state_satisfies_physical_gate,0,0,1,0.29999437366882148,1,1,0.99999999999999978,0,0
347,3.4700000000000002,0,initial_state_physical_gate,1.3548642195297149e-33,1.3548642195297149e-33,0,9.5117249231237466e-17,0,0,1,1,initial_state_satisfies_physical_gate,0,0,1,0.29999437366882148,1,1,0.99999999999999978,0,0
348,3.48,0,initial_state_physical_gate,1.3548642195297149e-33,1.3548642195297149e-33,0,9.5117249231237466e-17,0,0,1,1,initial_state_satisfies_physical_gate,0,0,1,0.29999437366882148,1,1,0.99999999999999978,0,0
349,3.4900000000000002,0,initial_state_physical_gate,1.3548642195297149e-33,1.3548642195297149e-33,0,9.5117249231237466e-17,0,0,1,1,initial_state_satisfies_physical_gate,0,0,1,0.29999437366882148,1,1,0.99999999999999978,0,0
350,3.5,0,initial_state_physical_gate,1.3548642195297149e-33,1.3548642195297149e-33,0,9.5117249231237466e-17,0,0,1,1,initial_state_satisfies_physical_gate,0,0,1,0.29999437366882148,1,1,0.99999999999999978,0,0
351,3.5100000000000002,0,initial_state_physical_gate,1.3548642195297149e-33,1.3548642195297149e-33,0,9.5117249231237466e-17,0,0,1,1,initial_state_satisfies_physical_gate,0,0,1,0.29999437366882148,1,1,0.99999999999999978,0,0
352,3.52,0,initial_state_physical_gate,1.3548642195297149e-33,1.3548642195297149e-33,0,9.5117249231237466e-17,0,0,1,1,initial_state_satisfies_physical_gate,0,0,1,0.29999437366882148,1,1,0.99999999999999978,0,0
353,3.5300000000000002,0,initial_state_physical_gate,1.3548642195297149e-33,1.3548642195297149e-33,0,9.5117249231237466e-17,0,0,1,1,initial_state_satisfies_physical_gate,0,0,1,0.29999437366882148,1,1,0.99999999999999978,0,0
354,3.54,0,initial_state_physical_gate,1.3548642195297149e-33,1.3548642195297149e-33,0,9.5117249231237466e-17,0,0,1,1,initial_state_satisfies_physical_gate,0,0,1,0.29999437366882148,1,1,0.99999999999999978,0,0
355,3.5500000000000003,0,initial_state_physical_gate,1.3548642195297149e-33,1.3548642195297149e-33,0,9.5117249231237466e-17,0,0,1,1,initial_state_satisfies_physical_gate,0,0,1,0.29999437366882148,1,1,0.99999999999999978,0,0
356,3.5600000000000001,0,initial_state_physical_gate,1.3548642195297149e-33,1.3548642195297149e-33,0,9.5117249231237466e-17,0,0,1,1,initial_state_satisfies_physical_gate,0,0,1,0.29999437366882148,1,1,0.99999999999999978,0,0
357,3.5700000000000003,0,initial_state_physical_gate,1.3548642195297149e-33,1.3548642195297149e-33,0,9.5117249231237466e-17,0,0,1,1,initial_state_satisfies_physical_gate,0,0,1,0.29999437366882148,1,1,0.99999999999999978,0,0
358,3.5800000000000001,0,initial_state_physical_gate,1.3548642195297149e-33,1.3548642195297149e-33,0,9.5117249231237466e-17,0,0,1,1,initial_state_satisfies_physical_gate,0,0,1,0.29999437366882148,1,1,0.99999999999999978,0,0
359,3.5899999999999999,0,initial_state_physical_gate,1.3548642195297149e-33,1.3548642195297149e-33,0,9.5117249231237466e-17,0,0,1,1,initial_state_satisfies_physical_gate,0,0,1,0.29999437366882148,1,1,0.99999999999999978,0,0
360,3.6000000000000001,0,initial_state_physical_gate,1.3548642195297149e-33,1.3548642195297149e-33,0,9.5117249231237466e-17,0,0,1,1,initial_state_satisfies_physical_gate,0,0,1,0.29999437366882148,1,1,0.99999999999999978,0,0
361,3.6099999999999999,0,initial_state_physical_gate,1.3548642195297149e-33,1.3548642195297149e-33,0,9.5117249231237466e-17,0,0,1,1,initial_state_satisfies_physical_gate,0,0,1,0.29999437366882148,1,1,0.99999999999999978,0,0
362,3.6200000000000001,0,initial_state_physical_gate,1.3548642195297149e-33,1.3548642195297149e-33,0,9.5117249231237466e-17,0,0,1,1,initial_state_satisfies_physical_gate,0,0,1,0.29999437366882148,1,1,0.99999999999999978,0,0
363,3.6299999999999999,0,initial_state_physical_gate,1.3548642195297149e-33,1.3548642195297149e-33,0,9.5117249231237466e-17,0,0,1,1,initial_state_satisfies_physical_gate,0,0,1,0.29999437366882148,1,1,0.99999999999999978,0,0
364,3.6400000000000001,0,initial_state_physical_gate,1.3548642195297149e-33,1.3548642195297149e-33,0,9.5117249231237466e-17,0,0,1,1,initial_state_satisfies_physical_gate,0,0,1,0.29999437366882148,1,1,0.99999999999999978,0,0
365,3.6499999999999999,0,initial_state_physical_gate,1.3548642195297149e-33,1.3548642195297149e-33,0,9.5117249231237466e-17,0,0,1,1,initial_state_satisfies_physical_gate,0,0,1,0.29999437366882148,1,1,0.99999999999999978,0,0
366,3.6600000000000001,0,initial_state_physical_gate,1.3548642195297149e-33,1.3548642195297149e-33,0,9.5117249231237466e-17,0,0,1,1,initial_state_satisfies_physical_gate,0,0,1,0.29999437366882148,1,1,0.99999999999999978,0,0
367,3.6699999999999999,0,initial_state_physical_gate,1.3548642195297149e-33,1.3548642195297149e-33,0,9.5117249231237466e-17,0,0,1,1,initial_state_satisfies_physical_gate,0,0,1,0.29999437366882148,1,1,0.99999999999999978,0,0
368,3.6800000000000002,0,initial_state_physical_gate,1.3548642195297149e-33,1.3548642195297149e-33,0,9.5117249231237466e-17,0,0,1,1,initial_state_satisfies_physical_gate,0,0,1,0.29999437366882148,1,1,0.99999999999999978,0,0
369,3.6899999999999999,0,initial_state_physical_gate,1.3548642195297149e-33,1.3548642195297149e-33,0,9.5117249231237466e-17,0,0,1,1,initial_state_satisfies_physical_gate,0,0,1,0.29999437366882148,1,1,0.99999999999999978,0,0
370,3.7000000000000002,0,initial_state_physical_gate,1.3548642195297149e-33,1.3548642195297149e-33,0,9.5117249231237466e-17,0,0,1,1,initial_state_satisfies_physical_gate,0,0,1,0.29999437366882148,1,1,0.99999999999999978,0,0
371,3.71,0,initial_state_physical_gate,1.3548642195297149e-33,1.3548642195297149e-33,0,9.5117249231237466e-17,0,0,1,1,initial_state_satisfies_physical_gate,0,0,1,0.29999437366882148,1,1,0.99999999999999978,0,0
372,3.7200000000000002,0,initial_state_physical_gate,1.3548642195297149e-33,1.3548642195297149e-33,0,9.5117249231237466e-17,0,0,1,1,initial_state_satisfies_physical_gate,0,0,1,0.29999437366882148,1,1,0.99999999999999978,0,0
373,3.73,0,initial_state_physical_gate,1.3548642195297149e-33,1.3548642195297149e-33,0,9.5117249231237466e-17,0,0,1,1,initial_state_satisfies_physical_gate,0,0,1,0.29999437366882148,1,1,0.99999999999999978,0,0
374,3.7400000000000002,0,initial_state_physical_gate,1.3548642195297149e-33,1.3548642195297149e-33,0,9.5117249231237466e-17,0,0,1,1,initial_state_satisfies_physical_gate,0,0,1,0.29999437366882148,1,1,0.99999999999999978,0,0
375,3.75,0,initial_state_physical_gate,1.3548642195297149e-33,1.3548642195297149e-33,0,9.5117249231237466e-17,0,0,1,1,initial_state_satisfies_physical_gate,0,0,1,0.29999437366882148,1,1,0.99999999999999978,0,0
376,3.7600000000000002,0,initial_state_physical_gate,1.3548642195297149e-33,1.3548642195297149e-33,0,9.5117249231237466e-17,0,0,1,1,initial_state_satisfies_physical_gate,0,0,1,0.29999437366882148,1,1,0.99999999999999978,0,0
377,3.77,0,initial_state_physical_gate,1.3548642195297149e-33,1.3548642195297149e-33,0,9.5117249231237466e-17,0,0,1,1,initial_state_satisfies_physical_gate,0,0,1,0.29999437366882148,1,1,0.99999999999999978,0,0
378,3.7800000000000002,0,initial_state_physical_gate,1.3548642195297149e-33,1.3548642195297149e-33,0,9.5117249231237466e-17,0,0,1,1,initial_state_satisfies_physical_gate,0,0,1,0.29999437366882148,1,1,0.99999999999999978,0,0
379,3.79,0,initial_state_physical_gate,1.3548642195297149e-33,1.3548642195297149e-33,0,9.5117249231237466e-17,0,0,1,1,initial_state_satisfies_physical_gate,0,0,1,0.29999437366882148,1,1,0.99999999999999978,0,0
380,3.8000000000000003,0,initial_state_physical_gate,1.3548642195297149e-33,1.3548642195297149e-33,0,9.5117249231237466e-17,0,0,1,1,initial_state_satisfies_physical_gate,0,0,1,0.29999437366882148,1,1,0.99999999999999978,0,0
381,3.8100000000000001,0,initial_state_physical_gate,1.3548642195297149e-33,1.3548642195297149e-33,0,9.5117249231237466e-17,0,0,1,1,initial_state_satisfies_physical_gate,0,0,1,0.29999437366882148,1,1,0.99999999999999978,0,0
382,3.8200000000000003,0,initial_state_physical_gate,1.3548642195297149e-33,1.3548642195297149e-33,0,9.5117249231237466e-17,0,0,1,1,initial_state_satisfies_physical_gate,0,0,1,0.29999437366882148,1,1,0.99999999999999978,0,0
383,3.8300000000000001,0,initial_state_physical_gate,1.3548642195297149e-33,1.3548642195297149e-33,0,9.5117249231237466e-17,0,0,1,1,initial_state_satisfies_physical_gate,0,0,1,0.29999437366882148,1,1,0.99999999999999978,0,0
384,3.8399999999999999,0,initial_state_physical_gate,1.3548642195297149e-33,1.3548642195297149e-33,0,9.5117249231237466e-17,0,0,1,1,initial_state_satisfies_physical_gate,0,0,1,0.29999437366882148,1,1,0.99999999999999978,0,0
385,3.8500000000000001,0,initial_state_physical_gate,1.3548642195297149e-33,1.3548642195297149e-33,0,9.5117249231237466e-17,0,0,1,1,initial_state_satisfies_physical_gate,0,0,1,0.29999437366882148,1,1,0.99999999999999978,0,0
386,3.8599999999999999,0,initial_state_physical_gate,1.3548642195297149e-33,1.3548642195297149e-33,0,9.5117249231237466e-17,0,0,1,1,initial_state_satisfies_physical_gate,0,0,1,0.29999437366882148,1,1,0.99999999999999978,0,0
387,3.8700000000000001,0,initial_state_physical_gate,1.3548642195297149e-33,1.3548642195297149e-33,0,9.5117249231237466e-17,0,0,1,1,initial_state_satisfies_physical_gate,0,0,1,0.29999437366882148,1,1,0.99999999999999978,0,0
388,3.8799999999999999,0,initial_state_physical_gate,1.3548642195297149e-33,1.3548642195297149e-33,0,9.5117249231237466e-17,0,0,1,1,initial_state_satisfies_physical_gate,0,0,1,0.29999437366882148,1,1,0.99999999999999978,0,0
389,3.8900000000000001,0,initial_state_physical_gate,1.3548642195297149e-33,1.3548642195297149e-33,0,9.5117249231237466e-17,0,0,1,1,initial_state_satisfies_physical_gate,0,0,1,0.29999437366882148,1,1,0.99999999999999978,0,0
390,3.8999999999999999,0,initial_state_physical_gate,1.3548642195297149e-33,1.3548642195297149e-33,0,9.5117249231237466e-17,0,0,1,1,initial_state_satisfies_physical_gate,0,0,1,0.29999437366882148,1,1,0.99999999999999978,0,0
391,3.9100000000000001,0,initial_state_physical_gate,1.3548642195297149e-33,1.3548642195297149e-33,0,9.5117249231237466e-17,0,0,1,1,initial_state_satisfies_physical_gate,0,0,1,0.29999437366882148,1,1,0.99999999999999978,0,0
392,3.9199999999999999,0,initial_state_physical_gate,1.3548642195297149e-33,1.3548642195297149e-33,0,9.5117249231237466e-17,0,0,1,1,initial_state_satisfies_physical_gate,0,0,1,0.29999437366882148,1,1,0.99999999999999978,0,0
393,3.9300000000000002,0,initial_state_physical_gate,1.3548642195297149e-33,1.3548642195297149e-33,0,9.5117249231237466e-17,0,0,1,1,initial_state_satisfies_physical_gate,0,0,1,0.29999437366882148,1,1,0.99999999999999978,0,0
394,3.9399999999999999,0,initial_state_physical_gate,1.3548642195297149e-33,1.3548642195297149e-33,0,9.5117249231237466e-17,0,0,1,1,initial_state_satisfies_physical_gate,0,0,1,0.29999437366882148,1,1,0.99999999999999978,0,0
395,3.9500000000000002,0,initial_state_physical_gate,1.3548642195297149e-33,1.3548642195297149e-33,0,9.5117249231237466e-17,0,0,1,1,initial_state_satisfies_physical_gate,0,0,1,0.29999437366882148,1,1,0.99999999999999978,0,0
396,3.96,0,initial_state_physical_gate,1.3548642195297149e-33,1.3548642195297149e-33,0,9.5117249231237466e-17,0,0,1,1,initial_state_satisfies_physical_gate,0,0,1,0.29999437366882148,1,1,0.99999999999999978,0,0
397,3.9700000000000002,0,initial_state_physical_gate,1.3548642195297149e-33,1.3548642195297149e-33,0,9.5117249231237466e-17,0,0,1,1,initial_state_satisfies_physical_gate,0,0,1,0.29999437366882148,1,1,0.99999999999999978,0,0
398,3.98,0,initial_state_physical_gate,1.3548642195297149e-33,1.3548642195297149e-33,0,9.5117249231237466e-17,0,0,1,1,initial_state_satisfies_physical_gate,0,0,1,0.29999437366882148,1,1,0.99999999999999978,0,0
399,3.9900000000000002,0,initial_state_physical_gate,1.3548642195297149e-33,1.3548642195297149e-33,0,9.5117249231237466e-17,0,0,1,1,initial_state_satisfies_physical_gate,0,0,1,0.29999437366882148,1,1,0.99999999999999978,0,0
400,4,0,initial_state_physical_gate,1.3548642195297149e-33,1.3548642195297149e-33,0,9.5117249231237466e-17,0,0,1,1,initial_state_satisfies_physical_gate,0,0,1,0.29999437366882148,1,1,0.99999999999999978,0,0
401,4.0099999999999998,0,initial_state_physical_gate,1.3548642195297149e-33,1.3548642195297149e-33,0,9.5117249231237466e-17,0,0,1,1,initial_state_satisfies_physical_gate,0,0,1,0.29999437366882148,1,1,0.99999999999999978,0,0
402,4.0200000000000005,0,initial_state_physical_gate,1.3548642195297149e-33,1.3548642195297149e-33,0,9.5117249231237466e-17,0,0,1,1,initial_state_satisfies_physical_gate,0,0,1,0.29999437366882148,1,1,0.99999999999999978,0,0
403,4.0300000000000002,0,initial_state_physical_gate,1.3548642195297149e-33,1.3548642195297149e-33,0,9.5117249231237466e-17,0,0,1,1,initial_state_satisfies_physical_gate,0,0,1,0.29999437366882148,1,1,0.99999999999999978,0,0
404,4.04,0,initial_state_physical_gate,1.3548642195297149e-33,1.3548642195297149e-33,0,9.5117249231237466e-17,0,0,1,1,initial_state_satisfies_physical_gate,0,0,1,0.29999437366882148,1,1,0.99999999999999978,0,0
405,4.0499999999999998,0,initial_state_physical_gate,1.3548642195297149e-33,1.3548642195297149e-33,0,9.5117249231237466e-17,0,0,1,1,initial_state_satisfies_physical_gate,0,0,1,0.29999437366882148,1,1,0.99999999999999978,0,0
406,4.0600000000000005,0,initial_state_physical_gate,1.3548642195297149e-33,1.3548642195297149e-33,0,9.5117249231237466e-17,0,0,1,1,initial_state_satisfies_physical_gate,0,0,1,0.29999437366882148,1,1,0.99999999999999978,0,0
407,4.0700000000000003,0,initial_state_physical_gate,1.3548642195297149e-33,1.3548642195297149e-33,0,9.5117249231237466e-17,0,0,1,1,initial_state_satisfies_physical_gate,0,0,1,0.29999437366882148,1,1,0.99999999999999978,0,0
408,4.0800000000000001,0,initial_state_physical_gate,1.3548642195297149e-33,1.3548642195297149e-33,0,9.5117249231237466e-17,0,0,1,1,initial_state_satisfies_physical_gate,0,0,1,0.29999437366882148,1,1,0.99999999999999978,0,0
409,4.0899999999999999,0,initial_state_physical_gate,1.3548642195297149e-33,1.3548642195297149e-33,0,9.5117249231237466e-17,0,0,1,1,initial_state_satisfies_physical_gate,0,0,1,0.29999437366882148,1,1,0.99999999999999978,0,0
410,4.0999999999999996,0,initial_state_physical_gate,1.3548642195297149e-33,1.3548642195297149e-33,0,9.5117249231237466e-17,0,0,1,1,initial_state_satisfies_physical_gate,0,0,1,0.29999437366882148,1,1,0.99999999999999978,0,0
411,4.1100000000000003,0,initial_state_physical_gate,1.3548642195297149e-33,1.3548642195297149e-33,0,9.5117249231237466e-17,0,0,1,1,initial_state_satisfies_physical_gate,0,0,1,0.29999437366882148,1,1,0.99999999999999978,0,0
412,4.1200000000000001,0,initial_state_physical_gate,1.3548642195297149e-33,1.3548642195297149e-33,0,9.5117249231237466e-17,0,0,1,1,initial_state_satisfies_physical_gate,0,0,1,0.29999437366882148,1,1,0.99999999999999978,0,0
413,4.1299999999999999,0,initial_state_physical_gate,1.3548642195297149e-33,1.3548642195297149e-33,0,9.5117249231237466e-17,0,0,1,1,initial_state_satisfies_physical_gate,0,0,1,0.29999437366882148,1,1,0.99999999999999978,0,0
414,4.1399999999999997,0,initial_state_physical_gate,1.3548642195297149e-33,1.3548642195297149e-33,0,9.5117249231237466e-17,0,0,1,1,initial_state_satisfies_physical_gate,0,0,1,0.29999437366882148,1,1,0.99999999999999978,0,0
415,4.1500000000000004,0,initial_state_physical_gate,1.3548642195297149e-33,1.3548642195297149e-33,0,9.5117249231237466e-17,0,0,1,1,initial_state_satisfies_physical_gate,0,0,1,0.29999437366882148,1,1,0.99999999999999978,0,0
416,4.1600000000000001,0,initial_state_physical_gate,1.3548642195297149e-33,1.3548642195297149e-33,0,9.5117249231237466e-17,0,0,1,1,initial_state_satisfies_physical_gate,0,0,1,0.29999437366882148,1,1,0.99999999999999978,0,0
417,4.1699999999999999,0,initial_state_physical_gate,1.3548642195297149e-33,1.3548642195297149e-33,0,9.5117249231237466e-17,0,0,1,1,initial_state_satisfies_physical_gate,0,0,1,0.29999437366882148,1,1,0.99999999999999978,0,0
418,4.1799999999999997,0,initial_state_physical_gate,1.3548642195297149e-33,1.3548642195297149e-33,0,9.5117249231237466e-17,0,0,1,1,initial_state_satisfies_physical_gate,0,0,1,0.29999437366882148,1,1,0.99999999999999978,0,0
419,4.1900000000000004,0,initial_state_physical_gate,1.3548642195297149e-33,1.3548642195297149e-33,0,9.5117249231237466e-17,0,0,1,1,initial_state_satisfies_physical_gate,0,0,1,0.29999437366882148,1,1,0.99999999999999978,0,0
420,4.2000000000000002,0,initial_state_physical_gate,1.3548642195297149e-33,1.3548642195297149e-33,0,9.5117249231237466e-17,0,0,1,1,initial_state_satisfies_physical_gate,0,0,1,0.29999437366882148,1,1,0.99999999999999978,0,0
421,4.21,0,initial_state_physical_gate,1.3548642195297149e-33,1.3548642195297149e-33,0,9.5117249231237466e-17,0,0,1,1,initial_state_satisfies_physical_gate,0,0,1,0.29999437366882148,1,1,0.99999999999999978,0,0
422,4.2199999999999998,0,initial_state_physical_gate,1.3548642195297149e-33,1.3548642195297149e-33,0,9.5117249231237466e-17,0,0,1,1,initial_state_satisfies_physical_gate,0,0,1,0.29999437366882148,1,1,0.99999999999999978,0,0
423,4.2300000000000004,0,initial_state_physical_gate,1.3548642195297149e-33,1.3548642195297149e-33,0,9.5117249231237466e-17,0,0,1,1,initial_state_satisfies_physical_gate,0,0,1,0.29999437366882148,1,1,0.99999999999999978,0,0
424,4.2400000000000002,0,initial_state_physical_gate,1.3548642195297149e-33,1.3548642195297149e-33,0,9.5117249231237466e-17,0,0,1,1,initial_state_satisfies_physical_gate,0,0,1,0.29999437366882148,1,1,0.99999999999999978,0,0
425,4.25,0,initial_state_physical_gate,1.3548642195297149e-33,1.3548642195297149e-33,0,9.5117249231237466e-17,0,0,1,1,initial_state_satisfies_physical_gate,0,0,1,0.29999437366882148,1,1,0.99999999999999978,0,0
426,4.2599999999999998,0,initial_state_physical_gate,1.3548642195297149e-33,1.3548642195297149e-33,0,9.5117249231237466e-17,0,0,1,1,initial_state_satisfies_physical_gate,0,0,1,0.29999437366882148,1,1,0.99999999999999978,0,0
427,4.2700000000000005,0,initial_state_physical_gate,1.3548642195297149e-33,1.3548642195297149e-33,0,9.5117249231237466e-17,0,0,1,1,initial_state_satisfies_physical_gate,0,0,1,0.29999437366882148,1,1,0.99999999999999978,0,0
428,4.2800000000000002,0,initial_state_physical_gate,1.3548642195297149e-33,1.3548642195297149e-33,0,9.5117249231237466e-17,0,0,1,1,initial_state_satisfies_physical_gate,0,0,1,0.29999437366882148,1,1,0.99999999999999978,0,0
429,4.29,0,initial_state_physical_gate,1.3548642195297149e-33,1.3548642195297149e-33,0,9.5117249231237466e-17,0,0,1,1,initial_state_satisfies_physical_gate,0,0,1,0.29999437366882148,1,1,0.99999999999999978,0,0
430,4.2999999999999998,0,initial_state_physical_gate,1.3548642195297149e-33,1.3548642195297149e-33,0,9.5117249231237466e-17,0,0,1,1,initial_state_satisfies_physical_gate,0,0,1,0.29999437366882148,1,1,0.99999999999999978,0,0
431,4.3100000000000005,0,initial_state_physical_gate,1.3548642195297149e-33,1.3548642195297149e-33,0,9.5117249231237466e-17,0,0,1,1,initial_state_satisfies_physical_gate,0,0,1,0.29999437366882148,1,1,0.99999999999999978,0,0
432,4.3200000000000003,0,initial_state_physical_gate,1.3548642195297149e-33,1.3548642195297149e-33,0,9.5117249231237466e-17,0,0,1,1,initial_state_satisfies_physical_gate,0,0,1,0.29999437366882148,1,1,0.99999999999999978,0,0
433,4.3300000000000001,0,initial_state_physical_gate,1.3548642195297149e-33,1.3548642195297149e-33,0,9.5117249231237466e-17,0,0,1,1,initial_state_satisfies_physical_gate,0,0,1,0.29999437366882148,1,1,0.99999999999999978,0,0
434,4.3399999999999999,0,initial_state_physical_gate,1.3548642195297149e-33,1.3548642195297149e-33,0,9.5117249231237466e-17,0,0,1,1,initial_state_satisfies_physical_gate,0,0,1,0.29999437366882148,1,1,0.99999999999999978,0,0
435,4.3500000000000005,0,initial_state_physical_gate,1.3548642195297149e-33,1.3548642195297149e-33,0,9.5117249231237466e-17,0,0,1,1,initial_state_satisfies_physical_gate,0,0,1,0.29999437366882148,1,1,0.99999999999999978,0,0
436,4.3600000000000003,0,initial_state_physical_gate,1.3548642195297149e-33,1.3548642195297149e-33,0,9.5117249231237466e-17,0,0,1,1,initial_state_satisfies_physical_gate,0,0,1,0.29999437366882148,1,1,0.99999999999999978,0,0
437,4.3700000000000001,0,initial_state_physical_gate,1.3548642195297149e-33,1.3548642195297149e-33,0,9.5117249231237466e-17,0,0,1,1,initial_state_satisfies_physical_gate,0,0,1,0.29999437366882148,1,1,0.99999999999999978,0,0
438,4.3799999999999999,0,initial_state_physical_gate,1.3548642195297149e-33,1.3548642195297149e-33,0,9.5117249231237466e-17,0,0,1,1,initial_state_satisfies_physical_gate,0,0,1,0.29999437366882148,1,1,0.99999999999999978,0,0
439,4.3899999999999997,0,initial_state_physical_gate,1.3548642195297149e-33,1.3548642195297149e-33,0,9.5117249231237466e-17,0,0,1,1,initial_state_satisfies_physical_gate,0,0,1,0.29999437366882148,1,1,0.99999999999999978,0,0
440,4.4000000000000004,0,initial_state_physical_gate,1.3548642195297149e-33,1.3548642195297149e-33,0,9.5117249231237466e-17,0,0,1,1,initial_state_satisfies_physical_gate,0,0,1,0.29999437366882148,1,1,0.99999999999999978,0,0
441,4.4100000000000001,0,initial_state_physical_gate,1.3548642195297149e-33,1.3548642195297149e-33,0,9.5117249231237466e-17,0,0,1,1,initial_state_satisfies_physical_gate,0,0,1,0.29999437366882148,1,1,0.99999999999999978,0,0
442,4.4199999999999999,0,initial_state_physical_gate,1.3548642195297149e-33,1.3548642195297149e-33,0,9.5117249231237466e-17,0,0,1,1,initial_state_satisfies_physical_gate,0,0,1,0.29999437366882148,1,1,0.99999999999999978,0,0
443,4.4299999999999997,0,initial_state_physical_gate,1.3548642195297149e-33,1.3548642195297149e-33,0,9.5117249231237466e-17,0,0,1,1,initial_state_satisfies_physical_gate,0,0,1,0.29999437366882148,1,1,0.99999999999999978,0,0
444,4.4400000000000004,0,initial_state_physical_gate,1.3548642195297149e-33,1.3548642195297149e-33,0,9.5117249231237466e-17,0,0,1,1,initial_state_satisfies_physical_gate,0,0,1,0.29999437366882148,1,1,0.99999999999999978,0,0
445,4.4500000000000002,0,initial_state_physical_gate,1.3548642195297149e-33,1.3548642195297149e-33,0,9.5117249231237466e-17,0,0,1,1,initial_state_satisfies_physical_gate,0,0,1,0.29999437366882148,1,1,0.99999999999999978,0,0
446,4.46,0,initial_state_physical_gate,1.3548642195297149e-33,1.3548642195297149e-33,0,9.5117249231237466e-17,0,0,1,1,initial_state_satisfies_physical_gate,0,0,1,0.29999437366882148,1,1,0.99999999999999978,0,0
447,4.4699999999999998,0,initial_state_physical_gate,1.3548642195297149e-33,1.3548642195297149e-33,0,9.5117249231237466e-17,0,0,1,1,initial_state_satisfies_physical_gate,0,0,1,0.29999437366882148,1,1,0.99999999999999978,0,0
448,4.4800000000000004,0,initial_state_physical_gate,1.3548642195297149e-33,1.3548642195297149e-33,0,9.5117249231237466e-17,0,0,1,1,initial_state_satisfies_physical_gate,0,0,1,0.29999437366882148,1,1,0.99999999999999978,0,0
449,4.4900000000000002,0,initial_state_physical_gate,1.3548642195297149e-33,1.3548642195297149e-33,0,9.5117249231237466e-17,0,0,1,1,initial_state_satisfies_physical_gate,0,0,1,0.29999437366882148,1,1,0.99999999999999978,0,0
450,4.5,0,initial_state_physical_gate,1.3548642195297149e-33,1.3548642195297149e-33,0,9.5117249231237466e-17,0,0,1,1,initial_state_satisfies_physical_gate,0,0,1,0.29999437366882148,1,1,0.99999999999999978,0,0
451,4.5099999999999998,0,initial_state_physical_gate,1.3548642195297149e-33,1.3548642195297149e-33,0,9.5117249231237466e-17,0,0,1,1,initial_state_satisfies_physical_gate,0,0,1,0.29999437366882148,1,1,0.99999999999999978,0,0
452,4.5200000000000005,0,initial_state_physical_gate,1.3548642195297149e-33,1.3548642195297149e-33,0,9.5117249231237466e-17,0,0,1,1,initial_state_satisfies_physical_gate,0,0,1,0.29999437366882148,1,1,0.99999999999999978,0,0
453,4.5300000000000002,0,initial_state_physical_gate,1.3548642195297149e-33,1.3548642195297149e-33,0,9.5117249231237466e-17,0,0,1,1,initial_state_satisfies_physical_gate,0,0,1,0.29999437366882148,1,1,0.99999999999999978,0,0
454,4.54,0,initial_state_physical_gate,1.3548642195297149e-33,1.3548642195297149e-33,0,9.5117249231237466e-17,0,0,1,1,initial_state_satisfies_physical_gate,0,0,1,0.29999437366882148,1,1,0.99999999999999978,0,0
455,4.5499999999999998,0,initial_state_physical_gate,1.3548642195297149e-33,1.3548642195297149e-33,0,9.5117249231237466e-17,0,0,1,1,initial_state_satisfies_physical_gate,0,0,1,0.29999437366882148,1,1,0.99999999999999978,0,0
456,4.5600000000000005,0,initial_state_physical_gate,1.3548642195297149e-33,1.3548642195297149e-33,0,9.5117249231237466e-17,0,0,1,1,initial_state_satisfies_physical_gate,0,0,1,0.29999437366882148,1,1,0.99999999999999978,0,0
457,4.5700000000000003,0,initial_state_physical_gate,1.3548642195297149e-33,1.3548642195297149e-33,0,9.5117249231237466e-17,0,0,1,1,initial_state_satisfies_physical_gate,0,0,1,0.29999437366882148,1,1,0.99999999999999978,0,0
458,4.5800000000000001,0,initial_state_physical_gate,1.3548642195297149e-33,1.3548642195297149e-33,0,9.5117249231237466e-17,0,0,1,1,initial_state_satisfies_physical_gate,0,0,1,0.29999437366882148,1,1,0.99999999999999978,0,0
459,4.5899999999999999,0,initial_state_physical_gate,1.3548642195297149e-33,1.3548642195297149e-33,0,9.5117249231237466e-17,0,0,1,1,initial_state_satisfies_physical_gate,0,0,1,0.29999437366882148,1,1,0.99999999999999978,0,0
460,4.6000000000000005,0,initial_state_physical_gate,1.3548642195297149e-33,1.3548642195297149e-33,0,9.5117249231237466e-17,0,0,1,1,initial_state_satisfies_physical_gate,0,0,1,0.29999437366882148,1,1,0.99999999999999978,0,0
461,4.6100000000000003,0,initial_state_physical_gate,1.3548642195297149e-33,1.3548642195297149e-33,0,9.5117249231237466e-17,0,0,1,1,initial_state_satisfies_physical_gate,0,0,1,0.29999437366882148,1,1,0.99999999999999978,0,0
462,4.6200000000000001,0,initial_state_physical_gate,1.3548642195297149e-33,1.3548642195297149e-33,0,9.5117249231237466e-17,0,0,1,1,initial_state_satisfies_physical_gate,0,0,1,0.29999437366882148,1,1,0.99999999999999978,0,0
463,4.6299999999999999,0,initial_state_physical_gate,1.3548642195297149e-33,1.3548642195297149e-33,0,9.5117249231237466e-17,0,0,1,1,initial_state_satisfies_physical_gate,0,0,1,0.29999437366882148,1,1,0.99999999999999978,0,0
464,4.6399999999999997,0,initial_state_physical_gate,1.3548642195297149e-33,1.3548642195297149e-33,0,9.5117249231237466e-17,0,0,1,1,initial_state_satisfies_physical_gate,0,0,1,0.29999437366882148,1,1,0.99999999999999978,0,0
465,4.6500000000000004,0,initial_state_physical_gate,1.3548642195297149e-33,1.3548642195297149e-33,0,9.5117249231237466e-17,0,0,1,1,initial_state_satisfies_physical_gate,0,0,1,0.29999437366882148,1,1,0.99999999999999978,0,0
466,4.6600000000000001,0,initial_state_physical_gate,1.3548642195297149e-33,1.3548642195297149e-33,0,9.5117249231237466e-17,0,0,1,1,initial_state_satisfies_physical_gate,0,0,1,0.29999437366882148,1,1,0.99999999999999978,0,0
467,4.6699999999999999,0,initial_state_physical_gate,1.3548642195297149e-33,1.3548642195297149e-33,0,9.5117249231237466e-17,0,0,1,1,initial_state_satisfies_physical_gate,0,0,1,0.29999437366882148,1,1,0.99999999999999978,0,0
468,4.6799999999999997,0,initial_state_physical_gate,1.3548642195297149e-33,1.3548642195297149e-33,0,9.5117249231237466e-17,0,0,1,1,initial_state_satisfies_physical_gate,0,0,1,0.29999437366882148,1,1,0.99999999999999978,0,0
469,4.6900000000000004,0,initial_state_physical_gate,1.3548642195297149e-33,1.3548642195297149e-33,0,9.5117249231237466e-17,0,0,1,1,initial_state_satisfies_physical_gate,0,0,1,0.29999437366882148,1,1,0.99999999999999978,0,0
470,4.7000000000000002,0,initial_state_physical_gate,1.3548642195297149e-33,1.3548642195297149e-33,0,9.5117249231237466e-17,0,0,1,1,initial_state_satisfies_physical_gate,0,0,1,0.29999437366882148,1,1,0.99999999999999978,0,0
471,4.71,0,initial_state_physical_gate,1.3548642195297149e-33,1.3548642195297149e-33,0,9.5117249231237466e-17,0,0,1,1,initial_state_satisfies_physical_gate,0,0,1,0.29999437366882148,1,1,0.99999999999999978,0,0
472,4.7199999999999998,0,initial_state_physical_gate,1.3548642195297149e-33,1.3548642195297149e-33,0,9.5117249231237466e-17,0,0,1,1,initial_state_satisfies_physical_gate,0,0,1,0.29999437366882148,1,1,0.99999999999999978,0,0
473,4.7300000000000004,0,initial_state_physical_gate,1.3548642195297149e-33,1.3548642195297149e-33,0,9.5117249231237466e-17,0,0,1,1,initial_state_satisfies_physical_gate,0,0,1,0.29999437366882148,1,1,0.99999999999999978,0,0
474,4.7400000000000002,0,initial_state_physical_gate,1.3548642195297149e-33,1.3548642195297149e-33,0,9.5117249231237466e-17,0,0,1,1,initial_state_satisfies_physical_gate,0,0,1,0.29999437366882148,1,1,0.99999999999999978,0,0
475,4.75,0,initial_state_physical_gate,1.3548642195297149e-33,1.3548642195297149e-33,0,9.5117249231237466e-17,0,0,1,1,initial_state_satisfies_physical_gate,0,0,1,0.29999437366882148,1,1,0.99999999999999978,0,0
476,4.7599999999999998,0,initial_state_physical_gate,1.3548642195297149e-33,1.3548642195297149e-33,0,9.5117249231237466e-17,0,0,1,1,initial_state_satisfies_physical_gate,0,0,1,0.29999437366882148,1,1,0.99999999999999978,0,0
477,4.7700000000000005,0,initial_state_physical_gate,1.3548642195297149e-33,1.3548642195297149e-33,0,9.5117249231237466e-17,0,0,1,1,initial_state_satisfies_physical_gate,0,0,1,0.29999437366882148,1,1,0.99999999999999978,0,0
478,4.7800000000000002,0,initial_state_physical_gate,1.3548642195297149e-33,1.3548642195297149e-33,0,9.5117249231237466e-17,0,0,1,1,initial_state_satisfies_physical_gate,0,0,1,0.29999437366882148,1,1,0.99999999999999978,0,0
479,4.79,0,initial_state_physical_gate,1.3548642195297149e-33,1.3548642195297149e-33,0,9.5117249231237466e-17,0,0,1,1,initial_state_satisfies_physical_gate,0,0,1,0.29999437366882148,1,1,0.99999999999999978,0,0
480,4.7999999999999998,0,initial_state_physical_gate,1.3548642195297149e-33,1.3548642195297149e-33,0,9.5117249231237466e-17,0,0,1,1,initial_state_satisfies_physical_gate,0,0,1,0.29999437366882148,1,1,0.99999999999999978,0,0
481,4.8100000000000005,0,initial_state_physical_gate,1.3548642195297149e-33,1.3548642195297149e-33,0,9.5117249231237466e-17,0,0,1,1,initial_state_satisfies_physical_gate,0,0,1,0.29999437366882148,1,1,0.99999999999999978,0,0
482,4.8200000000000003,0,initial_state_physical_gate,1.3548642195297149e-33,1.3548642195297149e-33,0,9.5117249231237466e-17,0,0,1,1,initial_state_satisfies_physical_gate,0,0,1,0.29999437366882148,1,1,0.99999999999999978,0,0
483,4.8300000000000001,0,initial_state_physical_gate,1.3548642195297149e-33,1.3548642195297149e-33,0,9.5117249231237466e-17,0,0,1,1,initial_state_satisfies_physical_gate,0,0,1,0.29999437366882148,1,1,0.99999999999999978,0,0
484,4.8399999999999999,0,initial_state_physical_gate,1.3548642195297149e-33,1.3548642195297149e-33,0,9.5117249231237466e-17,0,0,1,1,initial_state_satisfies_physical_gate,0,0,1,0.29999437366882148,1,1,0.99999999999999978,0,0
485,4.8500000000000005,0,initial_state_physical_gate,1.3548642195297149e-33,1.3548642195297149e-33,0,9.5117249231237466e-17,0,0,1,1,initial_state_satisfies_physical_gate,0,0,1,0.29999437366882148,1,1,0.99999999999999978,0,0
486,4.8600000000000003,0,initial_state_physical_gate,1.3548642195297149e-33,1.3548642195297149e-33,0,9.5117249231237466e-17,0,0,1,1,initial_state_satisfies_physical_gate,0,0,1,0.29999437366882148,1,1,0.99999999999999978,0,0
487,4.8700000000000001,0,initial_state_physical_gate,1.3548642195297149e-33,1.3548642195297149e-33,0,9.5117249231237466e-17,0,0,1,1,initial_state_satisfies_physical_gate,0,0,1,0.29999437366882148,1,1,0.99999999999999978,0,0
488,4.8799999999999999,0,initial_state_physical_gate,1.3548642195297149e-33,1.3548642195297149e-33,0,9.5117249231237466e-17,0,0,1,1,initial_state_satisfies_physical_gate,0,0,1,0.29999437366882148,1,1,0.99999999999999978,0,0
489,4.8899999999999997,0,initial_state_physical_gate,1.3548642195297149e-33,1.3548642195297149e-33,0,9.5117249231237466e-17,0,0,1,1,initial_state_satisfies_physical_gate,0,0,1,0.29999437366882148,1,1,0.99999999999999978,0,0
490,4.9000000000000004,0,initial_state_physical_gate,1.3548642195297149e-33,1.3548642195297149e-33,0,9.5117249231237466e-17,0,0,1,1,initial_state_satisfies_physical_gate,0,0,1,0.29999437366882148,1,1,0.99999999999999978,0,0
491,4.9100000000000001,0,initial_state_physical_gate,1.3548642195297149e-33,1.3548642195297149e-33,0,9.5117249231237466e-17,0,0,1,1,initial_state_satisfies_physical_gate,0,0,1,0.29999437366882148,1,1,0.99999999999999978,0,0
492,4.9199999999999999,0,initial_state_physical_gate,1.3548642195297149e-33,1.3548642195297149e-33,0,9.5117249231237466e-17,0,0,1,1,initial_state_satisfies_physical_gate,0,0,1,0.29999437366882148,1,1,0.99999999999999978,0,0
493,4.9299999999999997,0,initial_state_physical_gate,1.3548642195297149e-33,1.3548642195297149e-33,0,9.5117249231237466e-17,0,0,1,1,initial_state_satisfies_physical_gate,0,0,1,0.29999437366882148,1,1,0.99999999999999978,0,0
494,4.9400000000000004,0,initial_state_physical_gate,1.3548642195297149e-33,1.3548642195297149e-33,0,9.5117249231237466e-17,0,0,1,1,initial_state_satisfies_physical_gate,0,0,1,0.29999437366882148,1,1,0.99999999999999978,0,0
495,4.9500000000000002,0,initial_state_physical_gate,1.3548642195297149e-33,1.3548642195297149e-33,0,9.5117249231237466e-17,0,0,1,1,initial_state_satisfies_physical_gate,0,0,1,0.29999437366882148,1,1,0.99999999999999978,0,0
496,4.96,0,initial_state_physical_gate,1.3548642195297149e-33,1.3548642195297149e-33,0,9.5117249231237466e-17,0,0,1,1,initial_state_satisfies_physical_gate,0,0,1,0.29999437366882148,1,1,0.99999999999999978,0,0
497,4.9699999999999998,0,initial_state_physical_gate,1.3548642195297149e-33,1.3548642195297149e-33,0,9.5117249231237466e-17,0,0,1,1,initial_state_satisfies_physical_gate,0,0,1,0.29999437366882148,1,1,0.99999999999999978,0,0
498,4.9800000000000004,0,initial_state_physical_gate,1.3548642195297149e-33,1.3548642195297149e-33,0,9.5117249231237466e-17,0,0,1,1,initial_state_satisfies_physical_gate,0,0,1,0.29999437366882148,1,1,0.99999999999999978,0,0
499,4.9900000000000002,0,initial_state_physical_gate,1.3548642195297149e-33,1.3548642195297149e-33,0,9.5117249231237466e-17,0,0,1,1,initial_state_satisfies_physical_gate,0,0,1,0.29999437366882148,1,1,0.99999999999999978,0,0
500,5,0,initial_state_physical_gate,1.3548642195297149e-33,1.3548642195297149e-33,0,9.5117249231237466e-17,0,0,1,1,initial_state_satisfies_physical_gate,0,0,1,0.29999437366882148,1,1,0.99999999999999978,0,0
