family,source_level,time_step,step,time,registered_surface_energy,delta_psi,viscous_dissipation,delta_psi_plus_d_zeta,positive_delta_psi_plus_d_zeta,cumulative_positive_delta_psi_plus_d_zeta
C,1,0.00040000000000000002,0,0,0.2330212616885757,0,0,0,0,0
C,1,0.00040000000000000002,1,0.00040000000000000002,0.23302051303308233,-7.4865549337665982e-07,7.4865611193158924e-07,6.1855492941855855e-13,6.1855492941855855e-13,6.1855492941855855e-13
C,1,0.00040000000000000002,2,0.00080000000000000004,0.23301976437765567,-7.4865542665225604e-07,7.4865604525765634e-07,6.1860540030023718e-13,6.1860540030023718e-13,1.2371603297187957e-12
C,1,0.00040000000000000002,3,0.0012000000000000001,0.23301901572229569,-7.4865535998336341e-07,7.4865597858497366e-07,6.1860161025131469e-13,6.1860161025131469e-13,1.8557619399701104e-12
C,1,0.00040000000000000002,4,0.0016000000000000001,0.23301826706700243,-7.4865529325895963e-07,7.4865591191354173e-07,6.1865458210364919e-13,6.1865458210364919e-13,2.4744165220737596e-12
C,1,0.00040000000000000002,5,0.002,0.23301751841177587,-7.4865522656231143e-07,7.4865584524336003e-07,6.1868104860099822e-13,6.1868104860099822e-13,3.0930975706747578e-12
C,1,0.00040000000000000002,6,0.0024000000000000002,0.23301676975661589,-7.4865515997668552e-07,7.4865577857442791e-07,6.1859774238124017e-13,6.1859774238124017e-13,3.711695313055998e-12
C,1,0.00040000000000000002,7,0.0028,0.23301602110152256,-7.4865509333554847e-07,7.4865571190674622e-07,6.1857119774510176e-13,6.1857119774510176e-13,4.3302665108010998e-12
C,1,0.00040000000000000002,8,0.0032000000000000002,0.23301527244649589,-7.4865502666665584e-07,7.4865564524031496e-07,6.1857365911696736e-13,6.1857365911696736e-13,4.9488401699180671e-12
C,1,0.00040000000000000002,9,0.0036000000000000003,0.23301452379153603,-7.4865495985898534e-07,7.4865557857513361e-07,6.187161482699039e-13,6.187161482699039e-13,5.567556318187971e-12
C,1,0.00040000000000000002,10,0.0040000000000000001,0.23301377513664265,-7.4865489338438174e-07,7.4865551191120237e-07,6.1852682063020392e-13,6.1852682063020392e-13,6.1860831388181749e-12
C,1,0.00040000000000000002,11,0.0044000000000000003,0.23301302648181613,-7.4865482652120008e-07,7.4865544524852092e-07,6.1872732084623642e-13,6.1872732084623642e-13,6.8048104596644114e-12
C,1,0.00040000000000000002,12,0.0048000000000000004,0.23301227782705616,-7.4865475996332975e-07,7.486553785870896e-07,6.1862375984524803e-13,6.1862375984524803e-13,7.4234342195096594e-12
C,1,0.00040000000000000002,13,0.0052000000000000006,0.23301152917236281,-7.4865469334994827e-07,7.486553119269086e-07,6.1857696032200017e-13,6.1857696032200017e-13,8.0420111798316596e-12
C,1,0.00040000000000000002,14,0.0055999999999999999,0.23301078051773627,-7.4865462654227777e-07,7.4865524526797771e-07,6.1872569994281273e-13,6.1872569994281273e-13,8.6607368797744723e-12
C,1,0.00040000000000000002,15,0.0060000000000000001,0.23301003186317623,-7.4865456003991859e-07,7.4865517861029694e-07,6.1857037834660441e-13,6.1857037834660441e-13,9.2793072581210767e-12
C,1,0.00040000000000000002,16,0.0064000000000000003,0.23300928320868289,-7.4865449334327039e-07,7.4865511195386565e-07,6.186105952591818e-13,6.186105952591818e-13,9.8979178533802585e-12
C,1,0.00040000000000000002,17,0.0068000000000000005,0.23300853455425632,-7.4865442656335546e-07,7.4865504529868458e-07,6.1873532911923624e-13,6.1873532911923624e-13,1.0516653182499495e-11
C,1,0.00040000000000000002,18,0.0072000000000000007,0.23300778589989624,-7.4865436008875186e-07,7.4865497864475351e-07,6.1855600165639066e-13,6.1855600165639066e-13,1.1135209184155885e-11
C,1,0.00040000000000000002,19,0.0076,0.23300703724560301,-7.486542932255702e-07,7.4865491199207214e-07,6.1876650194339844e-13,6.1876650194339844e-13,1.1753975686099284e-11
C,1,0.00040000000000000002,20,0.0080000000000000002,0.23300628859137626,-7.486542267509666e-07,7.486548453406411e-07,6.1858967449829669e-13,6.1858967449829669e-13,1.2372565360597581e-11
C,1,0.00040000000000000002,21,0.0084000000000000012,0.23300553993721612,-7.4865416013758512e-07,7.4865477869045975e-07,6.1855287462250763e-13,6.1855287462250763e-13,1.2991118235220088e-11
C,1,0.00040000000000000002,22,0.0088000000000000005,0.23300479128312288,-7.4865409324664789e-07,7.4865471204152808e-07,6.1879488019410942e-13,6.1879488019410942e-13,1.3609913115414198e-11
C,1,0.00040000000000000002,23,0.0091999999999999998,0.23300404262909599,-7.4865402688306659e-07,7.4865464539384685e-07,6.1851078026140265e-13,6.1851078026140265e-13,1.42284238956756e-11
C,1,0.00040000000000000002,24,0.0096000000000000009,0.233003293975136,-7.4865395999212936e-07,7.4865457874741468e-07,6.1875528532135267e-13,6.1875528532135267e-13,1.4847179180996953e-11
C,1,0.00040000000000000002,25,0.01,0.23300254532124251,-7.4865389348977018e-07,7.4865451210223262e-07,6.1861246243743491e-13,6.1861246243743491e-13,1.5465791643434388e-11
C,1,0.00040000000000000002,26,0.010400000000000001,0.23300179666741574,-7.486538267653664e-07,7.4865444545830099e-07,6.1869293459083057e-13,6.1869293459083057e-13,1.6084484578025218e-11
C,1,0.00040000000000000002,27,0.010800000000000001,0.23300104801365551,-7.4865376023525165e-07,7.4865437881561811e-07,6.1858036645323931e-13,6.1858036645323931e-13,1.6703064944478458e-11
C,1,0.00040000000000000002,28,0.0112,0.23300029935996203,-7.486536934830923e-07,7.4865431217418597e-07,6.1869109367059883e-13,6.1869109367059883e-13,1.7321756038149057e-11
C,1,0.00040000000000000002,29,0.011600000000000001,0.23299955070633516,-7.4865362686971082e-07,7.4865424553400278e-07,6.1866429195996093e-13,6.1866429195996093e-13,1.7940420330109017e-11
C,1,0.00040000000000000002,30,0.012,0.23299880205277487,-7.4865356028408492e-07,7.4865417889507002e-07,6.1861098510609578e-13,6.1861098510609578e-13,1.8559031315215113e-11
C,1,0.00040000000000000002,31,0.012400000000000001,0.2329980533992812,-7.4865349367070344e-07,7.4865411225738632e-07,6.1858668288380611e-13,6.1858668288380611e-13,1.9177617998098919e-11
C,1,0.00040000000000000002,32,0.012800000000000001,0.23299730474585423,-7.4865342697405524e-07,7.4865404562095263e-07,6.1864689739723523e-13,6.1864689739723523e-13,1.9796264895496155e-11
C,1,0.00040000000000000002,33,0.0132,0.23299655609249403,-7.486533601941403e-07,7.4865397898576842e-07,6.1879162811698756e-13,6.1879162811698756e-13,2.0415056523613142e-11
C,1,0.00040000000000000002,34,0.013600000000000001,0.23299580743920031,-7.4865329371953671e-07,7.4865391235183401e-07,6.1863229730208164e-13,6.1863229730208164e-13,2.1033688820915224e-11
C,1,0.00040000000000000002,35,0.014,0.23299505878597324,-7.4865322707839965e-07,7.486538457191495e-07,6.1864074984386229e-13,6.1864074984386229e-13,2.1652329570759086e-11
C,1,0.00040000000000000002,36,0.014400000000000001,0.23299431013281294,-7.4865316029848472e-07,7.4865377908771436e-07,6.1878922963731829e-13,6.1878922963731829e-13,2.2271118800396404e-11
C,1,0.00040000000000000002,37,0.014800000000000001,0.232993561479719,-7.4865309393490342e-07,7.4865371245752881e-07,6.1852262538189529e-13,6.1852262538189529e-13,2.28896414257783e-11
C,1,0.00040000000000000002,38,0.0152,0.23299281282669196,-7.4865302704396619e-07,7.4865364582859273e-07,6.1878462654264555e-13,6.1878462654264555e-13,2.3508426052320945e-11
C,1,0.00040000000000000002,39,0.015600000000000001,0.23299206417373136,-7.4865296059711817e-07,7.4865357920090656e-07,6.1860378839653855e-13,6.1860378839653855e-13,2.4127029840717484e-11
C,1,0.00040000000000000002,40,0.016,0.23299131552083752,-7.4865289384495881e-07,7.4865351257446945e-07,6.1872951063816331e-13,6.1872951063816331e-13,2.4745759351355647e-11
C,1,0.00040000000000000002,41,0.016400000000000001,0.23299056686801012,-7.4865282739811079e-07,7.4865344594928234e-07,6.1855117155688806e-13,6.1855117155688806e-13,2.5364310522912535e-11
C,1,0.00040000000000000002,42,0.016800000000000002,0.23298981821524961,-7.4865276050717355e-07,7.486533793253444e-07,6.1881817084730184e-13,6.1881817084730184e-13,2.5983128693759837e-11
C,1,0.00040000000000000002,43,0.0172,0.23298906956255561,-7.4865269400481438e-07,7.4865331270265583e-07,6.1869784145269401e-13,6.1869784145269401e-13,2.6601826535212531e-11
C,1,0.00040000000000000002,44,0.017600000000000001,0.23298832090992821,-7.486526273914329e-07,7.4865324608121716e-07,6.1868978426354149e-13,6.1868978426354149e-13,2.7220516319476072e-11
C,1,0.00040000000000000002,45,0.018000000000000002,0.2329875722573673,-7.486525609168293e-07,7.4865317946102766e-07,6.1854419835814979e-13,6.1854419835814979e-13,2.7839060517834222e-11
C,1,0.00040000000000000002,46,0.0184,0.23298682360487313,-7.4865249416466995e-07,7.4865311284208774e-07,6.1867741779426981e-13,6.1867741779426981e-13,2.8457737935628492e-11
C,1,0.00040000000000000002,47,0.018800000000000001,0.23298607495244572,-7.4865242741251059e-07,7.486530462243973e-07,6.1881188670986616e-13,6.1881188670986616e-13,2.9076549822338358e-11
C,1,0.00040000000000000002,48,0.019200000000000002,0.23298532630008481,-7.4865236091015142e-07,7.4865297960795613e-07,6.1869780471263992e-13,6.1869780471263992e-13,2.9695247627050998e-11
C,1,0.00040000000000000002,49,0.019599999999999999,0.23298457764779049,-7.4865229432452551e-07,7.4865291299276422e-07,6.1866823870997866e-13,6.1866823870997866e-13,3.0313915865760977e-11
C,1,0.00040000000000000002,50,0.02,0.23298382899556278,-7.4865222771114404e-07,7.4865284637882159e-07,6.186676775506511e-13,6.186676775506511e-13,3.0932583543311628e-11
C,1,0.00020000000000000001,0,0,0.2330212616885757,0,0,0,0,0
C,1,0.00020000000000000001,1,0.00020000000000000001,0.23302088736067439,-3.7432790131464166e-07,3.7432805596579462e-07,1.546511529546106e-13,1.546511529546106e-13,1.546511529546106e-13
C,1,0.00020000000000000001,2,0.00040000000000000002,0.23302051303278962,-3.743278847723186e-07,3.7432803929728037e-07,1.5452496177437042e-13,1.5452496177437042e-13,3.0917611472898102e-13
C,1,0.00020000000000000001,3,0.00060000000000000006,0.23302013870492169,-3.743278679246842e-07,3.7432802262892272e-07,1.5470423852111828e-13,1.5470423852111828e-13,4.6388035325009929e-13
C,1,0.00020000000000000001,4,0.00080000000000000004,0.23301976437707031,-3.7432785138236113e-07,3.7432800596072082e-07,1.5457835968427739e-13,1.5457835968427739e-13,6.1845871293437669e-13
C,1,0.00020000000000000001,5,0.001,0.2330193900492358,-3.7432783450697116e-07,3.7432798929267561e-07,1.547857044559193e-13,1.547857044559193e-13,7.7324441739029599e-13
C,1,0.00020000000000000001,6,0.0012000000000000001,0.23301901572141778,-3.7432781802015924e-07,3.7432797262478658e-07,1.5460462734064205e-13,1.5460462734064205e-13,9.2784904473093804e-13
C,1,0.00020000000000000001,7,0.0014,0.23301864139361647,-3.7432780131130272e-07,3.7432795595705378e-07,1.5464575105492904e-13,1.5464575105492904e-13,1.0824947957858671e-12
C,1,0.00020000000000000001,8,0.0016000000000000001,0.23301826706583179,-3.7432778468571293e-07,3.7432793928947741e-07,1.546037644787666e-13,1.546037644787666e-13,1.2370985602646337e-12
C,1,0.00020000000000000001,9,0.0018000000000000002,0.23301789273806389,-3.7432776789358968e-07,3.743279226220571e-07,1.5472846742211845e-13,1.5472846742211845e-13,1.3918270276867521e-12
C,1,0.00020000000000000001,10,0.002,0.23301751841031262,-3.7432775126799989e-07,3.7432790595479323e-07,1.5468679334817398e-13,1.5468679334817398e-13,1.5465138210349261e-12
C,1,0.00020000000000000001,11,0.0022000000000000001,0.23301714408257801,-3.7432773461465452e-07,3.7432788928768554e-07,1.5467303102154479e-13,1.5467303102154479e-13,1.7011868520564709e-12
C,1,0.00020000000000000001,12,0.0024000000000000002,0.23301676975485991,-3.7432771810008703e-07,3.7432787262073407e-07,1.5452064704147666e-13,1.5452064704147666e-13,1.8557074990979476e-12
C,1,0.00020000000000000001,13,0.0026000000000000003,0.23301639542715863,-3.743277012802082e-07,3.7432785595393898e-07,1.5467373077663834e-13,1.5467373077663834e-13,2.0103812298745859e-12
C,1,0.00020000000000000001,14,0.0028,0.23301602109947406,-3.7432768457135168e-07,3.7432783928730022e-07,1.5471594853985583e-13,1.5471594853985583e-13,2.1650971784144417e-12
C,1,0.00020000000000000001,15,0.0030000000000000001,0.233015646771806,-3.7432766805678419e-07,3.7432782262081758e-07,1.5456403339252401e-13,1.5456403339252401e-13,2.3196612118069658e-12
C,1,0.00020000000000000001,16,0.0032000000000000002,0.23301527244415476,-3.7432765123690537e-07,3.7432780595449117e-07,1.5471758580160331e-13,1.5471758580160331e-13,2.4743787976085691e-12
C,1,0.00020000000000000001,17,0.0034000000000000002,0.23301489811652012,-3.7432763463907115e-07,3.7432778928832109e-07,1.5464924993627592e-13,1.5464924993627592e-13,2.629028047544845e-12
C,1,0.00020000000000000001,18,0.0036000000000000003,0.23301452378890214,-3.7432761798572578e-07,3.7432777262230733e-07,1.546365815526981e-13,1.546365815526981e-13,2.7836646290975431e-12
C,1,0.00020000000000000001,19,0.0038,0.23301414946130092,-3.7432760122135811e-07,3.7432775595644975e-07,1.5473509164328246e-13,1.5473509164328246e-13,2.9383997207408255e-12
C,1,0.00020000000000000001,20,0.0040000000000000001,0.23301377513371624,-3.7432758467903504e-07,3.7432773929074855e-07,1.5461171351239966e-13,1.5461171351239966e-13,3.0930114342532252e-12
C,1,0.00020000000000000001,21,0.0042000000000000006,0.23301340080614832,-3.7432756791466737e-07,3.7432772262520358e-07,1.5471053621108111e-13,1.5471053621108111e-13,3.2477219704643063e-12
C,1,0.00020000000000000001,22,0.0044000000000000003,0.23301302647859706,-3.74327551261322e-07,3.7432770595981478e-07,1.546984927789997e-13,1.546984927789997e-13,3.402420463243306e-12
C,1,0.00020000000000000001,23,0.0045999999999999999,0.23301265215106234,-3.7432753471899893e-07,3.7432768929458215e-07,1.5457558321615541e-13,1.5457558321615541e-13,3.5569960464594614e-12
C,1,0.00020000000000000001,24,0.0048000000000000004,0.23301227782354436,-3.7432751798238684e-07,3.7432767262950585e-07,1.5464711901313886e-13,1.5464711901313886e-13,3.7116431654726003e-12
C,1,0.00020000000000000001,25,0.0050000000000000001,0.23301190349604298,-3.7432750138455262e-07,3.7432765596458588e-07,1.5458003326256249e-13,1.5458003326256249e-13,3.8662231987351628e-12
C,1,0.00020000000000000001,26,0.0052000000000000006,0.23301152916855844,-3.7432748453691822e-07,3.7432763929982224e-07,1.5476290402304511e-13,1.5476290402304511e-13,4.0209861027582079e-12
C,1,0.00020000000000000001,27,0.0054000000000000003,0.2330111548410905,-3.74327467939084e-07,3.7432762263521472e-07,1.5469613072174716e-13,1.5469613072174716e-13,4.175682233479955e-12
C,1,0.00020000000000000001,28,0.0055999999999999999,0.23301078051363905,-3.7432745145227209e-07,3.7432760597076343e-07,1.545184913426259e-13,1.545184913426259e-13,4.3302007248225809e-12
C,1,0.00020000000000000001,29,0.0058000000000000005,0.23301040618620453,-3.7432743452137096e-07,3.7432758930646836e-07,1.5478509739799392e-13,1.5478509739799392e-13,4.4849858222205749e-12
C,1,0.00020000000000000001,30,0.0060000000000000001,0.23301003185878652,-3.7432741800680347e-07,3.7432757264232973e-07,1.5463552625552494e-13,1.5463552625552494e-13,4.6396213484760998e-12
C,1,0.00020000000000000001,31,0.0062000000000000006,0.23300965753138511,-3.7432740140896925e-07,3.743275559783471e-07,1.5456937785278383e-13,1.5456937785278383e-13,4.7941907263288836e-12
C,1,0.00020000000000000001,32,0.0064000000000000003,0.23300928320400055,-3.7432738456133485e-07,3.7432753931452097e-07,1.5475318611992038e-13,1.5475318611992038e-13,4.948943912448804e-12
C,1,0.00020000000000000001,33,0.0066,0.23300890887663253,-3.7432736801901179e-07,3.7432752265085085e-07,1.5463183906816599e-13,1.5463183906816599e-13,5.10357575151697e-12
C,1,0.00020000000000000001,34,0.0068000000000000005,0.23300853454928119,-3.7432735133791084e-07,3.7432750598733717e-07,1.5464942633088718e-13,1.5464942633088718e-13,5.2582251778478572e-12
C,1,0.00020000000000000001,35,0.0070000000000000001,0.23300816022194656,-3.7432733462905432e-07,3.7432748932397961e-07,1.546949252879841e-13,1.546949252879841e-13,5.4129201031358413e-12
C,1,0.00020000000000000001,36,0.0072000000000000007,0.23300778589462867,-3.7432731789244222e-07,3.7432747266077832e-07,1.5476833609827541e-13,1.5476833609827541e-13,5.5676884392341167e-12
C,1,0.00020000000000000001,37,0.0074000000000000003,0.23300741156732713,-3.7432730154440819e-07,3.7432745599773331e-07,1.5445332512752669e-13,1.5445332512752669e-13,5.7221417643616434e-12
C,1,0.00020000000000000001,38,0.0076,0.23300703724004251,-3.7432728461350706e-07,3.7432743933484448e-07,1.5472133741640582e-13,1.5472133741640582e-13,5.8768631017780492e-12
C,1,0.00020000000000000001,39,0.0078000000000000005,0.23300666291277458,-3.7432726793240612e-07,3.7432742267211187e-07,1.547397057493835e-13,1.547397057493835e-13,6.0316028075274327e-12
C,1,0.00020000000000000001,40,0.0080000000000000002,0.23300628858552319,-3.7432725139008305e-07,3.7432740600953564e-07,1.5461945258774093e-13,1.5461945258774093e-13,6.1862222601151736e-12
C,1,0.00020000000000000001,41,0.0082000000000000007,0.23300591425828859,-3.743272345979598e-07,3.7432738934711547e-07,1.5474915567245955e-13,1.5474915567245955e-13,6.3409714157876332e-12
C,1,0.00020000000000000001,42,0.0084000000000000012,0.23300553993107059,-3.7432721800012558e-07,3.7432737268485154e-07,1.5468472595250797e-13,1.5468472595250797e-13,6.4956561417401412e-12
C,1,0.00020000000000000001,43,0.0086,0.23300516560386919,-3.7432720140229137e-07,3.7432735602274398e-07,1.5462045261601428e-13,1.5462045261601428e-13,6.6502765943561554e-12
C,1,0.00020000000000000001,44,0.0088000000000000005,0.23300479127668441,-3.7432718477670157e-07,3.7432733936079244e-07,1.5458409086801719e-13,1.5458409086801719e-13,6.8048606852241726e-12
C,1,0.00020000000000000001,45,0.0090000000000000011,0.2330044169495164,-3.743271680123339e-07,3.7432732269899728e-07,1.5468666338155614e-13,1.5468666338155614e-13,6.9595473486057288e-12
C,1,0.00020000000000000001,46,0.0091999999999999998,0.23300404262236496,-3.7432715144225526e-07,3.743273060373584e-07,1.5459510314336445e-13,1.5459510314336445e-13,7.1141424517490932e-12
C,1,0.00020000000000000001,47,0.0094000000000000004,0.23300366829523028,-3.7432713467788759e-07,3.7432728937587564e-07,1.5469798805324225e-13,1.5469798805324225e-13,7.2688404398023355e-12
C,1,0.00020000000000000001,48,0.0096000000000000009,0.23300329396811228,-3.7432711799678664e-07,3.7432727271454921e-07,1.5471776256679149e-13,1.5471776256679149e-13,7.423558202369127e-12
C,1,0.00020000000000000001,49,0.0097999999999999997,0.23300291964101083,-3.7432710145446357e-07,3.74327256053379e-07,1.545989154269018e-13,1.545989154269018e-13,7.5781571177960288e-12
C,1,0.00020000000000000001,50,0.01,0.233002545313926,-3.7432708482887378e-07,3.7432723939236486e-07,1.5456349107967953e-13,1.5456349107967953e-13,7.7327206088757083e-12
C,1,0.00020000000000000001,51,0.010200000000000001,0.2330021709868581,-3.7432706789797265e-07,3.743272227315071e-07,1.5483353444768706e-13,1.5483353444768706e-13,7.8875541433233954e-12
C,1,0.00020000000000000001,52,0.010400000000000001,0.23300179665980675,-3.7432705135564959e-07,3.7432720607080546e-07,1.5471515587583588e-13,1.5471515587583588e-13,8.0422692991992312e-12
C,1,0.00020000000000000001,53,0.0106,0.23300142233277185,-3.7432703489659325e-07,3.743271894102601e-07,1.5451366685471658e-13,1.5451366685471658e-13,8.1967829660539478e-12
C,1,0.00020000000000000001,54,0.010800000000000001,0.23300104800575377,-3.7432701807671442e-07,3.7432717274987107e-07,1.5467315664711878e-13,1.5467315664711878e-13,8.3514561227010666e-12
C,1,0.00020000000000000001,55,0.011000000000000001,0.23300067367875238,-3.7432700139561348e-07,3.7432715608963811e-07,1.5469402462726337e-13,1.5469402462726337e-13,8.50615014732833e-12
C,1,0.00020000000000000001,56,0.0112,0.23300029935176755,-3.7432698482553484e-07,3.7432713942956137e-07,1.5460402652958465e-13,1.5460402652958465e-13,8.6607541738579146e-12
C,1,0.00020000000000000001,57,0.0114,0.23299992502479958,-3.7432696797790044e-07,3.7432712276964106e-07,1.5479174062445967e-13,1.5479174062445967e-13,8.8155459144823743e-12
C,1,0.00020000000000000001,58,0.011600000000000001,0.232999550697848,-3.7432695157435525e-07,3.7432710610987651e-07,1.545355212576678e-13,1.545355212576678e-13,8.9700814357400421e-12
C,1,0.00020000000000000001,59,0.0118,0.23299917637091322,-3.74326934782232e-07,3.7432708945026855e-07,1.5466803654471086e-13,1.5466803654471086e-13,9.124749472284753e-12
C,1,0.00020000000000000001,60,0.012,0.23299880204399512,-3.7432691810113106e-07,3.7432707279081676e-07,1.5468968570099106e-13,1.5468968570099106e-13,9.279439157985744e-12
C,1,0.00020000000000000001,61,0.012200000000000001,0.23299842771709375,-3.7432690136451896e-07,3.7432705613152103e-07,1.5476700207432304e-13,1.5476700207432304e-13,9.4342061600600671e-12
C,1,0.00020000000000000001,62,0.012400000000000001,0.2329980533902089,-3.7432688484995147e-07,3.7432703947238154e-07,1.5462243006736921e-13,1.5462243006736921e-13,9.5888285901274363e-12
C,1,0.00020000000000000001,63,0.0126,0.23299767906334079,-3.7432686811333937e-07,3.7432702281339837e-07,1.5470005899585873e-13,1.5470005899585873e-13,9.743528649123295e-12
C,1,0.00020000000000000001,64,0.012800000000000001,0.23299730473648925,-3.7432685154326073e-07,3.7432700615457137e-07,1.5461131064235413e-13,1.5461131064235413e-13,9.8981399597656491e-12
C,1,0.00020000000000000001,65,0.013000000000000001,0.23299693040965438,-3.7432683486215979e-07,3.743269894959005e-07,1.5463374071007213e-13,1.5463374071007213e-13,1.0052773700475721e-11
C,1,0.00020000000000000001,66,0.0132,0.23299655608283626,-3.7432681812554769e-07,3.74326972837386e-07,1.5471183831247928e-13,1.5471183831247928e-13,1.0207485538788201e-11
C,1,0.00020000000000000001,67,0.0134,0.23299618175603484,-3.7432680141669117e-07,3.7432695617902757e-07,1.5476233640509133e-13,1.5476233640509133e-13,1.0362247875193292e-11
C,1,0.00020000000000000001,68,0.013600000000000001,0.23299580742925005,-3.7432678479110137e-07,3.7432693952082542e-07,1.5472972404843526e-13,1.5472972404843526e-13,1.0516977599241727e-11
C,1,0.00020000000000000001,69,0.013800000000000002,0.23299543310248166,-3.7432676838755619e-07,3.743269228627795e-07,1.5447522331149338e-13,1.5447522331149338e-13,1.067145282255322e-11
C,1,0.00020000000000000001,70,0.014,0.23299505877573023,-3.7432675142889948e-07,3.7432690620488958e-07,1.5477599009974504e-13,1.5477599009974504e-13,1.0826228812652966e-11
C,1,0.00020000000000000001,71,0.014200000000000001,0.23299468444899518,-3.7432673505310987e-07,3.743268895471559e-07,1.544940460247077e-13,1.544940460247077e-13,1.0980722858677673e-11
C,1,0.00020000000000000001,72,0.014400000000000001,0.23299431012227698,-3.7432671820547547e-07,3.743268728895787e-07,1.5468410322447306e-13,1.5468410322447306e-13,1.1135406961902146e-11
C,1,0.00020000000000000001,73,0.0146,0.23299393579557556,-3.7432670141335223e-07,3.7432685623215746e-07,1.5481880523294858e-13,1.5481880523294858e-13,1.1290225767135095e-11
C,1,0.00020000000000000001,74,0.014800000000000001,0.23299356146889061,-3.7432668495429589e-07,3.7432683957489239e-07,1.546205965057362e-13,1.546205965057362e-13,1.1444846363640831e-11
C,1,0.00020000000000000001,75,0.015000000000000001,0.23299318714222239,-3.7432666821768379e-07,3.7432682291778355e-07,1.5470009975931931e-13,1.5470009975931931e-13,1.159954646340015e-11
C,1,0.00020000000000000001,76,0.0152,0.23299281281557066,-3.7432665173087187e-07,3.7432680626083104e-07,1.545299591628801e-13,1.545299591628801e-13,1.175407642256303e-11
C,1,0.00020000000000000001,77,0.0154,0.23299243848893597,-3.7432663468894845e-07,3.7432678960403459e-07,1.5491508614457399e-13,1.5491508614457399e-13,1.1908991508707604e-11
C,1,0.00020000000000000001,78,0.015600000000000001,0.23299206416231763,-3.7432661834091441e-07,3.7432677294739432e-07,1.5460647990757682e-13,1.5460647990757682e-13,1.2063597988615181e-11
C,1,0.00020000000000000001,79,0.015800000000000002,0.23299168983571597,-3.7432660165981346e-07,3.7432675629091037e-07,1.5463109690848551e-13,1.5463109690848551e-13,1.2218229085523667e-11
C,1,0.00020000000000000001,80,0.016,0.23299131550913094,-3.7432658503422367e-07,3.7432673963458255e-07,1.5460035887692304e-13,1.5460035887692304e-13,1.237282944440059e-11
C,1,0.00020000000000000001,81,0.016199999999999999,0.23299094118256261,-3.7432656832536715e-07,3.7432672297841089e-07,1.5465304374390711e-13,1.5465304374390711e-13,1.2527482488144497e-11
C,1,0.00020000000000000001,82,0.016400000000000001,0.23299056685601099,-3.7432655161651063e-07,3.7432670632239546e-07,1.5470588483553038e-13,1.5470588483553038e-13,1.2682188372980027e-11
C,1,0.00020000000000000001,83,0.0166,0.23299019252947598,-3.7432653501867641e-07,3.743266896665361e-07,1.5464785969051168e-13,1.5464785969051168e-13,1.2836836232670539e-11
C,1,0.00020000000000000001,84,0.016800000000000002,0.23298981820295761,-3.7432651836533104e-07,3.7432667301083301e-07,1.5464550197430299e-13,1.5464550197430299e-13,1.2991481734644842e-11
C,1,0.00020000000000000001,85,0.017000000000000001,0.23298944387645601,-3.7432650160096337e-07,3.743266563552861e-07,1.5475432273225648e-13,1.5475432273225648e-13,1.3146236057377098e-11
C,1,0.00020000000000000001,86,0.0172,0.23298906954997098,-3.7432648503088473e-07,3.7432663969989552e-07,1.5466901079141888e-13,1.5466901079141888e-13,1.3300905068168517e-11
C,1,0.00020000000000000001,87,0.017400000000000002,0.2329886952235026,-3.7432646837753936e-07,3.7432662304466084e-07,1.5466712148443003e-13,1.5466712148443003e-13,1.3455572189652947e-11
C,1,0.00020000000000000001,88,0.017600000000000001,0.23298832089705079,-3.7432645180746071e-07,3.743266063895825e-07,1.5458212178111262e-13,1.5458212178111262e-13,1.361015431143406e-11
C,1,0.00020000000000000001,89,0.0178,0.23298794657061586,-3.7432643493207074e-07,3.7432658973466043e-07,1.548025896871459e-13,1.548025896871459e-13,1.3764956901121206e-11
C,1,0.00020000000000000001,90,0.018000000000000002,0.23298757224419742,-3.7432641844525882e-07,3.7432657307989432e-07,1.5463463549450179e-13,1.5463463549450179e-13,1.3919591536615708e-11
C,1,0.00020000000000000001,91,0.018200000000000001,0.23298719791779557,-3.7432640184742461e-07,3.7432655642528449e-07,1.5457785988189896e-13,1.5457785988189896e-13,1.4074169396497607e-11
C,1,0.00020000000000000001,92,0.0184,0.23298682359141057,-3.7432638499979021e-07,3.7432653977083083e-07,1.5477104062153643e-13,1.5477104062153643e-13,1.4228940437119143e-11
C,1,0.00020000000000000001,93,0.018600000000000002,0.23298644926504206,-3.7432636851297829e-07,3.7432652311653339e-07,1.5460355510280995e-13,1.5460355510280995e-13,1.4383543992221953e-11
C,1,0.00020000000000000001,94,0.018800000000000001,0.23298607493869028,-3.743263517763662e-07,3.7432650646239192e-07,1.5468602572456553e-13,1.5468602572456553e-13,1.4538230017946519e-11
C,1,0.00020000000000000001,95,0.019,0.23298570061235516,-3.7432633512302083e-07,3.7432648980840693e-07,1.5468538610881124e-13,1.5468538610881124e-13,1.469291540405533e-11
C,1,0.00020000000000000001,96,0.019200000000000002,0.23298532628603671,-3.7432631844191988e-07,3.7432647315457791e-07,1.5471265802861398e-13,1.5471265802861398e-13,1.4847628062083944e-11
C,1,0.00020000000000000001,97,0.019400000000000001,0.23298495195973487,-3.7432630184408566e-07,3.7432645650090516e-07,1.5465681949914861e-13,1.5465681949914861e-13,1.5002284881583092e-11
C,1,0.00020000000000000001,98,0.019599999999999999,0.23298457763344968,-3.7432628519074029e-07,3.7432643984738843e-07,1.5465664813379547e-13,1.5465664813379547e-13,1.5156941529716888e-11
C,1,0.00020000000000000001,99,0.019800000000000002,0.23298420330718117,-3.7432626850963935e-07,3.7432642319402797e-07,1.5468438862163673e-13,1.5468438862163673e-13,1.5311625918338525e-11
C,1,0.00020000000000000001,100,0.02,0.2329838289809292,-3.7432625196731628e-07,3.7432640654082374e-07,1.5457350745603905e-13,1.5457350745603905e-13,1.5466199425794564e-11
C,1,0.0001,0,0,0.2330212616885757,0,0,0,0,0
C,1,0.0001,1,0.0001,0.2330210745245864,-1.8716398930695988e-07,1.8716402798289731e-07,3.8675937432542038e-14,3.8675937432542038e-14,3.8675937432542038e-14
C,1,0.0001,2,0.00020000000000000001,0.23302088736060111,-1.8716398528240141e-07,1.8716402381576486e-07,3.8533363443961875e-14,3.8533363443961875e-14,7.7209300876503913e-14
C,1,0.0001,3,0.00030000000000000003,0.23302070019662008,-1.8716398103579834e-07,1.8716401964865197e-07,3.8612853621473869e-14,3.8612853621473869e-14,1.1582215449797778e-13
C,1,0.0001,4,0.00040000000000000002,0.23302051303264334,-1.8716397673368412e-07,1.8716401548155861e-07,3.8747874484914468e-14,3.8747874484914468e-14,1.5457002898289225e-13
C,1,0.0001,5,0.00050000000000000001,0.23302032586867072,-1.8716397262585893e-07,1.8716401131448481e-07,3.8688625880212789e-14,3.8688625880212789e-14,1.9325865486310504e-13
C,1,0.0001,6,0.00060000000000000006,0.23302013870470223,-1.8716396849027817e-07,1.871640071474306e-07,3.8657152438763645e-14,3.8657152438763645e-14,2.3191580730186868e-13
C,1,0.0001,7,0.00069999999999999999,0.23301995154073787,-1.871639643546974e-07,1.871640029803958e-07,3.8625698399662948e-14,3.8625698399662948e-14,2.7054150570153163e-13
C,1,0.0001,8,0.00080000000000000004,0.23301976437677771,-1.8716396016360548e-07,1.8716399881338066e-07,3.8649775178839754e-14,3.8649775178839754e-14,3.0919128088037139e-13
C,1,0.0001,9,0.00090000000000000008,0.23301957721282182,-1.8716395588924684e-07,1.8716399464638498e-07,3.8757138140151453e-14,3.8757138140151453e-14,3.4794841902052284e-13
C,1,0.0001,10,0.001,0.23301939004886996,-1.8716395186468837e-07,1.871639904794088e-07,3.8614720429150059e-14,3.8614720429150059e-14,3.865631394496729e-13
C,1,0.0001,11,0.0011000000000000001,0.23301920288492234,-1.871639476180853e-07,1.8716398631245224e-07,3.8694366937180381e-14,3.8694366937180381e-14,4.2525750638685328e-13
C,1,0.0001,12,0.0012000000000000001,0.23301901572097891,-1.8716394342699338e-07,1.8716398214551519e-07,3.8718521802207011e-14,3.8718521802207011e-14,4.6397602818906029e-13
C,1,0.0001,13,0.0013000000000000002,0.23301882855703945,-1.8716393945794607e-07,1.8716397797859764e-07,3.8520651570536177e-14,3.8520651570536177e-14,5.0249667975959647e-13
C,1,0.0001,14,0.0014,0.23301864139310433,-1.8716393512807628e-07,1.8716397381169966e-07,3.8683623383035644e-14,3.8683623383035644e-14,5.4118030314263211e-13
C,1,0.0001,15,0.0015,0.23301845422917339,-1.8716393093698436e-07,1.8716396964482126e-07,3.8707836905093872e-14,3.8707836905093872e-14,5.7988814004772598e-13
C,1,0.0001,16,0.0016000000000000001,0.23301826706524645,-1.8716392694018147e-07,1.8716396547796232e-07,3.8537780853130704e-14,3.8537780853130704e-14,6.1842592090085669e-13
C,1,0.0001,17,0.0017000000000000001,0.23301807990132381,-1.8716392263806725e-07,1.8716396131112289e-07,3.8673055641167022e-14,3.8673055641167022e-14,6.5709897654202371e-13
C,1,0.0001,18,0.0018000000000000002,0.23301789273740547,-1.8716391833595303e-07,1.8716395714430299e-07,3.8808349963900685e-14,3.8808349963900685e-14,6.9590732650592439e-13
C,1,0.0001,19,0.0019,0.23301770557349127,-1.8716391420037226e-07,1.8716395297750268e-07,3.877713042057748e-14,3.877713042057748e-14,7.3468445692650187e-13
C,1,0.0001,20,0.002,0.23301751840958101,-1.8716391025908052e-07,1.8716394881072193e-07,3.8551641409111998e-14,3.8551641409111998e-14,7.7323609833561387e-13
C,1,0.0001,21,0.0021000000000000003,0.23301733124567495,-1.8716390606798861e-07,1.8716394464396056e-07,3.8575971954065845e-14,3.8575971954065845e-14,8.1181207028967972e-13
C,1,0.0001,22,0.0022000000000000001,0.23301714408177318,-1.8716390176587439e-07,1.8716394047721891e-07,3.8711344521468011e-14,3.8711344521468011e-14,8.5052341481114773e-13
C,1,0.0001,23,0.0023,0.23301695691787555,-1.8716389763029362e-07,1.8716393631049679e-07,3.8680203169873749e-14,3.8680203169873749e-14,8.8920361798102148e-13
C,1,0.0001,24,0.0024000000000000002,0.23301676975398206,-1.8716389349471285e-07,1.871639321437941e-07,3.8649081247097716e-14,3.8649081247097716e-14,9.2785269922811919e-13
C,1,0.0001,25,0.0025000000000000001,0.23301658259009272,-1.8716388933137651e-07,1.8716392797711094e-07,3.8645734434634657e-14,3.8645734434634657e-14,9.6649843366275385e-13
C,1,0.0001,26,0.0026000000000000003,0.23301639542620764,-1.8716388508477344e-07,1.871639238104474e-07,3.8725673963125169e-14,3.8725673963125169e-14,1.005224107625879e-12
C,1,0.0001,27,0.0027000000000000001,0.23301620826232658,-1.8716388106021498e-07,1.8716391964380337e-07,3.8583588394918217e-14,3.8583588394918217e-14,1.0438076960207972e-12
C,1,0.0001,28,0.0028,0.23301602109844979,-1.8716387678585633e-07,1.8716391547717885e-07,3.8691322515479491e-14,3.8691322515479491e-14,1.0824990185362767e-12
C,1,0.0001,29,0.0029000000000000002,0.23301583393457709,-1.8716387270578672e-07,1.8716391131057383e-07,3.860478711495893e-14,3.860478711495893e-14,1.1211038056512357e-12
C,1,0.0001,30,0.0030000000000000001,0.23301564677070871,-1.8716386837591692e-07,1.8716390714398838e-07,3.8768071456146154e-14,3.8768071456146154e-14,1.1598718771073818e-12
C,1,0.0001,31,0.0031000000000000003,0.23301545960684439,-1.8716386432360288e-07,1.8716390297742243e-07,3.8653819549404656e-14,3.8653819549404656e-14,1.1985256966567865e-12
C,1,0.0001,32,0.0032000000000000002,0.23301527244298428,-1.8716386010475539e-07,1.8716389881087607e-07,3.8706120683993837e-14,3.8706120683993837e-14,1.2372318173407803e-12
C,1,0.0001,33,0.0033,0.23301508527912826,-1.8716385602468577e-07,1.8716389464434922e-07,3.8619663448732439e-14,3.8619663448732439e-14,1.2758514807895127e-12
C,1,0.0001,34,0.0034000000000000002,0.23301489811527634,-1.8716385191686058e-07,1.8716389047784185e-07,3.8560981270844457e-14,3.8560981270844457e-14,1.3144124620603572e-12
C,1,0.0001,35,0.0035000000000000001,0.2330147109514287,-1.8716384764250193e-07,1.871638863113541e-07,3.8668852160756933e-14,3.8668852160756933e-14,1.3530813142211141e-12
C,1,0.0001,36,0.0036000000000000003,0.23301452378758533,-1.8716384336814329e-07,1.8716388214488582e-07,3.8776742532427197e-14,3.8776742532427197e-14,1.3918580567535413e-12
C,1,0.0001,37,0.0037000000000000002,0.23301433662374596,-1.871638393713404e-07,1.8716387797843708e-07,3.8607096682638517e-14,3.8607096682638517e-14,1.4304651534361798e-12
C,1,0.0001,38,0.0038,0.23301414945991078,-1.8716383518024848e-07,1.8716387381200785e-07,3.8631759370386806e-14,3.8631759370386806e-14,1.4690969128065667e-12
C,1,0.0001,39,0.0039000000000000003,0.23301396229607987,-1.8716383090588984e-07,1.8716386964559824e-07,3.8739708399088666e-14,3.8739708399088666e-14,1.5078366212056553e-12
C,1,0.0001,40,0.0040000000000000001,0.23301377513225291,-1.871638269645981e-07,1.871638654792081e-07,3.8514610002160767e-14,3.8514610002160767e-14,1.5463512312078161e-12
C,1,0.0001,41,0.0041000000000000003,0.23301358796843041,-1.8716382249595043e-07,1.871638613128375e-07,3.8816887076627163e-14,3.8816887076627163e-14,1.5851681182844432e-12
C,1,0.0001,42,0.0042000000000000006,0.23301340080461191,-1.8716381849914754e-07,1.8716385714648647e-07,3.8647338926794993e-14,3.8647338926794993e-14,1.6238154572112382e-12
C,1,0.0001,43,0.0043,0.23301321364079758,-1.871638143358112e-07,1.8716385298015488e-07,3.8644343685944604e-14,3.8644343685944604e-14,1.6624598008971828e-12
C,1,0.0001,44,0.0044000000000000003,0.2330130264769876,-1.8716380997818582e-07,1.8716384881384291e-07,3.8835657088510302e-14,3.8835657088510302e-14,1.7012954579856931e-12
C,1,0.0001,45,0.0045000000000000005,0.23301283931318145,-1.8716380614791639e-07,1.8716384464755043e-07,3.8499634036136837e-14,3.8499634036136837e-14,1.73979509202183e-12
C,1,0.0001,46,0.0045999999999999999,0.23301265214937952,-1.871638019290689e-07,1.871638404812775e-07,3.8552208603549303e-14,3.8552208603549303e-14,1.7783473006253793e-12
C,1,0.0001,47,0.0047000000000000002,0.23301246498558198,-1.8716379754368795e-07,1.8716383631502408e-07,3.8771336132883109e-14,3.8771336132883109e-14,1.8171186367582624e-12
C,1,0.0001,48,0.0048000000000000004,0.2330122778217886,-1.8716379338035161e-07,1.8716383214879017e-07,3.876843856551945e-14,3.876843856551945e-14,1.8558870753237818e-12
C,1,0.0001,49,0.0048999999999999998,0.23301209065799933,-1.8716378927252642e-07,1.8716382798257577e-07,3.87100493551521e-14,3.87100493551521e-14,1.8945971246789339e-12
C,1,0.0001,50,0.0050000000000000001,0.23301190349421405,-1.8716378527572353e-07,1.8716382381638112e-07,3.8540657588777817e-14,3.8540657588777817e-14,1.9331377822677118e-12
C,1,0.0001,51,0.0051000000000000004,0.23301171633043305,-1.8716378100136488e-07,1.8716381965020573e-07,3.8648840848559373e-14,3.8648840848559373e-14,1.9717866231162711e-12
C,1,0.0001,52,0.0052000000000000006,0.23301152916665621,-1.8716377683802854e-07,1.8716381548405001e-07,3.8646021472924657e-14,3.8646021472924657e-14,2.0104326445891958e-12
C,1,0.0001,53,0.0053,0.23301134200288356,-1.8716377264693662e-07,1.871638113179138e-07,3.8670977181133137e-14,3.8670977181133137e-14,2.0491036217703289e-12
C,1,0.0001,54,0.0054000000000000003,0.23301115483911519,-1.8716376837257798e-07,1.8716380715179713e-07,3.877921915088585e-14,3.877921915088585e-14,2.0878828409212148e-12
C,1,0.0001,55,0.0055000000000000005,0.23301096767535087,-1.8716376432026394e-07,1.8716380298569999e-07,3.8665436050410877e-14,3.8665436050410877e-14,2.1265482769716257e-12
C,1,0.0001,56,0.0055999999999999999,0.23301078051159063,-1.8716376024019432e-07,1.8716379881962228e-07,3.8579427954369761e-14,3.8579427954369761e-14,2.1651277049259954e-12
C,1,0.0001,57,0.0057000000000000002,0.23301059334783464,-1.8716375599359125e-07,1.8716379465356423e-07,3.8659972979068663e-14,3.8659972979068663e-14,2.2037876779050641e-12
C,1,0.0001,58,0.0058000000000000005,0.23301040618408272,-1.8716375191352164e-07,1.8716379048752567e-07,3.8574004031831577e-14,3.8574004031831577e-14,2.2423616819368957e-12
C,1,0.0001,59,0.0058999999999999999,0.2330102190203352,-1.8716374752814069e-07,1.8716378632150667e-07,3.8793365977533536e-14,3.8793365977533536e-14,2.2811550479144292e-12
C,1,0.0001,60,0.0060000000000000001,0.23301003185659169,-1.8716374350358223e-07,1.8716378215550717e-07,3.8651924948459885e-14,3.8651924948459885e-14,2.3198069728628891e-12
C,1,0.0001,61,0.0061000000000000004,0.23300984469285241,-1.8716373928473473e-07,1.8716377798952711e-07,3.8704792377513864e-14,3.8704792377513864e-14,2.3585117652404029e-12
C,1,0.0001,62,0.0062000000000000006,0.23300965752911723,-1.8716373517690954e-07,1.8716377382356671e-07,3.8646657171151572e-14,3.8646657171151572e-14,2.3971584224115545e-12
C,1,0.0001,63,0.0063,0.23300947036538616,-1.8716373106908435e-07,1.8716376965762585e-07,3.8588541499486625e-14,3.8588541499486625e-14,2.4357469639110411e-12
C,1,0.0001,64,0.0064000000000000003,0.23300928320165931,-1.8716372685023686e-07,1.8716376549170444e-07,3.8641467585572202e-14,3.8641467585572202e-14,2.4743884314966133e-12
C,1,0.0001,65,0.0065000000000000006,0.23300909603793668,-1.8716372263138936e-07,1.8716376132580265e-07,3.8694413285764463e-14,3.8694413285764463e-14,2.5130828447823778e-12
C,1,0.0001,66,0.0066,0.23300890887421821,-1.8716371846805302e-07,1.8716375715992026e-07,3.8691867237073915e-14,3.8691867237073915e-14,2.5517747120194517e-12
C,1,0.0001,67,0.0067000000000000002,0.23300872171050394,-1.871637142769611e-07,1.8716375299405748e-07,3.871709637810568e-14,3.871709637810568e-14,2.5904918083975574e-12
C,1,0.0001,68,0.0068000000000000005,0.23300853454679382,-1.8716371011362476e-07,1.8716374882821421e-07,3.8714589451749383e-14,3.8714589451749383e-14,2.6292063978493068e-12
C,1,0.0001,69,0.0069000000000000008,0.2330083473830877,-1.8716370611682187e-07,1.8716374466239045e-07,3.8545568579926879e-14,3.8545568579926879e-14,2.6677519664292337e-12
C,1,0.0001,70,0.0070000000000000001,0.23300816021938595,-1.871637017591965e-07,1.8716374049658636e-07,3.8737389858153795e-14,3.8737389858153795e-14,2.7064893562873875e-12
C,1,0.0001,71,0.0071000000000000004,0.23300797305568821,-1.8716369773463803e-07,1.8716373633080172e-07,3.8596163684281171e-14,3.8596163684281171e-14,2.7450855199716686e-12
C,1,0.0001,72,0.0072000000000000007,0.23300778589199472,-1.8716369348803497e-07,1.8716373216503648e-07,3.8677001517682026e-14,3.8677001517682026e-14,2.7837625214893507e-12
C,1,0.0001,73,0.0073000000000000001,0.23300759872830537,-1.871636893524542e-07,1.8716372799929094e-07,3.864683674213639e-14,3.864683674213639e-14,2.822409358231487e-12
C,1,0.0001,74,0.0074000000000000003,0.23300741156462021,-1.8716368516136228e-07,1.8716372383356485e-07,3.8672202573110018e-14,3.8672202573110018e-14,2.8610815608045971e-12
C,1,0.0001,75,0.0075000000000000006,0.23300722440093921,-1.8716368099802594e-07,1.8716371966785825e-07,3.8669832310225805e-14,3.8669832310225805e-14,2.8997513931148229e-12
C,1,0.0001,76,0.0076,0.23300703723726249,-1.8716367672366729e-07,1.8716371550217123e-07,3.8778503937441012e-14,3.8778503937441012e-14,2.9385298970522639e-12
C,1,0.0001,77,0.0077000000000000002,0.23300685007358968,-1.8716367281013113e-07,1.8716371133650375e-07,3.8526372616350389e-14,3.8526372616350389e-14,2.9770562696686143e-12
C,1,0.0001,78,0.0078000000000000005,0.23300666290992125,-1.8716366842475018e-07,1.871637071708558e-07,3.8746105615422805e-14,3.8746105615422805e-14,3.0158023752840371e-12
C,1,0.0001,79,0.0079000000000000008,0.23300647574625682,-1.871636644279473e-07,1.8716370300522736e-07,3.8577280064103981e-14,3.8577280064103981e-14,3.0543796553481411e-12
C,1,0.0001,80,0.0080000000000000002,0.23300628858259681,-1.8716366001481077e-07,1.8716369883961851e-07,3.8824807734656497e-14,3.8824807734656497e-14,3.0932044630827976e-12
C,1,0.0001,81,0.0080999999999999996,0.23300610141894068,-1.8716365612903019e-07,1.8716369467402911e-07,3.8544998923800071e-14,3.8544998923800071e-14,3.1317494620065976e-12
C,1,0.0001,82,0.0082000000000000007,0.23300591425528897,-1.8716365171589366e-07,1.8716369050845925e-07,3.879256558433794e-14,3.879256558433794e-14,3.1705420275909356e-12
C,1,0.0001,83,0.0083000000000000001,0.23300572709164116,-1.871636478023575e-07,1.8716368634290905e-07,3.8540551550840732e-14,3.8540551550840732e-14,3.2090825791417763e-12
C,1,0.0001,84,0.0084000000000000012,0.23300553992799763,-1.8716364352799886e-07,1.8716368217737815e-07,3.8649379296816031e-14,3.8649379296816031e-14,3.2477319584385923e-12
C,1,0.0001,85,0.0085000000000000006,0.2330053527643583,-1.8716363933690694e-07,1.8716367801186698e-07,3.8674960035930245e-14,3.8674960035930245e-14,3.2864069184745226e-12
C,1,0.0001,86,0.0086,0.2330051656007231,-1.8716363520132617e-07,1.871636738463752e-07,3.864504902616165e-14,3.864504902616165e-14,3.3250519675006842e-12
C,1,0.0001,87,0.0087000000000000011,0.23300497843709206,-1.8716363103798983e-07,1.8716366968090304e-07,3.8642913206115369e-14,3.8642913206115369e-14,3.3636948807067996e-12
C,1,0.0001,88,0.0088000000000000005,0.23300479127346524,-1.8716362681914234e-07,1.871636655154503e-07,3.8696307966118573e-14,3.8696307966118573e-14,3.4023911886729182e-12
C,1,0.0001,89,0.0088999999999999999,0.23300460410984261,-1.8716362262805042e-07,1.8716366135001732e-07,3.8721966896961731e-14,3.8721966896961731e-14,3.4411131555698799e-12
C,1,0.0001,90,0.0090000000000000011,0.23300441694622406,-1.871636185479808e-07,1.8716365718460357e-07,3.8636622768872144e-14,3.8636622768872144e-14,3.479749778338752e-12
C,1,0.0001,91,0.0091000000000000004,0.23300422978260979,-1.8716361427362216e-07,1.8716365301920955e-07,3.8745587390077763e-14,3.8745587390077763e-14,3.5184953657288298e-12
C,1,0.0001,92,0.0091999999999999998,0.23300404261899949,-1.8716361030457485e-07,1.8716364885383493e-07,3.8549260081859911e-14,3.8549260081859911e-14,3.5570446258106897e-12
C,1,0.0001,93,0.009300000000000001,0.23300385545539357,-1.871636059191939e-07,1.8716364468847995e-07,3.8769286048452958e-14,3.8769286048452958e-14,3.5958139118591427e-12
C,1,0.0001,94,0.0094000000000000004,0.23300366829179162,-1.8716360195014659e-07,1.8716364052314447e-07,3.8572997889039137e-14,3.8572997889039137e-14,3.6343869097481818e-12
C,1,0.0001,95,0.0094999999999999998,0.23300348112819394,-1.8716359767578794e-07,1.8716363635782848e-07,3.8682040543155022e-14,3.8682040543155022e-14,3.6730689502913368e-12
C,1,0.0001,96,0.0096000000000000009,0.2330032939646004,-1.8716359354020717e-07,1.8716363219253205e-07,3.8652324880359887e-14,3.8652324880359887e-14,3.7117212751716967e-12
C,1,0.0001,97,0.0097000000000000003,0.23300310680101105,-1.8716358934911526e-07,1.8716362802725513e-07,3.8678139877023577e-14,3.8678139877023577e-14,3.7503994150487203e-12
C,1,0.0001,98,0.0097999999999999997,0.23300291963742581,-1.8716358524129006e-07,1.8716362386199775e-07,3.8620707681537726e-14,3.8620707681537726e-14,3.789020122730258e-12
C,1,0.0001,99,0.0099000000000000008,0.23300273247384484,-1.8716358096693142e-07,1.8716361969675989e-07,3.8729828474442994e-14,3.8729828474442994e-14,3.827749951204701e-12
C,1,0.0001,100,0.01,0.23300254531026798,-1.8716357685910623e-07,1.8716361553154155e-07,3.8672435321882056e-14,3.8672435321882056e-14,3.8664223865265831e-12
C,1,0.0001,101,0.010100000000000001,0.23300235814669529,-1.8716357269576989e-07,1.8716361136634277e-07,3.8670572881719501e-14,3.8670572881719501e-14,3.9050929594083026e-12
C,1,0.0001,102,0.010200000000000001,0.2330021709831267,-1.871635685879447e-07,1.8716360720116352e-07,3.8613218825023034e-14,3.8613218825023034e-14,3.9437061782333256e-12
C,1,0.0001,103,0.0103,0.23300198381956225,-1.8716356445236393e-07,1.8716360303600373e-07,3.8583639799230203e-14,3.8583639799230203e-14,3.9822898180325558e-12
C,1,0.0001,104,0.010400000000000001,0.23300179665600212,-1.8716356012249413e-07,1.8716359887086358e-07,3.874836944332324e-14,3.874836944332324e-14,4.021038187475879e-12
C,1,0.0001,105,0.010500000000000001,0.233001609492446,-1.8716355612569124e-07,1.8716359470574283e-07,3.8580051582377177e-14,3.8580051582377177e-14,4.0596182390582562e-12
C,1,0.0001,106,0.0106,0.2330014223288942,-1.8716355179582145e-07,1.8716359054064166e-07,3.8744820216455567e-14,3.8744820216455567e-14,4.0983630592747118e-12
C,1,0.0001,107,0.010700000000000001,0.23300123516534654,-1.8716354766024068e-07,1.8716358637556004e-07,3.87153193559219e-14,3.87153193559219e-14,4.1370783786306337e-12
C,1,0.0001,108,0.010800000000000001,0.23300104800180305,-1.8716354349690434e-07,1.8716358221049797e-07,3.8713593632170988e-14,3.8713593632170988e-14,4.1757919722628047e-12
C,1,0.0001,109,0.0109,0.23300086083826346,-1.8716353958336818e-07,1.8716357804545533e-07,3.8462087156697643e-14,3.8462087156697643e-14,4.2142540594195023e-12
C,1,0.0001,110,0.011000000000000001,0.23300067367472835,-1.871635351147205e-07,1.8716357388043228e-07,3.8765711781173781e-14,3.8765711781173781e-14,4.2530197712006761e-12
C,1,0.0001,111,0.0111,0.2330004865111974,-1.8716353095138416e-07,1.8716356971542882e-07,3.8764044661514907e-14,3.8764044661514907e-14,4.291783815862191e-12
C,1,0.0001,112,0.0112,0.23300029934767044,-1.8716352695458127e-07,1.8716356555044484e-07,3.8595863569920047e-14,3.8595863569920047e-14,4.3303796794321111e-12
C,1,0.0001,113,0.011300000000000001,0.23300011218414771,-1.8716352273573378e-07,1.8716356138548037e-07,3.8649746591477784e-14,3.8649746591477784e-14,4.3690294260235888e-12
C,1,0.0001,114,0.0114,0.23299992502062908,-1.8716351862790859e-07,1.8716355722053541e-07,3.8592626818800572e-14,3.8592626818800572e-14,4.4076220528423894e-12
C,1,0.0001,115,0.0115,0.23299973785711486,-1.8716351421477206e-07,1.8716355305561e-07,3.8840837939062403e-14,3.8840837939062403e-14,4.4464628907814518e-12
C,1,0.0001,116,0.011600000000000001,0.23299955069360465,-1.8716351021796918e-07,1.8716354889070408e-07,3.8672734906847588e-14,3.8672734906847588e-14,4.4851356256882994e-12
C,1,0.0001,117,0.0117,0.23299936353009856,-1.8716350608238841e-07,1.8716354472581778e-07,3.8643429366817602e-14,3.8643429366817602e-14,4.523779055055117e-12
C,1,0.0001,118,0.0118,0.23299917636659664,-1.8716350191905207e-07,1.8716354056095082e-07,3.8641898751812134e-14,3.8641898751812134e-14,4.5624209538069291e-12
C,1,0.0001,119,0.011900000000000001,0.23299898920309886,-1.871634977834713e-07,1.8716353639610358e-07,3.861263228117684e-14,3.861263228117684e-14,4.601033586088106e-12
C,1,0.0001,120,0.012,0.2329988020396053,-1.8716349356462381e-07,1.8716353223127572e-07,3.8666651913267101e-14,3.8666651913267101e-14,4.6397002380013731e-12
C,1,0.0001,121,0.012100000000000001,0.23299861487611587,-1.8716348942904304e-07,1.8716352806646753e-07,3.863742448555672e-14,3.863742448555672e-14,4.6783376624869298e-12
C,1,0.0001,122,0.012200000000000001,0.23299842771263068,-1.8716348518243997e-07,1.8716352390167876e-07,3.8719238789127082e-14,3.8719238789127082e-14,4.7170569012760569e-12
C,1,0.0001,123,0.0123,0.23299824054914972,-1.8716348096359248e-07,1.8716351973690956e-07,3.8773317078248941e-14,3.8773317078248941e-14,4.7558302183543058e-12
C,1,0.0001,124,0.012400000000000001,0.23299805338567275,-1.8716347696678959e-07,1.8716351557215986e-07,3.8605370270673335e-14,3.8605370270673335e-14,4.7944355886249792e-12
C,1,0.0001,125,0.012500000000000001,0.23299786622220006,-1.8716347269243094e-07,1.8716351140742975e-07,3.8714998806890923e-14,3.8714998806890923e-14,4.8331505874318701e-12
C,1,0.0001,126,0.0126,0.23299767905873137,-1.8716346869562805e-07,1.8716350724271912e-07,3.8547091068710009e-14,3.8547091068710009e-14,4.8716976785005801e-12
C,1,0.0001,127,0.012700000000000001,0.232997491895267,-1.8716346436575826e-07,1.8716350307802803e-07,3.8712269772613988e-14,3.8712269772613988e-14,4.9104099482731941e-12
C,1,0.0001,128,0.012800000000000001,0.23299730473180671,-1.8716346028568864e-07,1.8716349891335642e-07,3.8627667777735094e-14,3.8627667777735094e-14,4.9490376160509292e-12
C,1,0.0001,129,0.0129,0.23299711756835059,-1.871634561223523e-07,1.8716349474870432e-07,3.8626352017930653e-14,3.8626352017930653e-14,4.9876639680688598e-12
C,1,0.0001,130,0.013000000000000001,0.23299693040489877,-1.8716345182023808e-07,1.871634905840718e-07,3.8763833723841261e-14,3.8763833723841261e-14,5.0264278017927011e-12
C,1,0.0001,131,0.013100000000000001,0.23299674324145109,-1.8716344768465731e-07,1.871634864194588e-07,3.8734801484285663e-14,3.8734801484285663e-14,5.0651626032769867e-12
C,1,0.0001,132,0.0132,0.2329965560780074,-1.8716344368785442e-07,1.8716348225486533e-07,3.8567010901349266e-14,3.8567010901349266e-14,5.103729614178336e-12
C,1,0.0001,133,0.013300000000000001,0.23299636891456796,-1.8716343944125136e-07,1.8716347809029134e-07,3.8649039980711316e-14,3.8649039980711316e-14,5.1423786541590473e-12
C,1,0.0001,134,0.0134,0.23299618175113268,-1.8716343527791501e-07,1.8716347392573693e-07,3.8647821920863385e-14,3.8647821920863385e-14,5.1810264760799107e-12
C,1,0.0001,135,0.0135,0.23299599458770159,-1.871634310868231e-07,1.8716346976120212e-07,3.8674379024267988e-14,3.8674379024267988e-14,5.2197008551041787e-12
C,1,0.0001,136,0.013600000000000001,0.23299580742427467,-1.8716342692348675e-07,1.8716346559668671e-07,3.867319995440541e-14,3.867319995440541e-14,5.2583740550585841e-12
C,1,0.0001,137,0.0137,0.23299562026085202,-1.8716342264912811e-07,1.8716346143219086e-07,3.8783062748172473e-14,3.8783062748172473e-14,5.2971571178067566e-12
C,1,0.0001,138,0.013800000000000002,0.2329954330974334,-1.8716341862456964e-07,1.8716345726771454e-07,3.8643144896096223e-14,3.8643144896096223e-14,5.3358002627028528e-12
C,1,0.0001,139,0.013900000000000001,0.23299524593401896,-1.8716341443347773e-07,1.8716345310325776e-07,3.8669780032411091e-14,3.8669780032411091e-14,5.3744700427352639e-12
C,1,0.0001,140,0.014,0.23299505877060853,-1.8716341043667484e-07,1.8716344893882046e-07,3.8502145621174344e-14,3.8502145621174344e-14,5.4129721883564382e-12
C,1,0.0001,141,0.014100000000000001,0.23299487160720239,-1.8716340613456062e-07,1.8716344477440275e-07,3.8639842129346421e-14,3.8639842129346421e-14,5.4516120304857847e-12
C,1,0.0001,142,0.014200000000000001,0.23299468444380053,-1.8716340186020197e-07,1.8716344061000449e-07,3.8749802517190876e-14,3.8749802517190876e-14,5.4903618330029755e-12
C,1,0.0001,143,0.0143,0.23299449728040281,-1.8716339772462121e-07,1.8716343644562585e-07,3.8721004641063871e-14,3.8721004641063871e-14,5.5290828376440394e-12
C,1,0.0001,144,0.014400000000000001,0.23299431011700913,-1.8716339367230717e-07,1.8716343228126669e-07,3.8608959519847766e-14,3.8608959519847766e-14,5.5676917971638872e-12
C,1,0.0001,145,0.014500000000000001,0.23299412295361965,-1.8716338948121525e-07,1.8716342811692693e-07,3.8635711679058254e-14,3.8635711679058254e-14,5.6063275088429454e-12
C,1,0.0001,146,0.0146,0.23299393579023442,-1.8716338523461218e-07,1.8716342395260686e-07,3.8717994683016023e-14,3.8717994683016023e-14,5.6450455035259615e-12
C,1,0.0001,147,0.014700000000000001,0.23299374862685329,-1.8716338112678699e-07,1.8716341978830625e-07,3.8661519264183655e-14,3.8661519264183655e-14,5.6837070227901451e-12
C,1,0.0001,148,0.014800000000000001,0.23299356146347638,-1.8716337690793949e-07,1.8716341562402523e-07,3.8716085735450708e-14,3.8716085735450708e-14,5.7224231085255958e-12
C,1,0.0001,149,0.0149,0.23299337430010356,-1.8716337282786988e-07,1.8716341145976369e-07,3.8631893810397403e-14,3.8631893810397403e-14,5.7610550023359932e-12
C,1,0.0001,150,0.015000000000000001,0.23299318713673503,-1.8716336852575566e-07,1.8716340729552163e-07,3.8769765972026916e-14,3.8769765972026916e-14,5.7998247683080201e-12
C,1,0.0001,151,0.015100000000000001,0.23299299997337056,-1.8716336447344162e-07,1.8716340313129908e-07,3.8657857461343336e-14,3.8657857461343336e-14,5.8384826257693635e-12
C,1,0.0001,152,0.0152,0.23299281281001022,-1.8716336033786085e-07,1.8716339896709614e-07,3.8629235291613327e-14,3.8629235291613327e-14,5.8771118610609768e-12
C,1,0.0001,153,0.015300000000000001,0.23299262564665399,-1.8716335623003566e-07,1.8716339480291264e-07,3.8572876975085917e-14,3.8572876975085917e-14,5.9156847380360627e-12
C,1,0.0001,154,0.0154,0.23299243848330214,-1.8716335184465471e-07,1.8716339063874877e-07,3.879409405529126e-14,3.879409405529126e-14,5.954478832091354e-12
C,1,0.0001,155,0.0155,0.23299225131995427,-1.871633478756074e-07,1.8716338647460433e-07,3.8598996930080398e-14,3.8598996930080398e-14,5.9930778290214344e-12
C,1,0.0001,156,0.015600000000000001,0.23299206415661061,-1.8716334365675991e-07,1.871633823104794e-07,3.8653719493637762e-14,3.8653719493637762e-14,6.0317315485150721e-12
C,1,0.0001,157,0.015700000000000002,0.23299187699327115,-1.8716333946566799e-07,1.8716337814637419e-07,3.86807062015653e-14,3.86807062015653e-14,6.0704122547166374e-12
C,1,0.0001,158,0.015800000000000002,0.2329916898299359,-1.8716333524682049e-07,1.8716337398228825e-07,3.8735467755108017e-14,3.8735467755108017e-14,6.1091477224717455e-12
C,1,0.0001,159,0.015900000000000001,0.23299150266660465,-1.8716333125001761e-07,1.8716336981822195e-07,3.8568204344302168e-14,3.8568204344302168e-14,6.1477159268160476e-12
C,1,0.0001,160,0.016,0.23299131550327762,-1.8716332703117011e-07,1.8716336565417513e-07,3.8623005020179137e-14,3.8623005020179137e-14,6.1863389318362268e-12
C,1,0.0001,161,0.0161,0.23299112833995483,-1.8716332278456704e-07,1.871633614901479e-07,3.8705580859308639e-14,3.8705580859308639e-14,6.2250445126955354e-12
C,1,0.0001,162,0.016199999999999999,0.23299094117663618,-1.8716331864898628e-07,1.8716335732614013e-07,3.8677153851263634e-14,3.8677153851263634e-14,6.263721666546799e-12
C,1,0.0001,163,0.016300000000000002,0.23299075401332167,-1.8716331451340551e-07,1.8716335316215191e-07,3.8648746404385754e-14,3.8648746404385754e-14,6.3023704129511848e-12
C,1,0.0001,164,0.016400000000000001,0.2329905668500114,-1.8716331026680244e-07,1.8716334899818326e-07,3.8731380821137515e-14,3.8731380821137515e-14,6.3411017937723223e-12
C,1,0.0001,165,0.016500000000000001,0.23299037968670525,-1.8716330615897725e-07,1.8716334483423406e-07,3.867525681509914e-14,3.867525681509914e-14,6.3797770505874214e-12
C,1,0.0001,166,0.0166,0.23299019252340331,-1.8716330194012976e-07,1.8716334067030435e-07,3.8730174593281066e-14,3.8730174593281066e-14,6.4185072251807025e-12
C,1,0.0001,167,0.0167,0.23299000536010531,-1.8716329799883802e-07,1.8716333650639433e-07,3.8507556308822727e-14,3.8507556308822727e-14,6.4570147814895252e-12
C,1,0.0001,168,0.016800000000000002,0.23298981819681178,-1.8716329353019034e-07,1.8716333234250371e-07,3.8812313363409786e-14,3.8812313363409786e-14,6.495827094852935e-12
C,1,0.0001,169,0.016900000000000002,0.23298963103352216,-1.8716328961665418e-07,1.8716332817863262e-07,3.8561978440381612e-14,3.8561978440381612e-14,6.5343890732933166e-12
C,1,0.0001,170,0.017000000000000001,0.23298944387023682,-1.8716328534229554e-07,1.8716332401478102e-07,3.8672485482114401e-14,3.8672485482114401e-14,6.573061558775431e-12
C,1,0.0001,171,0.017100000000000001,0.23298925670695572,-1.8716328109569247e-07,1.8716331985094898e-07,3.8755256509398687e-14,3.8755256509398687e-14,6.6118168152848297e-12
C,1,0.0001,172,0.0172,0.23298906954367865,-1.87163277071134e-07,1.8716331568713644e-07,3.8616002439985508e-14,3.8616002439985508e-14,6.6504328177248152e-12
C,1,0.0001,173,0.017299999999999999,0.23298888238040583,-1.8716327282453094e-07,1.871633115233435e-07,3.8698812563134265e-14,3.8698812563134265e-14,6.6891316302879495e-12
C,1,0.0001,174,0.017400000000000002,0.23298869521713705,-1.871632687722169e-07,1.8716330735957006e-07,3.8587353165201187e-14,3.8587353165201187e-14,6.7277189834531507e-12
C,1,0.0001,175,0.017500000000000002,0.23298850805387261,-1.871632644423471e-07,1.871633031958161e-07,3.8753469005182184e-14,3.8753469005182184e-14,6.7664724524583329e-12
C,1,0.0001,176,0.017600000000000001,0.23298832089061225,-1.8716326036227748e-07,1.8716329903208163e-07,3.8669804146380308e-14,3.8669804146380308e-14,6.8051422566047132e-12
C,1,0.0001,177,0.0177,0.23298813372735591,-1.8716325633771902e-07,1.8716329486836677e-07,3.853064775045386e-14,3.853064775045386e-14,6.843672904355167e-12
C,1,0.0001,178,0.0178,0.23298794656410404,-1.8716325186907135e-07,1.8716329070467142e-07,3.883560007260504e-14,3.883560007260504e-14,6.8825085044277721e-12
C,1,0.0001,179,0.017899999999999999,0.23298775940085617,-1.8716324787226846e-07,1.8716328654099552e-07,3.8668727064578536e-14,3.8668727064578536e-14,6.9211772314923506e-12
C,1,0.0001,180,0.018000000000000002,0.23298757223761249,-1.8716324368117654e-07,1.8716328237733921e-07,3.8696162673498339e-14,3.8696162673498339e-14,6.9598733941658489e-12
C,1,0.0001,181,0.018100000000000002,0.23298738507437289,-1.8716323960110692e-07,1.8716327821370241e-07,3.8612595488183194e-14,3.8612595488183194e-14,6.9984859896540321e-12
C,1,0.0001,182,0.018200000000000001,0.23298719791113745,-1.8716323543777058e-07,1.8716327405008509e-07,3.8612314511472722e-14,3.8612314511472722e-14,7.0370983041655049e-12
C,1,0.0001,183,0.0183,0.23298701074790626,-1.8716323119116751e-07,1.8716326988648733e-07,3.8695319822776262e-14,3.8695319822776262e-14,7.0757936239882811e-12
C,1,0.0001,184,0.0184,0.23298682358467931,-1.8716322694456444e-07,1.8716326572290903e-07,3.877834458936781e-14,3.877834458936781e-14,7.1145719685776489e-12
C,1,0.0001,185,0.018500000000000003,0.23298663642145631,-1.8716322300327271e-07,1.8716326155935037e-07,3.8556077664763904e-14,3.8556077664763904e-14,7.1531280462424128e-12
C,1,0.0001,186,0.018600000000000002,0.23298644925823764,-1.8716321867340291e-07,1.8716325739581111e-07,3.8722408201127251e-14,3.8722408201127251e-14,7.1918504544435401e-12
C,1,0.0001,187,0.018700000000000001,0.23298626209502299,-1.8716321464884444e-07,1.8716325323229144e-07,3.8583446993355585e-14,3.8583446993355585e-14,7.2304339014368957e-12
C,1,0.0001,188,0.018800000000000001,0.23298607493181261,-1.871632103744858e-07,1.8716324906879135e-07,3.8694305553761484e-14,3.8694305553761484e-14,7.2691282069906572e-12
C,1,0.0001,189,0.0189,0.23298588776860624,-1.8716320637768291e-07,1.8716324490531065e-07,3.8527627733889763e-14,3.8527627733889763e-14,7.3076558347245469e-12
C,1,0.0001,190,0.019,0.23298570060540416,-1.8716320207556869e-07,1.871632407418495e-07,3.8666280806957086e-14,3.8666280806957086e-14,7.346322115531504e-12
C,1,0.0001,191,0.019100000000000002,0.23298551344220642,-1.8716319774569889e-07,1.8716323657840794e-07,3.8832709043276942e-14,3.8832709043276942e-14,7.3851548245747809e-12
C,1,0.0001,192,0.019200000000000002,0.23298532627901253,-1.8716319388767388e-07,1.8716323241498583e-07,3.8527311949419115e-14,3.8527311949419115e-14,7.4236821365242001e-12
C,1,0.0001,193,0.019300000000000001,0.23298513911582305,-1.8716318947453736e-07,1.8716322825158332e-07,3.8777045955510771e-14,3.8777045955510771e-14,7.4624591824797108e-12
C,1,0.0001,194,0.019400000000000001,0.23298495195263758,-1.8716318547773447e-07,1.8716322408820023e-07,3.8610465756186221e-14,3.8610465756186221e-14,7.5010696482358971e-12
C,1,0.0001,195,0.0195,0.23298476478945637,-1.8716318120337583e-07,1.8716321992483673e-07,3.8721460900654865e-14,3.8721460900654865e-14,7.5397911091365519e-12
C,1,0.0001,196,0.019599999999999999,0.23298457762627917,-1.8716317720657294e-07,1.8716321576149276e-07,3.8554919823664566e-14,3.8554919823664566e-14,7.5783460289602165e-12
C,1,0.0001,197,0.019700000000000002,0.23298439046310634,-1.8716317282119199e-07,1.8716321159816836e-07,3.8776976366460198e-14,3.8776976366460198e-14,7.6171230053266767e-12
C,1,0.0001,198,0.019800000000000002,0.2329842032999376,-1.8716316874112238e-07,1.8716320743486336e-07,3.869374097983236e-14,3.869374097983236e-14,7.655816746306509e-12
C,1,0.0001,199,0.019900000000000001,0.23298401613677289,-1.8716316471656391e-07,1.8716320327157789e-07,3.855501397667061e-14,3.855501397667061e-14,7.6943717602831797e-12
C,1,0.0001,200,0.02,0.23298382897361258,-1.8716316030342739e-07,1.8716319910831198e-07,3.880488459329479e-14,3.880488459329479e-14,7.7331766448764744e-12
C,1,5.0000000000000002e-05,0,0,0.2330212616885757,0,0,0,0,0
C,1,5.0000000000000002e-05,1,5.0000000000000002e-05,0.23302116810657128,-9.3582004423442555e-08,9.3582013991448655e-08,9.5680060995696414e-15,9.5680060995696414e-15,9.5680060995696414e-15
C,1,5.0000000000000002e-05,2,0.0001,0.23302107452456802,-9.3582003257708379e-08,9.3582012949665058e-08,9.6919566791409893e-15,9.6919566791409893e-15,1.9259962778710631e-14
C,1,5.0000000000000002e-05,3,0.00015000000000000001,0.23302098094256571,-9.3582002314018808e-08,9.3582011907883911e-08,9.593865102241919e-15,9.593865102241919e-15,2.885382788095255e-14
C,1,5.0000000000000002e-05,4,0.00020000000000000001,0.23302088736056456,-9.3582001148284633e-08,9.3582010866105198e-08,9.7178205654876033e-15,9.7178205654876033e-15,3.8571648446440153e-14
C,1,5.0000000000000002e-05,5,0.00025000000000000001,0.23302079377856438,-9.3582000176839486e-08,9.3582009824328921e-08,9.6474894346436086e-15,9.6474894346436086e-15,4.8219137881083762e-14
C,1,5.0000000000000002e-05,6,0.00030000000000000003,0.23302070019656526,-9.3581999122127613e-08,9.3582008782555131e-08,9.6604275188057832e-15,9.6604275188057832e-15,5.7879565399889545e-14
C,1,5.0000000000000002e-05,7,0.00035,0.23302060661456722,-9.3581998039660164e-08,9.3582007740783738e-08,9.7011235740986407e-15,9.7011235740986407e-15,6.7580688973988186e-14
C,1,5.0000000000000002e-05,8,0.00040000000000000002,0.23302051303257024,-9.358199698494829e-08,9.3582006699014806e-08,9.7140665154653723e-15,9.7140665154653723e-15,7.7294755489453558e-14
C,1,5.0000000000000002e-05,9,0.00045000000000000004,0.23302041945057414,-9.3581996096769871e-08,9.3582005657248322e-08,9.5604784515929435e-15,9.5604784515929435e-15,8.6855233941046501e-14
C,1,5.0000000000000002e-05,10,0.00050000000000000001,0.23302032586857926,-9.3581994875524543e-08,9.3582004615484261e-08,9.7399597170928952e-15,9.7399597170928952e-15,9.6595193658139396e-14
C,1,5.0000000000000002e-05,11,0.00055000000000000003,0.2330202322865853,-9.3581993959590548e-08,9.3582003573722687e-08,9.6141321389802114e-15,9.6141321389802114e-15,1.0620932579711961e-13
C,1,5.0000000000000002e-05,12,0.00060000000000000006,0.23302013870459251,-9.3581992793856372e-08,9.3582002531963456e-08,9.7381070839836826e-15,9.7381070839836826e-15,1.1594743288110329e-13
C,1,5.0000000000000002e-05,13,0.00065000000000000008,0.23302004512260052,-9.3581991988944679e-08,9.3582001490206714e-08,9.5012620341432605e-15,9.5012620341432605e-15,1.2544869491524655e-13
C,1,5.0000000000000002e-05,14,0.00069999999999999999,0.23301995154060975,-9.3581990767699352e-08,9.3582000448452472e-08,9.6807531199314444e-15,9.6807531199314444e-15,1.35129448035178e-13
C,1,5.0000000000000002e-05,15,0.00075000000000000002,0.23301985795862007,-9.3581989685231903e-08,9.3581999406700653e-08,9.7214687496263174e-15,9.7214687496263174e-15,1.4485091678480431e-13
C,1,5.0000000000000002e-05,16,0.00080000000000000004,0.23301976437663147,-9.3581988602764454e-08,9.3581998364951229e-08,9.7621867748362443e-15,9.7621867748362443e-15,1.5461310355964056e-13
C,1,5.0000000000000002e-05,17,0.00085000000000000006,0.23301967079464381,-9.3581987659074883e-08,9.3581997323204293e-08,9.6641294101273092e-15,9.6641294101273092e-15,1.6427723296976787e-13
C,1,5.0000000000000002e-05,18,0.00090000000000000008,0.23301957721265709,-9.3581986715385312e-08,9.3581996281459753e-08,9.566074440933428e-15,9.566074440933428e-15,1.7384330741070129e-13
C,1,5.0000000000000002e-05,19,0.00095,0.23301948363067151,-9.3581985577406712e-08,9.3581995239717662e-08,9.6623109495035624e-15,9.6623109495035624e-15,1.8350561836020486e-13
C,1,5.0000000000000002e-05,20,0.001,0.23301939004868705,-9.3581984467183688e-08,9.3581994197978045e-08,9.7307943573824606e-15,9.7307943573824606e-15,1.9323641271758732e-13
C,1,5.0000000000000002e-05,21,0.0010500000000000002,0.23301929646670361,-9.358198344022739e-08,9.3581993156240863e-08,9.7160134736341955e-15,9.7160134736341955e-15,2.0295242619122151e-13
C,1,5.0000000000000002e-05,22,0.0011000000000000001,0.23301920288472111,-9.3581982496537819e-08,9.3581992114506104e-08,9.6179682850238771e-15,9.6179682850238771e-15,2.1257039447624539e-13
C,1,5.0000000000000002e-05,23,0.00115,0.2330191093027397,-9.358198141407037e-08,9.3581991072773766e-08,9.6587033964765369e-15,9.6587033964765369e-15,2.2222909787272193e-13
C,1,5.0000000000000002e-05,24,0.0012000000000000001,0.23301901572075934,-9.3581980359358496e-08,9.3581990031043957e-08,9.6716854601775197e-15,9.6716854601775197e-15,2.3190078333289945e-13
C,1,5.0000000000000002e-05,25,0.00125,0.23301892213878006,-9.3581979276891047e-08,9.3581988989316476e-08,9.7124254288347364e-15,9.7124254288347364e-15,2.4161320876173418e-13
C,1,5.0000000000000002e-05,26,0.0013000000000000002,0.2330188285568017,-9.3581978360957052e-08,9.3581987947591511e-08,9.5866344584272418e-15,9.5866344584272418e-15,2.5119984322016142e-13
C,1,5.0000000000000002e-05,27,0.0013500000000000001,0.2330187349748245,-9.3581977195222876e-08,9.358198690586898e-08,9.7106461037801308e-15,9.7106461037801308e-15,2.6091048932394156e-13
C,1,5.0000000000000002e-05,28,0.0014,0.23301864139284825,-9.3581976251533305e-08,9.3581985864148885e-08,9.6126155794277118e-15,9.6126155794277118e-15,2.7052310490336927e-13
C,1,5.0000000000000002e-05,29,0.0014500000000000001,0.233018547810873,-9.3581975252332583e-08,9.3581984822431225e-08,9.570098641526274e-15,9.570098641526274e-15,2.8009320354489554e-13
C,1,5.0000000000000002e-05,30,0.0015,0.23301845422889902,-9.3581973975576105e-08,9.3581983780715987e-08,9.8051398817659588e-15,9.8051398817659588e-15,2.898983434266615e-13
C,1,5.0000000000000002e-05,31,0.0015500000000000002,0.23301836064692591,-9.3581973115153261e-08,9.358198273900325e-08,9.6238499891653824e-15,9.6238499891653824e-15,2.9952219341582688e-13
C,1,5.0000000000000002e-05,32,0.0016000000000000001,0.23301826706495388,-9.3581972032685812e-08,9.3581981697292896e-08,9.6646070837700014e-15,9.6646070837700014e-15,3.0918680049959688e-13
C,1,5.0000000000000002e-05,33,0.00165,0.23301817348298293,-9.3581970950218363e-08,9.3581980655585003e-08,9.7053666400641233e-15,9.7053666400641233e-15,3.1889216713966101e-13
C,1,5.0000000000000002e-05,34,0.0017000000000000001,0.23301807990101289,-9.3581970034284367e-08,9.3581979613879545e-08,9.5795951778841952e-15,9.5795951778841952e-15,3.284717623175452e-13
C,1,5.0000000000000002e-05,35,0.00175,0.23301798631904411,-9.3581968785283465e-08,9.3581978572176563e-08,9.7868930980162067e-15,9.7868930980162067e-15,3.3825865541556141e-13
C,1,5.0000000000000002e-05,36,0.0018000000000000002,0.23301789273707624,-9.3581967869349469e-08,9.3581977530476002e-08,9.6611265327455049e-15,9.6611265327455049e-15,3.4791978194830691e-13
C,1,5.0000000000000002e-05,37,0.0018500000000000001,0.23301779915510928,-9.3581966953415474e-08,9.3581976488777877e-08,9.5353624026945264e-15,9.5353624026945264e-15,3.5745514435100144e-13
C,1,5.0000000000000002e-05,38,0.0019,0.23301770557314364,-9.358196564890342e-08,9.3581975447082187e-08,9.798178766482076e-15,9.798178766482076e-15,3.6725332311748352e-13
C,1,5.0000000000000002e-05,39,0.0019500000000000001,0.23301761199117896,-9.3581964677458274e-08,9.3581974405388932e-08,9.727930658101802e-15,9.727930658101802e-15,3.7698125377558532e-13
C,1,5.0000000000000002e-05,40,0.002,0.23301751840921522,-9.3581963733768703e-08,9.3581973363698152e-08,9.6299294490302919e-15,9.6299294490302919e-15,3.8661118322461561e-13
C,1,5.0000000000000002e-05,41,0.0020500000000000002,0.23301742482725238,-9.3581962845590283e-08,9.358197232200978e-08,9.4764194974774677e-15,9.4764194974774677e-15,3.9608760272209308e-13
C,1,5.0000000000000002e-05,42,0.0021000000000000003,0.23301733124529084,-9.3581961541078229e-08,9.3581971280323911e-08,9.7392456815532496e-15,9.7392456815532496e-15,4.0582684840364633e-13
C,1,5.0000000000000002e-05,43,0.00215,0.23301723766333027,-9.3581960569633083e-08,9.358197023864041e-08,9.6690073272867589e-15,9.6690073272867589e-15,4.1549585573093309e-13
C,1,5.0000000000000002e-05,44,0.0022000000000000001,0.23301714408137067,-9.3581959598187936e-08,9.3581969196959371e-08,9.5987714347097711e-15,9.5987714347097711e-15,4.2509462716564286e-13
C,1,5.0000000000000002e-05,45,0.0022500000000000003,0.23301705049941221,-9.3581958460209336e-08,9.3581968155280767e-08,9.6950714310462801e-15,9.6950714310462801e-15,4.3478969859668914e-13
C,1,5.0000000000000002e-05,46,0.0023,0.23301695691745483,-9.3581957377741887e-08,9.3581967113604611e-08,9.7358627246061445e-15,9.7358627246061445e-15,4.4452556132129528e-13
C,1,5.0000000000000002e-05,47,0.0023500000000000001,0.2330168633354984,-9.3581956434052316e-08,9.3581966071930904e-08,9.6378785885424775e-15,9.6378785885424775e-15,4.5416343990983776e-13
C,1,5.0000000000000002e-05,48,0.0024000000000000002,0.23301676975354307,-9.3581955323829291e-08,9.3581965030259659e-08,9.7064303678620869e-15,9.7064303678620869e-15,4.6386987027769985e-13
C,1,5.0000000000000002e-05,49,0.0024499999999999999,0.23301667617158883,-9.3581954241361842e-08,9.3581963988590822e-08,9.7472289803160112e-15,9.7472289803160112e-15,4.7361709925801586e-13
C,1,5.0000000000000002e-05,50,0.0025000000000000001,0.23301658258963545,-9.3581953380938998e-08,9.3581962946924448e-08,9.5659854495344071e-15,9.5659854495344071e-15,4.8318308470755026e-13
C,1,5.0000000000000002e-05,51,0.0025500000000000002,0.23301648900768329,-9.3581952159693671e-08,9.3581961905260508e-08,9.7455668369757022e-15,9.7455668369757022e-15,4.9292865154452597e-13
C,1,5.0000000000000002e-05,52,0.0026000000000000003,0.2330163954257321,-9.3581951188248524e-08,9.3581960863599043e-08,9.6753505188007299e-15,9.6753505188007299e-15,5.026040020633267e-13
C,1,5.0000000000000002e-05,53,0.00265,0.2330163018437818,-9.3581950300070105e-08,9.3581959821939961e-08,9.521869856059035e-15,9.521869856059035e-15,5.1212587191938573e-13
C,1,5.0000000000000002e-05,54,0.0027000000000000001,0.23301620826183278,-9.3581949023313626e-08,9.358195878028338e-08,9.7569697533303172e-15,9.7569697533303172e-15,5.2188284167271605e-13
C,1,5.0000000000000002e-05,55,0.0027500000000000003,0.23301611467988462,-9.3581948162890782e-08,9.3581957738629181e-08,9.5757383986473299e-15,9.5757383986473299e-15,5.3145858007136338e-13
C,1,5.0000000000000002e-05,56,0.0028,0.23301602109793762,-9.3581946997156606e-08,9.3581956696977431e-08,9.6998208241908738e-15,9.6998208241908738e-15,5.4115840089555425e-13
C,1,5.0000000000000002e-05,57,0.0028500000000000001,0.23301592751599176,-9.3581945859178006e-08,9.3581955655328169e-08,9.7961501622780713e-15,9.7961501622780713e-15,5.5095455105783232e-13
C,1,5.0000000000000002e-05,58,0.0029000000000000002,0.23301583393404673,-9.3581945026510738e-08,9.3581954613681289e-08,9.587170550873515e-15,9.587170550873515e-15,5.6054172160870584e-13
C,1,5.0000000000000002e-05,59,0.0029499999999999999,0.23301574035210279,-9.3581943944043289e-08,9.358195357203691e-08,9.6279936214037912e-15,9.6279936214037912e-15,5.7016971523010963e-13
C,1,5.0000000000000002e-05,60,0.0030000000000000001,0.2330156467701599,-9.3581942889331415e-08,9.3581952530394967e-08,9.6410635515381619e-15,9.6410635515381619e-15,5.7981077878164779e-13
C,1,5.0000000000000002e-05,61,0.0030500000000000002,0.23301555318821801,-9.3581941890130693e-08,9.3581951488755432e-08,9.5986247391912185e-15,9.5986247391912185e-15,5.8940940352083901e-13
C,1,5.0000000000000002e-05,62,0.0031000000000000003,0.23301545960627731,-9.3581940696640942e-08,9.358195044711836e-08,9.7504774178431804e-15,9.7504774178431804e-15,5.9915988093868219e-13
C,1,5.0000000000000002e-05,63,0.00315,0.23301536602433756,-9.3581939752951371e-08,9.3581949405483669e-08,9.6525322982346463e-15,9.6525322982346463e-15,6.0881241323691684e-13
C,1,5.0000000000000002e-05,64,0.0032000000000000002,0.23301527244239878,-9.3581938781506224e-08,9.358194836385148e-08,9.5823452556359135e-15,9.5823452556359135e-15,6.1839475849255275e-13
C,1,5.0000000000000002e-05,65,0.0032500000000000003,0.2330151788604613,-9.358193747699417e-08,9.3581947322221713e-08,9.8452275424095611e-15,9.8452275424095611e-15,6.2823998603496231e-13
C,1,5.0000000000000002e-05,66,0.0033,0.2330150852785246,-9.3581936699838053e-08,9.3581946280594407e-08,9.5807563541757624e-15,9.5807563541757624e-15,6.3782074238913807e-13
C,1,5.0000000000000002e-05,67,0.0033500000000000001,0.23301499169658893,-9.3581935672881755e-08,9.3581945238969524e-08,9.5660877684674574e-15,9.5660877684674574e-15,6.4738683015760553e-13
C,1,5.0000000000000002e-05,68,0.0034000000000000002,0.23301489811465437,-9.3581934562658731e-08,9.3581944197347115e-08,9.634688384530432e-15,9.634688384530432e-15,6.5702151854213596e-13
C,1,5.0000000000000002e-05,69,0.0034500000000000004,0.233014804532721,-9.3581933369168979e-08,9.3581943155727115e-08,9.786558136190237e-15,9.786558136190237e-15,6.668080766783262e-13
C,1,5.0000000000000002e-05,70,0.0035000000000000001,0.23301471095078857,-9.3581932425479408e-08,9.3581942114109577e-08,9.6886301689988848e-15,9.6886301689988848e-15,6.7649670684732509e-13
C,1,5.0000000000000002e-05,71,0.0035500000000000002,0.23301461736885715,-9.3581931426278686e-08,9.3581941072494448e-08,9.6462157617887342e-15,9.6462157617887342e-15,6.8614292260911382e-13
C,1,5.0000000000000002e-05,72,0.0036000000000000003,0.23301452378692691,-9.3581930232788935e-08,9.3581940030881807e-08,9.7980928720472685e-15,9.7980928720472685e-15,6.9594101548116109e-13
C,1,5.0000000000000002e-05,73,0.00365,0.23301443020499743,-9.3581929483388393e-08,9.3581938989271574e-08,9.5058831812056839e-15,9.5058831812056839e-15,7.0544689866236677e-13
C,1,5.0000000000000002e-05,74,0.0037000000000000002,0.23301433662306931,-9.3581928123365188e-08,9.3581937947663803e-08,9.8242986155974384e-15,9.8242986155974384e-15,7.1527119727796421e-13
C,1,5.0000000000000002e-05,75,0.0037500000000000003,0.23301424304114191,-9.3581927401720222e-08,9.3581936906058441e-08,9.5043382195796717e-15,9.5043382195796717e-15,7.2477553549754388e-13
C,1,5.0000000000000002e-05,76,0.0038,0.23301414945921564,-9.3581926263741622e-08,9.3581935864455568e-08,9.6007139459556212e-15,9.6007139459556212e-15,7.343762494434995e-13
C,1,5.0000000000000002e-05,77,0.0038500000000000001,0.23301405587729052,-9.3581925125763021e-08,9.3581934822855063e-08,9.6970920413768451e-15,9.6970920413768451e-15,7.4407334148487635e-13
C,1,5.0000000000000002e-05,78,0.0039000000000000003,0.2330139622953665,-9.3581924015539997e-08,9.3581933781257046e-08,9.7657170493417226e-15,9.7657170493417226e-15,7.5383905853421807e-13
C,1,5.0000000000000002e-05,79,0.0039500000000000004,0.23301386871344354,-9.3581922960828123e-08,9.3581932739661504e-08,9.778833380999735e-15,9.778833380999735e-15,7.6361789191521781e-13
C,1,5.0000000000000002e-05,80,0.0040000000000000001,0.23301377513152136,-9.3581922183672006e-08,9.3581931698068332e-08,9.5143963255467327e-15,9.5143963255467327e-15,7.7313228824076454e-13
C,1,5.0000000000000002e-05,81,0.0040499999999999998,0.23301368154960028,-9.3581921073448981e-08,9.358193065647766e-08,9.5830286788754497e-15,9.5830286788754497e-15,7.8271531691963999e-13
C,1,5.0000000000000002e-05,82,0.0041000000000000003,0.23301358796768043,-9.3581919852203654e-08,9.3581929614889438e-08,9.7626857831212955e-15,9.7626857831212955e-15,7.9247800270276128e-13
C,1,5.0000000000000002e-05,83,0.00415,0.23301349438576144,-9.358191899178081e-08,9.358192857330361e-08,9.5815227998790193e-15,9.5815227998790193e-15,8.020595255026403e-13
C,1,5.0000000000000002e-05,84,0.0042000000000000006,0.23301340080384361,-9.3581917826046634e-08,9.3581927531720245e-08,9.7056736100981642e-15,9.7056736100981642e-15,8.1176519911273847e-13
C,1,5.0000000000000002e-05,85,0.0042500000000000003,0.23301330722192679,-9.3581916826845912e-08,9.3581926490139288e-08,9.6632933753734794e-15,9.6632933753734794e-15,8.2142849248811195e-13
C,1,5.0000000000000002e-05,86,0.0043,0.23301321364001101,-9.3581915772134039e-08,9.3581925448560832e-08,9.6764267932742247e-15,9.6764267932742247e-15,8.3110491928138617e-13
C,1,5.0000000000000002e-05,87,0.0043500000000000006,0.23301312005809632,-9.358191468966659e-08,9.3581924406984799e-08,9.7173182087754325e-15,9.7173182087754325e-15,8.408222374901616e-13
C,1,5.0000000000000002e-05,88,0.0044000000000000003,0.23301302647618266,-9.3581913662710292e-08,9.3581923365411174e-08,9.7027008817953262e-15,9.7027008817953262e-15,8.5052493837195693e-13
C,1,5.0000000000000002e-05,89,0.00445,0.23301293289427003,-9.3581912635753994e-08,9.3581922323840024e-08,9.6880860297396127e-15,9.6880860297396127e-15,8.6021302440169654e-13
C,1,5.0000000000000002e-05,90,0.0045000000000000005,0.23301283931235822,-9.3581911803086726e-08,9.3581921282271309e-08,9.4791845835942202e-15,9.4791845835942202e-15,8.6969220898529076e-13
C,1,5.0000000000000002e-05,91,0.0045500000000000002,0.23301274573044772,-9.3581910498574672e-08,9.3581920240705017e-08,9.7421303448993527e-15,9.7421303448993527e-15,8.7943433933019012e-13
C,1,5.0000000000000002e-05,92,0.0045999999999999999,0.23301265214853825,-9.3581909471618374e-08,9.3581919199141212e-08,9.7275228382074787e-15,9.7275228382074787e-15,8.891618621683976e-13
C,1,5.0000000000000002e-05,93,0.0046500000000000005,0.23301255856662978,-9.3581908472417652e-08,9.3581918157579817e-08,9.6851621646499195e-15,9.6851621646499195e-15,8.9884702433304751e-13
C,1,5.0000000000000002e-05,94,0.0047000000000000002,0.23301246498472231,-9.358190747321693e-08,9.3581917116020856e-08,9.6428039263120837e-15,9.6428039263120837e-15,9.084898282593596e-13
C,1,5.0000000000000002e-05,95,0.0047499999999999999,0.23301237140281583,-9.3581906474016208e-08,9.3581916074464344e-08,9.600448136428861e-15,9.600448136428861e-15,9.1809027639578846e-13
C,1,5.0000000000000002e-05,96,0.0048000000000000004,0.23301227782091047,-9.3581905363793183e-08,9.3581915032910267e-08,9.6691170842278773e-15,9.6691170842278773e-15,9.2775939348001634e-13
C,1,5.0000000000000002e-05,97,0.0048500000000000001,0.23301218423900616,-9.358190430908131e-08,9.3581913991358586e-08,9.6822772763106898e-15,9.6822772763106898e-15,9.3744167075632703e-13
C,1,5.0000000000000002e-05,98,0.0048999999999999998,0.23301209065710285,-9.3581903309880587e-08,9.3581912949809432e-08,9.6399288450261963e-15,9.6399288450261963e-15,9.4708159960135322e-13
C,1,5.0000000000000002e-05,99,0.0049500000000000004,0.23301199707520068,-9.3581902171901987e-08,9.3581911908262714e-08,9.7363607270395709e-15,9.7363607270395709e-15,9.5681796032839279e-13
C,1,5.0000000000000002e-05,100,0.0050000000000000001,0.23301190349329948,-9.3581901200456841e-08,9.3581910866718405e-08,9.6662615641091156e-15,9.6662615641091156e-15,9.6648422189250191e-13
C,1,5.0000000000000002e-05,101,0.0050500000000000007,0.23301180991139928,-9.3581900201256119e-08,9.3581909825176504e-08,9.6239203855442331e-15,9.6239203855442331e-15,9.7610814227804614e-13
C,1,5.0000000000000002e-05,102,0.0051000000000000004,0.23301171632950021,-9.3581899063277518e-08,9.3581908783637118e-08,9.7203595996865573e-15,9.7203595996865573e-15,9.858285018777327e-13
C,1,5.0000000000000002e-05,103,0.0051500000000000001,0.23301162274760218,-9.3581898036321221e-08,9.3581907742100114e-08,9.70577889364653e-15,9.70577889364653e-15,9.9553428077137923e-13
C,1,5.0000000000000002e-05,104,0.0052000000000000006,0.23301152916570503,-9.3581897148142801e-08,9.3581906700565585e-08,9.5524227844527508e-15,9.5524227844527508e-15,1.005086703555832e-12
C,1,5.0000000000000002e-05,105,0.0052500000000000003,0.23301143558380905,-9.3581895982408625e-08,9.3581905659033478e-08,9.6766248534000944e-15,9.6766248534000944e-15,1.0147633284092321e-12
C,1,5.0000000000000002e-05,106,0.0053,0.2330113420019142,-9.3581894844430025e-08,9.3581904617503846e-08,9.7730738216562018e-15,9.7730738216562018e-15,1.0245364022308883e-12
C,1,5.0000000000000002e-05,107,0.0053500000000000006,0.23301124842002024,-9.3581893956251605e-08,9.358190357597665e-08,9.6197250445913723e-15,9.6197250445913723e-15,1.0341561272754796e-12
C,1,5.0000000000000002e-05,108,0.0054000000000000003,0.2330111548381274,-9.358189284602858e-08,9.3581902534451862e-08,9.688423281201518e-15,9.688423281201518e-15,1.0438445505566812e-12
C,1,5.0000000000000002e-05,109,0.00545,0.23301106125623552,-9.3581891874583434e-08,9.3581901492929522e-08,9.6183460881881321e-15,9.6183460881881321e-15,1.0534628966448693e-12
C,1,5.0000000000000002e-05,110,0.0055000000000000005,0.2330109676743447,-9.358189081987156e-08,9.3581900451409644e-08,9.631538083711136e-15,9.631538083711136e-15,1.0630944347285804e-12
C,1,5.0000000000000002e-05,111,0.0055500000000000002,0.23301087409245494,-9.3581889765159687e-08,9.3581899409892162e-08,9.6447324747491939e-15,9.6447324747491939e-15,1.0727391672033296e-12
C,1,5.0000000000000002e-05,112,0.0055999999999999999,0.23301078051056626,-9.3581888682692238e-08,9.3581898368377181e-08,9.685684942797053e-15,9.685684942797053e-15,1.0824248521461267e-12
C,1,5.0000000000000002e-05,113,0.0056500000000000005,0.23301068692867855,-9.3581887711247091e-08,9.3581897326864622e-08,9.61561753036723e-15,9.61561753036723e-15,1.0920404696764939e-12
C,1,5.0000000000000002e-05,114,0.0057000000000000002,0.23301059334679194,-9.3581886601024067e-08,9.3581896285354472e-08,9.6843304047654954e-15,9.6843304047654954e-15,1.1017248000812594e-12
C,1,5.0000000000000002e-05,115,0.0057499999999999999,0.23301049976490651,-9.3581885435289891e-08,9.3581895243846823e-08,9.8085569317891909e-15,9.8085569317891909e-15,1.1115333570130486e-12
C,1,5.0000000000000002e-05,116,0.0058000000000000005,0.23301040618302185,-9.3581884658133774e-08,9.358189420234153e-08,9.5442077560044662e-15,9.5442077560044662e-15,1.1210775647690531e-12
C,1,5.0000000000000002e-05,117,0.0058500000000000002,0.23301031260113839,-9.3581883464644022e-08,9.3581893160838765e-08,9.6961947423181272e-15,9.6961947423181272e-15,1.1307737595113712e-12
C,1,5.0000000000000002e-05,118,0.0058999999999999999,0.233010219019256,-9.3581882382176573e-08,9.3581892119338408e-08,9.7371618349192162e-15,9.7371618349192162e-15,1.1405109213462904e-12
C,1,5.0000000000000002e-05,119,0.0059500000000000004,0.23301012543737462,-9.3581881382975851e-08,9.3581891077840474e-08,9.6948646226582521e-15,9.6948646226582521e-15,1.1502057859689487e-12
C,1,5.0000000000000002e-05,120,0.0060000000000000001,0.23301003185549424,-9.3581880383775129e-08,9.3581890036345001e-08,9.6525698720867909e-15,9.6525698720867909e-15,1.1598583558410355e-12
C,1,5.0000000000000002e-05,121,0.0060500000000000007,0.23300993827361488,-9.3581879356818831e-08,9.3581888994851977e-08,9.6380331455855718e-15,9.6380331455855718e-15,1.169496388986621e-12
C,1,5.0000000000000002e-05,122,0.0061000000000000004,0.23300984469173658,-9.3581878302106958e-08,9.3581887953361361e-08,9.6512544034499254e-15,9.6512544034499254e-15,1.1791476433900709e-12
C,1,5.0000000000000002e-05,123,0.0061500000000000001,0.23300975110985925,-9.3581877330661811e-08,9.3581886911873194e-08,9.5812113829220054e-15,9.5812113829220054e-15,1.188728854772993e-12
C,1,5.0000000000000002e-05,124,0.0062000000000000006,0.23300965752798308,-9.3581876164927635e-08,9.3581885870387502e-08,9.7054598666278805e-15,9.7054598666278805e-15,1.1984343146396208e-12
C,1,5.0000000000000002e-05,125,0.0062500000000000003,0.23300956394610786,-9.3581875221238064e-08,9.3581884828904205e-08,9.6076661409237783e-15,9.6076661409237783e-15,1.2080419807805446e-12
C,1,5.0000000000000002e-05,126,0.0063,0.23300947036423383,-9.3581874027748313e-08,9.3581883787423437e-08,9.7596751236242883e-15,9.7596751236242883e-15,1.2178016559041689e-12
C,1,5.0000000000000002e-05,127,0.0063500000000000006,0.23300937678236061,-9.358187322283662e-08,9.3581882745944997e-08,9.5231083770465984e-15,9.5231083770465984e-15,1.2273247642812155e-12
C,1,5.0000000000000002e-05,128,0.0064000000000000003,0.23300928320048872,-9.3581871890568991e-08,9.3581881704469059e-08,9.8139000685600302e-15,9.8139000685600302e-15,1.2371386643497755e-12
C,1,5.0000000000000002e-05,129,0.00645,0.23300918961861769,-9.3581871030146146e-08,9.3581880662995583e-08,9.6328494362972735e-15,9.6328494362972735e-15,1.2467715137860728e-12
C,1,5.0000000000000002e-05,130,0.0065000000000000006,0.23300909603674771,-9.3581869975434273e-08,9.3581879621524502e-08,9.6460902288589731e-15,9.6460902288589731e-15,1.2564176040149318e-12
C,1,5.0000000000000002e-05,131,0.0065500000000000003,0.23300900245487874,-9.3581868976233551e-08,9.3581878580055856e-08,9.6038223054091383e-15,9.6038223054091383e-15,1.2660214263203409e-12
C,1,5.0000000000000002e-05,132,0.0066,0.23300890887301087,-9.3581867866010526e-08,9.3581877538589725e-08,9.6725791990508812e-15,9.6725791990508812e-15,1.2756940055193918e-12
C,1,5.0000000000000002e-05,133,0.0066500000000000005,0.23300881529114409,-9.3581866783543077e-08,9.3581876497125937e-08,9.71358285965249e-15,9.71358285965249e-15,1.2854075883790443e-12
C,1,5.0000000000000002e-05,134,0.0067000000000000002,0.23300872170927833,-9.358186575658678e-08,9.358187545566465e-08,9.6990778704170134e-15,9.6990778704170134e-15,1.2951066662494613e-12
C,1,5.0000000000000002e-05,135,0.0067499999999999999,0.23300862812741358,-9.3581864757386057e-08,9.3581874414205785e-08,9.6568197275507414e-15,9.6568197275507414e-15,1.304763485977012e-12
C,1,5.0000000000000002e-05,136,0.0068000000000000005,0.23300853454554976,-9.3581863813696486e-08,9.3581873372749395e-08,9.5590529083776043e-15,9.5590529083776043e-15,1.3143225388853896e-12
C,1,5.0000000000000002e-05,137,0.0068500000000000002,0.23300844096368706,-9.3581862703473462e-08,9.3581872331295387e-08,9.6278219251784048e-15,9.6278219251784048e-15,1.323950360810568e-12
C,1,5.0000000000000002e-05,138,0.0069000000000000008,0.23300834738182563,-9.3581861426716983e-08,9.3581871289843867e-08,9.8631268838322614e-15,9.8631268838322614e-15,1.3338134876944003e-12
C,1,5.0000000000000002e-05,139,0.0069500000000000004,0.2330082537999649,-9.3581860732827593e-08,9.3581870248394796e-08,9.5155672030125239e-15,9.5155672030125239e-15,1.3433290548974128e-12
C,1,5.0000000000000002e-05,140,0.0070000000000000001,0.23300816021810553,-9.3581859372804388e-08,9.3581869206948147e-08,9.834143758952714e-15,9.834143758952714e-15,1.3531631986563655e-12
C,1,5.0000000000000002e-05,141,0.0070500000000000007,0.2330080666362469,-9.3581858623403846e-08,9.3581868165503946e-08,9.5421000998036811e-15,9.5421000998036811e-15,1.3627052987561692e-12
C,1,5.0000000000000002e-05,142,0.0071000000000000004,0.23300797305438944,-9.358185745766967e-08,9.3581867124062141e-08,9.6663924704041358e-15,9.6663924704041358e-15,1.3723716912265734e-12
C,1,5.0000000000000002e-05,143,0.0071500000000000001,0.23300787947253304,-9.3581856402957797e-08,9.3581866082622863e-08,9.6796650664060269e-15,9.6796650664060269e-15,1.3820513562929794e-12
C,1,5.0000000000000002e-05,144,0.0072000000000000007,0.23300778589067775,-9.3581855292734772e-08,9.3581865041185942e-08,9.7484511694495603e-15,9.7484511694495603e-15,1.391799807462429e-12
C,1,5.0000000000000002e-05,145,0.0072500000000000004,0.23300769230882337,-9.3581854376800777e-08,9.3581863999751508e-08,9.6229507313429739e-15,9.6229507313429739e-15,1.4014227581937719e-12
C,1,5.0000000000000002e-05,146,0.0073000000000000001,0.23300759872697022,-9.358185315555545e-08,9.3581862958319497e-08,9.8027640469931391e-15,9.8027640469931391e-15,1.4112255222407651e-12
C,1,5.0000000000000002e-05,147,0.0073500000000000006,0.23300750514511775,-9.358185246166606e-08,9.3581861916889961e-08,9.4552239008707478e-15,9.4552239008707478e-15,1.4206807461416358e-12
C,1,5.0000000000000002e-05,148,0.0074000000000000003,0.23300741156326663,-9.358185112939843e-08,9.358186087546278e-08,9.7460643497182059e-15,9.7460643497182059e-15,1.430426810491354e-12
C,1,5.0000000000000002e-05,149,0.00745,0.23300731798141638,-9.358185024122001e-08,9.35818598340381e-08,9.5928180901097738e-15,9.5928180901097738e-15,1.4400196285814638e-12
C,1,5.0000000000000002e-05,150,0.0075000000000000006,0.23300722439956739,-9.3581848992219108e-08,9.3581858792615883e-08,9.8003967751940206e-15,9.8003967751940206e-15,1.4498200253566578e-12
C,1,5.0000000000000002e-05,151,0.0075500000000000003,0.23300713081771918,-9.358184821506299e-08,9.35818577511961e-08,9.5361331100322992e-15,9.5361331100322992e-15,1.4593561584666901e-12
C,1,5.0000000000000002e-05,152,0.0076,0.23300703723587224,-9.3581846938306512e-08,9.3581856709778714e-08,9.7714722014669521e-15,9.7714722014669521e-15,1.4691276306681571e-12
C,1,5.0000000000000002e-05,153,0.0076500000000000005,0.23300694365402613,-9.3581846105639244e-08,9.3581855668363828e-08,9.5627245844457148e-15,9.5627245844457148e-15,1.4786903552526028e-12
C,1,5.0000000000000002e-05,154,0.0077000000000000002,0.23300685007218117,-9.3581844967660643e-08,9.3581854626951351e-08,9.6592907079463394e-15,9.6592907079463394e-15,1.4883496459605491e-12
C,1,5.0000000000000002e-05,155,0.0077499999999999999,0.23300675649033728,-9.3581843885193194e-08,9.3581853585541323e-08,9.7003481286703192e-15,9.7003481286703192e-15,1.4980499940892194e-12
C,1,5.0000000000000002e-05,156,0.0078000000000000005,0.23300666290849437,-9.3581842913748048e-08,9.3581852544133743e-08,9.6303856953863966e-15,9.6303856953863966e-15,1.5076803797846058e-12
C,1,5.0000000000000002e-05,157,0.0078500000000000011,0.23300656932665262,-9.3581841748013872e-08,9.3581851502728546e-08,9.7547146736920405e-15,9.7547146736920405e-15,1.5174350944582979e-12
C,1,5.0000000000000002e-05,158,0.0079000000000000008,0.23300647574481181,-9.3581840804324301e-08,9.3581850461325889e-08,9.6570015881714948e-15,9.6570015881714948e-15,1.5270920960464694e-12
C,1,5.0000000000000002e-05,159,0.0079500000000000005,0.23300638216297206,-9.3581839749612428e-08,9.3581849419925602e-08,9.6703131741587392e-15,9.6703131741587392e-15,1.5367624092206281e-12
C,1,5.0000000000000002e-05,160,0.0080000000000000002,0.23300628858113326,-9.3581838805922857e-08,9.3581848378527763e-08,9.572604906138081e-15,9.572604906138081e-15,1.5463350141267662e-12
C,1,5.0000000000000002e-05,161,0.0080499999999999999,0.23300619499929562,-9.3581837640188681e-08,9.3581847337132399e-08,9.696943717966847e-15,9.696943717966847e-15,1.556031957844733e-12
C,1,5.0000000000000002e-05,162,0.0080999999999999996,0.23300610141745901,-9.3581836613232383e-08,9.3581846295739444e-08,9.6825070604674121e-15,9.6825070604674121e-15,1.5657144649052004e-12
C,1,5.0000000000000002e-05,163,0.008150000000000001,0.2330060078356235,-9.3581835503009358e-08,9.358184525434895e-08,9.7513395915043669e-15,9.7513395915043669e-15,1.5754658044967048e-12
C,1,5.0000000000000002e-05,164,0.0082000000000000007,0.23300591425378886,-9.3581834642586514e-08,9.3581844212960878e-08,9.570374363985495e-15,9.570374363985495e-15,1.5850361788606903e-12
C,1,5.0000000000000002e-05,165,0.0082500000000000004,0.23300582067195541,-9.3581833449096763e-08,9.3581843171575202e-08,9.7224784393692241e-15,9.7224784393692241e-15,1.5947586573000595e-12
C,1,5.0000000000000002e-05,166,0.0083000000000000001,0.23300572709012282,-9.3581832588673919e-08,9.3581842130192054e-08,9.5415181352293582e-15,9.5415181352293582e-15,1.6043001754352889e-12
C,1,5.0000000000000002e-05,167,0.0083499999999999998,0.23300563350829145,-9.3581831367428592e-08,9.3581841088811328e-08,9.7213827360775017e-15,9.7213827360775017e-15,1.6140215581713664e-12
C,1,5.0000000000000002e-05,168,0.0084000000000000012,0.23300553992646106,-9.3581830395983445e-08,9.3581840047433063e-08,9.6514496180744879e-15,9.6514496180744879e-15,1.6236730077894409e-12
C,1,5.0000000000000002e-05,169,0.0084500000000000009,0.23300544634463177,-9.3581829285760421e-08,9.3581839006057194e-08,9.7202967736646727e-15,9.7202967736646727e-15,1.6333933045631056e-12
C,1,5.0000000000000002e-05,170,0.0085000000000000006,0.23300535276280351,-9.3581828258804123e-08,9.3581837964683787e-08,9.7058796640974736e-15,9.7058796640974736e-15,1.643099184227203e-12
C,1,5.0000000000000002e-05,171,0.0085500000000000003,0.23300525918097617,-9.3581827342870127e-08,9.3581836923312775e-08,9.5804426475828129e-15,9.5804426475828129e-15,1.6526796268747858e-12
C,1,5.0000000000000002e-05,172,0.0086,0.23300516559915005,-9.35818261216248e-08,9.3581835881944265e-08,9.7603194642342426e-15,9.7603194642342426e-15,1.6624399463390201e-12
C,1,5.0000000000000002e-05,173,0.0086499999999999997,0.23300507201732487,-9.3581825177935229e-08,9.3581834840578189e-08,9.6626429599491065e-15,9.6626429599491065e-15,1.6721025892989692e-12
C,1,5.0000000000000002e-05,174,0.0087000000000000011,0.23300497843550078,-9.358182409546778e-08,9.3581833799214523e-08,9.7037467424920587e-15,9.7037467424920587e-15,1.6818063360414613e-12
C,1,5.0000000000000002e-05,175,0.0087500000000000008,0.23300488485367762,-9.358182315177821e-08,9.3581832757853292e-08,9.6060750821765897e-15,9.6060750821765897e-15,1.6914124111236378e-12
C,1,5.0000000000000002e-05,176,0.0088000000000000005,0.23300479127185558,-9.3581822041555185e-08,9.3581831716494549e-08,9.6749393637141767e-15,9.6749393637141767e-15,1.701087350487352e-12
C,1,5.0000000000000002e-05,177,0.0088500000000000002,0.2330046976900346,-9.3581820986843312e-08,9.3581830675138228e-08,9.6882949160053395e-15,9.6882949160053395e-15,1.7107756454033574e-12
C,1,5.0000000000000002e-05,178,0.0088999999999999999,0.23300460410821461,-9.3581819987642589e-08,9.3581829633784355e-08,9.6461417655198576e-15,9.6461417655198576e-15,1.7204217871688772e-12
C,1,5.0000000000000002e-05,179,0.0089499999999999996,0.23300451052639579,-9.3581818821908413e-08,9.3581828592432851e-08,9.7705244377734236e-15,9.7705244377734236e-15,1.7301923116066506e-12
C,1,5.0000000000000002e-05,180,0.0090000000000000011,0.23300441694457777,-9.3581818016996721e-08,9.3581827551083876e-08,9.5340871548877656e-15,9.5340871548877656e-15,1.7397263987615384e-12
C,1,5.0000000000000002e-05,181,0.0090500000000000008,0.23300432336276097,-9.3581816795751394e-08,9.3581826509737309e-08,9.7139859149864851e-15,9.7139859149864851e-15,1.7494403846765249e-12
C,1,5.0000000000000002e-05,182,0.0091000000000000004,0.23300422978094523,-9.358181574103952e-08,9.3581825468393203e-08,9.727353683080934e-15,9.727353683080934e-15,1.7591677383596058e-12
C,1,5.0000000000000002e-05,183,0.0091500000000000001,0.23300413619913035,-9.3581814880616676e-08,9.3581824427051493e-08,9.5464348173810346e-15,9.5464348173810346e-15,1.7687141731769869e-12
C,1,5.0000000000000002e-05,184,0.0091999999999999998,0.23300404261731664,-9.35818137148825e-08,9.3581823385712285e-08,9.6708297848472255e-15,9.6708297848472255e-15,1.7783850029618341e-12
C,1,5.0000000000000002e-05,185,0.0092500000000000013,0.23300394903550406,-9.35818125769039e-08,9.3581822344375459e-08,9.7674715589779517e-15,9.7674715589779517e-15,1.788152474520812e-12
C,1,5.0000000000000002e-05,186,0.009300000000000001,0.2330038554536924,-9.3581811660969905e-08,9.3581821303041121e-08,9.6420712163429291e-15,9.6420712163429291e-15,1.797794545737155e-12
C,1,5.0000000000000002e-05,187,0.0093500000000000007,0.23300376187188168,-9.3581810717280334e-08,9.3581820261709192e-08,9.5444288580734792e-15,9.5444288580734792e-15,1.8073389745952284e-12
C,1,5.0000000000000002e-05,188,0.0094000000000000004,0.23300366829007213,-9.3581809551546158e-08,9.3581819220379711e-08,9.6688335531836737e-15,9.6688335531836737e-15,1.8170078081484121e-12
C,1,5.0000000000000002e-05,189,0.0094500000000000001,0.23300357470826374,-9.3581808385811982e-08,9.3581818179052666e-08,9.7932406835135916e-15,9.7932406835135916e-15,1.8268010488319257e-12
C,1,5.0000000000000002e-05,190,0.0094999999999999998,0.23300348112645627,-9.3581807469877987e-08,9.3581817137728082e-08,9.6678500949923523e-15,9.6678500949923523e-15,1.8364688989269181e-12
C,1,5.0000000000000002e-05,191,0.0095500000000000012,0.2330033875446498,-9.3581806470677265e-08,9.358181609640592e-08,9.6257286553028332e-15,9.6257286553028332e-15,1.8460946275822209e-12
C,1,5.0000000000000002e-05,192,0.0096000000000000009,0.23300329396284444,-9.358180536045424e-08,9.3581815055086233e-08,9.6946319930002226e-15,9.6946319930002226e-15,1.8557892595752211e-12
C,1,5.0000000000000002e-05,193,0.0096500000000000006,0.23300320038104008,-9.3581804361253518e-08,9.3581814013768955e-08,9.65251543698504e-15,9.65251543698504e-15,1.8654417750122062e-12
C,1,5.0000000000000002e-05,194,0.0097000000000000003,0.2330031067992368,-9.3581803278786069e-08,9.3581812972454125e-08,9.6936680562713574e-15,9.6936680562713574e-15,1.8751354430684775e-12
C,1,5.0000000000000002e-05,195,0.00975,0.23300301321743452,-9.3581802279585347e-08,9.3581811931141744e-08,9.6515563971654011e-15,9.6515563971654011e-15,1.8847869994656429e-12
C,1,5.0000000000000002e-05,196,0.0097999999999999997,0.23300291963563322,-9.35818013081402e-08,9.3581810889831758e-08,9.58169155795887e-15,9.58169155795887e-15,1.8943686910236018e-12
C,1,5.0000000000000002e-05,197,0.0098500000000000011,0.23300282605383313,-9.3581800086894873e-08,9.3581809848524287e-08,9.7616294139220611e-15,9.7616294139220611e-15,1.9041303204375238e-12
C,1,5.0000000000000002e-05,198,0.0099000000000000008,0.23300273247203393,-9.3581799198716453e-08,9.3581808807219211e-08,9.6085027580127593e-15,9.6085027580127593e-15,1.9137388231955366e-12
C,1,5.0000000000000002e-05,199,0.0099500000000000005,0.23300263889023576,-9.3581798171760155e-08,9.3581807765916584e-08,9.5941564286362152e-15,9.5941564286362152e-15,1.9233329796241728e-12
C,1,5.0000000000000002e-05,200,0.01,0.23300254530843878,-9.3581796978270404e-08,9.3581806724616405e-08,9.7463460014080578e-15,9.7463460014080578e-15,1.9330793256255809e-12
C,1,5.0000000000000002e-05,201,0.01005,0.23300245172664269,-9.3581796090091984e-08,9.3581805683318675e-08,9.5932266908625954e-15,9.5932266908625954e-15,1.9426725523164435e-12
C,1,5.0000000000000002e-05,202,0.010100000000000001,0.23300235814484779,-9.3581794896602233e-08,9.3581804642023367e-08,9.7454211340738847e-15,9.7454211340738847e-15,1.9524179734505174e-12
C,1,5.0000000000000002e-05,203,0.010150000000000001,0.23300226456305395,-9.3581793841890359e-08,9.3581803600730507e-08,9.7588401476616425e-15,9.7588401476616425e-15,1.962176813598179e-12
C,1,5.0000000000000002e-05,204,0.010200000000000001,0.23300217098126103,-9.3581792925956364e-08,9.3581802559440069e-08,9.6334837051560894e-15,9.6334837051560894e-15,1.9718102973033351e-12
C,1,5.0000000000000002e-05,205,0.01025,0.23300207739946918,-9.3581791843488915e-08,9.3581801518152067e-08,9.674663151564033e-15,9.674663151564033e-15,1.9814849604548991e-12
C,1,5.0000000000000002e-05,206,0.0103,0.23300198381767837,-9.3581790816532617e-08,9.3581800476866539e-08,9.6603339216651116e-15,9.6603339216651116e-15,1.9911452943765642e-12
C,1,5.0000000000000002e-05,207,0.01035,0.23300189023588849,-9.3581789872843046e-08,9.358179943558346e-08,9.5627404133739167e-15,9.5627404133739167e-15,2.0007080347899382e-12
C,1,5.0000000000000002e-05,208,0.010400000000000001,0.23300179665409981,-9.3581788679353295e-08,9.3581798394302803e-08,9.7149495076082155e-15,9.7149495076082155e-15,2.0104229842975464e-12
C,1,5.0000000000000002e-05,209,0.010450000000000001,0.23300170307231213,-9.3581787680152573e-08,9.3581797353024607e-08,9.6728720342226148e-15,9.6728720342226148e-15,2.020095856331769e-12
C,1,5.0000000000000002e-05,210,0.010500000000000001,0.23300160949052548,-9.3581786653196275e-08,9.358179631174878e-08,9.6585525054979174e-15,9.6585525054979174e-15,2.0297544088372669e-12
C,1,5.0000000000000002e-05,211,0.01055,0.23300151590873985,-9.3581785626239977e-08,9.3581795270475469e-08,9.6442354914022822e-15,9.6442354914022822e-15,2.0393986443286692e-12
C,1,5.0000000000000002e-05,212,0.0106,0.23300142232695525,-9.3581784599283679e-08,9.3581794229204605e-08,9.6299209257612602e-15,9.6299209257612602e-15,2.0490285652544304e-12
C,1,5.0000000000000002e-05,213,0.01065,0.23300132874517177,-9.3581783489060655e-08,9.3581793187936151e-08,9.6988754957170686e-15,9.6988754957170686e-15,2.0587274407501475e-12
C,1,5.0000000000000002e-05,214,0.010700000000000001,0.23300123516338928,-9.3581782489859933e-08,9.3581792146670131e-08,9.6568101984300847e-15,9.6568101984300847e-15,2.0683842509485776e-12
C,1,5.0000000000000002e-05,215,0.010750000000000001,0.2330011415816079,-9.3581781379636908e-08,9.3581791105406547e-08,9.7257696388253399e-15,9.7257696388253399e-15,2.0781100205874029e-12
C,1,5.0000000000000002e-05,216,0.010800000000000001,0.23300104799982746,-9.3581780435947337e-08,9.3581790064145424e-08,9.6281980872163245e-15,9.6281980872163245e-15,2.0877382186746193e-12
C,1,5.0000000000000002e-05,217,0.01085,0.23300095441804813,-9.3581779325724312e-08,9.3581789022886737e-08,9.697162424520806e-15,9.697162424520806e-15,2.0974353810991401e-12
C,1,5.0000000000000002e-05,218,0.0109,0.23300086083626981,-9.358177832652359e-08,9.3581787981630472e-08,9.6551068813476054e-15,9.6551068813476054e-15,2.1070904879804877e-12
C,1,5.0000000000000002e-05,219,0.01095,0.23300076725449251,-9.3581777299567293e-08,9.3581786940376681e-08,9.6408093887144264e-15,9.6408093887144264e-15,2.1167312973692021e-12
C,1,5.0000000000000002e-05,220,0.011000000000000001,0.23300067367271624,-9.3581776272610995e-08,9.35817858991253e-08,9.6265143048311912e-15,9.6265143048311912e-15,2.1263578116740333e-12
C,1,5.0000000000000002e-05,221,0.011050000000000001,0.23300058009094105,-9.3581775190143546e-08,9.358178485787638e-08,9.6677328338687168e-15,9.6677328338687168e-15,2.136025544507902e-12
C,1,5.0000000000000002e-05,222,0.0111,0.23300048650916697,-9.3581774079920521e-08,9.3581783816629882e-08,9.7367093605067048e-15,9.7367093605067048e-15,2.1457622538684087e-12
C,1,5.0000000000000002e-05,223,0.01115,0.23300039292739383,-9.358177313623095e-08,9.3581782775385885e-08,9.6391549348450917e-15,9.6391549348450917e-15,2.1554014088032538e-12
C,1,5.0000000000000002e-05,224,0.0112,0.23300029934562172,-9.3581772109274652e-08,9.3581781734144257e-08,9.6248696050756397e-15,9.6248696050756397e-15,2.1650262784083294e-12
C,1,5.0000000000000002e-05,225,0.011250000000000001,0.23300020576385078,-9.3581770943540477e-08,9.3581780692905078e-08,9.7493646018389455e-15,9.7493646018389455e-15,2.1747756430101684e-12
C,1,5.0000000000000002e-05,226,0.011300000000000001,0.23300011218208083,-9.3581769944339754e-08,9.3581779651668387e-08,9.7073286330677603e-15,9.7073286330677603e-15,2.1844829716432361e-12
C,1,5.0000000000000002e-05,227,0.011350000000000001,0.23300001860031183,-9.3581769000650183e-08,9.3581778610434105e-08,9.6097839218152611e-15,9.6097839218152611e-15,2.1940927555650514e-12
C,1,5.0000000000000002e-05,228,0.0114,0.23299992501854408,-9.3581767751649281e-08,9.3581777569202272e-08,9.817552990789293e-15,9.817552990789293e-15,2.2039103085558407e-12
C,1,5.0000000000000002e-05,229,0.01145,0.23299983143677699,-9.3581767085515466e-08,9.3581776527972873e-08,9.4424574070548411e-15,9.4424574070548411e-15,2.2133527659628955e-12
C,1,5.0000000000000002e-05,230,0.0115,0.23299973785501124,-9.3581765753247836e-08,9.3581775486745857e-08,9.7334980203756473e-15,9.7334980203756473e-15,2.2230862639832712e-12
C,1,5.0000000000000002e-05,231,0.011550000000000001,0.23299964427324649,-9.3581764754047114e-08,9.3581774445521395e-08,9.6914742806426381e-15,9.6914742806426381e-15,2.2327777382639138e-12
C,1,5.0000000000000002e-05,232,0.011600000000000001,0.23299955069148273,-9.3581763754846392e-08,9.3581773404299289e-08,9.6494528967200135e-15,9.6494528967200135e-15,2.2424271911606338e-12
C,1,5.0000000000000002e-05,233,0.011650000000000001,0.23299945710972009,-9.3581762644623367e-08,9.3581772363079684e-08,9.7184563166540769e-15,9.7184563166540769e-15,2.2521456474772879e-12
C,1,5.0000000000000002e-05,234,0.0117,0.23299936352795836,-9.3581761728689372e-08,9.3581771321862462e-08,9.593173089558902e-15,9.593173089558902e-15,2.2617388205668468e-12
C,1,5.0000000000000002e-05,235,0.01175,0.23299926994619782,-9.3581760535199621e-08,9.3581770280647714e-08,9.745448093544409e-15,9.745448093544409e-15,2.2714842686603912e-12
C,1,5.0000000000000002e-05,236,0.0118,0.2329991763644382,-9.3581759619265625e-08,9.3581769239435455e-08,9.6201698295329095e-15,9.6201698295329095e-15,2.2811044384899241e-12
C,1,5.0000000000000002e-05,237,0.011850000000000001,0.23299908278267978,-9.3581758425775874e-08,9.3581768198225525e-08,9.772449651018304e-15,9.772449651018304e-15,2.2908768881409424e-12
C,1,5.0000000000000002e-05,238,0.011900000000000001,0.23299898920092216,-9.3581757620864181e-08,9.3581767157018096e-08,9.5361539152790661e-15,9.5361539152790661e-15,2.3004130420562215e-12
C,1,5.0000000000000002e-05,239,0.011950000000000001,0.2329988956191657,-9.3581756455130005e-08,9.3581766115813116e-08,9.6606831109976172e-15,9.6606831109976172e-15,2.3100737251672191e-12
C,1,5.0000000000000002e-05,240,0.012,0.23299880203741033,-9.3581755372662556e-08,9.3581765074610558e-08,9.7019480018541152e-15,9.7019480018541152e-15,2.3197756731690732e-12
C,1,5.0000000000000002e-05,241,0.01205,0.23299870845565604,-9.3581754290195107e-08,9.3581764033410448e-08,9.7432153411652263e-15,9.7432153411652263e-15,2.3295188885102385e-12
C,1,5.0000000000000002e-05,242,0.012100000000000001,0.23299861487390255,-9.3581753485283414e-08,9.3581762992212761e-08,9.5069293463048818e-15,9.5069293463048818e-15,2.3390258178565433e-12
C,1,5.0000000000000002e-05,243,0.012150000000000001,0.23299852129215029,-9.3581752264038087e-08,9.3581761951017561e-08,9.6869794738382536e-15,9.6869794738382536e-15,2.3487127973303816e-12
C,1,5.0000000000000002e-05,244,0.012200000000000001,0.23299842771039894,-9.3581751348104092e-08,9.358176090982477e-08,9.5617206783496511e-15,9.5617206783496511e-15,2.3582745180087313e-12
C,1,5.0000000000000002e-05,245,0.01225,0.23299833412864884,-9.3581750099103189e-08,9.3581759868634415e-08,9.7695312254683189e-15,9.7695312254683189e-15,2.3680440492341996e-12
C,1,5.0000000000000002e-05,246,0.0123,0.23299824054689974,-9.3581749099902467e-08,9.3581758827446521e-08,9.7275440537358294e-15,9.7275440537358294e-15,2.3777715932879354e-12
C,1,5.0000000000000002e-05,247,0.01235,0.23299814696515156,-9.3581748183968472e-08,9.3581757786261075e-08,9.6022926036110664e-15,9.6022926036110664e-15,2.3873738858915465e-12
C,1,5.0000000000000002e-05,248,0.012400000000000001,0.2329980533834046,-9.3581746962723145e-08,9.3581756745078052e-08,9.782354907243055e-15,9.782354907243055e-15,2.3971562407987895e-12
C,1,5.0000000000000002e-05,249,0.012450000000000001,0.23299795980165855,-9.3581746046789149e-08,9.358175570389745e-08,9.6571083010879591e-15,9.6571083010879591e-15,2.4068133490998775e-12
C,1,5.0000000000000002e-05,250,0.012500000000000001,0.23299786621991359,-9.35817449643217e-08,9.3581754662719324e-08,9.6983976235510294e-15,9.6983976235510294e-15,2.4165117467234285e-12
C,1,5.0000000000000002e-05,251,0.01255,0.23299777263816965,-9.3581743937365403e-08,9.3581753621543633e-08,9.6841782300025652e-15,9.6841782300025652e-15,2.4261959249534311e-12
C,1,5.0000000000000002e-05,252,0.0126,0.23299767905642665,-9.3581742993675832e-08,9.3581752580370376e-08,9.5866945448269377e-15,9.5866945448269377e-15,2.435782619498258e-12
C,1,5.0000000000000002e-05,253,0.01265,0.23299758547468463,-9.3581742022230685e-08,9.3581751539199542e-08,9.5169688572517726e-15,9.5169688572517726e-15,2.4452995883555098e-12
C,1,5.0000000000000002e-05,254,0.012700000000000001,0.23299749189294391,-9.3581740717718631e-08,9.3581750498031183e-08,9.7803125519885473e-15,9.7803125519885473e-15,2.4550799009074983e-12
C,1,5.0000000000000002e-05,255,0.012750000000000001,0.23299739831120408,-9.3581739829540211e-08,9.3581749456865219e-08,9.6273250080059422e-15,9.6273250080059422e-15,2.4647072259155043e-12
C,1,5.0000000000000002e-05,256,0.012800000000000001,0.23299730472946542,-9.3581738663806036e-08,9.3581748415701731e-08,9.7518956951040189e-15,9.7518956951040189e-15,2.4744591216106083e-12
C,1,5.0000000000000002e-05,257,0.01285,0.23299721114772762,-9.3581737803383191e-08,9.3581747374540677e-08,9.571157485649901e-15,9.571157485649901e-15,2.4840302790962582e-12
C,1,5.0000000000000002e-05,258,0.0129,0.23299711756599104,-9.3581736582137864e-08,9.3581746333382046e-08,9.7512441811837926e-15,9.7512441811837926e-15,2.493781523277442e-12
C,1,5.0000000000000002e-05,259,0.012950000000000001,0.23299702398425534,-9.3581735693959445e-08,9.3581745292225862e-08,9.5982664177847503e-15,9.5982664177847503e-15,2.5033797896952267e-12
C,1,5.0000000000000002e-05,260,0.013000000000000001,0.23299693040252079,-9.3581734555980844e-08,9.3581744251072128e-08,9.6950912833809814e-15,9.6950912833809814e-15,2.5130748809786077e-12
C,1,5.0000000000000002e-05,261,0.013050000000000001,0.23299683682078715,-9.3581733640046849e-08,9.3581743209920855e-08,9.5698740057416842e-15,9.5698740057416842e-15,2.5226447549843494e-12
C,1,5.0000000000000002e-05,262,0.013100000000000001,0.23299674323905467,-9.3581732474312673e-08,9.3581742168772004e-08,9.6944593306278807e-15,9.6944593306278807e-15,2.5323392143149773e-12
C,1,5.0000000000000002e-05,263,0.01315,0.23299664965732331,-9.3581731364089649e-08,9.3581741127625575e-08,9.763535926267653e-15,9.763535926267653e-15,2.5421027502412449e-12
C,1,5.0000000000000002e-05,264,0.0132,0.2329965560755928,-9.3581730503666805e-08,9.3581740086481608e-08,9.582814803056268e-15,9.582814803056268e-15,2.5516855650443012e-12
C,1,5.0000000000000002e-05,265,0.013250000000000001,0.2329964624938636,-9.3581729199154751e-08,9.3581739045340062e-08,9.8461853116797791e-15,9.8461853116797791e-15,2.561531750355981e-12
C,1,5.0000000000000002e-05,266,0.013300000000000001,0.23299636891213513,-9.3581728477509785e-08,9.3581738004200992e-08,9.5266912072994759e-15,9.5266912072994759e-15,2.5710584415632805e-12
C,1,5.0000000000000002e-05,267,0.013350000000000001,0.23299627533040787,-9.3581727256264458e-08,9.3581736963064344e-08,9.7067998859853266e-15,9.7067998859853266e-15,2.5807652414492658e-12
C,1,5.0000000000000002e-05,268,0.0134,0.23299618174868159,-9.3581726284819311e-08,9.3581735921930144e-08,9.6371108325851303e-15,9.6371108325851303e-15,2.5904023522818509e-12
C,1,5.0000000000000002e-05,269,0.01345,0.23299608816695638,-9.3581725202351862e-08,9.3581734880798366e-08,9.6784465036322832e-15,9.6784465036322832e-15,2.6000807987854832e-12
C,1,5.0000000000000002e-05,270,0.0135,0.23299599458523226,-9.3581724119884413e-08,9.3581733839669063e-08,9.7197846496038288e-15,9.7197846496038288e-15,2.609800583435087e-12
C,1,5.0000000000000002e-05,271,0.013550000000000001,0.23299590100350909,-9.3581723176194842e-08,9.3581732798542208e-08,9.6223473659518431e-15,9.6223473659518431e-15,2.6194229308010389e-12
C,1,5.0000000000000002e-05,272,0.013600000000000001,0.23299580742178705,-9.3581722038216242e-08,9.3581731757417722e-08,9.719201480654534e-15,9.719201480654534e-15,2.6291421322816934e-12
C,1,5.0000000000000002e-05,273,0.013650000000000001,0.2329957138400659,-9.3581721150037822e-08,9.3581730716295712e-08,9.5662578897409576e-15,9.5662578897409576e-15,2.6387083901714344e-12
C,1,5.0000000000000002e-05,274,0.0137,0.23299562025834586,-9.3581720039814797e-08,9.3581729675176136e-08,9.6353613389721357e-15,9.6353613389721357e-15,2.6483437515104065e-12
C,1,5.0000000000000002e-05,275,0.01375,0.23299552667662707,-9.3581718790813895e-08,9.358172863405901e-08,9.8432451147360716e-15,9.8432451147360716e-15,2.6581869966251426e-12
C,1,5.0000000000000002e-05,276,0.013800000000000002,0.232995433094909,-9.3581718069168929e-08,9.3581727592944318e-08,9.5237753890227815e-15,9.5237753890227815e-15,2.6677107720141654e-12
C,1,5.0000000000000002e-05,277,0.013850000000000001,0.23299533951319223,-9.3581716764656875e-08,9.3581726551832075e-08,9.7871751996923118e-15,9.7871751996923118e-15,2.6774979472138577e-12
C,1,5.0000000000000002e-05,278,0.013900000000000001,0.23299524593147639,-9.358171584872288e-08,9.3581725510722293e-08,9.6619994134325402e-15,9.6619994134325402e-15,2.6871599466272902e-12
C,1,5.0000000000000002e-05,279,0.013950000000000001,0.23299515234976156,-9.3581714821766582e-08,9.358172446961492e-08,9.647848338385228e-15,9.647848338385228e-15,2.6968077949656754e-12
C,1,5.0000000000000002e-05,280,0.014,0.23299505876804774,-9.358171382256586e-08,9.3581723428509983e-08,9.6059441229420103e-15,9.6059441229420103e-15,2.7064137390886174e-12
C,1,5.0000000000000002e-05,281,0.01405,0.23299496518633503,-9.3581712712342835e-08,9.3581722387407533e-08,9.6750646981205908e-15,9.6750646981205908e-15,2.716088803786738e-12
C,1,5.0000000000000002e-05,282,0.014100000000000001,0.23299487160462334,-9.3581711685386537e-08,9.3581721346307479e-08,9.6609209419673385e-15,9.6609209419673385e-15,2.7257497247287054e-12
C,1,5.0000000000000002e-05,283,0.014150000000000001,0.23299477802291269,-9.3581710658430239e-08,9.3581720305209887e-08,9.6467796475035891e-15,9.6467796475035891e-15,2.735396504376209e-12
C,1,5.0000000000000002e-05,284,0.014200000000000001,0.23299468444120305,-9.3581709631473942e-08,9.3581719264114743e-08,9.6326408014944529e-15,9.6326408014944529e-15,2.7450291451777034e-12
C,1,5.0000000000000002e-05,285,0.014250000000000001,0.23299459085949456,-9.3581708493495341e-08,9.3581718223022008e-08,9.7295266666977761e-15,9.7295266666977761e-15,2.7547586718444012e-12
C,1,5.0000000000000002e-05,286,0.0143,0.23299449727778712,-9.3581707438783468e-08,9.3581717181931682e-08,9.7431482138041564e-15,9.7431482138041564e-15,2.7645018200582053e-12
C,1,5.0000000000000002e-05,287,0.01435,0.2329944036960806,-9.3581706522849473e-08,9.3581716140843897e-08,9.6179944239312338e-15,9.6179944239312338e-15,2.7741198144821366e-12
C,1,5.0000000000000002e-05,288,0.014400000000000001,0.23299431011437516,-9.3581705440382024e-08,9.3581715099758507e-08,9.6593764832671387e-15,9.6593764832671387e-15,2.7837791909654037e-12
C,1,5.0000000000000002e-05,289,0.014450000000000001,0.23299421653267074,-9.3581704413425726e-08,9.3581714058675513e-08,9.6452497868868396e-15,9.6452497868868396e-15,2.7934244407522906e-12
C,1,5.0000000000000002e-05,290,0.014500000000000001,0.23299412295096741,-9.3581703330958277e-08,9.3581713017595007e-08,9.686636729897081e-15,9.686636729897081e-15,2.8031110774821876e-12
C,1,5.0000000000000002e-05,291,0.01455,0.23299402936926517,-9.3581702248490828e-08,9.3581711976516962e-08,9.7280261345968254e-15,9.7280261345968254e-15,2.8128391036167845e-12
C,1,5.0000000000000002e-05,292,0.0146,0.23299393578756381,-9.3581701360312408e-08,9.3581710935441327e-08,9.575128918737111e-15,9.575128918737111e-15,2.8224142325355216e-12
C,1,5.0000000000000002e-05,293,0.014650000000000002,0.23299384220586355,-9.3581700250089384e-08,9.35817098943681e-08,9.6442787165523718e-15,9.6442787165523718e-15,2.8320585112520739e-12
C,1,5.0000000000000002e-05,294,0.014700000000000001,0.23299374862416436,-9.358169919537751e-08,9.3581708853297308e-08,9.6579197983560981e-15,9.6579197983560981e-15,2.84171643105043e-12
C,1,5.0000000000000002e-05,295,0.014750000000000001,0.23299365504246614,-9.3581698223932364e-08,9.3581707812229058e-08,9.5882966944117794e-15,9.5882966944117794e-15,2.8513047277448418e-12
C,1,5.0000000000000002e-05,296,0.014800000000000001,0.23299356146076911,-9.3581697030442612e-08,9.3581706771163203e-08,9.740720590907546e-15,9.740720590907546e-15,2.8610454483357494e-12
C,1,5.0000000000000002e-05,297,0.01485,0.23299346787907319,-9.3581695920219587e-08,9.358170573009977e-08,9.8098801825412593e-15,9.8098801825412593e-15,2.8708553285182906e-12
C,1,5.0000000000000002e-05,298,0.0149,0.23299337429737818,-9.3581695004285592e-08,9.3581704689038733e-08,9.6847531403806243e-15,9.6847531403806243e-15,2.8805400816586713e-12
C,1,5.0000000000000002e-05,299,0.014950000000000001,0.23299328071568412,-9.3581694060596021e-08,9.358170364798021e-08,9.5873841884646803e-15,9.5873841884646803e-15,2.8901274658471359e-12
C,1,5.0000000000000002e-05,300,0.015000000000000001,0.23299318713399103,-9.3581693089150875e-08,9.3581702606924082e-08,9.5177732076794192e-15,9.5177732076794192e-15,2.8996452390548154e-12
C,1,5.0000000000000002e-05,301,0.015050000000000001,0.23299309355229925,-9.3581691784638821e-08,9.358170156587043e-08,9.7812316092060978e-15,9.7812316092060978e-15,2.9094264706640215e-12
C,1,5.0000000000000002e-05,302,0.015100000000000001,0.23299299997060849,-9.3581690757682523e-08,9.35817005248192e-08,9.7671366765613208e-15,9.7671366765613208e-15,2.9191936073405828e-12
C,1,5.0000000000000002e-05,303,0.01515,0.23299290638891859,-9.3581689897259679e-08,9.3581699483770431e-08,9.5865107519122733e-15,9.5865107519122733e-15,2.928780118092495e-12
C,1,5.0000000000000002e-05,304,0.0152,0.23299281280722983,-9.3581688759281079e-08,9.3581698442724058e-08,9.6834429789345689e-15,9.6834429789345689e-15,2.9384635610714296e-12
C,1,5.0000000000000002e-05,305,0.015250000000000001,0.23299271922554202,-9.3581687815591508e-08,9.3581697401680146e-08,9.586088638336965e-15,9.586088638336965e-15,2.9480496497097666e-12
C,1,5.0000000000000002e-05,306,0.015300000000000001,0.23299262564385534,-9.3581686677612907e-08,9.358169636063867e-08,9.6830257622684869e-15,9.6830257622684869e-15,2.9577326754720351e-12
C,1,5.0000000000000002e-05,307,0.015350000000000001,0.23299253206216969,-9.358168565065661e-08,9.3581695319599629e-08,9.6689430189572165e-15,9.6689430189572165e-15,2.9674016184909923e-12
C,1,5.0000000000000002e-05,308,0.0154,0.23299243848048515,-9.3581684540433585e-08,9.3581694278563063e-08,9.7381294774172256e-15,9.7381294774172256e-15,2.9771397479684095e-12
C,1,5.0000000000000002e-05,309,0.01545,0.23299234489880152,-9.358168362449959e-08,9.3581693237528932e-08,9.6130293417875557e-15,9.6130293417875557e-15,2.9867527773101971e-12
C,1,5.0000000000000002e-05,310,0.0155,0.23299225131711904,-9.358168248652099e-08,9.3581692196497209e-08,9.7099762198328608e-15,9.7099762198328608e-15,2.9964627535300299e-12
C,1,5.0000000000000002e-05,311,0.015550000000000001,0.23299215773543758,-9.3581681459564692e-08,9.3581691155468002e-08,9.6959033100447125e-15,9.6959033100447125e-15,3.0061586568400746e-12
C,1,5.0000000000000002e-05,312,0.015600000000000001,0.23299206415375698,-9.3581680599141848e-08,9.3581690114441137e-08,9.5152992891382854e-15,9.5152992891382854e-15,3.0156739561292129e-12
C,1,5.0000000000000002e-05,313,0.015650000000000001,0.23299197057207763,-9.3581679350140945e-08,9.3581689073416734e-08,9.723275788540166e-15,9.723275788540166e-15,3.0253972319177531e-12
C,1,5.0000000000000002e-05,314,0.015700000000000002,0.23299187699039922,-9.3581678406451374e-08,9.3581688032394792e-08,9.6259434178596316e-15,9.6259434178596316e-15,3.0350231753356127e-12
C,1,5.0000000000000002e-05,315,0.01575,0.23299178340872184,-9.3581677379495076e-08,9.3581686991375312e-08,9.6118802357154868e-15,9.6118802357154868e-15,3.0446350555713282e-12
C,1,5.0000000000000002e-05,316,0.015800000000000002,0.23299168982704566,-9.3581676186005325e-08,9.3581685950358267e-08,9.7643529424848389e-15,9.7643529424848389e-15,3.054399408513813e-12
C,1,5.0000000000000002e-05,317,0.01585,0.23299159624537036,-9.3581675297826905e-08,9.3581684909343645e-08,9.6115167394671065e-15,9.6115167394671065e-15,3.0640109252532802e-12
C,1,5.0000000000000002e-05,318,0.015900000000000001,0.2329915026636962,-9.3581674159848305e-08,9.3581683868331404e-08,9.7084830992701985e-15,9.7084830992701985e-15,3.0737194083525504e-12
C,1,5.0000000000000002e-05,319,0.015950000000000002,0.23299140908202304,-9.3581673160647583e-08,9.3581682827321705e-08,9.6666741220939877e-15,9.6666741220939877e-15,3.0833860824746443e-12
C,1,5.0000000000000002e-05,320,0.016,0.23299131550035093,-9.3581672105935709e-08,9.3581681786314388e-08,9.6803786784291988e-15,9.6803786784291988e-15,3.0930664611530735e-12
C,1,5.0000000000000002e-05,321,0.016050000000000002,0.23299122191867991,-9.358167102346826e-08,9.3581680745309546e-08,9.7218412853044317e-15,9.7218412853044317e-15,3.102788302438378e-12
C,1,5.0000000000000002e-05,322,0.0161,0.23299112833700986,-9.3581670052023114e-08,9.3581679704307072e-08,9.6522839587624232e-15,9.6522839587624232e-15,3.1124405863971404e-12
C,1,5.0000000000000002e-05,323,0.016150000000000001,0.23299103475534083,-9.3581669025066816e-08,9.3581678663307127e-08,9.6382403113156245e-15,9.6382403113156245e-15,3.122078826708456e-12
C,1,5.0000000000000002e-05,324,0.016199999999999999,0.23299094117367297,-9.358166785933264e-08,9.3581677622309604e-08,9.7629769639318039e-15,9.7629769639318039e-15,3.1318418036723878e-12
C,1,5.0000000000000002e-05,325,0.016250000000000001,0.23299084759200595,-9.3581667026665372e-08,9.3581676581314503e-08,9.55464913114527e-15,9.55464913114527e-15,3.1413964528035331e-12
C,1,5.0000000000000002e-05,326,0.016300000000000002,0.23299075401033997,-9.3581665971953498e-08,9.3581675540321837e-08,9.5683683385034906e-15,9.5683683385034906e-15,3.1509648211420366e-12
C,1,5.0000000000000002e-05,327,0.01635,0.23299066042867531,-9.3581664667441444e-08,9.3581674499331593e-08,9.8318901483872051e-15,9.8318901483872051e-15,3.1607967112904238e-12
C,1,5.0000000000000002e-05,328,0.016400000000000001,0.23299056684701142,-9.3581663890285327e-08,9.3581673458343863e-08,9.5680585362030324e-15,9.5680585362030324e-15,3.1703647698266268e-12
C,1,5.0000000000000002e-05,329,0.016449999999999999,0.23299047326534875,-9.358166266904e-08,9.358167241735849e-08,9.7483184896793068e-15,9.7483184896793068e-15,3.1801130883163061e-12
C,1,5.0000000000000002e-05,330,0.016500000000000001,0.23299037968368697,-9.358166178086158e-08,9.3581671376375604e-08,9.5955140239273169e-15,9.5955140239273169e-15,3.1897086023402334e-12
C,1,5.0000000000000002e-05,331,0.016550000000000002,0.23299028610202632,-9.358166064288298e-08,9.3581670335395154e-08,9.6925121739357105e-15,9.6925121739357105e-15,3.1994011145141692e-12
C,1,5.0000000000000002e-05,332,0.0166,0.23299019252036673,-9.3581659588171107e-08,9.3581669294417139e-08,9.7062460323169407e-15,9.7062460323169407e-15,3.2091073605464861e-12
C,1,5.0000000000000002e-05,333,0.016650000000000002,0.23299009893870803,-9.3581658699992687e-08,9.3581668253441519e-08,9.5534488325194514e-15,9.5534488325194514e-15,3.2186608093790055e-12
C,1,5.0000000000000002e-05,334,0.0167,0.23299000535705056,-9.358165747874736e-08,9.3581667212468441e-08,9.7337210812083508e-15,9.7337210812083508e-15,3.2283945304602139e-12
C,1,5.0000000000000002e-05,335,0.016750000000000001,0.23298991177539397,-9.358165659056894e-08,9.3581666171497745e-08,9.5809288047898675e-15,9.5809288047898675e-15,3.2379754592650038e-12
C,1,5.0000000000000002e-05,336,0.016800000000000002,0.23298981819373868,-9.3581655286056886e-08,9.3581665130529497e-08,9.8444726110604309e-15,9.8444726110604309e-15,3.2478199318760642e-12
C,1,5.0000000000000002e-05,337,0.01685,0.2329897246120842,-9.3581654481145193e-08,9.3581664089563685e-08,9.6084184914693973e-15,9.6084184914693973e-15,3.2574283503675336e-12
C,1,5.0000000000000002e-05,338,0.016900000000000002,0.23298963103043074,-9.3581653454188896e-08,9.3581663048600294e-08,9.5944113987882286e-15,9.5944113987882286e-15,3.2670227617663218e-12
C,1,5.0000000000000002e-05,339,0.01695,0.23298953744877846,-9.358165228845472e-08,9.3581662007639379e-08,9.7191846591095972e-15,9.7191846591095972e-15,3.2767419464254314e-12
C,1,5.0000000000000002e-05,340,0.017000000000000001,0.23298944386712717,-9.3581651289253998e-08,9.3581660966680872e-08,9.677426874487136e-15,9.677426874487136e-15,3.2864193732999186e-12
C,1,5.0000000000000002e-05,341,0.017049999999999999,0.23298935028547685,-9.3581650317808851e-08,9.35816599257248e-08,9.6079159494687693e-15,9.6079159494687693e-15,3.2960272892493873e-12
C,1,5.0000000000000002e-05,342,0.017100000000000001,0.23298925670382764,-9.3581649207585826e-08,9.3581658884771244e-08,9.6771854171576093e-15,9.6771854171576093e-15,3.3057044746665449e-12
C,1,5.0000000000000002e-05,343,0.017150000000000002,0.2329891631221796,-9.3581648041851651e-08,9.3581657843820042e-08,9.8019683918880917e-15,9.8019683918880917e-15,3.315506443058433e-12
C,1,5.0000000000000002e-05,344,0.0172,0.23298906954053236,-9.3581647236939958e-08,9.3581656802871303e-08,9.5659313453049012e-15,9.5659313453049012e-15,3.3250723744037379e-12
C,1,5.0000000000000002e-05,345,0.017250000000000001,0.23298897595888618,-9.3581646182228084e-08,9.3581655761924986e-08,9.5796969012472045e-15,9.5796969012472045e-15,3.3346520713049851e-12
C,1,5.0000000000000002e-05,346,0.017299999999999999,0.23298888237724114,-9.3581645044249484e-08,9.358165472098113e-08,9.6767316457258974e-15,9.6767316457258974e-15,3.344328802950711e-12
C,1,5.0000000000000002e-05,347,0.017350000000000001,0.23298878879559712,-9.3581644017293186e-08,9.3581653680039749e-08,9.6627465626664675e-15,9.6627465626664675e-15,3.3539915495133775e-12
C,1,5.0000000000000002e-05,348,0.017400000000000002,0.23298869521395421,-9.3581642907070162e-08,9.358165263910075e-08,9.7320305887340885e-15,9.7320305887340885e-15,3.3637235801021116e-12
C,1,5.0000000000000002e-05,349,0.01745,0.23298860163231239,-9.3581641824602713e-08,9.3581651598164227e-08,9.7735615141104733e-15,9.7735615141104733e-15,3.3734971416162221e-12
C,1,5.0000000000000002e-05,350,0.017500000000000002,0.23298850805067139,-9.3581640991935444e-08,9.3581650557230099e-08,9.5652946544612518e-15,9.5652946544612518e-15,3.3830624362706833e-12
C,1,5.0000000000000002e-05,351,0.01755,0.23298841446903157,-9.3581639826201268e-08,9.3581649516298485e-08,9.6900972168286395e-15,9.6900972168286395e-15,3.3927525334875119e-12
C,1,5.0000000000000002e-05,352,0.017600000000000001,0.23298832088739269,-9.3581638882511697e-08,9.358164847536928e-08,9.5928575830209396e-15,9.5928575830209396e-15,3.4023453910705329e-12
C,1,5.0000000000000002e-05,353,0.017650000000000002,0.23298822730575494,-9.3581637744533097e-08,9.3581647434442484e-08,9.6899093872725858e-15,9.6899093872725858e-15,3.4120353004578055e-12
C,1,5.0000000000000002e-05,354,0.0177,0.23298813372411825,-9.3581636689821224e-08,9.3581646393518177e-08,9.7036969528366279e-15,9.7036969528366279e-15,3.4217389974106421e-12
C,1,5.0000000000000002e-05,355,0.017750000000000002,0.23298804014248248,-9.3581635773887228e-08,9.3581645352596304e-08,9.5787090755422488e-15,9.5787090755422488e-15,3.4313177064861844e-12
C,1,5.0000000000000002e-05,356,0.0178,0.23298794656084787,-9.3581634608153053e-08,9.358164431167684e-08,9.7035237875384736e-15,9.7035237875384736e-15,3.4410212302737228e-12
C,1,5.0000000000000002e-05,357,0.017850000000000001,0.23298785297921418,-9.3581633692219057e-08,9.3581643270759851e-08,9.578540793918431e-15,9.578540793918431e-15,3.4505997710676413e-12
C,1,5.0000000000000002e-05,358,0.017899999999999999,0.23298775939758179,-9.3581632387707003e-08,9.3581642229845258e-08,9.8421382544322471e-15,9.8421382544322471e-15,3.4604419093220735e-12
C,1,5.0000000000000002e-05,359,0.017950000000000001,0.23298766581595018,-9.3581631610550886e-08,9.3581641188933166e-08,9.5783822796432862e-15,9.5783822796432862e-15,3.4700202916017168e-12
C,1,5.0000000000000002e-05,360,0.018000000000000002,0.23298757223431985,-9.3581630333794408e-08,9.3581640148023456e-08,9.8142290482158099e-15,9.8142290482158099e-15,3.4798345206499326e-12
C,1,5.0000000000000002e-05,361,0.01805,0.23298747865269032,-9.3581629528882715e-08,9.3581639107116195e-08,9.5782334797772553e-15,9.5782334797772553e-15,3.4894127541297099e-12
C,1,5.0000000000000002e-05,362,0.018100000000000002,0.23298738507106198,-9.3581628335392963e-08,9.3581638066211355e-08,9.730818391942339e-15,9.730818391942339e-15,3.4991435725216522e-12
C,1,5.0000000000000002e-05,363,0.018149999999999999,0.23298729148943464,-9.3581627336192241e-08,9.3581637025309031e-08,9.6891167894270824e-15,9.6891167894270824e-15,3.5088326893110793e-12
C,1,5.0000000000000002e-05,364,0.018200000000000001,0.23298719790780825,-9.358162639250267e-08,9.3581635984409115e-08,9.5919064444305118e-15,9.5919064444305118e-15,3.5184245957555098e-12
C,1,5.0000000000000002e-05,365,0.018250000000000002,0.23298710432618294,-9.3581625310035221e-08,9.3581634943511608e-08,9.6334763862620295e-15,9.6334763862620295e-15,3.5280580721417718e-12
C,1,5.0000000000000002e-05,366,0.0183,0.23298701074455877,-9.3581624172056621e-08,9.3581633902616589e-08,9.7305599674840876e-15,9.7305599674840876e-15,3.5377886321092559e-12
C,1,5.0000000000000002e-05,367,0.018350000000000002,0.23298691716293557,-9.3581623200611475e-08,9.3581632861723965e-08,9.6611124905274262e-15,9.6611124905274262e-15,3.5474497445997833e-12
C,1,5.0000000000000002e-05,368,0.0184,0.23298682358131345,-9.3581622118144026e-08,9.3581631820833803e-08,9.7026897777227833e-15,9.7026897777227833e-15,3.5571524343775061e-12
C,1,5.0000000000000002e-05,369,0.018450000000000001,0.23298672999969219,-9.3581621257721181e-08,9.3581630779946103e-08,9.5222249216826122e-15,9.5222249216826122e-15,3.5666746592991887e-12
C,1,5.0000000000000002e-05,370,0.018500000000000003,0.23298663641807224,-9.3581619953209128e-08,9.3581629739060785e-08,9.7858516577726677e-15,9.7858516577726677e-15,3.5764605109569614e-12
C,1,5.0000000000000002e-05,371,0.018550000000000001,0.23298654283645312,-9.3581619120541859e-08,9.3581628698177956e-08,9.5776360965563144e-15,9.5776360965563144e-15,3.5860381470535177e-12
C,1,5.0000000000000002e-05,372,0.018600000000000002,0.23298644925483517,-9.3581617954807683e-08,9.3581627657297548e-08,9.7024898647123415e-15,9.7024898647123415e-15,3.5957406369182301e-12
C,1,5.0000000000000002e-05,373,0.01865,0.23298635567321829,-9.3581616872340234e-08,9.3581626616419602e-08,9.7440793677109849e-15,9.7440793677109849e-15,3.605484716285941e-12
C,1,5.0000000000000002e-05,374,0.018700000000000001,0.23298626209160236,-9.3581615928650663e-08,9.3581625575544025e-08,9.646893361676758e-15,9.646893361676758e-15,3.6151316096476178e-12
C,1,5.0000000000000002e-05,375,0.018749999999999999,0.23298616850998752,-9.3581614846183214e-08,9.3581624534670963e-08,9.6884877483497379e-15,9.6884877483497379e-15,3.6248200973959675e-12
C,1,5.0000000000000002e-05,376,0.018800000000000001,0.2329860749283737,-9.3581613819226916e-08,9.3581623493800335e-08,9.6745734190111833e-15,9.6745734190111833e-15,3.6344946708149787e-12
C,1,5.0000000000000002e-05,377,0.018850000000000002,0.23298598134676088,-9.3581612820026194e-08,9.358162245293213e-08,9.6329059360418333e-15,9.6329059360418333e-15,3.6441275767510205e-12
C,1,5.0000000000000002e-05,378,0.0189,0.23298588776514911,-9.3581611765314321e-08,9.3581621412066321e-08,9.6467519998187952e-15,9.6467519998187952e-15,3.6537743287508393e-12
C,1,5.0000000000000002e-05,379,0.018950000000000002,0.23298579418353832,-9.3581610793869174e-08,9.3581620371203026e-08,9.5773338513779324e-15,9.5773338513779324e-15,3.6633516626022173e-12
C,1,5.0000000000000002e-05,380,0.019,0.23298570060192872,-9.3581609600379423e-08,9.3581619330342179e-08,9.7299627563167141e-15,9.7299627563167141e-15,3.673081625358534e-12
C,1,5.0000000000000002e-05,381,0.019050000000000001,0.23298560702032003,-9.3581608684445428e-08,9.3581618289483688e-08,9.6050382609095912e-15,9.6050382609095912e-15,3.6826866636194436e-12
C,1,5.0000000000000002e-05,382,0.019100000000000002,0.23298551343871257,-9.35816074632001e-08,9.3581617248627686e-08,9.785427585433669e-15,9.785427585433669e-15,3.6924720912048772e-12
C,1,5.0000000000000002e-05,383,0.01915,0.23298541985710594,-9.3581606630532832e-08,9.3581616207774145e-08,9.5772413130284449e-15,9.5772413130284449e-15,3.7020493325179057e-12
C,1,5.0000000000000002e-05,384,0.019200000000000002,0.23298532627550045,-9.3581605492554232e-08,9.3581615166923039e-08,9.6743688076148622e-15,9.6743688076148622e-15,3.7117237013255206e-12
C,1,5.0000000000000002e-05,385,0.01925,0.23298523269389596,-9.358160449335351e-08,9.3581614126074316e-08,9.6327208064032991e-15,9.6327208064032991e-15,3.7213564221319239e-12
C,1,5.0000000000000002e-05,386,0.019300000000000001,0.23298513911229254,-9.3581603410886061e-08,9.3581613085228094e-08,9.6743420334327951e-15,9.6743420334327951e-15,3.7310307641653567e-12
C,1,5.0000000000000002e-05,387,0.019350000000000003,0.23298504553069027,-9.358160227290746e-08,9.3581612044384268e-08,9.7714768072086028e-15,9.7714768072086028e-15,3.7408022409725653e-12
C,1,5.0000000000000002e-05,388,0.019400000000000001,0.23298495194908889,-9.3581601384729041e-08,9.3581611003542903e-08,9.6188138621332533e-15,9.6188138621332533e-15,3.7504210548346985e-12
C,1,5.0000000000000002e-05,389,0.019450000000000002,0.23298485836748864,-9.358160024675044e-08,9.3581609962704026e-08,9.7159535857578466e-15,9.7159535857578466e-15,3.7601370084204564e-12
C,1,5.0000000000000002e-05,390,0.0195,0.23298476478588942,-9.3581599219794143e-08,9.3581608921867505e-08,9.7020733627303088e-15,9.7020733627303088e-15,3.7698390817831867e-12
C,1,5.0000000000000002e-05,391,0.019550000000000001,0.23298467120429112,-9.3581598303860147e-08,9.3581607881033433e-08,9.5771732856948685e-15,9.5771732856948685e-15,3.7794162550688815e-12
C,1,5.0000000000000002e-05,392,0.019599999999999999,0.23298457762269398,-9.3581597138125971e-08,9.3581606840201875e-08,9.7020759038291506e-15,9.7020759038291506e-15,3.7891183309727107e-12
C,1,5.0000000000000002e-05,393,0.019650000000000001,0.23298448404109784,-9.3581596138925249e-08,9.3581605799372726e-08,9.6604474770196029e-15,9.6604474770196029e-15,3.7987787784497303e-12
C,1,5.0000000000000002e-05,394,0.019700000000000002,0.23298439045950281,-9.3581595028702225e-08,9.3581604758545999e-08,9.7298437746574045e-15,9.7298437746574045e-15,3.8085086222243877e-12
C,1,5.0000000000000002e-05,395,0.01975,0.23298429687790886,-9.3581593946234776e-08,9.3581603717721721e-08,9.7714869451341903e-15,9.7714869451341903e-15,3.8182801091695219e-12
C,1,5.0000000000000002e-05,396,0.019800000000000002,0.23298420329631564,-9.358159322458981e-08,9.3581602676899877e-08,9.4523100678275236e-15,9.4523100678275236e-15,3.8277324192373494e-12
C,1,5.0000000000000002e-05,397,0.01985,0.23298410971472364,-9.3581592003344483e-08,9.3581601636080443e-08,9.632735960352121e-15,9.632735960352121e-15,3.8373651551977015e-12
C,1,5.0000000000000002e-05,398,0.019900000000000001,0.23298401613313277,-9.3581590865365882e-08,9.3581600595263536e-08,9.7298976538937837e-15,9.7298976538937837e-15,3.8470950528515953e-12
C,1,5.0000000000000002e-05,399,0.019950000000000002,0.23298392255154288,-9.3581589893920736e-08,9.3581599554448985e-08,9.6605282495520575e-15,9.6605282495520575e-15,3.8567555811011474e-12
C,1,5.0000000000000002e-05,400,0.02,0.23298382896995407,-9.3581588811453287e-08,9.3581598513636856e-08,9.7021835696576805e-15,9.7021835696576805e-15,3.866457764670805e-12
C,4,0.00040000000000000002,0,0,0.25102114866861597,0,0,0,0,0
C,4,0.00040000000000000002,1,0.00040000000000000002,0.25102034533341661,-8.0333519936193198e-07,8.0333586856810096e-07,6.6920616897560558e-13,6.6920616897560558e-13,6.6920616897560558e-13
C,4,0.00040000000000000002,2,0.00080000000000000004,0.25101954199831472,-8.0333510188435042e-07,8.0333576894867059e-07,6.6706432017232218e-13,6.6706432017232218e-13,1.3362704891479278e-12
C,4,0.00040000000000000002,3,0.0012000000000000001,0.25101873866331376,-8.0333500096507748e-07,8.0333566950925961e-07,6.6854418212826112e-13,6.6854418212826112e-13,2.0048146712761889e-12
C,4,0.00040000000000000002,4,0.0016000000000000001,0.25101793532841116,-8.033349025993175e-07,8.0333557024951501e-07,6.6765019750946581e-13,6.6765019750946581e-13,2.6724648687856547e-12
C,4,0.00040000000000000002,5,0.002,0.25101713199360748,-8.0333480367844601e-07,8.0333547116908549e-07,6.6749063947797179e-13,6.6749063947797179e-13,3.3399555082636265e-12
C,4,0.00040000000000000002,6,0.0024000000000000002,0.25101632865890194,-8.0333470553473063e-07,8.0333537226762407e-07,6.6673289343835787e-13,6.6673289343835787e-13,4.0066884017019843e-12
C,4,0.00040000000000000002,7,0.0028,0.25101552532429555,-8.0333460639181453e-07,8.0333527354478147e-07,6.6715296693481267e-13,6.6715296693481267e-13,4.673841368636797e-12
C,4,0.00040000000000000002,8,0.0032000000000000002,0.25101472198978952,-8.0333450602765311e-07,8.0333517500021039e-07,6.6897255728875284e-13,6.6897255728875284e-13,5.3428139259255499e-12
C,4,0.00040000000000000002,9,0.0036000000000000003,0.25101391865537909,-8.0333441043745069e-07,8.0333507663356315e-07,6.661961124601777e-13,6.661961124601777e-13,6.0090100383857276e-12
C,4,0.00040000000000000002,10,0.0040000000000000001,0.2510131153210664,-8.0333431268231337e-07,8.0333497844448778e-07,6.6576217441080489e-13,6.6576217441080489e-13,6.6747722127965324e-12
C,4,0.00040000000000000002,11,0.0044000000000000003,0.25101231198685398,-8.0333421242917424e-07,8.0333488043264611e-07,6.6800347187011776e-13,6.6800347187011776e-13,7.3427756846666502e-12
C,4,0.00040000000000000002,12,0.0048000000000000004,0.25101150865273825,-8.033341157287488e-07,8.0333478259768653e-07,6.6686893772935699e-13,6.6686893772935699e-13,8.0096446223960072e-12
C,4,0.00040000000000000002,13,0.0052000000000000006,0.25101070531872088,-8.0333401736298882e-07,8.0333468493927e-07,6.6757628117932366e-13,6.6757628117932366e-13,8.6772209035753309e-12
C,4,0.00040000000000000002,14,0.0055999999999999999,0.25100990198480072,-8.0333392016296301e-07,8.033345874570504e-07,6.6729408738838556e-13,6.6729408738838556e-13,9.3445149909637164e-12
C,4,0.00040000000000000002,15,0.0060000000000000001,0.25100909865097748,-8.0333382324049296e-07,8.0333449015068395e-07,6.6691019098674535e-13,6.6691019098674535e-13,1.0011425181950462e-11
C,4,0.00040000000000000002,16,0.0064000000000000003,0.25100829531725233,-8.0333372515228874e-07,8.0333439301982992e-07,6.6786754118741269e-13,6.6786754118741269e-13,1.0679292723137874e-11
C,4,0.00040000000000000002,17,0.0068000000000000005,0.25100749198362332,-8.033336290069748e-07,8.0333429606414252e-07,6.6705716772023644e-13,6.6705716772023644e-13,1.1346349890858111e-11
C,4,0.00040000000000000002,18,0.0072000000000000007,0.25100668865009135,-8.0333353197348245e-07,8.033341992832823e-07,6.6730979984955713e-13,6.6730979984955713e-13,1.2013659690707668e-11
C,4,0.00040000000000000002,19,0.0076,0.25100588531665496,-8.0333343638328003e-07,8.0333410267691626e-07,6.6629363623383454e-13,6.6629363623383454e-13,1.2679953326941503e-11
C,4,0.00040000000000000002,20,0.0080000000000000002,0.2510050819833155,-8.0333333946080998e-07,8.0333400624469216e-07,6.6678388217480462e-13,6.6678388217480462e-13,1.3346737209116307e-11
C,4,0.00040000000000000002,21,0.0084000000000000012,0.25100427865007258,-8.0333324292691799e-07,8.0333390998627825e-07,6.6705936026502041e-13,6.6705936026502041e-13,1.4013796569381328e-11
C,4,0.00040000000000000002,22,0.0088000000000000005,0.25100347531692491,-8.0333314766978248e-07,8.033338139013348e-07,6.6623155231869082e-13,6.6623155231869082e-13,1.4680028121700018e-11
C,4,0.00040000000000000002,23,0.0091999999999999998,0.25100267198387444,-8.0333305046975667e-07,8.0333371798952646e-07,6.6751976978806081e-13,6.6751976978806081e-13,1.5347547891488079e-11
C,4,0.00040000000000000002,24,0.0096000000000000009,0.2510018686509175,-8.0333295693346685e-07,8.0333362225051496e-07,6.6531704811499003e-13,6.6531704811499003e-13,1.6012864939603069e-11
C,4,0.00040000000000000002,25,0.01,0.25100106531805766,-8.0333285984446334e-07,8.0333352668396191e-07,6.6683949856987957e-13,6.6683949856987957e-13,1.6679704438172949e-11
C,4,0.00040000000000000002,26,0.010400000000000001,0.25100026198529352,-8.0333276414323862e-07,8.0333343128953602e-07,6.6714629739738599e-13,6.6714629739738599e-13,1.7346850735570335e-11
C,4,0.00040000000000000002,27,0.010800000000000001,0.25099945865262313,-8.0333267038490419e-07,8.0333333606690174e-07,6.6568199755427047e-13,6.6568199755427047e-13,1.8012532733124605e-11
C,4,0.00040000000000000002,28,0.0112,0.25099865532004884,-8.0333257429510141e-07,8.0333324101572092e-07,6.6672061950743568e-13,6.6672061950743568e-13,1.8679253352632041e-11
C,4,0.00040000000000000002,29,0.011600000000000001,0.25099785198756935,-8.0333247948205511e-07,8.0333314613566181e-07,6.6665360670757189e-13,6.6665360670757189e-13,1.9345906959339613e-11
C,4,0.00040000000000000002,30,0.012,0.25099704865518496,-8.0333238439145305e-07,8.0333305142639314e-07,6.6703494009339283e-13,6.6703494009339283e-13,2.0012941899433006e-11
C,4,0.00040000000000000002,31,0.012400000000000001,0.25099624532289461,-8.0333229035556286e-07,8.0333295688758297e-07,6.665320201043121e-13,6.665320201043121e-13,2.0679473919537318e-11
C,4,0.00040000000000000002,32,0.012800000000000001,0.2509954419906979,-8.0333219670825073e-07,8.0333286251889618e-07,6.6581064544769504e-13,6.6581064544769504e-13,2.1345284564985013e-11
C,4,0.00040000000000000002,33,0.0132,0.25099463865859573,-8.0333210217276019e-07,8.0333276832000816e-07,6.6614724797648355e-13,6.6614724797648355e-13,2.2011431812961496e-11
C,4,0.00040000000000000002,34,0.013600000000000001,0.25099383532658742,-8.0333200830340346e-07,8.0333267429058253e-07,6.6598717907824322e-13,6.6598717907824322e-13,2.267741899203974e-11
C,4,0.00040000000000000002,35,0.014,0.25099303199467449,-8.0333191293524564e-07,8.0333258043029244e-07,6.6749504680215459e-13,6.6749504680215459e-13,2.3344914038841894e-11
C,4,0.00040000000000000002,36,0.014400000000000001,0.25099222866285353,-8.0333182095326805e-07,8.0333248673881178e-07,6.6578554373218228e-13,6.6578554373218228e-13,2.4010699582574076e-11
C,4,0.00040000000000000002,37,0.014800000000000001,0.25099142533112651,-8.0333172702840017e-07,8.0333239321581063e-07,6.6618741046719408e-13,6.6618741046719408e-13,2.4676886993041271e-11
C,4,0.00040000000000000002,38,0.0152,0.25099062199949307,-8.0333163343659919e-07,8.0333229986096003e-07,6.6642436084028754e-13,6.6642436084028754e-13,2.5343311353881558e-11
C,4,0.00040000000000000002,39,0.015600000000000001,0.25098981866795173,-8.033315413435993e-07,8.033322066739363e-07,6.6533033700314127e-13,6.6533033700314127e-13,2.6008641690884699e-11
C,4,0.00040000000000000002,40,0.016,0.25098901533650575,-8.0333144597544148e-07,8.0333211365440836e-07,6.6767896687764018e-13,6.6767896687764018e-13,2.667632065776234e-11
C,4,0.00040000000000000002,41,0.016400000000000001,0.25098821200515042,-8.0333135532573152e-07,8.0333202080205719e-07,6.6547632567269939e-13,6.6547632567269939e-13,2.7341796983435039e-11
C,4,0.00040000000000000002,42,0.016800000000000002,0.25098740867388802,-8.0333126240006436e-07,8.033319281165514e-07,6.6571648704181677e-13,6.6571648704181677e-13,2.8007513470476856e-11
C,4,0.00040000000000000002,43,0.0172,0.25098660534271822,-8.0333116980746411e-07,8.0333183559757546e-07,6.6579011135735035e-13,6.6579011135735035e-13,2.8673303581834206e-11
C,4,0.00040000000000000002,44,0.017600000000000001,0.25098580201164078,-8.0333107743690846e-07,8.0333174324479713e-07,6.6580788867308909e-13,6.6580788867308909e-13,2.9339111470507295e-11
C,4,0.00040000000000000002,45,0.018000000000000002,0.25098499868065544,-8.0333098534390857e-07,8.033316510578993e-07,6.6571399072984209e-13,6.6571399072984209e-13,3.0004825461237137e-11
C,4,0.00040000000000000002,46,0.0184,0.25098419534976202,-8.0333089341744213e-07,8.0333155903655754e-07,6.6561911541645309e-13,6.6561911541645309e-13,3.067044457665359e-11
C,4,0.00040000000000000002,47,0.018800000000000001,0.25098339201896147,-8.0333080054728612e-07,8.0333146718045244e-07,6.6663316632024699e-13,6.6663316632024699e-13,3.1337077742973837e-11
C,4,0.00040000000000000002,48,0.019200000000000002,0.25098258868825091,-8.0333071056370997e-07,8.0333137548926105e-07,6.6492555107495587e-13,6.6492555107495587e-13,3.2002003294048793e-11
C,4,0.00040000000000000002,49,0.019599999999999999,0.25098178535763316,-8.0333061774906511e-07,8.0333128396266351e-07,6.6621359839658258e-13,6.6621359839658258e-13,3.2668216892445376e-11
C,4,0.00040000000000000002,50,0.02,0.25098098202710561,-8.0333052754344436e-07,8.0333119260033869e-07,6.6505689433309773e-13,6.6505689433309773e-13,3.3333273786778473e-11
C,4,0.00020000000000000001,0,0,0.25102114866861597,0,0,0,0,0
C,4,0.00020000000000000001,1,0.00020000000000000001,0.25102074700084981,-4.0166776615890853e-07,4.0166793428405048e-07,1.6812514194526057e-13,1.6812514194526057e-13,1.6812514194526057e-13
C,4,0.00020000000000000001,2,0.00040000000000000002,0.25102034533310741,-4.0166774240013581e-07,4.0166790937357124e-07,1.6697343542910407e-13,1.6697343542910407e-13,3.3509857737436464e-13
C,4,0.00020000000000000001,3,0.00060000000000000006,0.25101994366539027,-4.01667717142562e-07,4.0166788448560459e-07,1.6734304259668234e-13,1.6734304259668234e-13,5.0244161997104698e-13
C,4,0.00020000000000000001,4,0.00080000000000000004,0.2510195419976971,-4.0166769316174467e-07,4.0166785962013033e-07,1.6645838566352086e-13,1.6645838566352086e-13,6.6890000563456784e-13
C,4,0.00020000000000000001,5,0.001,0.25101914033002976,-4.0166766734905934e-07,4.0166783477712536e-07,1.6742806601692227e-13,1.6742806601692227e-13,8.3632807165149011e-13
C,4,0.00020000000000000001,6,0.0012000000000000001,0.25101873866238561,-4.0166764414539813e-07,4.0166780995656777e-07,1.6581116964140843e-13,1.6581116964140843e-13,1.0021392412928985e-12
C,4,0.00020000000000000001,7,0.0014,0.25101833699476844,-4.0166761716697863e-07,4.0166778515843432e-07,1.6799145568810749e-13,1.6799145568810749e-13,1.170130696981006e-12
C,4,0.00020000000000000001,8,0.0016000000000000001,0.25101793532717354,-4.0166759490700699e-07,4.0166776038270483e-07,1.6547569784866495e-13,1.6547569784866495e-13,1.335606394829671e-12
C,4,0.00020000000000000001,9,0.0018000000000000002,0.25101753365960561,-4.0166756792858749e-07,4.0166773562935889e-07,1.6770077139772479e-13,1.6770077139772479e-13,1.5033071662273958e-12
C,4,0.00020000000000000001,10,0.002,0.25101713199206283,-4.0166754278203598e-07,4.0166771089837106e-07,1.6811633507901017e-13,1.6811633507901017e-13,1.6714235013064059e-12
C,4,0.00020000000000000001,11,0.0022000000000000001,0.25101673032454186,-4.0166752096615355e-07,4.016676861897223e-07,1.6522356875103581e-13,1.6522356875103581e-13,1.8366470700574417e-12
C,4,0.00020000000000000001,12,0.0024000000000000002,0.25101632865704737,-4.0166749448733441e-07,4.0166766150338894e-07,1.6701605452711988e-13,1.6701605452711988e-13,2.0036631245845616e-12
C,4,0.00020000000000000001,13,0.0026000000000000003,0.25101592698957698,-4.0166747039549477e-07,4.0166763683935192e-07,1.6644385714265132e-13,1.6644385714265132e-13,2.1701069817272129e-12
C,4,0.00020000000000000001,14,0.0028,0.25101552532213184,-4.0166744513792096e-07,4.0166761219758736e-07,1.6705966640068943e-13,1.6705966640068943e-13,2.3371666481279024e-12
C,4,0.00020000000000000001,15,0.0030000000000000001,0.25101512365471129,-4.0166742054648097e-07,4.0166758757807447e-07,1.6703159350535594e-13,1.6703159350535594e-13,2.5041982416332583e-12
C,4,0.00020000000000000001,16,0.0032000000000000002,0.25101472198731622,-4.0166739506686255e-07,4.0166756298078852e-07,1.6791392596835191e-13,1.6791392596835191e-13,2.6721121676016102e-12
C,4,0.00020000000000000001,17,0.0034000000000000002,0.2510143203199442,-4.0166737202973479e-07,4.0166753840571304e-07,1.6637597825159897e-13,1.6637597825159897e-13,2.8384881458532092e-12
C,4,0.00020000000000000001,18,0.0036000000000000003,0.25101391865259631,-4.0166734788238401e-07,4.0166751385282321e-07,1.6597043920524434e-13,1.6597043920524434e-13,3.0044585850584535e-12
C,4,0.00020000000000000001,19,0.0038,0.25101351698527313,-4.0166732317992171e-07,4.0166748932209854e-07,1.6614217682936605e-13,1.6614217682936605e-13,3.1706007618878196e-12
C,4,0.00020000000000000001,20,0.0040000000000000001,0.25101311531797632,-4.0166729681212487e-07,4.0166746481351525e-07,1.6800139037872715e-13,1.6800139037872715e-13,3.3386021522665467e-12
C,4,0.00020000000000000001,21,0.0042000000000000006,0.25101271365070238,-4.0166727394153057e-07,4.0166744032705499e-07,1.6638552441879364e-13,1.6638552441879364e-13,3.5049876766853404e-12
C,4,0.00020000000000000001,22,0.0044000000000000003,0.25101231198345325,-4.0166724912804597e-07,4.0166741586269481e-07,1.6673464884739964e-13,1.6673464884739964e-13,3.67172232553274e-12
C,4,0.00020000000000000001,23,0.0045999999999999999,0.25101191031622838,-4.0166722486967288e-07,4.0166739142041081e-07,1.665507379304578e-13,1.665507379304578e-13,3.8382730634631978e-12
C,4,0.00020000000000000001,24,0.0048000000000000004,0.25101150864902838,-4.0166720000067713e-07,4.0166736700018598e-07,1.6699950885022601e-13,1.6699950885022601e-13,4.0052725723134238e-12
C,4,0.00020000000000000001,25,0.0050000000000000001,0.25101110698185336,-4.0166717502065907e-07,4.0166734260199438e-07,1.6758133530523896e-13,1.6758133530523896e-13,4.1728539076186628e-12
C,4,0.00020000000000000001,26,0.0052000000000000006,0.25101070531470099,-4.0166715237210937e-07,4.0166731822581944e-07,1.6585371007123926e-13,1.6585371007123926e-13,4.338707617689902e-12
C,4,0.00020000000000000001,27,0.0054000000000000003,0.25101030364757465,-4.0166712633737944e-07,4.0166729387163496e-07,1.6753425551996467e-13,1.6753425551996467e-13,4.5062418732098667e-12
C,4,0.00020000000000000001,28,0.0055999999999999999,0.25100990198047179,-4.0166710285616247e-07,4.0166726953942331e-07,1.6668326084079738e-13,1.6668326084079738e-13,4.6729251340506641e-12
C,4,0.00020000000000000001,29,0.0058000000000000005,0.25100950031339342,-4.0166707837574478e-07,4.0166724522915993e-07,1.6685341514858243e-13,1.6685341514858243e-13,4.8397785491992465e-12
C,4,0.00020000000000000001,30,0.0060000000000000001,0.25100909864633952,-4.0166705389532709e-07,4.016672209408249e-07,1.6704549781588291e-13,1.6704549781588291e-13,5.0068240470151294e-12
C,4,0.00020000000000000001,31,0.0062000000000000006,0.25100869697930983,-4.0166702969246515e-07,4.0166719667439759e-07,1.6698193244011445e-13,1.6698193244011445e-13,5.1738059794552439e-12
C,4,0.00020000000000000001,32,0.0064000000000000003,0.25100829531230345,-4.0166700637778163e-07,4.0166717242985554e-07,1.6605207391136011e-13,1.6605207391136011e-13,5.339858053366604e-12
C,4,0.00020000000000000001,33,0.0066,0.25100789364532211,-4.0166698134225243e-07,4.0166714820717769e-07,1.6686492526754443e-13,1.6686492526754443e-13,5.5067229786341484e-12
C,4,0.00020000000000000001,34,0.0068000000000000005,0.25100749197836486,-4.0166695725041279e-07,4.016671240063435e-07,1.6675593070901809e-13,1.6675593070901809e-13,5.6734789093431665e-12
C,4,0.00020000000000000001,35,0.0070000000000000001,0.25100709031143187,-4.016669329920397e-07,4.016670998273292e-07,1.6683528949054414e-13,1.6683528949054414e-13,5.8403141988337107e-12
C,4,0.00020000000000000001,36,0.0072000000000000007,0.25100668864452291,-4.0166690895571122e-07,4.0166707567011693e-07,1.6671440571287233e-13,1.6671440571287233e-13,6.007028604546583e-12
C,4,0.00020000000000000001,37,0.0074000000000000003,0.25100628697763816,-4.0166688475284928e-07,4.0166705153468459e-07,1.6678183530588573e-13,1.6678183530588573e-13,6.1738104398524687e-12
C,4,0.00020000000000000001,38,0.0076,0.25100588531077672,-4.0166686143816577e-07,4.0166702742100914e-07,1.6598284336748217e-13,1.6598284336748217e-13,6.3397932832199509e-12
C,4,0.00020000000000000001,39,0.0078000000000000005,0.25100548364393954,-4.0166683717979268e-07,4.0166700332906992e-07,1.6614927724186508e-13,1.6614927724186508e-13,6.505942560461816e-12
C,4,0.00020000000000000001,40,0.0080000000000000002,0.25100508197712779,-4.0166681175568542e-07,4.016669792588471e-07,1.6750316168162479e-13,1.6750316168162479e-13,6.6734457221434408e-12
C,4,0.00020000000000000001,41,0.0082000000000000007,0.25100468031033923,-4.016667885520242e-07,4.0166695521031975e-07,1.6665829555052869e-13,1.6665829555052869e-13,6.8401040176939695e-12
C,4,0.00020000000000000001,42,0.0084000000000000012,0.251004278643573,-4.0166676623654141e-07,4.0166693118346544e-07,1.6494692403175385e-13,1.6494692403175385e-13,7.0050509417257233e-12
C,4,0.00020000000000000001,43,0.0086,0.25100387697683468,-4.0166673831443234e-07,4.0166690717826319e-07,1.6886383085529201e-13,1.6886383085529201e-13,7.1739147725810153e-12
C,4,0.00020000000000000001,44,0.0088000000000000005,0.25100347531011924,-4.0166671544383803e-07,4.0166688319469126e-07,1.6775085322658282e-13,1.6775085322658282e-13,7.3416656258075981e-12
C,4,0.00020000000000000001,45,0.0090000000000000011,0.25100307364342511,-4.0166669412755596e-07,4.0166685923273115e-07,1.6510517519728937e-13,1.6510517519728937e-13,7.5067708010048875e-12
C,4,0.00020000000000000001,46,0.0091999999999999998,0.25100267197675641,-4.0166666870344869e-07,4.0166683529236017e-07,1.6658891148192906e-13,1.6658891148192906e-13,7.6733597124868166e-12
C,4,0.00020000000000000001,47,0.0094000000000000004,0.25100227031011196,-4.016666444450756e-07,4.0166681137355661e-07,1.6692848100831312e-13,1.6692848100831312e-13,7.8402881934951297e-12
C,4,0.00020000000000000001,48,0.0096000000000000009,0.25100186864349217,-4.0166661979812446e-07,4.0166678747630162e-07,1.6767817716443369e-13,1.6767817716443369e-13,8.0079663706595634e-12
C,4,0.00020000000000000001,49,0.0097999999999999997,0.25100146697689402,-4.0166659814877548e-07,4.0166676360057254e-07,1.6545179706705271e-13,1.6545179706705271e-13,8.1734181677266161e-12
C,4,0.00020000000000000001,50,0.01,0.25100106531032113,-4.0166657289120167e-07,4.0166673974634762e-07,1.6685514595453103e-13,1.6685514595453103e-13,8.3402733136811471e-12
C,4,0.00020000000000000001,51,0.010200000000000001,0.25100066364377166,-4.0166654946549585e-07,4.016667159136079e-07,1.6644811205384318e-13,1.6644811205384318e-13,8.5067214257349903e-12
C,4,0.00020000000000000001,52,0.010400000000000001,0.25100026197724723,-4.0166652442996664e-07,4.0166669210233115e-07,1.6767236450671228e-13,1.6767236450671228e-13,8.6743937902417026e-12
C,4,0.00020000000000000001,53,0.0106,0.25099986031074523,-4.0166650200346155e-07,4.0166666831249836e-07,1.6630903681426099e-13,1.6630903681426099e-13,8.8407028270559636e-12
C,4,0.00020000000000000001,54,0.010800000000000001,0.25099945864426687,-4.0166647835571112e-07,4.0166664454408656e-07,1.6618837543567739e-13,1.6618837543567739e-13,9.006891202491641e-12
C,4,0.00020000000000000001,55,0.011000000000000001,0.250999056977813,-4.0166645387529343e-07,4.0166662079707631e-07,1.6692178288352447e-13,1.6692178288352447e-13,9.1738129853751654e-12
C,4,0.00020000000000000001,56,0.0112,0.25099865531138199,-4.0166643100469912e-07,4.0166659707144433e-07,1.6606674521022082e-13,1.6606674521022082e-13,9.3398797305853863e-12
C,4,0.00020000000000000001,57,0.0114,0.2509982536449758,-4.0166640619121452e-07,4.0166657336717272e-07,1.6717595820099594e-13,1.6717595820099594e-13,9.5070556887863822e-12
C,4,0.00020000000000000001,58,0.011600000000000001,0.25099785197859242,-4.0166638337613136e-07,4.0166654968424062e-07,1.6630810926024418e-13,1.6630810926024418e-13,9.6733637980466264e-12
C,4,0.00020000000000000001,59,0.0118,0.25099745031223369,-4.0166635872918022e-07,4.0166652602262628e-07,1.6729344606476352e-13,1.6729344606476352e-13,9.8406572441113899e-12
C,4,0.00020000000000000001,60,0.012,0.25099704864589756,-4.0166633613614167e-07,4.0166650238230767e-07,1.6624616600550927e-13,1.6624616600550927e-13,1.0006903410116899e-11
C,4,0.00020000000000000001,61,0.012200000000000001,0.25099664697958501,-4.0166631254390239e-07,4.0166647876326695e-07,1.6621936455956917e-13,1.6621936455956917e-13,1.0173122774676468e-11
C,4,0.00020000000000000001,62,0.012400000000000001,0.25099624531329717,-4.016662878414401e-07,4.0166645516548025e-07,1.6732404015366452e-13,1.6732404015366452e-13,1.0340446814830133e-11
C,4,0.00020000000000000001,63,0.0126,0.25099584364703192,-4.0166626524840154e-07,4.0166643158893088e-07,1.6634052934042122e-13,1.6634052934042122e-13,1.0506787344170554e-11
C,4,0.00020000000000000001,64,0.012800000000000001,0.25099544198079032,-4.0166624160065112e-07,4.0166640803359445e-07,1.6643294333488419e-13,1.6643294333488419e-13,1.0673220287505438e-11
C,4,0.00020000000000000001,65,0.013000000000000001,0.2509950403145727,-4.0166621761983379e-07,4.0166638449945164e-07,1.6687961784810795e-13,1.6687961784810795e-13,1.0840099905353546e-11
C,4,0.00020000000000000001,66,0.0132,0.25099463864837745,-4.0166619524883984e-07,4.0166636098648231e-07,1.6573764246996598e-13,1.6573764246996598e-13,1.1005837547823512e-11
C,4,0.00020000000000000001,67,0.0134,0.2509942369822068,-4.0166617065739985e-07,4.0166633749466536e-07,1.6683726551253096e-13,1.6683726551253096e-13,1.1172674813336043e-11
C,4,0.00020000000000000001,68,0.013600000000000001,0.25099383531605945,-4.0166614734271633e-07,4.0166631402398024e-07,1.6668126390768467e-13,1.6668126390768467e-13,1.1339356077243728e-11
C,4,0.00020000000000000001,69,0.013800000000000002,0.25099343364993637,-4.0166612308434324e-07,4.0166629057440704e-07,1.6749006379940316e-13,1.6749006379940316e-13,1.1506846141043131e-11
C,4,0.00020000000000000001,70,0.014,0.25099303198383488,-4.0166610149050541e-07,4.0166626714592438e-07,1.6565541897007276e-13,1.6565541897007276e-13,1.1672501560013204e-11
C,4,0.00020000000000000001,71,0.014200000000000001,0.25099263031775776,-4.0166607712111002e-07,4.0166624373851304e-07,1.6661740302329674e-13,1.6661740302329674e-13,1.18391189630365e-11
C,4,0.00020000000000000001,72,0.014400000000000001,0.25099222865170395,-4.016660538064265e-07,4.0166622035215148e-07,1.6654572497771771e-13,1.6654572497771771e-13,1.2005664688014218e-11
C,4,0.00020000000000000001,73,0.0146,0.25099182698567329,-4.0166603065827644e-07,4.0166619698681815e-07,1.6632854170663521e-13,1.6632854170663521e-13,1.2171993229720853e-11
C,4,0.00020000000000000001,74,0.014800000000000001,0.25099142531966695,-4.016660063443922e-07,4.0166617364249531e-07,1.6729810310484708e-13,1.6729810310484708e-13,1.23392913328257e-11
C,4,0.00020000000000000001,75,0.015000000000000001,0.25099102365368248,-4.0166598447299862e-07,4.0166615031916173e-07,1.6584616311355834e-13,1.6584616311355834e-13,1.2505137495939259e-11
C,4,0.00020000000000000001,76,0.0152,0.25099062198772215,-4.0166596032564783e-07,4.0166612701679418e-07,1.6669114634695941e-13,1.6669114634695941e-13,1.2671828642286218e-11
C,4,0.00020000000000000001,77,0.0154,0.25099022032178459,-4.0166593756607583e-07,4.0166610373537566e-07,1.6616929983018875e-13,1.6616929983018875e-13,1.2837997942116407e-11
C,4,0.00020000000000000001,78,0.015600000000000001,0.25098981865587044,-4.0166591414037001e-07,4.016660804748851e-07,1.6633451508885836e-13,1.6633451508885836e-13,1.3004332457205265e-11
C,4,0.00020000000000000001,79,0.015800000000000002,0.25098941698998029,-4.0166589015955267e-07,4.016660572353019e-07,1.6707574922701719e-13,1.6707574922701719e-13,1.3171408206432283e-11
C,4,0.00020000000000000001,80,0.016,0.25098901532411233,-4.0166586795509218e-07,4.016660340166049e-07,1.6606151271712872e-13,1.6606151271712872e-13,1.3337469719149411e-11
C,4,0.00020000000000000001,81,0.016199999999999999,0.25098861365826863,-4.0166584369671909e-07,4.0166601081877418e-07,1.6712205508887548e-13,1.6712205508887548e-13,1.3504591774238287e-11
C,4,0.00020000000000000001,82,0.016400000000000001,0.25098821199244725,-4.016658213812363e-07,4.0166598764179048e-07,1.6626055418360737e-13,1.6626055418360737e-13,1.3670852328421894e-11
C,4,0.00020000000000000001,83,0.0166,0.25098781032664969,-4.0166579756695242e-07,4.0166596448563278e-07,1.6691868036065736e-13,1.6691868036065736e-13,1.3837771008782551e-11
C,4,0.00020000000000000001,84,0.016800000000000002,0.2509874086608746,-4.0166577508493617e-07,4.0166594135028144e-07,1.6626534526665483e-13,1.6626534526665483e-13,1.4004036354049206e-11
C,4,0.00020000000000000001,85,0.017000000000000001,0.25098700699512361,-4.0166575099309654e-07,4.0166591823571523e-07,1.6724261868809322e-13,1.6724261868809322e-13,1.41712789727373e-11
C,4,0.00020000000000000001,86,0.0172,0.25098660532939376,-4.0166572984334792e-07,4.016658951419135e-07,1.652985655775813e-13,1.652985655775813e-13,1.4336577538314881e-11
C,4,0.00020000000000000001,87,0.017400000000000002,0.2509862036636884,-4.0166570536293023e-07,4.0166587206885878e-07,1.6670592855419665e-13,1.6670592855419665e-13,1.4503283466869077e-11
C,4,0.00020000000000000001,88,0.017600000000000001,0.25098580199800535,-4.0166568304744743e-07,4.01665849016529e-07,1.6596908157024857e-13,1.6596908157024857e-13,1.4669252548439326e-11
C,4,0.00020000000000000001,89,0.0178,0.2509854003323474,-4.0166565795640707e-07,4.0166582598490346e-07,1.6802849638595136e-13,1.6802849638595136e-13,1.4837281044825277e-11
C,4,0.00020000000000000001,90,0.018000000000000002,0.25098499866671015,-4.0166563725074766e-07,4.0166580297396326e-07,1.6572321559305011e-13,1.6572321559305011e-13,1.5003004260418328e-11
C,4,0.00020000000000000001,91,0.018200000000000001,0.25098459700109615,-4.016656139915753e-07,4.0166577998368754e-07,1.6599211223726574e-13,1.6599211223726574e-13,1.5168996372655593e-11
C,4,0.00020000000000000001,92,0.0184,0.25098419533550609,-4.0166559006626912e-07,4.0166575701405861e-07,1.669477894949227e-13,1.669477894949227e-13,1.5335944162150516e-11
C,4,0.00020000000000000001,93,0.018600000000000002,0.25098379366993817,-4.0166556791731978e-07,4.0166573406505309e-07,1.6614773331256048e-13,1.6614773331256048e-13,1.5502091895463076e-11
C,4,0.00020000000000000001,94,0.018800000000000001,0.25098339200439385,-4.016655443250805e-07,4.0166571113665106e-07,1.6681157055631777e-13,1.6681157055631777e-13,1.5668903466019394e-11
C,4,0.00020000000000000001,95,0.019,0.25098299033887184,-4.0166552200959771e-07,4.0166568822883516e-07,1.6621923745168752e-13,1.6621923745168752e-13,1.5835122703471082e-11
C,4,0.00020000000000000001,96,0.019200000000000002,0.25098258867337314,-4.0166549869491419e-07,4.0166566534158374e-07,1.6664666954687159e-13,1.6664666954687159e-13,1.6001769373017953e-11
C,4,0.00020000000000000001,97,0.019400000000000001,0.25098218700789687,-4.0166547626840909e-07,4.0166564247487636e-07,1.6620646726533736e-13,1.6620646726533736e-13,1.6167975840283291e-11
C,4,0.00020000000000000001,98,0.019599999999999999,0.25098178534244331,-4.0166545356434824e-07,4.0166561962869518e-07,1.6606434694230979e-13,1.6606434694230979e-13,1.63340401872256e-11
C,4,0.00020000000000000001,99,0.019800000000000002,0.25098138367701306,-4.0166543024966472e-07,4.0166559680301824e-07,1.6655335351525936e-13,1.6655335351525936e-13,1.650059354074086e-11
C,4,0.00020000000000000001,100,0.02,0.2509809820116049,-4.0166540815622653e-07,4.0166557399782573e-07,1.6584159919415942e-13,1.6584159919415942e-13,1.6666435139935019e-11
C,4,0.0001,0,0,0.25102114866861597,0,0,0,0,0
C,4,0.0001,1,0.0001,0.25102094783469114,-2.0083392482383999e-07,2.0083396714202524e-07,4.2318185246724397e-14,4.2318185246724397e-14,4.2318185246724397e-14
C,4,0.0001,2,0.00020000000000000001,0.25102074700077276,-2.0083391838454645e-07,2.0083396091370209e-07,4.2529155637017907e-14,4.2529155637017907e-14,8.4847340883742304e-14
C,4,0.0001,3,0.00030000000000000003,0.25102054616686065,-2.0083391211178636e-07,2.0083395468819513e-07,4.2576408772878807e-14,4.2576408772878807e-14,1.2742374965662111e-13
C,4,0.0001,4,0.00040000000000000002,0.25102034533295281,-2.0083390783742772e-07,2.0083394846550115e-07,4.0628073434362477e-14,4.0628073434362477e-14,1.6805182309098359e-13
C,4,0.0001,5,0.00050000000000000001,0.25102014449905258,-2.008339002324e-07,2.0083394224561918e-07,4.2013219186757603e-14,4.2013219186757603e-14,2.1006504227774119e-13
C,4,0.0001,6,0.00060000000000000006,0.25101994366515817,-2.0083389440372912e-07,2.0083393602854717e-07,4.1624818052145656e-14,4.1624818052145656e-14,2.5168986032988685e-13
C,4,0.0001,7,0.00069999999999999999,0.25101974283126988,-2.0083388829750248e-07,2.0083392981428469e-07,4.1516782202566702e-14,4.1516782202566702e-14,2.9320664253245355e-13
C,4,0.0001,8,0.00080000000000000004,0.2510195419973883,-2.0083388158065318e-07,2.0083392360283094e-07,4.20221777513149e-14,4.20221777513149e-14,3.3522882028376845e-13
C,4,0.0001,9,0.00090000000000000008,0.25101934116351221,-2.0083387608504921e-07,2.0083391739418338e-07,4.1309134166659899e-14,4.1309134166659899e-14,3.7653795445042835e-13
C,4,0.0001,10,0.001,0.25101914032964301,-2.0083386920166646e-07,2.0083391118834127e-07,4.1986674815316989e-14,4.1986674815316989e-14,4.1852462926574534e-13
C,4,0.0001,11,0.0011000000000000001,0.25101893949577947,-2.0083386353952903e-07,2.0083390498530256e-07,4.1445773524774243e-14,4.1445773524774243e-14,4.5997040279051958e-13
C,4,0.0001,12,0.0012000000000000001,0.25101873866192248,-2.0083385698921319e-07,2.0083389878506747e-07,4.1795854280047475e-14,4.1795854280047475e-14,5.0176625707056706e-13
C,4,0.0001,13,0.0013000000000000002,0.25101853782807132,-2.0083385116054231e-07,2.0083389258763256e-07,4.1427090254358859e-14,4.1427090254358859e-14,5.4319334732492592e-13
C,4,0.0001,14,0.0014,0.25101833699422671,-2.0083384461022646e-07,2.0083388639299753e-07,4.1782771062083744e-14,4.1782771062083744e-14,5.8497611838700966e-13
C,4,0.0001,15,0.0015,0.25101813616038821,-2.0083383850399983e-07,2.0083388020116064e-07,4.1697160806830041e-14,4.1697160806830041e-14,6.266732791938397e-13
C,4,0.0001,16,0.0016000000000000001,0.25101793532655636,-2.0083383184266168e-07,2.0083387401212086e-07,4.2169459178438988e-14,4.2169459178438988e-14,6.6884273837227869e-13
C,4,0.0001,17,0.0017000000000000001,0.25101773449273063,-2.0083382573643505e-07,2.008338678258773e-07,4.2089442252312919e-14,4.2089442252312919e-14,7.1093218062459161e-13
C,4,0.0001,18,0.0018000000000000002,0.25101753365891138,-2.0083381924163035e-07,2.0083386164242759e-07,4.2400797243572836e-14,4.2400797243572836e-14,7.5333297786816444e-13
C,4,0.0001,19,0.0019,0.25101733282509614,-2.0083381524482746e-07,2.0083385546177109e-07,4.0216943626448839e-14,4.0216943626448839e-14,7.9354992149461328e-13
C,4,0.0001,20,0.002,0.25101713199128911,-2.0083380702917708e-07,2.0083384928390627e-07,4.225472919114569e-14,4.225472919114569e-14,8.3580465068575897e-13
C,4,0.0001,21,0.0021000000000000003,0.25101693115748719,-2.0083380192215117e-07,2.0083384310883163e-07,4.1186680466359917e-14,4.1186680466359917e-14,8.7699133115211889e-13
C,4,0.0001,22,0.0022000000000000001,0.25101673032369243,-2.0083379476121266e-07,2.0083383693654532e-07,4.2175332663713926e-14,4.2175332663713926e-14,9.1916666381583282e-13
C,4,0.0001,23,0.0023,0.2510165294899025,-2.008337899317425e-07,2.0083383076704752e-07,4.0835305021226807e-14,4.0835305021226807e-14,9.6000196883705962e-13
C,4,0.0001,24,0.0024000000000000002,0.25101632865612056,-2.0083378193813672e-07,2.008338246003349e-07,4.2662198175600854e-14,4.2662198175600854e-14,1.0026641670126605e-12
C,4,0.0001,25,0.0025000000000000001,0.25101612782234417,-2.008337763870216e-07,2.0083381843640809e-07,4.2049386487753737e-14,4.2049386487753737e-14,1.0447135535004142e-12
C,4,0.0001,26,0.0026000000000000003,0.25101592698857295,-2.0083377122448454e-07,2.0083381227526367e-07,4.1050779138640428e-14,4.1050779138640428e-14,1.0857643326390546e-12
C,4,0.0001,27,0.0027000000000000001,0.25101572615480922,-2.0083376373047912e-07,2.0083380611690195e-07,4.2386422829760134e-14,4.2386422829760134e-14,1.1281507554688148e-12
C,4,0.0001,28,0.0028,0.25101552532104943,-2.0083375978918738e-07,2.0083379996132103e-07,4.0172133651245176e-14,4.0172133651245176e-14,1.16832288912006e-12
C,4,0.0001,29,0.0029000000000000002,0.25101532448729824,-2.0083375118495894e-07,2.008337938085191e-07,4.2623560158906918e-14,4.2623560158906918e-14,1.2109464492789669e-12
C,4,0.0001,30,0.0030000000000000001,0.25101512365355211,-2.0083374613344418e-07,2.0083378765849557e-07,4.1525051388184052e-14,4.1525051388184052e-14,1.2524715006671509e-12
C,4,0.0001,31,0.0031000000000000003,0.25101492281981297,-2.0083373913903912e-07,2.0083378151124869e-07,4.2372209563965648e-14,4.2372209563965648e-14,1.2948437102311166e-12
C,4,0.0001,32,0.0032000000000000002,0.25101472198607899,-2.0083373397650206e-07,2.0083377536677635e-07,4.1390274284943806e-14,4.1390274284943806e-14,1.3362339845160604e-12
C,4,0.0001,33,0.0033,0.25101452115235118,-2.0083372781476427e-07,2.0083376922507835e-07,4.1410314078624218e-14,4.1410314078624218e-14,1.3776442985946846e-12
C,4,0.0001,34,0.0034000000000000002,0.25101432031862947,-2.0083372170853764e-07,2.0083376308615333e-07,4.1377615695184446e-14,4.1377615695184446e-14,1.419021914289869e-12
C,4,0.0001,35,0.0035000000000000001,0.25101411948491537,-2.0083371410350992e-07,2.0083375694999983e-07,4.284648991326183e-14,4.284648991326183e-14,1.4618684042031309e-12
C,4,0.0001,36,0.0036000000000000003,0.25101391865120609,-2.0083370927403976e-07,2.0083375081661573e-07,4.1542575970467151e-14,4.1542575970467151e-14,1.503410980173598e-12
C,4,0.0001,37,0.0037000000000000002,0.25101371781750298,-2.0083370311230198e-07,2.0083374468599995e-07,4.1573697972652524e-14,4.1573697972652524e-14,1.5449846781462505e-12
C,4,0.0001,38,0.0038,0.25101351698380664,-2.0083369633994153e-07,2.0083373855815171e-07,4.2218210186187988e-14,4.2218210186187988e-14,1.5872028883324385e-12
C,4,0.0001,39,0.0039000000000000003,0.25101331615011546,-2.0083369117740446e-07,2.0083373243306951e-07,4.1255665053045794e-14,4.1255665053045794e-14,1.6284585533854843e-12
C,4,0.0001,40,0.0040000000000000001,0.25101311531643056,-2.0083368490464437e-07,2.0083372631075129e-07,4.1406106918914765e-14,4.1406106918914765e-14,1.6698646603043991e-12
C,4,0.0001,41,0.0041000000000000003,0.25101291448275165,-2.0083367890944004e-07,2.0083372019119651e-07,4.1281756473617864e-14,4.1281756473617864e-14,1.711146416778017e-12
C,4,0.0001,42,0.0042000000000000006,0.25101271364908012,-2.0083367152645692e-07,2.0083371407440394e-07,4.2547947010013185e-14,4.2547947010013185e-14,1.7536943637880301e-12
C,4,0.0001,43,0.0043,0.25101251281541398,-2.0083366614187526e-07,2.0083370796037186e-07,4.1818496608928105e-14,4.1818496608928105e-14,1.7955128603969582e-12
C,4,0.0001,44,0.0044000000000000003,0.25101231198175311,-2.0083366086831589e-07,2.0083370184909818e-07,4.0980782294643023e-14,4.0980782294643023e-14,1.8364936426916013e-12
C,4,0.0001,45,0.0045000000000000005,0.25101211114809852,-2.008336545955558e-07,2.0083369574058294e-07,4.1145027144722654e-14,4.1145027144722654e-14,1.8776386698363239e-12
C,4,0.0001,46,0.0045999999999999999,0.25101191031445114,-2.0083364737910614e-07,2.0083368963482379e-07,4.2255717652125356e-14,4.2255717652125356e-14,1.9198943874884493e-12
C,4,0.0001,47,0.0047000000000000002,0.25101170948080831,-2.0083364282719174e-07,2.0083368353181903e-07,4.0704627292753476e-14,4.0704627292753476e-14,1.9605990147812028e-12
C,4,0.0001,48,0.0048000000000000004,0.25101150864717403,-2.0083363427847445e-07,2.0083367743156935e-07,4.3153094902572222e-14,4.3153094902572222e-14,2.003752109683775e-12
C,4,0.0001,49,0.0048999999999999998,0.25101130781354442,-2.0083362961553775e-07,2.0083367133407163e-07,4.1718533883308991e-14,4.1718533883308991e-14,2.045470643567084e-12
C,4,0.0001,50,0.0050000000000000001,0.25101110697992074,-2.0083362367584456e-07,2.0083366523932467e-07,4.1563480108330677e-14,4.1563480108330677e-14,2.0870341236754146e-12
C,4,0.0001,51,0.0051000000000000004,0.25101090614630356,-2.0083361718103987e-07,2.0083365914732819e-07,4.1966288320463354e-14,4.1966288320463354e-14,2.129000411995878e-12
C,4,0.0001,52,0.0052000000000000006,0.25101070531269143,-2.0083361212952511e-07,2.0083365305807959e-07,4.0928554481343339e-14,4.0928554481343339e-14,2.1699289664772213e-12
C,4,0.0001,53,0.0053,0.25101050447908629,-2.0083360513512005e-07,2.0083364697157826e-07,4.1836458207272428e-14,4.1836458207272428e-14,2.2117654246844938e-12
C,4,0.0001,54,0.0054000000000000003,0.25101030364548765,-2.0083359864031536e-07,2.0083364088782206e-07,4.224750670002313e-14,4.224750670002313e-14,2.2540129313845169e-12
C,4,0.0001,55,0.0055000000000000005,0.25101010281189401,-2.0083359364431175e-07,2.0083363480681077e-07,4.1162499025674566e-14,4.1162499025674566e-14,2.2951754304101915e-12
C,4,0.0001,56,0.0055999999999999999,0.25100990197830636,-2.0083358764910741e-07,2.0083362872854295e-07,4.1079435533795461e-14,4.1079435533795461e-14,2.3362548659439869e-12
C,4,0.0001,57,0.0057000000000000002,0.25100970114472587,-2.0083358048816891e-07,2.008336226530158e-07,4.2164846898752731e-14,4.2164846898752731e-14,2.3784197128427397e-12
C,4,0.0001,58,0.0058000000000000005,0.25100950031115082,-2.0083357504807609e-07,2.0083361658022955e-07,4.1532153468279204e-14,4.1532153468279204e-14,2.4199518663110189e-12
C,4,0.0001,59,0.0058999999999999999,0.25100929947758244,-2.0083356838673794e-07,2.0083361051018221e-07,4.2123444272398075e-14,4.2123444272398075e-14,2.4620753105834169e-12
C,4,0.0001,60,0.0060000000000000001,0.25100909864402071,-2.0083356172539979e-07,2.0083360444287232e-07,4.2717472528183795e-14,4.2717472528183795e-14,2.5047927831116007e-12
C,4,0.0001,61,0.0061000000000000004,0.25100889781046287,-2.008335578396192e-07,2.0083359837829937e-07,4.053868017114766e-14,4.053868017114766e-14,2.5453314632827484e-12
C,4,0.0001,62,0.0062000000000000006,0.25100869697691242,-2.0083355045663609e-07,2.0083359231646155e-07,4.185982546400701e-14,4.185982546400701e-14,2.5871912887467554e-12
C,4,0.0001,63,0.0063,0.25100849614336818,-2.0083354423938715e-07,2.0083358625735711e-07,4.2017969956330736e-14,4.2017969956330736e-14,2.6292092587030861e-12
C,4,0.0001,64,0.0064000000000000003,0.25100829530982954,-2.0083353863276088e-07,2.0083358020098511e-07,4.156822423398913e-14,4.156822423398913e-14,2.6707774829370753e-12
C,4,0.0001,65,0.0065000000000000006,0.25100809447629696,-2.0083353258204539e-07,2.0083357414734424e-07,4.156529884688711e-14,4.156529884688711e-14,2.7123427817839624e-12
C,4,0.0001,66,0.0066,0.25100789364277032,-2.0083352664235221e-07,2.0083356809643264e-07,4.1454080429827525e-14,4.1454080429827525e-14,2.7537968622137899e-12
C,4,0.0001,67,0.0067000000000000002,0.25100769280924995,-2.0083352036959212e-07,2.0083356204825021e-07,4.167865808678132e-14,4.167865808678132e-14,2.7954755203005712e-12
C,4,0.0001,68,0.0068000000000000005,0.25100749197573646,-2.0083351348620937e-07,2.0083355600279374e-07,4.2516584371061453e-14,4.2516584371061453e-14,2.8379921046716327e-12
C,4,0.0001,69,0.0069000000000000008,0.25100729114222753,-2.0083350893429497e-07,2.0083354996006435e-07,4.1025769379142001e-14,4.1025769379142001e-14,2.8790178740507747e-12
C,4,0.0001,70,0.0070000000000000001,0.2510070903087257,-2.0083350182886761e-07,2.0083354392005867e-07,4.2091191057711644e-14,4.2091191057711644e-14,2.9211090651084863e-12
C,4,0.0001,71,0.0071000000000000004,0.25100688947522992,-2.0083349577815213e-07,2.0083353788277625e-07,4.2104624126752371e-14,4.2104624126752371e-14,2.9632136892352387e-12
C,4,0.0001,72,0.0072000000000000007,0.25100668864173936,-2.0083349056010391e-07,2.0083353184821504e-07,4.1288111126546403e-14,4.1288111126546403e-14,3.0045018003617851e-12
C,4,0.0001,73,0.0073000000000000001,0.25100648780825419,-2.0083348517552224e-07,2.0083352581637473e-07,4.0640852488088805e-14,4.0640852488088805e-14,3.0451426528498739e-12
C,4,0.0001,74,0.0074000000000000003,0.25100628697477728,-2.0083347690436071e-07,2.008335197872534e-07,4.2882892689417301e-14,4.2882892689417301e-14,3.0880255455392912e-12
C,4,0.0001,75,0.0075000000000000006,0.2510060861413051,-2.0083347218591285e-07,2.0083351376085041e-07,4.1574937552431272e-14,4.1574937552431272e-14,3.1296004830917225e-12
C,4,0.0001,76,0.0076,0.25100588530783852,-2.0083346657928658e-07,2.0083350773716266e-07,4.115787607866713e-14,4.115787607866713e-14,3.1707583591703896e-12
C,4,0.0001,77,0.0077000000000000002,0.25100568447437871,-2.0083345980692613e-07,2.00833501716191e-07,4.1909264871314113e-14,4.1909264871314113e-14,3.2126676240417037e-12
C,4,0.0001,78,0.0078000000000000005,0.25100548364092479,-2.008334539227441e-07,2.0083349569793342e-07,4.177518932311243e-14,4.177518932311243e-14,3.2544428133648161e-12
C,4,0.0001,79,0.0079000000000000008,0.25100528280747653,-2.0083344826060667e-07,2.0083348968238757e-07,4.1421780893026791e-14,4.1421780893026791e-14,3.2958645942578429e-12
C,4,0.0001,80,0.0080000000000000002,0.25100508197403487,-2.0083344165477968e-07,2.0083348366955259e-07,4.2014772909880664e-14,4.2014772909880664e-14,3.3378793671677236e-12
C,4,0.0001,81,0.0080999999999999996,0.25100488114059877,-2.0083343610366455e-07,2.0083347765942861e-07,4.1555764061697664e-14,4.1555764061697664e-14,3.3794351312294213e-12
C,4,0.0001,82,0.0082000000000000007,0.25100468030716899,-2.0083342977539331e-07,2.0083347165201221e-07,4.1876618898037952e-14,4.1876618898037952e-14,3.4213117501274592e-12
C,4,0.0001,83,0.0083000000000000001,0.25100447947374416,-2.0083342483490085e-07,2.0083346564730351e-07,4.081240265323137e-14,4.081240265323137e-14,3.4621241527806906e-12
C,4,0.0001,84,0.0084000000000000012,0.2510042786403261,-2.008334180625404e-07,2.0083345964530054e-07,4.1582760139927181e-14,4.1582760139927181e-14,3.5037069129206178e-12
C,4,0.0001,85,0.0085000000000000006,0.25100407780691475,-2.008334113456911e-07,2.0083345364600221e-07,4.2300311104531878e-14,4.2300311104531878e-14,3.5460072240251496e-12
C,4,0.0001,86,0.0086,0.25100387697350895,-2.0083340579457598e-07,2.0083344764940755e-07,4.1854831569508236e-14,4.1854831569508236e-14,3.5878620555946579e-12
C,4,0.0001,87,0.0087000000000000011,0.25100367614010888,-2.008334000769274e-07,2.0083344165551429e-07,4.1578586888005398e-14,4.1578586888005398e-14,3.6294406424826633e-12
C,4,0.0001,88,0.0088000000000000005,0.25100347530671552,-2.0083339336007811e-07,2.0083343566432204e-07,4.2304243931445538e-14,4.2304243931445538e-14,3.6717448864141088e-12
C,4,0.0001,89,0.0088999999999999999,0.25100327447332604,-2.0083338947429752e-07,2.008334296758293e-07,4.0201531782564209e-14,4.0201531782564209e-14,3.711946418196673e-12
C,4,0.0001,90,0.0090000000000000011,0.25100307363994506,-2.0083338098109138e-07,2.008334236900341e-07,4.2708942721116487e-14,4.2708942721116487e-14,3.7546553609177895e-12
C,4,0.0001,91,0.0091000000000000004,0.25100287280656824,-2.0083337681775504e-07,2.0083341770693546e-07,4.0889180419488019e-14,4.0889180419488019e-14,3.7955445413372775e-12
C,4,0.0001,92,0.0091999999999999998,0.25100267197319837,-2.0083336987886113e-07,2.0083341172653255e-07,4.1847671414716638e-14,4.1847671414716638e-14,3.8373922127519942e-12
C,4,0.0001,93,0.009300000000000001,0.25100247113983465,-2.0083336371712335e-07,2.0083340574882368e-07,4.2031700333935949e-14,4.2031700333935949e-14,3.8794239130859301e-12
C,4,0.0001,94,0.0094000000000000004,0.25100227030647604,-2.0083335861009743e-07,2.0083339977380735e-07,4.1163709912212226e-14,4.1163709912212226e-14,3.9205876229981423e-12
C,4,0.0001,95,0.0094999999999999998,0.2510020694731242,-2.0083335183773698e-07,2.0083339380148315e-07,4.1963746162830407e-14,4.1963746162830407e-14,3.9625513691609727e-12
C,4,0.0001,96,0.0096000000000000009,0.25100186863977725,-2.0083334695275568e-07,2.0083338783184836e-07,4.0879092680602694e-14,4.0879092680602694e-14,4.0034304618415754e-12
C,4,0.0001,97,0.0097000000000000003,0.25100166780643862,-2.0083333862608299e-07,2.0083338186490226e-07,4.3238819269045788e-14,4.3238819269045788e-14,4.0466692811106212e-12
C,4,0.0001,98,0.0097999999999999997,0.25100146697310322,-2.0083333540643622e-07,2.0083337590064409e-07,4.0494207870922375e-14,4.0494207870922375e-14,4.0871634889815436e-12
C,4,0.0001,99,0.0099000000000000008,0.25100126613977525,-2.0083332796794195e-07,2.0083336993907215e-07,4.1971130199017876e-14,4.1971130199017876e-14,4.1291346191805615e-12
C,4,0.0001,100,0.01,0.25100106530645327,-2.0083332197273762e-07,2.0083336398018468e-07,4.2007447054268759e-14,4.2007447054268759e-14,4.1711420662348302e-12
C,4,0.0001,101,0.010100000000000001,0.25100086447313696,-2.008333163106002e-07,2.0083335802398115e-07,4.1713380958374369e-14,4.1713380958374369e-14,4.2128554471932046e-12
C,4,0.0001,102,0.010200000000000001,0.25100066363982582,-2.0083331114806313e-07,2.0083335207046037e-07,4.092239724003107e-14,4.092239724003107e-14,4.2537778444332357e-12
C,4,0.0001,103,0.0103,0.25100046280652211,-2.0083330370956887e-07,2.0083334611962055e-07,4.241005168732652e-14,4.241005168732652e-14,4.2961878961205622e-12
C,4,0.0001,104,0.010400000000000001,0.25100026197322334,-2.0083329876907641e-07,2.008333401714598e-07,4.1402383388548415e-14,4.1402383388548415e-14,4.3375902795091106e-12
C,4,0.0001,105,0.010500000000000001,0.25100006113993106,-2.0083329227427171e-07,2.0083333422597738e-07,4.1951705668894526e-14,4.1951705668894526e-14,4.3795419851780051e-12
C,4,0.0001,106,0.0106,0.25099986030664428,-2.0083328677866774e-07,2.0083332828317241e-07,4.1504504671754488e-14,4.1504504671754488e-14,4.4210464898497596e-12
C,4,0.0001,107,0.010700000000000001,0.25099965947336494,-2.0083327934017348e-07,2.0083332234304354e-07,4.3002870062426205e-14,4.3002870062426205e-14,4.4640493599121858e-12
C,4,0.0001,108,0.010800000000000001,0.25099945864008832,-2.0083327662012707e-07,2.0083331640558851e-07,3.9785461443227473e-14,3.9785461443227473e-14,4.5038348213554133e-12
C,4,0.0001,109,0.0109,0.25099925780681998,-2.0083326834896553e-07,2.0083331047080719e-07,4.2121841659592091e-14,4.2121841659592091e-14,4.5459566630150054e-12
C,4,0.0001,110,0.011000000000000001,0.25099905697355718,-2.0083326279785041e-07,2.0083330453869726e-07,4.1740846848722037e-14,4.1740846848722037e-14,4.5876975098637274e-12
C,4,0.0001,111,0.0111,0.2509988561403001,-2.0083325708020183e-07,2.0083329860925844e-07,4.1529056609944924e-14,4.1529056609944924e-14,4.6292265664736724e-12
C,4,0.0001,112,0.0112,0.25099865530704962,-2.0083325047437484e-07,2.0083329268248871e-07,4.2208113871094072e-14,4.2208113871094072e-14,4.6714346803447664e-12
C,4,0.0001,113,0.011300000000000001,0.25099845447380437,-2.0083324525632662e-07,2.0083328675838668e-07,4.1502060055259373e-14,4.1502060055259373e-14,4.7129367404000258e-12
C,4,0.0001,114,0.0114,0.25099825364056416,-2.0083324020481186e-07,2.0083328083695182e-07,4.0632139960132907e-14,4.0632139960132907e-14,4.7535688803601587e-12
C,4,0.0001,115,0.0115,0.25099805280733084,-2.0083323332142911e-07,2.0083327491818202e-07,4.1596752912457586e-14,4.1596752912457586e-14,4.7951656332726163e-12
C,4,0.0001,116,0.011600000000000001,0.25099785197410379,-2.0083322704866902e-07,2.0083326900207637e-07,4.195340735808556e-14,4.195340735808556e-14,4.8371190406307019e-12
C,4,0.0001,117,0.0117,0.25099765114088241,-2.0083322138653159e-07,2.0083326308863341e-07,4.1702101814709172e-14,4.1702101814709172e-14,4.878821142445411e-12
C,4,0.0001,118,0.0118,0.25099745030766624,-2.0083321616848337e-07,2.0083325717785221e-07,4.1009368836049688e-14,4.1009368836049688e-14,4.9198305112814607e-12
C,4,0.0001,119,0.011900000000000001,0.25099724947445734,-2.0083320889652256e-07,2.0083325126973086e-07,4.23732082952198e-14,4.23732082952198e-14,4.9622037195766805e-12
C,4,0.0001,120,0.012,0.25099704864125355,-2.0083320378949665e-07,2.008332453642689e-07,4.1574772248657659e-14,4.1574772248657659e-14,5.0037784918253382e-12
C,4,0.0001,121,0.012100000000000001,0.25099684780805598,-2.0083319757224771e-07,2.0083323946146406e-07,4.1889216342606432e-14,4.1889216342606432e-14,5.0456677081679446e-12
C,4,0.0001,122,0.012200000000000001,0.25099664697486396,-2.0083319202113259e-07,2.008332335613163e-07,4.1540183711196089e-14,4.1540183711196089e-14,5.0872078918791407e-12
C,4,0.0001,123,0.0123,0.25099644614167849,-2.0083318547081674e-07,2.0083322766382254e-07,4.2193005794400151e-14,4.2193005794400151e-14,5.1294008976735408e-12
C,4,0.0001,124,0.012400000000000001,0.2509962453084979,-2.0083318058583544e-07,2.0083322176898364e-07,4.1183148206620969e-14,4.1183148206620969e-14,5.1705840458801618e-12
C,4,0.0001,125,0.012500000000000001,0.25099604447532348,-2.0083317442409765e-07,2.0083321587679646e-07,4.1452698813211435e-14,4.1452698813211435e-14,5.2120367446933732e-12
C,4,0.0001,126,0.0126,0.25099584364215599,-2.0083316748520375e-07,2.0083320998726081e-07,4.2502057067801772e-14,4.2502057067801772e-14,5.254538801761175e-12
C,4,0.0001,127,0.012700000000000001,0.25099564280899406,-2.0083316193408862e-07,2.0083320410037418e-07,4.2166285557743862e-14,4.2166285557743862e-14,5.2967050873189189e-12
C,4,0.0001,128,0.012800000000000001,0.25099544197583673,-2.0083315732666307e-07,2.0083319821613775e-07,4.0889474684027851e-14,4.0889474684027851e-14,5.3375945620029467e-12
C,4,0.0001,129,0.0129,0.25099524114268518,-2.0083315155350334e-07,2.0083319233454735e-07,4.0781044011216358e-14,4.0781044011216358e-14,5.3783756060141631e-12
C,4,0.0001,130,0.013000000000000001,0.25099504030953967,-2.0083314550278786e-07,2.0083318645560353e-07,4.095281567547463e-14,4.095281567547463e-14,5.4193284216896377e-12
C,4,0.0001,131,0.013100000000000001,0.250994839476403,-2.0083313667651481e-07,2.0083318057930468e-07,4.3902789867552713e-14,4.3902789867552713e-14,5.4632312115571904e-12
C,4,0.0001,132,0.0132,0.25099463864326843,-2.0083313456709107e-07,2.008331747056482e-07,4.0138557132867117e-14,4.0138557132867117e-14,5.5033697686900576e-12
C,4,0.0001,133,0.013300000000000001,0.25099443781014108,-2.008331273506414e-07,2.008331688346347e-07,4.1483993292480692e-14,4.1483993292480692e-14,5.5448537619825382e-12
C,4,0.0001,134,0.0134,0.25099423697702028,-2.0083312080032556e-07,2.0083316296626209e-07,4.2165936527230034e-14,4.2165936527230034e-14,5.5870196985097683e-12
C,4,0.0001,135,0.0135,0.25099403614390547,-2.0083311480512123e-07,2.0083315710052854e-07,4.2295407313162867e-14,4.2295407313162867e-14,5.6293151058229311e-12
C,4,0.0001,136,0.013600000000000001,0.25099383531079517,-2.0083311030871798e-07,2.0083315123743363e-07,4.0928715655831334e-14,4.0928715655831334e-14,5.6702438214787625e-12
C,4,0.0001,137,0.0137,0.25099363447769119,-2.0083310398044674e-07,2.0083314537697594e-07,4.1396529199742805e-14,4.1396529199742805e-14,5.7116403506785053e-12
C,4,0.0001,138,0.013800000000000002,0.25099343364459353,-2.008330976521755e-07,2.008331395191545e-07,4.1866979001353708e-14,4.1866979001353708e-14,5.753507329679859e-12
C,4,0.0001,139,0.013900000000000001,0.25099323281150188,-2.0083309165697116e-07,2.0083313366396667e-07,4.2006995506298534e-14,4.2006995506298534e-14,5.7955143251861575e-12
C,4,0.0001,140,0.014,0.25099303197841527,-2.008330866054564e-07,2.0083312781141168e-07,4.120595528340984e-14,4.120595528340984e-14,5.8367202804695674e-12
C,4,0.0001,141,0.014100000000000001,0.2509928311453356,-2.008330796665625e-07,2.0083312196148944e-07,4.2294926939602656e-14,4.2294926939602656e-14,5.87901520740917e-12
C,4,0.0001,142,0.014200000000000001,0.2509926303122606,-2.0083307500362579e-07,2.0083311611419765e-07,4.1110571856131599e-14,4.1110571856131599e-14,5.9201257792653016e-12
C,4,0.0001,143,0.0143,0.25099242947919204,-2.0083306856433225e-07,2.0083311026953487e-07,4.1705202617040612e-14,4.1705202617040612e-14,5.9618309818823422e-12
C,4,0.0001,144,0.014400000000000001,0.25099222864612947,-2.0083306256912792e-07,2.0083310442750077e-07,4.1858372855442028e-14,4.1858372855442028e-14,6.0036893547377843e-12
C,4,0.0001,145,0.014500000000000001,0.25099202781307284,-2.0083305662943474e-07,2.0083309858809259e-07,4.1958657850627793e-14,4.1958657850627793e-14,6.0456480125884121e-12
C,4,0.0001,146,0.0146,0.25099182698002154,-2.0083305130036422e-07,2.008330927513102e-07,4.1450945984406211e-14,4.1450945984406211e-14,6.0870989585728183e-12
C,4,0.0001,147,0.014700000000000001,0.25099162614697551,-2.0083304602680485e-07,2.0083308691715235e-07,4.0890347498540437e-14,4.0890347498540437e-14,6.1279893060713587e-12
C,4,0.0001,148,0.014800000000000001,0.25099142531393598,-2.0083303953200016e-07,2.0083308108561818e-07,4.1553618024316456e-14,4.1553618024316456e-14,6.1695429240956752e-12
C,4,0.0001,149,0.0149,0.25099122448090283,-2.0083303314821777e-07,2.008330752567041e-07,4.2108486332294054e-14,4.2108486332294054e-14,6.2116514104279692e-12
C,4,0.0001,150,0.015000000000000001,0.25099102364787523,-2.0083302759710264e-07,2.0083306943041121e-07,4.1833308568197622e-14,4.1833308568197622e-14,6.2534847189961668e-12
C,4,0.0001,151,0.015100000000000001,0.25099082281485297,-2.0083302226803212e-07,2.0083306360673846e-07,4.1338706336779813e-14,4.1338706336779813e-14,6.2948234253329466e-12
C,4,0.0001,152,0.0152,0.25099062198183614,-2.008330168279393e-07,2.0083305778568212e-07,4.0957742813189249e-14,4.0957742813189249e-14,6.3357811681461359e-12
C,4,0.0001,153,0.015300000000000001,0.25099042114882641,-2.0083300972251195e-07,2.0083305196724276e-07,4.22447308142363e-14,4.22447308142363e-14,6.3780258989603722e-12
C,4,0.0001,154,0.0154,0.25099022031582185,-2.0083300455997488e-07,2.0083304615141894e-07,4.1591444054051331e-14,4.1591444054051331e-14,6.4196173430144235e-12
C,4,0.0001,155,0.0155,0.25099001948282307,-2.0083299878681515e-07,2.0083304033820884e-07,4.1551393689327187e-14,4.1551393689327187e-14,6.4611687367037507e-12
C,4,0.0001,156,0.015600000000000001,0.25098981864983078,-2.0083299229201046e-07,2.0083303452761185e-07,4.2235601387251675e-14,4.2235601387251675e-14,6.5034043380910024e-12
C,4,0.0001,157,0.015700000000000002,0.2509896178168432,-2.008329875735626e-07,2.0083302871962665e-07,4.1146064045398991e-14,4.1146064045398991e-14,6.5445504021364014e-12
C,4,0.0001,158,0.015800000000000002,0.25098941698386185,-2.0083298135631367e-07,2.0083302291425151e-07,4.1557937839407894e-14,4.1557937839407894e-14,6.5861083399758093e-12
C,4,0.0001,159,0.015900000000000001,0.25098921615088682,-2.0083297502804243e-07,2.0083301711148477e-07,4.2083442347370603e-14,4.2083442347370603e-14,6.6281917823231799e-12
C,4,0.0001,160,0.016,0.25098901531791684,-2.0083296997652766e-07,2.008330113113264e-07,4.1334798735566112e-14,4.1334798735566112e-14,6.669526581058746e-12
C,4,0.0001,161,0.0161,0.25098881448495247,-2.0083296436990139e-07,2.0083300551377427e-07,4.1143872877043563e-14,4.1143872877043563e-14,6.7106704539357896e-12
C,4,0.0001,162,0.016199999999999999,0.2509886136519956,-2.0083295687589597e-07,2.008329997188274e-07,4.2842931421971297e-14,4.2842931421971297e-14,6.7535133853577608e-12
C,4,0.0001,163,0.016300000000000002,0.25098841281904216,-2.008329534342046e-07,2.0083299392648467e-07,4.0492280076873983e-14,4.0492280076873983e-14,6.7940056654346348e-12
C,4,0.0001,164,0.016400000000000001,0.25098821198609594,-2.0083294621775494e-07,2.0083298813674367e-07,4.1918988730139253e-14,4.1918988730139253e-14,6.8359246541647741e-12
C,4,0.0001,165,0.016500000000000001,0.25098801115315511,-2.0083294083317327e-07,2.0083298234960498e-07,4.1516431716214996e-14,4.1516431716214996e-14,6.8774410858809891e-12
C,4,0.0001,166,0.0166,0.25098781032022049,-2.0083293461592433e-07,2.0083297656506592e-07,4.1949141594284069e-14,4.1949141594284069e-14,6.9193902274752731e-12
C,4,0.0001,167,0.0167,0.25098760948729121,-2.0083292928685381e-07,2.0083297078312636e-07,4.1496272543828581e-14,4.1496272543828581e-14,6.9608865000191017e-12
C,4,0.0001,168,0.016800000000000002,0.25098740865436858,-2.0083292262551566e-07,2.0083296500378305e-07,4.2378267384785733e-14,4.2378267384785733e-14,7.0032647674038875e-12
C,4,0.0001,169,0.016900000000000002,0.25098720782144979,-2.0083291879524623e-07,2.0083295922703788e-07,4.0431791654165541e-14,4.0431791654165541e-14,7.043696559058053e-12
C,4,0.0001,170,0.017000000000000001,0.25098700698853843,-2.0083291135675196e-07,2.0083295345288678e-07,4.2096134818447853e-14,4.2096134818447853e-14,7.0857926938765009e-12
C,4,0.0001,171,0.017100000000000001,0.25098680615563235,-2.008329060831926e-07,2.0083294768132969e-07,4.1598137096642297e-14,4.1598137096642297e-14,7.1273908309731432e-12
C,4,0.0001,172,0.0172,0.25098660532273248,-2.0083289986594366e-07,2.0083294191236524e-07,4.2046421581270772e-14,4.2046421581270772e-14,7.1694372525544139e-12
C,4,0.0001,173,0.017299999999999999,0.25098640448983672,-2.0083289575811847e-07,2.0083293614599181e-07,4.038787333995754e-14,4.038787333995754e-14,7.2098251258943715e-12
C,4,0.0001,174,0.017400000000000002,0.25098620365694924,-2.0083288748695693e-07,2.0083293038220807e-07,4.2895251138345758e-14,4.2895251138345758e-14,7.2527203770327172e-12
C,4,0.0001,175,0.017500000000000002,0.25098600282406586,-2.0083288337913174e-07,2.0083292462101435e-07,4.1241882609384105e-14,4.1241882609384105e-14,7.2939622596421013e-12
C,4,0.0001,176,0.017600000000000001,0.25098580199118831,-2.0083287755046086e-07,2.0083291886240686e-07,4.1311945998407428e-14,4.1311945998407428e-14,7.3352742056405088e-12
C,4,0.0001,177,0.0177,0.25098560115831681,-2.0083287149974538e-07,2.0083291310638629e-07,4.1606640910386036e-14,4.1606640910386036e-14,7.3768808465508948e-12
C,4,0.0001,178,0.0178,0.25098540032545147,-2.0083286533800759e-07,2.0083290735295115e-07,4.2014943560549756e-14,4.2014943560549756e-14,7.4188957901114445e-12
C,4,0.0001,179,0.017899999999999999,0.2509851994925919,-2.0083285956484787e-07,2.0083290160209934e-07,4.2037251470234899e-14,4.2037251470234899e-14,7.4609330415816794e-12
C,4,0.0001,180,0.018000000000000002,0.250984998659737,-2.0083285490191116e-07,2.0083289585382964e-07,4.095191848229503e-14,4.095191848229503e-14,7.5018849600639745e-12
C,4,0.0001,181,0.018100000000000002,0.25098479782688837,-2.0083284862915107e-07,2.0083289010814179e-07,4.1478990715894208e-14,4.1478990715894208e-14,7.5433639507798687e-12
C,4,0.0001,182,0.018200000000000001,0.25098459699404629,-2.0083284207883523e-07,2.0083288436503378e-07,4.2286198556248776e-14,4.2286198556248776e-14,7.5856501493361175e-12
C,4,0.0001,183,0.0183,0.25098439616120805,-2.0083283824856579e-07,2.0083287862450484e-07,4.0375939042777421e-14,4.0375939042777421e-14,7.6260260883788949e-12
C,4,0.0001,184,0.0184,0.25098419532837751,-2.0083283053251577e-07,2.0083287288655224e-07,4.2354036472082307e-14,4.2354036472082307e-14,7.6683801248509772e-12
C,4,0.0001,185,0.018500000000000003,0.25098399449555209,-2.0083282542548986e-07,2.0083286715117704e-07,4.1725687182427672e-14,4.1725687182427672e-14,7.7101058120334049e-12
C,4,0.0001,186,0.018600000000000002,0.25098379366273205,-2.0083282004090819e-07,2.0083286141837645e-07,4.1377468258512064e-14,4.1377468258512064e-14,7.7514832802919169e-12
C,4,0.0001,187,0.018700000000000001,0.2509835928299175,-2.0083281454530422e-07,2.0083285568814935e-07,4.1142845134910968e-14,4.1142845134910968e-14,7.7926261254268279e-12
C,4,0.0001,188,0.018800000000000001,0.25098339199710978,-2.0083280771743262e-07,2.0083284996049485e-07,4.2243062238739548e-14,4.2243062238739548e-14,7.8348691876655674e-12
C,4,0.0001,189,0.0189,0.25098319116430662,-2.0083280316551821e-07,2.0083284423541139e-07,4.106989317824905e-14,4.106989317824905e-14,7.8759390808438165e-12
C,4,0.0001,190,0.019,0.25098299033151011,-2.0083279650418007e-07,2.0083283851289862e-07,4.2008718556601707e-14,4.2008718556601707e-14,7.9179477994004182e-12
C,4,0.0001,191,0.019100000000000002,0.25098278949871977,-2.0083279034244228e-07,2.0083283279295461e-07,4.245051233363449e-14,4.245051233363449e-14,7.9603983117340527e-12
C,4,0.0001,192,0.019200000000000002,0.25098258866593365,-2.0083278612359479e-07,2.0083282707557746e-07,4.0951982671510564e-14,4.0951982671510564e-14,8.0013502944055633e-12
C,4,0.0001,193,0.019300000000000001,0.25098238783315358,-2.008327800728793e-07,2.0083282136076681e-07,4.1287887509848327e-14,4.1287887509848327e-14,8.0426381819154116e-12
C,4,0.0001,194,0.019400000000000001,0.25098218700037944,-2.0083277413318612e-07,2.0083281564852148e-07,4.1515335364413673e-14,4.1515335364413673e-14,8.0841535172798253e-12
C,4,0.0001,195,0.0195,0.2509819861676113,-2.0083276813798179e-07,2.008328099388397e-07,4.1800857915425143e-14,4.1800857915425143e-14,8.1259543751952504e-12
C,4,0.0001,196,0.019599999999999999,0.25098178533484822,-2.0083276308646703e-07,2.0083280423172001e-07,4.1145252984882216e-14,4.1145252984882216e-14,8.1670996281801326e-12
C,4,0.0001,197,0.019700000000000002,0.25098158450209185,-2.0083275636961773e-07,2.0083279852716177e-07,4.21575440453793e-14,4.21575440453793e-14,8.2092571722255119e-12
C,4,0.0001,198,0.019800000000000002,0.25098138366933997,-2.0083275187321448e-07,2.0083279282516406e-07,4.0951949584286062e-14,4.0951949584286062e-14,8.250209121809798e-12
C,4,0.0001,199,0.019900000000000001,0.25098118283659482,-2.0083274515636518e-07,2.0083278712572447e-07,4.1969359291353184e-14,4.1969359291353184e-14,8.2921784811011512e-12
C,4,0.0001,200,0.02,0.25098098200385488,-2.0083273993831696e-07,2.0083278142884302e-07,4.1490526060556171e-14,4.1490526060556171e-14,8.3336690071617073e-12
C,4,5.0000000000000002e-05,0,0,0.25102114866861597,0,0,0,0,0
C,4,5.0000000000000002e-05,1,5.0000000000000002e-05,0.25102104825164462,-1.0041697134921534e-07,1.0041698357101262e-07,1.2221797275129688e-14,1.2221797275129688e-14,1.2221797275129688e-14
C,4,5.0000000000000002e-05,2,0.0001,0.25102094783467221,-1.0041697240392722e-07,1.004169820138442e-07,9.6099169853973188e-15,9.6099169853973188e-15,2.1831714260527007e-14
C,4,5.0000000000000002e-05,3,0.00015000000000000001,0.25102084741770186,-1.0041697035001462e-07,1.004169804570275e-07,1.0107012881811845e-14,1.0107012881811845e-14,3.1938727142338852e-14
C,4,5.0000000000000002e-05,4,0.00020000000000000001,0.25102074700073423,-1.0041696762996821e-07,1.0041697890056281e-07,1.1270594601365498e-14,1.1270594601365498e-14,4.3209321743704351e-14
C,4,5.0000000000000002e-05,5,0.00025000000000000001,0.25102064658376722,-1.0041696701934555e-07,1.0041697734444965e-07,1.0325104106039355e-14,1.0325104106039355e-14,5.3534425849743705e-14
C,4,5.0000000000000002e-05,6,0.00030000000000000003,0.25102054616680153,-1.0041696568707792e-07,1.0041697578868836e-07,1.0101610439499808e-14,1.0101610439499808e-14,6.3636036289243514e-14
C,4,5.0000000000000002e-05,7,0.00035,0.25102044574983678,-1.0041696474338835e-07,1.0041697423327891e-07,9.4898905638868123e-15,9.4898905638868123e-15,7.3125926853130326e-14
C,4,5.0000000000000002e-05,8,0.00040000000000000002,0.25102034533287571,-1.0041696107965237e-07,1.0041697267822018e-07,1.1598567809950283e-14,1.1598567809950283e-14,8.4724494663080609e-14
C,4,5.0000000000000002e-05,9,0.00045000000000000004,0.25102024491591468,-1.0041696102414122e-07,1.004169711235133e-07,1.009937208876224e-14,1.009937208876224e-14,9.4823866751842848e-14
C,4,5.0000000000000002e-05,10,0.00050000000000000001,0.25102014449895604,-1.0041695863716171e-07,1.0041696956915758e-07,1.0931995867383221e-14,1.0931995867383221e-14,1.0575586261922607e-13
C,4,5.0000000000000002e-05,11,0.00055000000000000003,0.25102004408199818,-1.004169578600056e-07,1.0041696801515294e-07,1.0155147342219473e-14,1.0155147342219473e-14,1.1591100996144554e-13
C,4,5.0000000000000002e-05,12,0.00060000000000000006,0.25101994366504149,-1.0041695669427142e-07,1.0041696646149962e-07,9.7672281958242937e-15,9.7672281958242937e-15,1.2567823815726984e-13
C,4,5.0000000000000002e-05,13,0.00065000000000000008,0.25101984324808874,-1.0041695275297968e-07,1.0041696490819731e-07,1.2155217626739303e-14,1.2155217626739303e-14,1.3783345578400914e-13
C,4,5.0000000000000002e-05,14,0.00069999999999999999,0.25101974283113399,-1.0041695475138113e-07,1.0041696335524611e-07,8.6038649843012523e-15,8.6038649843012523e-15,1.4643732076831039e-13
C,4,5.0000000000000002e-05,15,0.00075000000000000002,0.25101964241418356,-1.0041695042151133e-07,1.0041696180264569e-07,1.1381134359745875e-14,1.1381134359745875e-14,1.5781845512805627e-13
C,4,5.0000000000000002e-05,16,0.00080000000000000004,0.25101954199723359,-1.0041694997742212e-07,1.0041696025039578e-07,1.0272973661823936e-14,1.0272973661823936e-14,1.680914287898802e-13
C,4,5.0000000000000002e-05,17,0.00085000000000000006,0.2510194415802855,-1.0041694809004298e-07,1.0041695869849661e-07,1.0608453633729312e-14,1.0608453633729312e-14,1.7869988242360952e-13
C,4,5.0000000000000002e-05,18,0.00090000000000000008,0.25101934116333813,-1.0041694736839801e-07,1.0041695714694847e-07,9.7785504587604623e-15,9.7785504587604623e-15,1.8847843288236998e-13
C,4,5.0000000000000002e-05,19,0.00095,0.25101924074639359,-1.004169445373293e-07,1.0041695559575042e-07,1.1058421119884422e-14,1.1058421119884422e-14,1.995368540022544e-13
C,4,5.0000000000000002e-05,20,0.001,0.25101914032944972,-1.0041694387119549e-07,1.0041695404490312e-07,1.0173707634038828e-14,1.0173707634038828e-14,2.0971056163629323e-13
C,4,5.0000000000000002e-05,21,0.0010500000000000002,0.25101903991250746,-1.004169422613721e-07,1.0041695249440584e-07,1.023303374225518e-14,1.023303374225518e-14,2.1994359537854841e-13
C,4,5.0000000000000002e-05,22,0.0011000000000000001,0.25101893949556692,-1.0041694054052641e-07,1.004169509442588e-07,1.0403732387822848e-14,1.0403732387822848e-14,2.3034732776637126e-13
C,4,5.0000000000000002e-05,23,0.00115,0.25101883907862887,-1.0041693804252461e-07,1.0041694939446245e-07,1.1351937848738069e-14,1.1351937848738069e-14,2.4169926561510933e-13
C,4,5.0000000000000002e-05,24,0.0012000000000000001,0.25101873866169078,-1.0041693809803576e-07,1.004169478450159e-07,9.7469801379179756e-15,9.7469801379179756e-15,2.514462457530273e-13
C,4,5.0000000000000002e-05,25,0.00125,0.25101863824475579,-1.0041693498941129e-07,1.0041694629591953e-07,1.1306508242463709e-14,1.1306508242463709e-14,2.6275275399549101e-13
C,4,5.0000000000000002e-05,26,0.0013000000000000002,0.25101853782782008,-1.0041693571105625e-07,1.004169447471727e-07,9.036116445492293e-15,9.036116445492293e-15,2.717888704409833e-13
C,4,5.0000000000000002e-05,27,0.0013500000000000001,0.25101843741088753,-1.0041693254692063e-07,1.0041694319877616e-07,1.0651855522537284e-14,1.0651855522537284e-14,2.8244072596352059e-13
C,4,5.0000000000000002e-05,28,0.0014,0.25101833699395693,-1.0041693060403034e-07,1.0041694165072908e-07,1.1046698739759794e-14,1.1046698739759794e-14,2.9348742470328038e-13
C,4,5.0000000000000002e-05,29,0.0014500000000000001,0.25101823657702743,-1.0041692949380732e-07,1.0041694010303175e-07,1.0609224433711314e-14,1.0609224433711314e-14,3.0409664913699169e-13
C,4,5.0000000000000002e-05,30,0.0015,0.25101813616009905,-1.0041692838358429e-07,1.0041693855568415e-07,1.0172099859625821e-14,1.0172099859625821e-14,3.1426874899661752e-13
C,4,5.0000000000000002e-05,31,0.0015500000000000002,0.25101803574317227,-1.0041692677376091e-07,1.0041693700868586e-07,1.0234924955068162e-14,1.0234924955068162e-14,3.2450367395168568e-13
C,4,5.0000000000000002e-05,32,0.0016000000000000001,0.25101793532624772,-1.0041692455331486e-07,1.0041693546203713e-07,1.090872227396376e-14,1.090872227396376e-14,3.3541239622564944e-13
C,4,5.0000000000000002e-05,33,0.00165,0.25101783490932372,-1.0041692399820334e-07,1.0041693391573744e-07,9.9175340996703407e-15,9.9175340996703407e-15,3.4532993032531978e-13
C,4,5.0000000000000002e-05,34,0.0017000000000000001,0.25101773449240267,-1.0041692105611233e-07,1.0041693236978733e-07,1.1313675001465318e-14,1.1313675001465318e-14,3.566436053267851e-13
C,4,5.0000000000000002e-05,35,0.00175,0.25101763407548133,-1.0041692133366809e-07,1.004169308241865e-07,9.4905184138240748e-15,9.4905184138240748e-15,3.6613412374060917e-13
C,4,5.0000000000000002e-05,36,0.0018000000000000002,0.25101753365856255,-1.0041691878015513e-07,1.0041692927893439e-07,1.0498779265088344e-14,1.0498779265088344e-14,3.7663290300569751e-13
C,4,5.0000000000000002e-05,37,0.0018500000000000001,0.25101743324164527,-1.0041691728135405e-07,1.0041692773403144e-07,1.045267739258655e-14,1.045267739258655e-14,3.8708558039828406e-13
C,4,5.0000000000000002e-05,38,0.0019,0.25101733282472982,-1.0041691544948605e-07,1.0041692618947741e-07,1.0739991352107013e-14,1.0739991352107013e-14,3.9782557175039108e-13
C,4,5.0000000000000002e-05,39,0.0019500000000000001,0.25101723240781532,-1.0041691450579648e-07,1.004169246452719e-07,1.0139475419515366e-14,1.0139475419515366e-14,4.0796504716990644e-13
C,4,5.0000000000000002e-05,40,0.002,0.2510171319909022,-1.004169131180177e-07,1.0041692310141583e-07,9.983398124334304e-15,9.983398124334304e-15,4.1794844529424075e-13
C,4,5.0000000000000002e-05,41,0.0020500000000000002,0.25101703157399158,-1.004169106200159e-07,1.004169215579078e-07,1.0937891904910381e-14,1.0937891904910381e-14,4.2888633719915113e-13
C,4,5.0000000000000002e-05,42,0.0021000000000000003,0.25101693115708168,-1.0041690989837093e-07,1.0041692001474832e-07,1.0116377386909113e-14,1.0116377386909113e-14,4.3900271458606024e-13
C,4,5.0000000000000002e-05,43,0.00215,0.25101683074017372,-1.0041690795548064e-07,1.0041691847193744e-07,1.0516456802992872e-14,1.0516456802992872e-14,4.4951917138905311e-13
C,4,5.0000000000000002e-05,44,0.0022000000000000001,0.25101673032326738,-1.0041690634565725e-07,1.0041691692947508e-07,1.0583817826042209e-14,1.0583817826042209e-14,4.6010298921509532e-13
C,4,5.0000000000000002e-05,45,0.0022500000000000003,0.25101662990636248,-1.0041690490236732e-07,1.0041691538736087e-07,1.0484993552408874e-14,1.0484993552408874e-14,4.705879827675042e-13
C,4,5.0000000000000002e-05,46,0.0023,0.25101652948945896,-1.0041690351458854e-07,1.0041691384559494e-07,1.033100640366939e-14,1.033100640366939e-14,4.8091898917117359e-13
C,4,5.0000000000000002e-05,47,0.0023500000000000001,0.25101642907255722,-1.004169017382317e-07,1.0041691230417722e-07,1.0565945523499372e-14,1.0565945523499372e-14,4.9148493469467296e-13
C,4,5.0000000000000002e-05,48,0.0024000000000000002,0.25101632865565682,-1.0041690040596407e-07,1.0041691076310778e-07,1.03571437096044e-14,1.03571437096044e-14,5.0184207840427736e-13
C,4,5.0000000000000002e-05,49,0.0024499999999999999,0.25101622823875852,-1.0041689829654032e-07,1.0041690922238579e-07,1.0925845468508979e-14,1.0925845468508979e-14,5.1276792387278634e-13
C,4,5.0000000000000002e-05,50,0.0025000000000000001,0.25101612782186083,-1.0041689768591766e-07,1.0041690768201225e-07,9.9960945923482743e-15,9.9960945923482743e-15,5.2276401846513461e-13
C,4,5.0000000000000002e-05,51,0.0025500000000000002,0.25101602740496509,-1.0041689574302737e-07,1.0041690614198597e-07,1.0398958602776352e-14,1.0398958602776352e-14,5.3316297706791096e-13
C,4,5.0000000000000002e-05,52,0.0026000000000000003,0.25101592698807074,-1.0041689435524859e-07,1.004169046023075e-07,1.0247058913795817e-14,1.0247058913795817e-14,5.4341003598170678e-13
C,4,5.0000000000000002e-05,53,0.00265,0.25101582657117777,-1.0041689296746981e-07,1.0041690306297712e-07,1.0095507315651935e-14,1.0095507315651935e-14,5.5350554329735871e-13
C,4,5.0000000000000002e-05,54,0.0027000000000000001,0.2510157261542873,-1.00416890469468e-07,1.0041690152399408e-07,1.1054526078581142e-14,1.1054526078581142e-14,5.6456006937593986e-13
C,4,5.0000000000000002e-05,55,0.0027500000000000003,0.25101562573739761,-1.0041688969231188e-07,1.004168999853584e-07,1.029304651625907e-14,1.029304651625907e-14,5.7485311589219893e-13
C,4,5.0000000000000002e-05,56,0.0028,0.25101552532051019,-1.0041688741635468e-07,1.0041689844706994e-07,1.1030715254514885e-14,1.1030715254514885e-14,5.8588383114671381e-13
C,4,5.0000000000000002e-05,57,0.0028500000000000001,0.25101542490362333,-1.0041688686124317e-07,1.004168969091291e-07,1.0047885932217216e-14,1.0047885932217216e-14,5.9593171707893103e-13
C,4,5.0000000000000002e-05,58,0.0029000000000000002,0.2510153244867378,-1.0041688552897554e-07,1.0041689537153531e-07,9.8425597724375143e-15,9.8425597724375143e-15,6.0577427685136854e-13
C,4,5.0000000000000002e-05,59,0.0029499999999999999,0.25101522406985516,-1.0041688264239568e-07,1.0041689383428852e-07,1.1191892839473831e-14,1.1191892839473831e-14,6.1696616969084237e-13
C,4,5.0000000000000002e-05,60,0.0030000000000000001,0.25101512365297213,-1.0041688303097374e-07,1.0041689229738907e-07,9.2664153335487583e-15,9.2664153335487583e-15,6.2623258502439113e-13
C,4,5.0000000000000002e-05,61,0.0030500000000000002,0.25101502323609298,-1.0041687914519315e-07,1.0041689076083647e-07,1.161564331918755e-14,1.161564331918755e-14,6.3784822834357868e-13
C,4,5.0000000000000002e-05,62,0.0031000000000000003,0.25101492281921378,-1.004168792007043e-07,1.004168892246307e-07,1.0023926400929156e-14,1.0023926400929156e-14,6.4787215474450784e-13
C,4,5.0000000000000002e-05,63,0.00315,0.25101482240233652,-1.0041687725781401e-07,1.004168876887716e-07,1.0430957588464598e-14,1.0430957588464598e-14,6.5830311233297243e-13
C,4,5.0000000000000002e-05,64,0.0032000000000000002,0.25101472198546143,-1.0041687509287911e-07,1.0041688615325926e-07,1.1060380148272743e-14,1.1060380148272743e-14,6.6936349248124518e-13
C,4,5.0000000000000002e-05,65,0.0032500000000000003,0.25101462156858717,-1.0041687426021184e-07,1.004168846180937e-07,1.0357881859113263e-14,1.0357881859113263e-14,6.7972137434035844e-13
C,4,5.0000000000000002e-05,66,0.0033,0.25101452115171402,-1.0041687314998882e-07,1.0041688308327451e-07,9.933285696411049e-15,9.933285696411049e-15,6.8965466003676949e-13
C,4,5.0000000000000002e-05,67,0.0033500000000000001,0.25101442073484304,-1.0041687098505392e-07,1.004168815488017e-07,1.0563747777403712e-14,1.0563747777403712e-14,7.002184078141732e-13
C,4,5.0000000000000002e-05,68,0.0034000000000000002,0.25101432031797349,-1.0041686954176399e-07,1.0041688001467529e-07,1.0472911302395671e-14,1.0472911302395671e-14,7.1069131911656887e-13
C,4,5.0000000000000002e-05,69,0.0034500000000000004,0.25101421990110606,-1.0041686743234024e-07,1.0041687848089552e-07,1.1048555277161498e-14,1.1048555277161498e-14,7.2173987439373037e-13
C,4,5.0000000000000002e-05,70,0.0035000000000000001,0.25101411948423769,-1.0041686837602981e-07,1.0041687694746159e-07,8.5714317751135299e-15,8.5714317751135299e-15,7.303113061688439e-13
C,4,5.0000000000000002e-05,71,0.0035500000000000002,0.25101401906737336,-1.0041686432371577e-07,1.0041687541437365e-07,1.109065788360283e-14,1.109065788360283e-14,7.4140196405244673e-13
C,4,5.0000000000000002e-05,72,0.0036000000000000003,0.25101391865051048,-1.0041686288042584e-07,1.0041687388163205e-07,1.1001206214819321e-14,1.1001206214819321e-14,7.5240317026726605e-13
C,4,5.0000000000000002e-05,73,0.00365,0.25101381823364827,-1.0041686221429202e-07,1.0041687234923628e-07,1.0134944256468699e-14,1.0134944256468699e-14,7.6253811452373475e-13
C,4,5.0000000000000002e-05,74,0.0037000000000000002,0.25101371781678766,-1.0041686060446864e-07,1.0041687081718659e-07,1.0212717948182862e-14,1.0212717948182862e-14,7.7275083247191761e-13
C,4,5.0000000000000002e-05,75,0.0037500000000000003,0.25101361739992878,-1.0041685888362295e-07,1.0041686928548251e-07,1.04018595582718e-14,1.04018595582718e-14,7.8315269203018941e-13
C,4,5.0000000000000002e-05,76,0.0038,0.25101351698307228,-1.0041685649664345e-07,1.0041686775412405e-07,1.1257480599048091e-14,1.1257480599048091e-14,7.944101726292375e-13
C,4,5.0000000000000002e-05,77,0.0038500000000000001,0.25101341656621623,-1.0041685605255424e-07,1.0041686622311116e-07,1.0170556922937948e-14,1.0170556922937948e-14,8.0458072955217545e-13
C,4,5.0000000000000002e-05,78,0.0039000000000000003,0.25101331614936118,-1.0041685505335352e-07,1.0041686469244378e-07,9.6390902691735248e-15,9.6390902691735248e-15,8.1421981982134898e-13
C,4,5.0000000000000002e-05,79,0.0039500000000000004,0.25101321573250934,-1.0041685183370674e-07,1.0041686316212187e-07,1.1328415121752996e-14,1.1328415121752996e-14,8.2554823494310197e-13
C,4,5.0000000000000002e-05,80,0.0040000000000000001,0.25101311531565779,-1.0041685155615099e-07,1.0041686163214551e-07,1.0075994522048503e-14,1.0075994522048503e-14,8.3562422946515047e-13
C,4,5.0000000000000002e-05,81,0.0040499999999999998,0.25101301489880873,-1.0041684905814918e-07,1.0041686010251408e-07,1.1044364899292312e-14,1.1044364899292312e-14,8.4666859436444279e-13
C,4,5.0000000000000002e-05,82,0.0041000000000000003,0.2510129144819595,-1.0041684922468264e-07,1.0041685857322797e-07,9.34854532894554e-15,9.34854532894554e-15,8.5601713969338833e-13
C,4,5.0000000000000002e-05,83,0.00415,0.25101281406511328,-1.0041684622708047e-07,1.0041685704428719e-07,1.0817206716760037e-14,1.0817206716760037e-14,8.6683434641014836e-13
C,4,5.0000000000000002e-05,84,0.0042000000000000006,0.2510127136482681,-1.004168451723686e-07,1.0041685551569143e-07,1.0343322831822729e-14,1.0343322831822729e-14,8.7717766924197109e-13
C,4,5.0000000000000002e-05,85,0.0042500000000000003,0.25101261323142499,-1.00416843118456e-07,1.0041685398744009e-07,1.0868984093820239e-14,1.0868984093820239e-14,8.8804665333579133e-13
C,4,5.0000000000000002e-05,86,0.0043,0.2510125128145832,-1.0041684178618837e-07,1.0041685245953407e-07,1.0673345701321191e-14,1.0673345701321191e-14,8.9871999903711252e-13
C,4,5.0000000000000002e-05,87,0.0043500000000000006,0.25101241239774152,-1.0041684167516607e-07,1.004168509319727e-07,9.2568066314997749e-15,9.2568066314997749e-15,9.079768056686123e-13
C,4,5.0000000000000002e-05,88,0.0044000000000000003,0.25101231198090246,-1.0041683906614196e-07,1.004168494047559e-07,1.0338613937440926e-14,1.0338613937440926e-14,9.1831541960605322e-13
C,4,5.0000000000000002e-05,89,0.00445,0.251012211564066,-1.0041683645711785e-07,1.004168478778839e-07,1.1420766051966059e-14,1.1420766051966059e-14,9.2973618565801928e-13
C,4,5.0000000000000002e-05,90,0.0045000000000000005,0.2510121111472296,-1.004168364016067e-07,1.0041684635135626e-07,9.9497495552161697e-15,9.9497495552161697e-15,9.3968593521323545e-13
C,4,5.0000000000000002e-05,91,0.0045500000000000002,0.25101201073039503,-1.0041683456973871e-07,1.0041684482517294e-07,1.025543422999448e-14,1.025543422999448e-14,9.4994136944322993e-13
C,4,5.0000000000000002e-05,92,0.0045999999999999999,0.25101191031356235,-1.0041683268235957e-07,1.0041684329933414e-07,1.0616974573420454e-14,1.0616974573420454e-14,9.6055834401665039e-13
C,4,5.0000000000000002e-05,93,0.0046500000000000005,0.25101180989673144,-1.0041683090600273e-07,1.0041684177383958e-07,1.0867836853867632e-14,1.0867836853867632e-14,9.7142618087051802e-13
C,4,5.0000000000000002e-05,94,0.0047000000000000002,0.2510117094799012,-1.0041683023986891e-07,1.0041684024868934e-07,1.0008820428582713e-14,1.0008820428582713e-14,9.8143500129910073e-13
C,4,5.0000000000000002e-05,95,0.0047499999999999999,0.25101160906307302,-1.0041682818595632e-07,1.0041683872388292e-07,1.0537926600046485e-14,1.0537926600046485e-14,9.9197292789914722e-13
C,4,5.0000000000000002e-05,96,0.0048000000000000004,0.25101150864624616,-1.0041682685368869e-07,1.0041683719942088e-07,1.0345732190571414e-14,1.0345732190571414e-14,1.0023186600897186e-12
C,4,5.0000000000000002e-05,97,0.0048500000000000001,0.25101140822942097,-1.0041682518835415e-07,1.0041683567530227e-07,1.0486948120639332e-14,1.0486948120639332e-14,1.012805608210358e-12
C,4,5.0000000000000002e-05,98,0.0048999999999999998,0.25101130781259701,-1.0041682396710883e-07,1.0041683415152769e-07,1.0184418868582671e-14,1.0184418868582671e-14,1.0229900270789406e-12
C,4,5.0000000000000002e-05,99,0.0049500000000000004,0.25101120739577509,-1.0041682191319623e-07,1.0041683262809702e-07,1.0714900793606352e-14,1.0714900793606352e-14,1.033704927872547e-12
C,4,5.0000000000000002e-05,100,0.0050000000000000001,0.25101110697895435,-1.0041682074746205e-07,1.0041683110501004e-07,1.0357547982548257e-14,1.0357547982548257e-14,1.0440624758550952e-12
C,4,5.0000000000000002e-05,101,0.0050500000000000007,0.25101100656213488,-1.0041681947070558e-07,1.0041682958226663e-07,1.0111561051691907e-14,1.0111561051691907e-14,1.0541740369067871e-12
C,4,5.0000000000000002e-05,102,0.0051000000000000004,0.25101090614531796,-1.0041681691719262e-07,1.0041682805986654e-07,1.1142673925430811e-14,1.1142673925430811e-14,1.065316710832218e-12
C,4,5.0000000000000002e-05,103,0.0051500000000000001,0.25101080572850137,-1.0041681658412571e-07,1.0041682653781008e-07,9.9536843673633007e-15,9.9536843673633007e-15,1.0752703951995813e-12
C,4,5.0000000000000002e-05,104,0.0052000000000000006,0.25101070531168729,-1.0041681408612391e-07,1.0041682501609691e-07,1.092997300712139e-14,1.092997300712139e-14,1.0862003682067027e-12
C,4,5.0000000000000002e-05,105,0.0052500000000000003,0.25101060489487409,-1.0041681319794549e-07,1.0041682349472698e-07,1.0296781494805098e-14,1.0296781494805098e-14,1.0964971497015077e-12
C,4,5.0000000000000002e-05,106,0.0053,0.25101050447806283,-1.0041681125505519e-07,1.0041682197370023e-07,1.0718645036575241e-14,1.0718645036575241e-14,1.107215794738083e-12
C,4,5.0000000000000002e-05,107,0.0053500000000000006,0.25101040406125302,-1.0041680981176526e-07,1.0041682045301632e-07,1.0641251053849464e-14,1.0641251053849464e-14,1.1178570457919325e-12
C,4,5.0000000000000002e-05,108,0.0054000000000000003,0.25101030364444316,-1.0041680986727641e-07,1.0041681893267575e-07,9.0653993406258297e-15,9.0653993406258297e-15,1.1269224451325583e-12
C,4,5.0000000000000002e-05,109,0.00545,0.25101020322763679,-1.0041680637007389e-07,1.0041681741267816e-07,1.1042604275136995e-14,1.1042604275136995e-14,1.1379650494076953e-12
C,4,5.0000000000000002e-05,110,0.0055000000000000005,0.25101010281083153,-1.0041680525985086e-07,1.0041681589302348e-07,1.0633172622698814e-14,1.0633172622698814e-14,1.1485982220303941e-12
C,4,5.0000000000000002e-05,111,0.0055500000000000002,0.25101000239402704,-1.0041680448269474e-07,1.0041681437371102e-07,9.8910162774186667e-15,9.8910162774186667e-15,1.1584892383078128e-12
C,4,5.0000000000000002e-05,112,0.0055999999999999999,0.25100990197722539,-1.0041680165162603e-07,1.0041681285474136e-07,1.1203115324575791e-14,1.1203115324575791e-14,1.1696923536323886e-12
C,4,5.0000000000000002e-05,113,0.0056500000000000005,0.25100980156042385,-1.0041680154060373e-07,1.0041681133611457e-07,9.7955108376913516e-15,9.7955108376913516e-15,1.1794878644700799e-12
C,4,5.0000000000000002e-05,114,0.0057000000000000002,0.25100970114362386,-1.0041679998629149e-07,1.0041680981783003e-07,9.831538537069866e-15,9.831538537069866e-15,1.1893194030071498e-12
C,4,5.0000000000000002e-05,115,0.0057499999999999999,0.25100960072682582,-1.004167980434012e-07,1.0041680829988788e-07,1.0256486681666333e-14,1.0256486681666333e-14,1.1995758896888161e-12
C,4,5.0000000000000002e-05,116,0.0058000000000000005,0.25100950031003011,-1.0041679571193285e-07,1.0041680678228829e-07,1.107035544353432e-14,1.107035544353432e-14,1.2106462451323504e-12
C,4,5.0000000000000002e-05,117,0.0058500000000000002,0.25100939989323517,-1.0041679493477673e-07,1.0041680526503126e-07,1.0330254529579804e-14,1.0330254529579804e-14,1.2209764996619302e-12
C,4,5.0000000000000002e-05,118,0.0058999999999999999,0.25100929947644246,-1.0041679271433068e-07,1.0041680374811586e-07,1.103378517984842e-14,1.103378517984842e-14,1.2320102848417786e-12
C,4,5.0000000000000002e-05,119,0.0059500000000000004,0.25100919905965008,-1.0041679238126378e-07,1.0041680223154277e-07,9.8502789954440796e-15,9.8502789954440796e-15,1.2418605638372227e-12
C,4,5.0000000000000002e-05,120,0.0060000000000000001,0.25100909864286036,-1.0041678971672852e-07,1.0041680071531185e-07,1.0998583337593479e-14,1.0998583337593479e-14,1.2528591471748162e-12
C,4,5.0000000000000002e-05,121,0.0060500000000000007,0.2510089982260712,-1.00416789161617e-07,1.0041679919942265e-07,1.0037805644574849e-14,1.0037805644574849e-14,1.2628969528193911e-12
C,4,5.0000000000000002e-05,122,0.0061000000000000004,0.25100889780928426,-1.0041678694117095e-07,1.0041679768387551e-07,1.0742704557455746e-14,1.0742704557455746e-14,1.2736396573768468e-12
C,4,5.0000000000000002e-05,123,0.0061500000000000001,0.25100879739249771,-1.004167865525929e-07,1.004167961686695e-07,9.6160766089897521e-15,9.6160766089897521e-15,1.2832557339858366e-12
C,4,5.0000000000000002e-05,124,0.0062000000000000006,0.25100869697571387,-1.0041678383254649e-07,1.0041679465380588e-07,1.0821259398835735e-14,1.0821259398835735e-14,1.2940769933846723e-12
C,4,5.0000000000000002e-05,125,0.0062500000000000003,0.25100859655893187,-1.004167820006785e-07,1.004167931392833e-07,1.113860480562198e-14,1.113860480562198e-14,1.3052155981902943e-12
C,4,5.0000000000000002e-05,126,0.0063,0.25100849614215009,-1.0041678177863389e-07,1.0041679162510267e-07,9.8464687765495337e-15,9.8464687765495337e-15,1.3150620669668438e-12
C,4,5.0000000000000002e-05,127,0.0063500000000000006,0.25100839572537031,-1.0041677978023245e-07,1.0041679011126306e-07,1.0331030610282836e-14,1.0331030610282836e-14,1.3253930975771266e-12
C,4,5.0000000000000002e-05,128,0.0064000000000000003,0.25100829530859226,-1.0041677805938676e-07,1.0041678859776521e-07,1.0538378452419176e-14,1.0538378452419176e-14,1.3359314760295458e-12
C,4,5.0000000000000002e-05,129,0.00645,0.25100819489181642,-1.0041677583894071e-07,1.0041678708460822e-07,1.1245667506988768e-14,1.1245667506988768e-14,1.3471771435365346e-12
C,4,5.0000000000000002e-05,130,0.0065000000000000006,0.25100809447504069,-1.0041677572791841e-07,1.0041678557179257e-07,9.843874169048306e-15,9.843874169048306e-15,1.3570210177055829e-12
C,4,5.0000000000000002e-05,131,0.0065500000000000003,0.25100799405826651,-1.0041677417360617e-07,1.0041678405931814e-07,9.885711971814503e-15,9.885711971814503e-15,1.3669067296773974e-12
C,4,5.0000000000000002e-05,132,0.0066,0.25100789364149473,-1.0041677178662667e-07,1.0041678254718473e-07,1.0760558066455066e-14,1.0760558066455066e-14,1.3776672877438525e-12
C,4,5.0000000000000002e-05,133,0.0066500000000000005,0.25100779322472361,-1.0041677112049285e-07,1.0041678103539215e-07,9.9148992978087877e-15,9.9148992978087877e-15,1.3875821870416612e-12
C,4,5.0000000000000002e-05,134,0.0067000000000000002,0.25100769280795465,-1.0041676895555796e-07,1.0041677952394002e-07,1.0568382066711708e-14,1.0568382066711708e-14,1.398150569108373e-12
C,4,5.0000000000000002e-05,135,0.0067499999999999999,0.25100759239118681,-1.0041676784533493e-07,1.0041677801282906e-07,1.0167494131210016e-14,1.0167494131210016e-14,1.408318063239583e-12
C,4,5.0000000000000002e-05,136,0.0068000000000000005,0.25100749197442174,-1.0041676506977737e-07,1.004167765020586e-07,1.1432281226655964e-14,1.1432281226655964e-14,1.4197503444662389e-12
C,4,5.0000000000000002e-05,137,0.0068500000000000002,0.25100739155765672,-1.0041676501426622e-07,1.0041677499162885e-07,9.9773626307733128e-15,9.9773626307733128e-15,1.4297277070970122e-12
C,4,5.0000000000000002e-05,138,0.0069000000000000008,0.25100729114089315,-1.0041676357097629e-07,1.0041677348154001e-07,9.9105637199635972e-15,9.9105637199635972e-15,1.4396382708169758e-12
C,4,5.0000000000000002e-05,139,0.0069500000000000004,0.25100719072413258,-1.0041676057337412e-07,1.0041677197179104e-07,1.1398416915599187e-14,1.1398416915599187e-14,1.451036687732575e-12
C,4,5.0000000000000002e-05,140,0.0070000000000000001,0.25100709030737234,-1.0041676024030721e-07,1.0041677046238282e-07,1.0222075610842103e-14,1.0222075610842103e-14,1.4612587633434171e-12
C,4,5.0000000000000002e-05,141,0.0070500000000000007,0.2510069898906141,-1.0041675824190577e-07,1.0041676895331452e-07,1.0711408754697509e-14,1.0711408754697509e-14,1.4719701720981146e-12
C,4,5.0000000000000002e-05,142,0.0071000000000000004,0.25100688947385574,-1.0041675835292807e-07,1.0041676744458632e-07,9.0916582487283296e-15,9.0916582487283296e-15,1.481061830346843e-12
C,4,5.0000000000000002e-05,143,0.0071500000000000001,0.25100678905710022,-1.0041675552185936e-07,1.0041676593619881e-07,1.0414339450549069e-14,1.0414339450549069e-14,1.491476169797392e-12
C,4,5.0000000000000002e-05,144,0.0072000000000000007,0.25100668864034686,-1.0041675335692446e-07,1.0041676442815073e-07,1.1071226272813437e-14,1.1071226272813437e-14,1.5025473960702055e-12
C,4,5.0000000000000002e-05,145,0.0072500000000000004,0.25100658822359428,-1.0041675257976834e-07,1.0041676292044282e-07,1.034067447743402e-14,1.034067447743402e-14,1.5128880705476395e-12
C,4,5.0000000000000002e-05,146,0.0073000000000000001,0.25100648780684387,-1.0041675041483344e-07,1.0041676141307434e-07,1.0998240898054772e-14,1.0998240898054772e-14,1.5238863114456943e-12
C,4,5.0000000000000002e-05,147,0.0073500000000000006,0.25100638739009368,-1.0041675019278884e-07,1.0041675990604658e-07,9.7132577445845322e-15,9.7132577445845322e-15,1.5335995691902788e-12
C,4,5.0000000000000002e-05,148,0.0074000000000000003,0.25100628697334598,-1.0041674769478703e-07,1.0041675839935756e-07,1.0704570525365427e-14,1.0704570525365427e-14,1.5443041397156442e-12
C,4,5.0000000000000002e-05,149,0.00745,0.25100618655659945,-1.0041674652905286e-07,1.0041675689300876e-07,1.0363955905908244e-14,1.0363955905908244e-14,1.5546680956215525e-12
C,4,5.0000000000000002e-05,150,0.0075000000000000006,0.25100608613985431,-1.0041674514127408e-07,1.0041675538699905e-07,1.024572496925279e-14,1.024572496925279e-14,1.5649138205908053e-12
C,4,5.0000000000000002e-05,151,0.0075500000000000003,0.25100598572311117,-1.0041674314287263e-07,1.0041675388132883e-07,1.0738456197534343e-14,1.0738456197534343e-14,1.5756522767883396e-12
C,4,5.0000000000000002e-05,152,0.0076,0.25100588530636903,-1.0041674214367191e-07,1.0041675237599792e-07,1.023232600652308e-14,1.023232600652308e-14,1.5858846027948627e-12
C,4,5.0000000000000002e-05,153,0.0076500000000000005,0.25100578488962849,-1.0041674053384853e-07,1.0041675087100662e-07,1.0337158099562833e-14,1.0337158099562833e-14,1.5962217608944255e-12
C,4,5.0000000000000002e-05,154,0.0077000000000000002,0.2510056844728899,-1.0041673859095823e-07,1.0041674936635405e-07,1.0775395820524805e-14,1.0775395820524805e-14,1.6069971567149503e-12
C,4,5.0000000000000002e-05,155,0.0077499999999999999,0.25100558405615242,-1.0041673748073521e-07,1.0041674786204113e-07,1.038130591999487e-14,1.038130591999487e-14,1.6173784626349452e-12
C,4,5.0000000000000002e-05,156,0.0078000000000000005,0.25100548363941583,-1.0041673659255679e-07,1.0041674635806682e-07,9.7655100291954577e-15,9.7655100291954577e-15,1.6271439726641406e-12
C,4,5.0000000000000002e-05,157,0.0078500000000000011,0.25100538322268229,-1.0041673353944347e-07,1.0041674485443154e-07,1.1314988074587129e-14,1.1314988074587129e-14,1.6384589607387278e-12
C,4,5.0000000000000002e-05,158,0.0079000000000000008,0.25100528280594886,-1.0041673342842117e-07,1.0041674335113506e-07,9.9227138914312579e-15,9.9227138914312579e-15,1.648381674630159e-12
C,4,5.0000000000000002e-05,159,0.0079500000000000005,0.2510051823892176,-1.0041673126348627e-07,1.0041674184817769e-07,1.0584691421413293e-14,1.0584691421413293e-14,1.6589663660515723e-12
C,4,5.0000000000000002e-05,160,0.0080000000000000002,0.25100508197248794,-1.0041672965366288e-07,1.0041674034555843e-07,1.0691895550812493e-14,1.0691895550812493e-14,1.6696582616023848e-12
C,4,5.0000000000000002e-05,161,0.0080499999999999999,0.2510049815557594,-1.0041672854343986e-07,1.0041673884327823e-07,1.029983837053729e-14,1.029983837053729e-14,1.6799580999729221e-12
C,4,5.0000000000000002e-05,162,0.0080999999999999996,0.25100488113903202,-1.0041672737770568e-07,1.0041673734133639e-07,9.9636307046859935e-15,9.9636307046859935e-15,1.6899217306776081e-12
C,4,5.0000000000000002e-05,163,0.008150000000000001,0.25100478072230609,-1.0041672593441575e-07,1.0041673583973302e-07,9.9053172640627531e-15,9.9053172640627531e-15,1.6998270479416709e-12
C,4,5.0000000000000002e-05,164,0.0082000000000000007,0.25100468030558387,-1.0041672221516862e-07,1.0041673433846822e-07,1.2123299598871969e-14,1.2123299598871969e-14,1.7119503475405428e-12
C,4,5.0000000000000002e-05,165,0.0082500000000000004,0.25100457988885999,-1.0041672388050316e-07,1.0041673283754151e-07,8.957038349509138e-15,8.957038349509138e-15,1.720907385890052e-12
C,4,5.0000000000000002e-05,166,0.0083000000000000001,0.25100447947213911,-1.0041672088290099e-07,1.0041673133695289e-07,1.0454051902066817e-14,1.0454051902066817e-14,1.7313614377921188e-12
C,4,5.0000000000000002e-05,167,0.0083499999999999998,0.25100437905542039,-1.0041671871796609e-07,1.0041672983670246e-07,1.111873636405982e-14,1.111873636405982e-14,1.7424801741561786e-12
C,4,5.0000000000000002e-05,168,0.0084000000000000012,0.2510042786387025,-1.0041671788529882e-07,1.0041672833679006e-07,1.0451491242057929e-14,1.0451491242057929e-14,1.7529316653982365e-12
C,4,5.0000000000000002e-05,169,0.0084500000000000009,0.25100417822198623,-1.0041671627547544e-07,1.004167268372156e-07,1.0561740163734932e-14,1.0561740163734932e-14,1.7634934055619715e-12
C,4,5.0000000000000002e-05,170,0.0085000000000000006,0.25100407780527101,-1.0041671522076356e-07,1.0041672533797893e-07,1.0117215367191744e-14,1.0117215367191744e-14,1.7736106209291632e-12
C,4,5.0000000000000002e-05,171,0.0085500000000000003,0.25100397738855673,-1.0041671427707399e-07,1.0041672383908058e-07,9.5620065916740188e-15,9.5620065916740188e-15,1.7831726275208372e-12
C,4,5.0000000000000002e-05,172,0.0086,0.25100387697184556,-1.0041671116844952e-07,1.0041672234051954e-07,1.1172070018576814e-14,1.1172070018576814e-14,1.794344697539414e-12
C,4,5.0000000000000002e-05,173,0.0086499999999999997,0.25100377655513567,-1.0041670989169305e-07,1.0041672084229599e-07,1.0950602944538022e-14,1.0950602944538022e-14,1.8052953004839521e-12
C,4,5.0000000000000002e-05,174,0.0087000000000000011,0.25100367613842645,-1.0041670922555923e-07,1.0041671934440993e-07,1.0118850696645316e-14,1.0118850696645316e-14,1.8154141511805974e-12
C,4,5.0000000000000002e-05,175,0.0087500000000000008,0.25100357572171844,-1.004167080043139e-07,1.0041671784686179e-07,9.8425478875064731e-15,9.8425478875064731e-15,1.8252566990681038e-12
C,4,5.0000000000000002e-05,176,0.0088000000000000005,0.25100347530501277,-1.0041670567284555e-07,1.0041671634965047e-07,1.0676804917703329e-14,1.0676804917703329e-14,1.8359335039858072e-12
C,4,5.0000000000000002e-05,177,0.0088500000000000002,0.25100337488830859,-1.0041670417404447e-07,1.0041671485277669e-07,1.0678732222060798e-14,1.0678732222060798e-14,1.846612236207868e-12
C,4,5.0000000000000002e-05,178,0.0088999999999999999,0.25100327447160464,-1.0041670395199986e-07,1.004167133562402e-07,9.4042403392659112e-15,9.4042403392659112e-15,1.8560164765471339e-12
C,4,5.0000000000000002e-05,179,0.0089499999999999996,0.25100317405490435,-1.0041670028826388e-07,1.0041671186004086e-07,1.1571776978391797e-14,1.1571776978391797e-14,1.8675882535255257e-12
C,4,5.0000000000000002e-05,180,0.0090000000000000011,0.25100307363820462,-1.0041669973315237e-07,1.0041671036417844e-07,1.0631026069156904e-14,1.0631026069156904e-14,1.8782192795946826e-12
C,4,5.0000000000000002e-05,181,0.0090500000000000008,0.25100297322150616,-1.0041669845639589e-07,1.0041670886865293e-07,1.0412257033283134e-14,1.0412257033283134e-14,1.8886315366279657e-12
C,4,5.0000000000000002e-05,182,0.0091000000000000004,0.25100287280480821,-1.0041669795679553e-07,1.0041670737346454e-07,9.4166690125196511e-15,9.4166690125196511e-15,1.8980482056404854e-12
C,4,5.0000000000000002e-05,183,0.0091500000000000001,0.25100277238811308,-1.0041669512572682e-07,1.004167058786127e-07,1.0752885880246853e-14,1.0752885880246853e-14,1.9088010915207322e-12
C,4,5.0000000000000002e-05,184,0.0091999999999999998,0.25100267197141884,-1.004166942375484e-07,1.0041670438409771e-07,1.0146549309295242e-14,1.0146549309295242e-14,1.9189476408300275e-12
C,4,5.0000000000000002e-05,185,0.0092500000000000013,0.25100257155472655,-1.0041669229465811e-07,1.0041670288991927e-07,1.0595261161750276e-14,1.0595261161750276e-14,1.9295429019917777e-12
C,4,5.0000000000000002e-05,186,0.009300000000000001,0.25100247113803531,-1.0041669123994623e-07,1.0041670139607731e-07,1.0156131078343481e-14,1.0156131078343481e-14,1.9396990330701212e-12
C,4,5.0000000000000002e-05,187,0.0093500000000000007,0.25100237072134607,-1.0041668924154479e-07,1.0041669990257235e-07,1.0661027565867068e-14,1.0661027565867068e-14,1.9503600606359883e-12
C,4,5.0000000000000002e-05,188,0.0094000000000000004,0.25100227030465866,-1.004166874096768e-07,1.0041669840940302e-07,1.0999726223267341e-14,1.0999726223267341e-14,1.9613597868592556e-12
C,4,5.0000000000000002e-05,189,0.0094500000000000001,0.25100216988797142,-1.0041668724314334e-07,1.0041669691657074e-07,9.673427396668438e-15,9.673427396668438e-15,1.9710332142559241e-12
C,4,5.0000000000000002e-05,190,0.0094999999999999998,0.25100206947128689,-1.0041668452309693e-07,1.0041669542407439e-07,1.090097745468032e-14,1.090097745468032e-14,1.9819341917106044e-12
C,4,5.0000000000000002e-05,191,0.0095500000000000012,0.25100196905460254,-1.0041668435656348e-07,1.0041669393191395e-07,9.5753504707923772e-15,9.5753504707923772e-15,1.9915095421813968e-12
C,4,5.0000000000000002e-05,192,0.0096000000000000009,0.25100186863792212,-1.0041668041527174e-07,1.0041669244008933e-07,1.2024817592723773e-14,1.2024817592723773e-14,2.0035343597741205e-12
C,4,5.0000000000000002e-05,193,0.0096500000000000006,0.25100176822124098,-1.0041668113691671e-07,1.0041669094860148e-07,9.8116847730004948e-15,9.8116847730004948e-15,2.013346044547121e-12
C,4,5.0000000000000002e-05,194,0.0097000000000000003,0.25100166780456196,-1.0041667902749296e-07,1.0041668945744924e-07,1.0429956276406935e-14,1.0429956276406935e-14,2.023776000823528e-12
C,4,5.0000000000000002e-05,195,0.00975,0.25100156738788415,-1.0041667780624763e-07,1.0041668796663264e-07,1.016038501015349e-14,1.016038501015349e-14,2.0339363858336815e-12
C,4,5.0000000000000002e-05,196,0.0097999999999999997,0.25100146697120773,-1.0041667641846885e-07,1.0041668647615177e-07,1.0057682913808506e-14,1.0057682913808506e-14,2.04399406874749e-12
C,4,5.0000000000000002e-05,197,0.0098500000000000011,0.25100136655453387,-1.004166738649559e-07,1.00416684986007e-07,1.1121051106581319e-14,1.1121051106581319e-14,2.0551151198540713e-12
C,4,5.0000000000000002e-05,198,0.0099000000000000008,0.25100126613786056,-1.0041667330984438e-07,1.004166834961972e-07,1.018635281685482e-14,1.018635281685482e-14,2.0653014726709261e-12
C,4,5.0000000000000002e-05,199,0.0099500000000000005,0.25100116572118852,-1.0041667203308791e-07,1.0041668200672334e-07,9.9736354343424877e-15,9.9736354343424877e-15,2.0752751081052686e-12
C,4,5.0000000000000002e-05,200,0.01,0.25100106530451854,-1.0041666997917531e-07,1.0041668051758436e-07,1.0538409051484396e-14,1.0538409051484396e-14,2.085813517156753e-12
C,4,5.0000000000000002e-05,201,0.01005,0.25100096488785112,-1.0041666742566235e-07,1.0041667902878132e-07,1.1603118970915439e-14,1.1603118970915439e-14,2.0974166361276684e-12
C,4,5.0000000000000002e-05,202,0.010100000000000001,0.25100086447118342,-1.0041666770321811e-07,1.0041667754031302e-07,9.8370949143851766e-15,9.8370949143851766e-15,2.1072537310420536e-12
C,4,5.0000000000000002e-05,203,0.010150000000000001,0.25100076405451721,-1.0041666620441703e-07,1.004166760521802e-07,9.8477631752418363e-15,9.8477631752418363e-15,2.1171014942172954e-12
C,4,5.0000000000000002e-05,204,0.010200000000000001,0.2510006636378535,-1.0041666370641522e-07,1.0041667456438224e-07,1.0857967014207988e-14,1.0857967014207988e-14,2.1279594612315034e-12
C,4,5.0000000000000002e-05,205,0.01025,0.25100056322119108,-1.0041666242965874e-07,1.0041667307691987e-07,1.0647261123187148e-14,1.0647261123187148e-14,2.1386067223546906e-12
C,4,5.0000000000000002e-05,206,0.0103,0.25100046280452942,-1.0041666165250263e-07,1.0041667158979182e-07,9.9372891976362465e-15,9.9372891976362465e-15,2.1485440115523268e-12
C,4,5.0000000000000002e-05,207,0.01035,0.25100036238786955,-1.0041665987614579e-07,1.0041667010299866e-07,1.0226852876664617e-14,1.0226852876664617e-14,2.1587708644289914e-12
C,4,5.0000000000000002e-05,208,0.010400000000000001,0.25100026197121089,-1.0041665865490046e-07,1.0041666861654066e-07,9.9616402037297255e-15,9.9616402037297255e-15,2.1687325046327212e-12
C,4,5.0000000000000002e-05,209,0.010450000000000001,0.25100016155455573,-1.0041665515769793e-07,1.0041666713041699e-07,1.1972719057827664e-14,1.1972719057827664e-14,2.1807052236905488e-12
C,4,5.0000000000000002e-05,210,0.010500000000000001,0.25100006113789969,-1.0041665604587635e-07,1.0041666564462758e-07,9.5987512250330452e-15,9.5987512250330452e-15,2.1903039749155819e-12
C,4,5.0000000000000002e-05,211,0.01055,0.25099996072124575,-1.004166539364526e-07,1.0041666415917311e-07,1.0222720507317428e-14,1.0222720507317428e-14,2.2005266954228993e-12
C,4,5.0000000000000002e-05,212,0.0106,0.25099986030459437,-1.0041665138293965e-07,1.0041666267405338e-07,1.1291113736284717e-14,1.1291113736284717e-14,2.211817809159184e-12
C,4,5.0000000000000002e-05,213,0.01065,0.25099975988794287,-1.0041665149396195e-07,1.0041666118926763e-07,9.6953056753608654e-15,9.6953056753608654e-15,2.2215131148345449e-12
C,4,5.0000000000000002e-05,214,0.010700000000000001,0.25099965947129355,-1.0041664932902705e-07,1.0041665970481594e-07,1.0375788890006937e-14,1.0375788890006937e-14,2.2318889037245518e-12
C,4,5.0000000000000002e-05,215,0.010750000000000001,0.25099955905464638,-1.0041664716409215e-07,1.0041665822069892e-07,1.1056606762076513e-14,1.1056606762076513e-14,2.2429455104866283e-12
C,4,5.0000000000000002e-05,216,0.010800000000000001,0.25099945863799955,-1.0041664683102525e-07,1.0041665673691583e-07,9.905890586254036e-15,9.905890586254036e-15,2.2528514010728824e-12
C,4,5.0000000000000002e-05,217,0.01085,0.25099935822135444,-1.0041664511017956e-07,1.0041665525346669e-07,1.0143287133952459e-14,1.0143287133952459e-14,2.2629946882068348e-12
C,4,5.0000000000000002e-05,218,0.0109,0.25099925780471216,-1.0041664227911085e-07,1.0041665377035159e-07,1.1491240741659723e-14,1.1491240741659723e-14,2.2744859289484946e-12
C,4,5.0000000000000002e-05,219,0.01095,0.25099915738806894,-1.0041664322280042e-07,1.0041665228757021e-07,9.0647697966226727e-15,9.0647697966226727e-15,2.2835506987451172e-12
C,4,5.0000000000000002e-05,220,0.011000000000000001,0.25099905697142894,-1.0041664000315365e-07,1.0041665080512284e-07,1.0801969189608974e-14,1.0801969189608974e-14,2.2943526679347262e-12
C,4,5.0000000000000002e-05,221,0.011050000000000001,0.25099895655478927,-1.0041663967008674e-07,1.0041664932300891e-07,9.6529221716183997e-15,9.6529221716183997e-15,2.3040055901063446e-12
C,4,5.0000000000000002e-05,222,0.0111,0.25099885613815237,-1.0041663689452918e-07,1.0041664784122857e-07,1.0946699393200601e-14,1.0946699393200601e-14,2.3149522894995452e-12
C,4,5.0000000000000002e-05,223,0.01115,0.25099875572151664,-1.00416635728795e-07,1.0041664635978208e-07,1.0630987079171551e-14,1.0630987079171551e-14,2.3255832765787168e-12
C,4,5.0000000000000002e-05,224,0.0112,0.25099865530488147,-1.0041663517368349e-07,1.00416644878669e-07,9.7049855149425283e-15,9.7049855149425283e-15,2.3352882620936593e-12
C,4,5.0000000000000002e-05,225,0.011250000000000001,0.25099855488824907,-1.0041663239812593e-07,1.0041664339788921e-07,1.0999763280958784e-14,1.0999763280958784e-14,2.3462880253746181e-12
C,4,5.0000000000000002e-05,226,0.011300000000000001,0.250998454471618,-1.004166310658583e-07,1.0041664191744244e-07,1.0851584144494394e-14,1.0851584144494394e-14,2.3571396095191125e-12
C,4,5.0000000000000002e-05,227,0.011350000000000001,0.25099835405498722,-1.0041663078830254e-07,1.0041664043732931e-07,9.6490267729730956e-15,9.6490267729730956e-15,2.3667886362920856e-12
C,4,5.0000000000000002e-05,228,0.0114,0.25099825363835865,-1.0041662856785649e-07,1.0041663895754916e-07,1.038969267113832e-14,1.038969267113832e-14,2.3771783289632239e-12
C,4,5.0000000000000002e-05,229,0.01145,0.25099815322173197,-1.0041662668047735e-07,1.0041663747810178e-07,1.0797624426750261e-14,1.0797624426750261e-14,2.3879759533899741e-12
C,4,5.0000000000000002e-05,230,0.0115,0.25099805280510668,-1.0041662529269857e-07,1.004166359989877e-07,1.0706289128745626e-14,1.0706289128745626e-14,2.3986822425187198e-12
C,4,5.0000000000000002e-05,231,0.011550000000000001,0.25099795238848205,-1.0041662462656475e-07,1.0041663452020656e-07,9.8936418016224692e-15,9.8936418016224692e-15,2.4085758843203422e-12
C,4,5.0000000000000002e-05,232,0.011600000000000001,0.25099785197185981,-1.0041662223958525e-07,1.0041663304175778e-07,1.0802172530455874e-14,1.0802172530455874e-14,2.4193780568507981e-12
C,4,5.0000000000000002e-05,233,0.011650000000000001,0.25099775155523857,-1.0041662124038453e-07,1.0041663156364241e-07,1.0323257878616806e-14,1.0323257878616806e-14,2.4297013147294149e-12
C,4,5.0000000000000002e-05,234,0.0117,0.2509976511386191,-1.0041661946402769e-07,1.0041663008585931e-07,1.0621831619158688e-14,1.0621831619158688e-14,2.4403231463485736e-12
C,4,5.0000000000000002e-05,235,0.01175,0.25099755072200064,-1.0041661846482697e-07,1.0041662860840864e-07,1.0143581676424977e-14,1.0143581676424977e-14,2.4504667280249986e-12
C,4,5.0000000000000002e-05,236,0.0118,0.25099745030538428,-1.0041661635540322e-07,1.0041662713129064e-07,1.0775887417271568e-14,1.0775887417271568e-14,2.4612426154422701e-12
C,4,5.0000000000000002e-05,237,0.011850000000000001,0.25099734988876898,-1.0041661530069135e-07,1.0041662565450528e-07,1.0353813930444515e-14,1.0353813930444515e-14,2.4715964293727147e-12
C,4,5.0000000000000002e-05,238,0.011900000000000001,0.25099724947215452,-1.0041661446802408e-07,1.0041662417805199e-07,9.710027915312423e-15,9.710027915312423e-15,2.4813064572880271e-12
C,4,5.0000000000000002e-05,239,0.011950000000000001,0.25099714905554305,-1.0041661147042191e-07,1.0041662270193068e-07,1.1231508768940261e-14,1.1231508768940261e-14,2.4925379660569673e-12
C,4,5.0000000000000002e-05,240,0.012,0.25099704863893185,-1.0041661119286616e-07,1.0041662122614199e-07,1.0033275831486941e-14,1.0033275831486941e-14,2.5025712418884543e-12
C,4,5.0000000000000002e-05,241,0.01205,0.25099694822232244,-1.0041660941650932e-07,1.0041661975068528e-07,1.0334175961253346e-14,1.0334175961253346e-14,2.5129054178497076e-12
C,4,5.0000000000000002e-05,242,0.012100000000000001,0.25099684780571413,-1.0041660830628629e-07,1.0041661827556026e-07,9.9692739690528467e-15,9.9692739690528467e-15,2.5228746918187605e-12
C,4,5.0000000000000002e-05,243,0.012150000000000001,0.25099674738910799,-1.0041660614135139e-07,1.0041661680076741e-07,1.0659416019510468e-14,1.0659416019510468e-14,2.5335341078382709e-12
C,4,5.0000000000000002e-05,244,0.012200000000000001,0.25099664697250357,-1.0041660442050571e-07,1.0041661532630638e-07,1.0905800672040223e-14,1.0905800672040223e-14,2.5444399085103112e-12
C,4,5.0000000000000002e-05,245,0.01225,0.2509965465558997,-1.0041660386539419e-07,1.0041661385217747e-07,9.986783278273116e-15,9.986783278273116e-15,2.5544266917885843e-12
C,4,5.0000000000000002e-05,246,0.0123,0.25099644613929772,-1.0041660197801505e-07,1.0041661237837958e-07,1.0400364531885006e-14,1.0400364531885006e-14,2.5648270563204693e-12
C,4,5.0000000000000002e-05,247,0.01235,0.25099634572269697,-1.0041660075676972e-07,1.0041661090491348e-07,1.014814375617422e-14,1.014814375617422e-14,2.5749752000766435e-12
C,4,5.0000000000000002e-05,248,0.012400000000000001,0.25099624530609876,-1.0041659820325677e-07,1.0041660943177916e-07,1.1228522395466039e-14,1.1228522395466039e-14,2.5862037224721095e-12
C,4,5.0000000000000002e-05,249,0.012450000000000001,0.25099614488950134,-1.0041659742610065e-07,1.0041660795897614e-07,1.0532875491119102e-14,1.0532875491119102e-14,2.5967365979632287e-12
C,4,5.0000000000000002e-05,250,0.012500000000000001,0.25099604447290524,-1.0041659609383302e-07,1.0041660648650473e-07,1.0392671712483593e-14,1.0392671712483593e-14,2.6071292696757122e-12
C,4,5.0000000000000002e-05,251,0.01255,0.25099594405631004,-1.004165952056546e-07,1.00416605014364e-07,9.8087093977196967e-15,9.8087093977196967e-15,2.6169379790734319e-12
C,4,5.0000000000000002e-05,252,0.0126,0.25099584363971678,-1.0041659326276431e-07,1.0041660354255504e-07,1.0279790728567226e-14,1.0279790728567226e-14,2.6272177698019992e-12
C,4,5.0000000000000002e-05,253,0.01265,0.25099574322312618,-1.0041659059822905e-07,1.0041660207107689e-07,1.147284784472657e-14,1.147284784472657e-14,2.6386906176467257e-12
C,4,5.0000000000000002e-05,254,0.012700000000000001,0.25099564280653519,-1.0041659098680711e-07,1.0041660059992998e-07,9.6131228727537783e-15,9.6131228727537783e-15,2.6483037405194795e-12
C,4,5.0000000000000002e-05,255,0.012750000000000001,0.2509955423899472,-1.0041658798920494e-07,1.0041659912911364e-07,1.113990869373027e-14,1.113990869373027e-14,2.6594436492132098e-12
C,4,5.0000000000000002e-05,256,0.012800000000000001,0.25099544197335932,-1.0041658787818264e-07,1.0041659765862841e-07,9.7804457743892826e-15,9.7804457743892826e-15,2.6692240949875991e-12
C,4,5.0000000000000002e-05,257,0.01285,0.25099534155677444,-1.0041658488058047e-07,1.0041659618847421e-07,1.1307893736902511e-14,1.1307893736902511e-14,2.6805319887245016e-12
C,4,5.0000000000000002e-05,258,0.0129,0.2509952411401889,-1.0041658554671429e-07,1.0041659471865026e-07,9.1719359683579233e-15,9.1719359683579233e-15,2.6897039246928595e-12
C,4,5.0000000000000002e-05,259,0.012950000000000001,0.2509951407236064,-1.0041658249360097e-07,1.0041659324915706e-07,1.0755556085438623e-14,1.0755556085438623e-14,2.7004594807782981e-12
C,4,5.0000000000000002e-05,260,0.013000000000000001,0.25099504030702463,-1.00416581771956e-07,1.0041659177999474e-07,1.0008038736286405e-14,1.0008038736286405e-14,2.7104675195145845e-12
C,4,5.0000000000000002e-05,261,0.013050000000000001,0.25099493989044525,-1.004165793849765e-07,1.0041659031116264e-07,1.0926186134572453e-14,1.0926186134572453e-14,2.721393705649157e-12
C,4,5.0000000000000002e-05,262,0.013100000000000001,0.25099483947386575,-1.004165794959988e-07,1.0041658884266122e-07,9.3466624144084631e-15,9.3466624144084631e-15,2.7307403680635654e-12
C,4,5.0000000000000002e-05,263,0.01315,0.25099473905729014,-1.0041657561021822e-07,1.0041658737448973e-07,1.1764271515462882e-14,1.1764271515462882e-14,2.7425046395790283e-12
C,4,5.0000000000000002e-05,264,0.0132,0.2509946386407147,-1.0041657544368476e-07,1.0041658590664862e-07,1.0462963853342235e-14,1.0462963853342235e-14,2.7529676034323706e-12
C,4,5.0000000000000002e-05,265,0.013250000000000001,0.25099453822413936,-1.0041657533266246e-07,1.0041658443913771e-07,9.1064752504908613e-15,9.1064752504908613e-15,2.7620740786828614e-12
C,4,5.0000000000000002e-05,266,0.013300000000000001,0.25099443780756781,-1.0041657155790418e-07,1.0041658297195674e-07,1.141405256147035e-14,1.141405256147035e-14,2.7734881312443318e-12
C,4,5.0000000000000002e-05,267,0.013350000000000001,0.25099433739099586,-1.0041657194648224e-07,1.004165815051055e-07,9.5586232641499993e-15,9.5586232641499993e-15,2.7830467545084818e-12
C,4,5.0000000000000002e-05,268,0.0134,0.25099423697442641,-1.0041656944848043e-07,1.0041658003858474e-07,1.0590104306053383e-14,1.0590104306053383e-14,2.7936368588145352e-12
C,4,5.0000000000000002e-05,269,0.01345,0.25099413655785852,-1.004165678941682e-07,1.0041657857239392e-07,1.0678225722828119e-14,1.0678225722828119e-14,2.8043150845373633e-12
C,4,5.0000000000000002e-05,270,0.0135,0.25099403614129151,-1.0041656700598978e-07,1.0041657710653258e-07,1.0100542807409353e-14,1.0100542807409353e-14,2.8144156273447726e-12
C,4,5.0000000000000002e-05,271,0.013550000000000001,0.25099393572472684,-1.0041656467452142e-07,1.0041657564100048e-07,1.0966479055121977e-14,1.0966479055121977e-14,2.8253821063998946e-12
C,4,5.0000000000000002e-05,272,0.013600000000000001,0.25099383530816288,-1.0041656395287646e-07,1.0041657417579818e-07,1.0222921717347071e-14,1.0222921717347071e-14,2.8356050281172417e-12
C,4,5.0000000000000002e-05,273,0.013650000000000001,0.25099373489160104,-1.0041656184345271e-07,1.0041657271092539e-07,1.0867472682639872e-14,1.0867472682639872e-14,2.8464725007998815e-12
C,4,5.0000000000000002e-05,274,0.0137,0.25099363447503975,-1.004165612883412e-07,1.0041657124638265e-07,9.9580414519044176e-15,9.9580414519044176e-15,2.856430542251786e-12
C,4,5.0000000000000002e-05,275,0.01375,0.25099353405847957,-1.0041656017811817e-07,1.004165697821687e-07,9.6040505278488641e-15,9.6040505278488641e-15,2.8660345927796348e-12
C,4,5.0000000000000002e-05,276,0.013800000000000002,0.25099343364192206,-1.0041655751358292e-07,1.0041656831828406e-07,1.0804701148796554e-14,1.0804701148796554e-14,2.8768392939284314e-12
C,4,5.0000000000000002e-05,277,0.013850000000000001,0.25099333322536677,-1.0041655529313687e-07,1.004165668547288e-07,1.1561591936596656e-14,1.1561591936596656e-14,2.888400885865028e-12
C,4,5.0000000000000002e-05,278,0.013900000000000001,0.25099323280881075,-1.0041655601478183e-07,1.004165653915023e-07,9.3767204638027456e-15,9.3767204638027456e-15,2.8977776063288308e-12
C,4,5.0000000000000002e-05,279,0.013950000000000001,0.25099313239225657,-1.0041655418291384e-07,1.0041656392860533e-07,9.7456914831678466e-15,9.7456914831678466e-15,2.9075232978119986e-12
C,4,5.0000000000000002e-05,280,0.014,0.2509930319757061,-1.0041655046366671e-07,1.0041656246603675e-07,1.2002370041716342e-14,1.2002370041716342e-14,2.919525667853715e-12
C,4,5.0000000000000002e-05,281,0.01405,0.25099293155915459,-1.0041655151837858e-07,1.0041656100379725e-07,9.485418666676673e-15,9.485418666676673e-15,2.9290110865203916e-12
C,4,5.0000000000000002e-05,282,0.014100000000000001,0.25099283114260523,-1.0041654935344368e-07,1.0041655954188652e-07,1.0188442830947501e-14,1.0188442830947501e-14,2.9391995293513391e-12
C,4,5.0000000000000002e-05,283,0.014150000000000001,0.2509927307260581,-1.0041654713299764e-07,1.0041655808030485e-07,1.0947307218749594e-14,1.0947307218749594e-14,2.9501468365700887e-12
C,4,5.0000000000000002e-05,284,0.014200000000000001,0.25099263030951247,-1.0041654563419655e-07,1.0041655661905146e-07,1.0984854905517067e-14,1.0984854905517067e-14,2.9611316914756058e-12
C,4,5.0000000000000002e-05,285,0.014250000000000001,0.25099252989296655,-1.0041654591175231e-07,1.0041655515812663e-07,9.2463743222584847e-15,9.2463743222584847e-15,2.9703780657978643e-12
C,4,5.0000000000000002e-05,286,0.0143,0.25099242947642397,-1.0041654258108323e-07,1.0041655369752999e-07,1.1116446754594053e-14,1.1116446754594053e-14,2.9814945125524583e-12
C,4,5.0000000000000002e-05,287,0.01435,0.25099232905988245,-1.0041654152637136e-07,1.0041655223726237e-07,1.0710891005808499e-14,1.0710891005808499e-14,2.9922054035582668e-12
C,4,5.0000000000000002e-05,288,0.014400000000000001,0.25099222864334236,-1.0041654008308143e-07,1.0041655077732271e-07,1.0694241276211016e-14,1.0694241276211016e-14,3.0028996448344779e-12
C,4,5.0000000000000002e-05,289,0.014450000000000001,0.25099212822680239,-1.0041653997205913e-07,1.0041654931771151e-07,9.3456523805584215e-15,9.3456523805584215e-15,3.0122452972150363e-12
C,4,5.0000000000000002e-05,290,0.014500000000000001,0.25099202781026614,-1.0041653625281199e-07,1.0041654785842804e-07,1.1605616050513725e-14,1.1605616050513725e-14,3.02385091326555e-12
C,4,5.0000000000000002e-05,291,0.01455,0.25099192739372933,-1.0041653680792351e-07,1.0041654639947318e-07,9.5915496715061503e-15,9.5915496715061503e-15,3.0334424629370562e-12
C,4,5.0000000000000002e-05,292,0.0146,0.25099182697719491,-1.00416534420944e-07,1.0041654494084617e-07,1.0519902162445388e-14,1.0519902162445388e-14,3.0439623650995015e-12
C,4,5.0000000000000002e-05,293,0.014650000000000002,0.25099172656066143,-1.0041653347725443e-07,1.0041654348254697e-07,1.0005292536357399e-14,1.0005292536357399e-14,3.0539676576358589e-12
C,4,5.0000000000000002e-05,294,0.014700000000000001,0.25099162614413029,-1.0041653114578608e-07,1.004165420245752e-07,1.0878789122224528e-14,1.0878789122224528e-14,3.0648464467580835e-12
C,4,5.0000000000000002e-05,295,0.014750000000000001,0.25099152572759958,-1.0041653070169687e-07,1.0041654056693183e-07,9.8652349635495201e-15,9.8652349635495201e-15,3.074711681721633e-12
C,4,5.0000000000000002e-05,296,0.014800000000000001,0.25099142531107144,-1.0041652814818391e-07,1.0041653910961563e-07,1.0961431718138186e-14,1.0961431718138186e-14,3.0856731134397712e-12
C,4,5.0000000000000002e-05,297,0.01485,0.25099132489454368,-1.0041652775960586e-07,1.0041653765262734e-07,9.8930214823375034e-15,9.8930214823375034e-15,3.0955661349221087e-12
C,4,5.0000000000000002e-05,298,0.0149,0.25099122447801847,-1.004165252060929e-07,1.0041653619596649e-07,1.0989873588964438e-14,1.0989873588964438e-14,3.1065560085110731e-12
C,4,5.0000000000000002e-05,299,0.014950000000000001,0.25099112406149343,-1.0041652503955945e-07,1.0041653473963319e-07,9.700073742934968e-15,9.700073742934968e-15,3.1162560822540081e-12
C,4,5.0000000000000002e-05,300,0.015000000000000001,0.25099102364497139,-1.0041652204195728e-07,1.0041653328362727e-07,1.1241669987933761e-14,1.1241669987933761e-14,3.1274977522419419e-12
C,4,5.0000000000000002e-05,301,0.015050000000000001,0.25099092322844935,-1.0041652204195728e-07,1.004165318279483e-07,9.7859910211622707e-15,9.7859910211622707e-15,3.1372837432631041e-12
C,4,5.0000000000000002e-05,302,0.015100000000000001,0.25099082281193008,-1.0041651926639972e-07,1.0041653037259645e-07,1.110619672948999e-14,1.110619672948999e-14,3.1483899399925941e-12
C,4,5.0000000000000002e-05,303,0.01515,0.25099072239541165,-1.0041651843373245e-07,1.0041652891757188e-07,1.048383943031357e-14,1.048383943031357e-14,3.1588737794229077e-12
C,4,5.0000000000000002e-05,304,0.0152,0.25099062197889388,-1.0041651776759863e-07,1.0041652746287466e-07,9.6952760292077115e-15,9.6952760292077115e-15,3.1685690554521154e-12
C,4,5.0000000000000002e-05,305,0.015250000000000001,0.25099052156237872,-1.0041651515857453e-07,1.0041652600850415e-07,1.084992962445061e-14,1.084992962445061e-14,3.179418985076566e-12
C,4,5.0000000000000002e-05,306,0.015300000000000001,0.2509904211458639,-1.0041651482550762e-07,1.0041652455446059e-07,9.7289529739295788e-15,9.7289529739295788e-15,3.1891479380504956e-12
C,4,5.0000000000000002e-05,307,0.015350000000000001,0.25099032072935179,-1.0041651210546121e-07,1.0041652310074341e-07,1.0995282198735123e-14,1.0995282198735123e-14,3.2001432202492307e-12
C,4,5.0000000000000002e-05,308,0.0154,0.25099022031284096,-1.0041651082870473e-07,1.0041652164735372e-07,1.0818648988876085e-14,1.0818648988876085e-14,3.2109618692381068e-12
C,4,5.0000000000000002e-05,309,0.01545,0.25099011989633019,-1.0041651077319358e-07,1.0041652019429031e-07,9.4210967316676352e-15,9.4210967316676352e-15,3.2203829659697744e-12
C,4,5.0000000000000002e-05,310,0.0155,0.25099001947982341,-1.0041650677639069e-07,1.0041651874155322e-07,1.1965162531321421e-14,1.1965162531321421e-14,3.2323481285010958e-12
C,4,5.0000000000000002e-05,311,0.015550000000000001,0.25098991906331525,-1.0041650816416947e-07,1.0041651728914321e-07,9.124973735374846e-15,9.124973735374846e-15,3.2414731022364707e-12
C,4,5.0000000000000002e-05,312,0.015600000000000001,0.2509898186468103,-1.004165049445227e-07,1.0041651583705876e-07,1.0892536056676882e-14,1.0892536056676882e-14,3.2523656382931476e-12
C,4,5.0000000000000002e-05,313,0.015650000000000001,0.25098971823030636,-1.0041650394532198e-07,1.0041651438530119e-07,1.0439979217271795e-14,1.0439979217271795e-14,3.2628056175104194e-12
C,4,5.0000000000000002e-05,314,0.015700000000000002,0.25098961781380308,-1.0041650327918816e-07,1.0041651293386946e-07,9.6546813002311693e-15,9.6546813002311693e-15,3.2724602988106505e-12
C,4,5.0000000000000002e-05,315,0.01575,0.25098951739730235,-1.0041650072567521e-07,1.0041651148276429e-07,1.0757089082724255e-14,1.0757089082724255e-14,3.2832173878933748e-12
C,4,5.0000000000000002e-05,316,0.015800000000000002,0.25098941698080202,-1.0041650033709715e-07,1.0041651003198494e-07,9.6948877969502934e-15,9.6948877969502934e-15,3.2929122756903251e-12
C,4,5.0000000000000002e-05,317,0.01585,0.25098931656430395,-1.0041649806113995e-07,1.0041650858153204e-07,1.0520392091596035e-14,1.0520392091596035e-14,3.3034326677819211e-12
C,4,5.0000000000000002e-05,318,0.015900000000000001,0.25098921614780828,-1.0041649567416044e-07,1.0041650713140499e-07,1.145724454492608e-14,1.145724454492608e-14,3.3148899123268472e-12
C,4,5.0000000000000002e-05,319,0.015950000000000002,0.25098911573131227,-1.0041649600722735e-07,1.0041650568160321e-07,9.674375861811126e-15,9.674375861811126e-15,3.3245642881886583e-12
C,4,5.0000000000000002e-05,320,0.016,0.25098901531481921,-1.0041649306513634e-07,1.0041650423212743e-07,1.1166991089911069e-14,1.1166991089911069e-14,3.3357312792785694e-12
C,4,5.0000000000000002e-05,321,0.016050000000000002,0.25098891489832681,-1.0041649239900252e-07,1.0041650278297777e-07,1.0383975251683913e-14,1.0383975251683913e-14,3.3461152545302533e-12
C,4,5.0000000000000002e-05,322,0.0161,0.25098881448183569,-1.0041649112224604e-07,1.0041650133415334e-07,1.021190729794767e-14,1.021190729794767e-14,3.356327161828201e-12
C,4,5.0000000000000002e-05,323,0.016150000000000001,0.2509887140653464,-1.0041648929037805e-07,1.0041649988565446e-07,1.0595276408343326e-14,1.0595276408343326e-14,3.3669224382365443e-12
C,4,5.0000000000000002e-05,324,0.016199999999999999,0.25098861364885755,-1.0041648884628884e-07,1.00416498437481e-07,9.59119215742796e-15,9.59119215742796e-15,3.3765136303939723e-12
C,4,5.0000000000000002e-05,325,0.016250000000000001,0.25098851323237154,-1.0041648601522013e-07,1.0041649698963313e-07,1.0974413000980671e-14,1.0974413000980671e-14,3.3874880433949529e-12
C,4,5.0000000000000002e-05,326,0.016300000000000002,0.25098841281588685,-1.004164846829525e-07,1.0041649554211058e-07,1.0859158074880726e-14,1.0859158074880726e-14,3.3983472014698337e-12
C,4,5.0000000000000002e-05,327,0.01635,0.25098831239940195,-1.0041648490499711e-07,1.0041649409491295e-07,9.1899158440850618e-15,9.1899158440850618e-15,3.4075371173139187e-12
C,4,5.0000000000000002e-05,328,0.016400000000000001,0.25098821198292104,-1.0041648090819422e-07,1.0041649264804064e-07,1.1739846420456298e-14,1.1739846420456298e-14,3.419276963734375e-12
C,4,5.0000000000000002e-05,329,0.016449999999999999,0.25098811156644035,-1.0041648068614961e-07,1.0041649120149328e-07,1.0515343669351281e-14,1.0515343669351281e-14,3.4297923074037263e-12
C,4,5.0000000000000002e-05,330,0.016500000000000001,0.25098801114996044,-1.0041647990899349e-07,1.00416489755271e-07,9.8462775059221318e-15,9.8462775059221318e-15,3.4396385849096484e-12
C,4,5.0000000000000002e-05,331,0.016550000000000002,0.2509879107334817,-1.0041647874325932e-07,1.004164883093736e-07,9.5661142779517285e-15,9.5661142779517285e-15,3.4492046991876002e-12
C,4,5.0000000000000002e-05,332,0.0166,0.25098781031700651,-1.0041647519054564e-07,1.0041648686380095e-07,1.1673255310651345e-14,1.1673255310651345e-14,3.4608779544982515e-12
C,4,5.0000000000000002e-05,333,0.016650000000000002,0.25098770990053082,-1.00416475690146e-07,1.0041648541855304e-07,9.7284070347252938e-15,9.7284070347252938e-15,3.4706063615329768e-12
C,4,5.0000000000000002e-05,334,0.0167,0.25098760948405702,-1.0041647380276686e-07,1.0041648397362996e-07,1.0170863098878601e-14,1.0170863098878601e-14,3.4807772246318554e-12
C,4,5.0000000000000002e-05,335,0.016750000000000001,0.25098750906758499,-1.0041647202641002e-07,1.0041648252903135e-07,1.050262132712775e-14,1.050262132712775e-14,3.4912798459589832e-12
C,4,5.0000000000000002e-05,336,0.016800000000000002,0.25098740865111557,-1.0041646941738591e-07,1.0041648108475733e-07,1.1667371422753023e-14,1.1667371422753023e-14,3.5029472173817362e-12
C,4,5.0000000000000002e-05,337,0.01685,0.25098730823464627,-1.0041646930636361e-07,1.0041647964080751e-07,1.0334443901597364e-14,1.0334443901597364e-14,3.5132816612833335e-12
C,4,5.0000000000000002e-05,338,0.016900000000000002,0.25098720781817652,-1.0041646975045282e-07,1.0041647819718221e-07,8.4467293876270449e-15,8.4467293876270449e-15,3.5217283906709606e-12
C,4,5.0000000000000002e-05,339,0.01695,0.25098710740171087,-1.0041646564262763e-07,1.0041647675388099e-07,1.111125335736642e-14,1.111125335736642e-14,3.532839644028327e-12
C,4,5.0000000000000002e-05,340,0.017000000000000001,0.25098700698524662,-1.0041646425484885e-07,1.0041647531090427e-07,1.1056055423037189e-14,1.1056055423037189e-14,3.5438956994513642e-12
C,4,5.0000000000000002e-05,341,0.017049999999999999,0.25098690656878186,-1.0041646475444921e-07,1.004164738682516e-07,9.1138023898870764e-15,9.1138023898870764e-15,3.5530095018412513e-12
C,4,5.0000000000000002e-05,342,0.017100000000000001,0.25098680615232077,-1.0041646109071323e-07,1.004164724259229e-07,1.1335209675948735e-14,1.1335209675948735e-14,3.5643447115172e-12
C,4,5.0000000000000002e-05,343,0.017150000000000002,0.25098670573586007,-1.0041646070213517e-07,1.0041647098391789e-07,1.0281782725066042e-14,1.0281782725066042e-14,3.574626494242266e-12
C,4,5.0000000000000002e-05,344,0.0172,0.25098660531940076,-1.0041645931435639e-07,1.0041646954223707e-07,1.0227880684971661e-14,1.0227880684971661e-14,3.5848543749272377e-12
C,4,5.0000000000000002e-05,345,0.017250000000000001,0.25098650490294283,-1.0041645792657761e-07,1.0041646810088008e-07,1.0174302476160927e-14,1.0174302476160927e-14,3.5950286774033986e-12
C,4,5.0000000000000002e-05,346,0.017299999999999999,0.2509864044864859,-1.0041645692737688e-07,1.0041646665984678e-07,9.732469894431248e-15,9.732469894431248e-15,3.6047611472978299e-12
C,4,5.0000000000000002e-05,347,0.017350000000000001,0.25098630407003197,-1.0041645392977472e-07,1.004164652191368e-07,1.1289362085384685e-14,1.1289362085384685e-14,3.6160505093832146e-12
C,4,5.0000000000000002e-05,348,0.017400000000000002,0.25098620365357921,-1.0041645276404054e-07,1.0041646377875058e-07,1.1014710037580923e-14,1.1014710037580923e-14,3.6270652194207955e-12
C,4,5.0000000000000002e-05,349,0.01745,0.25098610323712717,-1.0041645204239558e-07,1.0041646233868763e-07,1.0296292055345373e-14,1.0296292055345373e-14,3.6373615114761409e-12
C,4,5.0000000000000002e-05,350,0.017500000000000002,0.25098600282067696,-1.0041645021052759e-07,1.0041646089894866e-07,1.0688421074602415e-14,1.0688421074602415e-14,3.6480499325507433e-12
C,4,5.0000000000000002e-05,351,0.01755,0.25098590240422608,-1.004164508766614e-07,1.0041645945953267e-07,8.5828712727035545e-15,8.5828712727035545e-15,3.6566328038234468e-12
C,4,5.0000000000000002e-05,352,0.017600000000000001,0.25098580198777998,-1.0041644610270239e-07,1.0041645802044013e-07,1.1917737738939804e-14,1.1917737738939804e-14,3.6685505415623866e-12
C,4,5.0000000000000002e-05,353,0.017650000000000002,0.25098570157133371,-1.0041644626923585e-07,1.0041645658167035e-07,1.031243450485168e-14,1.031243450485168e-14,3.6788629760672383e-12
C,4,5.0000000000000002e-05,354,0.0177,0.2509856011548886,-1.0041644510350167e-07,1.0041645514322391e-07,1.0039722241906469e-14,1.0039722241906469e-14,3.6889026983091448e-12
C,4,5.0000000000000002e-05,355,0.017750000000000002,0.25098550073844567,-1.0041644293856677e-07,1.0041645370510045e-07,1.0766533672139708e-14,1.0766533672139708e-14,3.6996692319812845e-12
C,4,5.0000000000000002e-05,356,0.0178,0.25098540032200373,-1.0041644193936605e-07,1.0041645226729979e-07,1.0327933738713666e-14,1.0327933738713666e-14,3.7099971657199982e-12
C,4,5.0000000000000002e-05,357,0.017850000000000001,0.25098529990556295,-1.0041644077363188e-07,1.0041645082982213e-07,1.0056190256466987e-14,1.0056190256466987e-14,3.7200533559764651e-12
C,4,5.0000000000000002e-05,358,0.017899999999999999,0.25098519948912429,-1.0041643866420813e-07,1.0041644939266737e-07,1.0728459236758162e-14,1.0728459236758162e-14,3.7307818152132233e-12
C,4,5.0000000000000002e-05,359,0.017950000000000001,0.25098509907268635,-1.0041643794256316e-07,1.0041644795583507e-07,1.0013271904357889e-14,1.0013271904357889e-14,3.7407950871175812e-12
C,4,5.0000000000000002e-05,360,0.018000000000000002,0.25098499865625029,-1.0041643605518402e-07,1.0041644651932537e-07,1.0464141348252927e-14,1.0464141348252927e-14,3.7512592284658341e-12
C,4,5.0000000000000002e-05,361,0.01805,0.25098489823981579,-1.0041643450087179e-07,1.004164450831383e-07,1.0582266511669092e-14,1.0582266511669092e-14,3.7618414949775032e-12
C,4,5.0000000000000002e-05,362,0.018100000000000002,0.25098479782338223,-1.0041643355718222e-07,1.004164436472736e-07,1.0090091386987191e-14,1.0090091386987191e-14,3.7719315863644904e-12
C,4,5.0000000000000002e-05,363,0.018149999999999999,0.25098469740695034,-1.0041643189184768e-07,1.0041644221173144e-07,1.0319883762576088e-14,1.0319883762576088e-14,3.7822514701270665e-12
C,4,5.0000000000000002e-05,364,0.018200000000000001,0.25098459699052078,-1.0041642956037933e-07,1.0041644077651205e-07,1.1216132725432542e-14,1.1216132725432542e-14,3.793467602852499e-12
C,4,5.0000000000000002e-05,365,0.018250000000000002,0.25098449657409083,-1.0041642994895739e-07,1.0041643934161419e-07,9.392656806370184e-15,9.392656806370184e-15,3.8028602596588692e-12
C,4,5.0000000000000002e-05,366,0.0183,0.25098439615766471,-1.0041642611868795e-07,1.0041643790703859e-07,1.1788350637215182e-14,1.1788350637215182e-14,3.8146486102960844e-12
C,4,5.0000000000000002e-05,367,0.018350000000000002,0.25098429574123815,-1.0041642656277716e-07,1.0041643647278512e-07,9.91000796047108e-15,9.91000796047108e-15,3.8245586182565555e-12
C,4,5.0000000000000002e-05,368,0.0184,0.25098419532481392,-1.0041642423130881e-07,1.0041643503885355e-07,1.0807544744279606e-14,1.0807544744279606e-14,3.8353661630008351e-12
C,4,5.0000000000000002e-05,369,0.018450000000000001,0.25098409490839052,-1.0041642339864154e-07,1.0041643360524427e-07,1.020660272764571e-14,1.020660272764571e-14,3.8455727657284808e-12
C,4,5.0000000000000002e-05,370,0.018500000000000003,0.25098399449196857,-1.0041642195535161e-07,1.0041643217195662e-07,1.0216605008847591e-14,1.0216605008847591e-14,3.8557893707373284e-12
C,4,5.0000000000000002e-05,371,0.018550000000000001,0.250983894075548,-1.0041642056757283e-07,1.0041643073899036e-07,1.0171417534882138e-14,1.0171417534882138e-14,3.8659607882722105e-12
C,4,5.0000000000000002e-05,372,0.018600000000000002,0.25098379365912993,-1.0041641806957102e-07,1.0041642930634636e-07,1.1236775341873603e-14,1.1236775341873603e-14,3.8771975636140841e-12
C,4,5.0000000000000002e-05,373,0.01865,0.2509836932427118,-1.0041641812508217e-07,1.004164278740235e-07,9.7489413235933348e-15,9.7489413235933348e-15,3.8869465049376775e-12
C,4,5.0000000000000002e-05,374,0.018700000000000001,0.25098359282629568,-1.0041641612668073e-07,1.0041642644202238e-07,1.0315341654275555e-14,1.0315341654275555e-14,3.897261846591953e-12
C,4,5.0000000000000002e-05,375,0.018749999999999999,0.25098349240988077,-1.004164149054354e-07,1.0041642501034261e-07,1.010490721084453e-14,1.010490721084453e-14,3.9073667538027976e-12
C,4,5.0000000000000002e-05,376,0.018800000000000001,0.25098339199346859,-1.0041641218538899e-07,1.0041642357898433e-07,1.1393595339365619e-14,1.1393595339365619e-14,3.9187603491421632e-12
C,4,5.0000000000000002e-05,377,0.018850000000000002,0.25098329157705512,-1.0041641346214547e-07,1.0041642214794772e-07,8.685802253232754e-15,8.685802253232754e-15,3.9274461513953959e-12
C,4,5.0000000000000002e-05,378,0.0189,0.25098319116064616,-1.0041640896574222e-07,1.0041642071723167e-07,1.175148944418168e-14,1.175148944418168e-14,3.9391976408395776e-12
C,4,5.0000000000000002e-05,379,0.018950000000000002,0.25098309074423708,-1.0041640907676452e-07,1.0041641928683676e-07,1.0210072240772113e-14,1.0210072240772113e-14,3.9494077130803497e-12
C,4,5.0000000000000002e-05,380,0.019,0.25098299032782895,-1.0041640813307495e-07,1.0041641785676337e-07,9.7236884126994871e-15,9.7236884126994871e-15,3.9591314014930492e-12
C,4,5.0000000000000002e-05,381,0.019050000000000001,0.25098288991142309,-1.0041640585711775e-07,1.0041641642701058e-07,1.0569892829382475e-14,1.0569892829382475e-14,3.9697012943224317e-12
C,4,5.0000000000000002e-05,382,0.019100000000000002,0.25098278949501884,-1.0041640424729437e-07,1.0041641499757892e-07,1.0750284549421606e-14,1.0750284549421606e-14,3.9804515788718533e-12
C,4,5.0000000000000002e-05,383,0.01915,0.25098268907861565,-1.0041640319258249e-07,1.004164135684678e-07,1.0375885306179136e-14,1.0375885306179136e-14,3.9908274641780324e-12
C,4,5.0000000000000002e-05,384,0.019200000000000002,0.25098258866221324,-1.0041640241542638e-07,1.0041641213967785e-07,9.7242514778511744e-15,9.7242514778511744e-15,4.0005517156558836e-12
C,4,5.0000000000000002e-05,385,0.01925,0.25098248824581282,-1.0041640041702493e-07,1.0041641071120811e-07,1.0294183181534726e-14,1.0294183181534726e-14,4.0108458988374183e-12
C,4,5.0000000000000002e-05,386,0.019300000000000001,0.25098238782941384,-1.00416398973735e-07,1.0041640928305938e-07,1.030932438515782e-14,1.030932438515782e-14,4.0211552232225761e-12
C,4,5.0000000000000002e-05,387,0.019350000000000003,0.25098228741301698,-1.0041639686431125e-07,1.0041640785523097e-07,1.0990919714358967e-14,1.0990919714358967e-14,4.0321461429369351e-12
C,4,5.0000000000000002e-05,388,0.019400000000000001,0.250982186996621,-1.0041639597613283e-07,1.0041640642772297e-07,1.0451590133154521e-14,1.0451590133154521e-14,4.0425977330700896e-12
C,4,5.0000000000000002e-05,389,0.019450000000000002,0.25098208658022664,-1.0041639436630945e-07,1.0041640500053543e-07,1.0634225987578064e-14,1.0634225987578064e-14,4.0532319590576677e-12
C,4,5.0000000000000002e-05,390,0.0195,0.25098198616383316,-1.0041639347813103e-07,1.0041640357366788e-07,1.009553685592597e-14,1.009553685592597e-14,4.0633274959135937e-12
C,4,5.0000000000000002e-05,391,0.019550000000000001,0.25098188574744185,-1.0041639131319613e-07,1.0041640214712091e-07,1.0833924778093563e-14,1.0833924778093563e-14,4.0741614206916872e-12
C,4,5.0000000000000002e-05,392,0.019599999999999999,0.25098178533105181,-1.0041639003643965e-07,1.0041640072089381e-07,1.0684454154612627e-14,1.0684454154612627e-14,4.0848458748462999e-12
C,4,5.0000000000000002e-05,393,0.019650000000000001,0.25098168491466283,-1.0041638898172778e-07,1.0041639929498698e-07,1.0313259197304951e-14,1.0313259197304951e-14,4.0951591340436048e-12
C,4,5.0000000000000002e-05,394,0.019700000000000002,0.25098158449827535,-1.0041638748292669e-07,1.0041639786939969e-07,1.0386472993026688e-14,1.0386472993026688e-14,4.1055456070366315e-12
C,4,5.0000000000000002e-05,395,0.01975,0.25098148408188886,-1.0041638648372597e-07,1.004163964441328e-07,9.9604068311142947e-15,9.9604068311142947e-15,4.1155060138677458e-12
C,4,5.0000000000000002e-05,396,0.019800000000000002,0.25098138366550504,-1.0041638381919071e-07,1.0041639501918544e-07,1.1199994722849208e-14,1.1199994722849208e-14,4.126706008590595e-12
C,4,5.0000000000000002e-05,397,0.01985,0.25098128324912095,-1.0041638409674647e-07,1.0041639359455777e-07,9.4978113013254853e-15,9.4978113013254853e-15,4.1362038198919205e-12
C,4,5.0000000000000002e-05,398,0.019900000000000001,0.25098118283273985,-1.004163810991443e-07,1.0041639217025014e-07,1.1071105835316249e-14,1.1071105835316249e-14,4.1472749257272367e-12
C,4,5.0000000000000002e-05,399,0.019950000000000002,0.25098108241635925,-1.0041638059954394e-07,1.0041639074626155e-07,1.014671760415395e-14,1.014671760415395e-14,4.1574216433313907e-12
C,4,5.0000000000000002e-05,400,0.02,0.25098098199998065,-1.004163786011425e-07,1.0041638932259301e-07,1.0721450515575666e-14,1.0721450515575666e-14,4.1681430938469663e-12
