family,source_level,time_step,step,time,initial_h_rms,exact_radius,control_area_mean_radius,control_area_mean_radius_ratio,area_ratio,volume_ratio,registered_energy_ratio,normalized_surface_centroid_drift,minimum_oriented_face_alignment,minimum_triangle_quality,minimum_face_area_ratio,maximum_normalized_cache_residual
C,1,5.0000000000000002e-05,0,0,0.58464658336226838,1,0.99999999999999956,0.99999999999999956,1,1,1,0,0.99999999999999978,0.9546101150262426,1,1.973448800505901e-17
C,1,5.0000000000000002e-05,1,5.0000000000000002e-05,0.58464658336226838,0.99999979999998001,0.99999979999999999,0.99999979999999999,0.99999959839714314,0.99999939945465544,0.99999959839714303,7.5749980033362002e-17,0.99999999999999756,0.95461010523438083,0.99999956904592668,1.0933265287292992e-17
C,1,5.0000000000000002e-05,2,0.0001,0.58464658336226838,0.99999959999991994,0.99999959999996002,0.99999959999996002,0.99999919679429117,0.99999879890943011,0.99999919679429106,6.0216463542624643e-17,0.9999999999999909,0.95461009544252329,0.99999913809188423,2.9787271317440615e-18
C,1,5.0000000000000002e-05,3,0.00015000000000000001,0.58464658336226838,0.99999939999982002,0.99999939999987975,0.99999939999987975,0.9999987951914433,0.99999819836432435,0.99999879519144319,5.5398654692907407e-17,0.99999999999997935,0.95461008565067063,0.99999870713787242,1.2828746012693673e-17
C,1,5.0000000000000002e-05,4,0.00020000000000000001,0.58464658336226838,0.99999919999968001,0.99999919999975928,0.99999919999975928,0.99999839358860032,0.99999759781933839,0.99999839358860032,9.8878189644025306e-17,0.99999999999996347,0.95461007585882185,0.99999827618389125,2.0904064896281135e-17
C,1,5.0000000000000002e-05,5,0.00025000000000000001,0.58464658336226838,0.99999899999950004,0.9999989999995994,0.9999989999995994,0.99999799198576156,0.99999699727447178,0.99999799198576156,4.7014304407335877e-17,0.99999999999994305,0.95461006606697796,0.99999784522994095,1.6855671524121474e-17
C,1,5.0000000000000002e-05,6,0.00030000000000000003,0.58464658336226838,0.99999879999927999,0.99999879999939845,0.99999879999939845,0.99999759038292746,0.99999639672972451,0.99999759038292746,1.2899916464997093e-16,0.99999999999991773,0.95461005627513862,0.9999974142760214,3.8134465907624366e-18
C,1,5.0000000000000002e-05,7,0.00035,0.58464658336226838,0.99999859999901997,0.99999859999915841,0.99999859999915841,0.99999718878009791,0.99999579618509826,0.9999971887800978,7.3588349531466806e-17,0.99999999999988831,0.95461004648330339,0.99999698332213249,2.7220439579981225e-17
C,1,5.0000000000000002e-05,8,0.00040000000000000002,0.58464658336226838,0.99999839999871998,0.99999839999887785,0.99999839999887785,0.99999678717727292,0.99999519564059025,0.99999678717727281,1.3463478992639581e-16,0.99999999999985401,0.9546100366914726,0.99999655236827423,1.282877177308022e-17
C,1,5.0000000000000002e-05,9,0.00045000000000000004,0.58464658336226838,0.99999819999838002,0.99999819999855721,0.99999819999855721,0.9999963855744517,0.9999945950962027,0.99999638557445159,4.7333819766917727e-17,0.99999999999981515,0.95461002689964636,0.99999612141444705,2.4850068918144145e-17
C,1,5.0000000000000002e-05,10,0.00050000000000000001,0.58464658336226838,0.99999799999799999,0.99999799999819583,0.99999799999819583,0.99999598397163569,0.99999399455193405,0.99999598397163569,7.6492279097364886e-17,0.99999999999977185,0.95461001710782434,0.99999569046065018,2.5323611990562577e-17
C,1,5.0000000000000002e-05,11,0.00055000000000000003,0.58464658336226838,0.99999779999757998,0.99999779999779492,0.99999779999779492,0.99999558236882369,0.99999339400778575,0.99999558236882358,8.3331036406794105e-17,0.99999999999972378,0.95461000731600698,0.99999525950688428,8.9135482792460685e-18
C,1,5.0000000000000002e-05,12,0.00060000000000000006,0.58464658336226838,0.99999759999712001,0.99999759999735427,0.99999759999735427,0.99999518076601668,0.99999279346375658,0.99999518076601657,9.7176511104004965e-17,0.99999999999967149,0.95460999752419418,0.99999482855314903,2.4206489310228372e-17
C,1,5.0000000000000002e-05,13,0.00065000000000000008,0.58464658336226838,0.99999739999661996,0.9999973999968732,0.9999973999968732,0.999994779163213,0.99999219291984787,0.999994779163213,7.5909055829411506e-17,0.9999999999996142,0.95460998773238592,0.99999439759944464,3.533946523144513e-17
C,1,5.0000000000000002e-05,14,0.00069999999999999999,0.58464658336226838,0.99999719999607994,0.99999719999635184,0.99999719999635184,0.99999437756041465,0.99999159237605817,0.99999437756041465,1.2773099141782429e-16,0.99999999999955269,0.95460997794058156,0.99999396664577089,2.4942611926254391e-17
C,1,5.0000000000000002e-05,15,0.00075000000000000002,0.58464658336226838,0.99999699999549996,0.99999699999579073,0.99999699999579073,0.99999397595762096,0.99999099183238838,0.99999397595762096,9.1184436279504864e-17,0.99999999999948641,0.95460996814878207,0.9999935356921279,2.6169298962901259e-17
C,1,5.0000000000000002e-05,16,0.00080000000000000004,0.58464658336226838,0.99999679999488,0.99999679999518876,0.99999679999518876,0.99999357435483194,0.99999039128883804,0.99999357435483194,9.5089464293054355e-17,0.99999999999941569,0.9546099583569867,0.99999310473851555,1.9215551290132415e-17
C,1,5.0000000000000002e-05,17,0.00085000000000000006,0.58464658336226838,0.99999659999421997,0.99999659999454782,0.99999659999454782,0.99999317275204691,0.9999897907454075,0.99999317275204691,1.1676115484963713e-16,0.99999999999934053,0.95460994856519621,0.99999267378493417,1.8385443425629226e-17
C,1,5.0000000000000002e-05,18,0.00090000000000000008,0.58464658336226838,0.99999639999351997,0.99999639999386558,0.99999639999386558,0.99999277114926599,0.99998919020209698,0.99999277114926588,5.0254439825717957e-17,0.99999999999926048,0.95460993877340961,0.99999224283138322,1.5007903848595097e-17
C,1,5.0000000000000002e-05,19,0.00095,0.58464658336226838,0.99999619999278,0.99999619999314426,0.99999619999314426,0.99999236954648985,0.99998858965890525,0.99999236954648985,2.1515505328968955e-17,0.9999999999991761,0.95460992898162789,0.9999918118778629,4.1055015768745771e-17
C,1,5.0000000000000002e-05,20,0.001,0.58464658336226838,0.99999599999199995,0.99999599999238209,0.99999599999238209,0.99999196794371858,0.99998798911583364,0.99999196794371858,9.2975365775074962e-17,0.99999999999908706,0.95460991918985028,0.99999138092437356,2.1914800118557776e-17
C,1,5.0000000000000002e-05,21,0.0010500000000000002,0.58464658336226838,0.99999579999117993,0.99999579999158095,0.99999579999158095,0.99999156634095165,0.99998738857288172,0.99999156634095165,6.6345429316760968e-17,0.99999999999899336,0.95460990939807744,0.99999094997091498,3.5971269973099271e-17
C,1,5.0000000000000002e-05,22,0.0011000000000000001,0.58464658336226838,0.99999559999031995,0.99999559999073906,0.99999559999073906,0.99999116473818883,0.9999867880300497,0.99999116473818883,8.9177935014619827e-17,0.99999999999889522,0.95460989960630893,0.99999051901748681,1.4600434036701091e-17
C,1,5.0000000000000002e-05,23,0.00115,0.58464658336226838,0.99999539998941989,0.99999539998985632,0.99999539998985632,0.99999076313543067,0.99998618748733681,0.99999076313543056,7.0951232660316059e-17,0.99999999999879263,0.95460988981454487,0.99999008806408962,2.3356452077595929e-17
C,1,5.0000000000000002e-05,24,0.0012000000000000001,0.58464658336226838,0.99999519998847997,0.99999519998893416,0.99999519998893416,0.99999036153267695,0.99998558694474382,0.99999036153267695,6.6580333198462638e-17,0.99999999999868538,0.95460988002278491,0.99998965711072307,3.3207733906608842e-17
C,1,5.0000000000000002e-05,25,0.00125,0.58464658336226838,0.99999499998749997,0.99999499998797237,0.99999499998797237,0.9999899599299279,0.99998498640227007,0.9999899599299279,1.3282579998971054e-16,0.99999999999857347,0.95460987023102994,0.99998922615738761,1.080256784989826e-17
C,1,5.0000000000000002e-05,26,0.0013000000000000002,0.58464658336226838,0.99999479998648,0.99999479998696972,0.99999479998696972,0.99998955832718284,0.99998438585991667,0.99998955832718284,9.6309364492459328e-17,0.9999999999984569,0.95460986043927898,0.99998879520408235,2.1937222699265491e-17
C,1,5.0000000000000002e-05,27,0.0013500000000000001,0.58464658336226838,0.99999459998541995,0.99999459998592766,0.99999459998592766,0.99998915672444277,0.99998378531768273,0.99998915672444266,5.2455369911834762e-17,0.99999999999833611,0.95460985064753279,0.99998836425080784,7.9010668534720507e-18
C,1,5.0000000000000002e-05,28,0.0014,0.58464658336226838,0.99999439998431994,0.99999439998484485,0.99999439998484485,0.9999887551217066,0.99998318477556847,0.9999887551217066,1.1013237560338751e-16,0.99999999999821065,0.95460984085579048,0.99998793329756441,1.3476110317171936e-17
C,1,5.0000000000000002e-05,29,0.0014500000000000001,0.58464658336226838,0.99999419998317995,0.99999419998372185,0.99999419998372185,0.99998835351897497,0.99998258423357322,0.99998835351897486,5.0414934893324424e-17,0.99999999999808065,0.95460983106405317,0.99998750234435163,1.2942641424268963e-17
C,1,5.0000000000000002e-05,30,0.0015,0.58464658336226838,0.99999399998199989,0.99999399998255956,0.99999399998255956,0.99998795191624856,0.99998198369169844,0.99998795191624856,1.2710353490683628e-16,0.99999999999794587,0.95460982127232019,0.99998707139116927,3.9653250310847553e-17
C,1,5.0000000000000002e-05,31,0.0015500000000000002,0.58464658336226838,0.99999379998077986,0.99999379998135685,0.99999379998135685,0.99998755031352604,0.999981383149943,0.99998755031352604,1.729921043831048e-16,0.99999999999780664,0.95460981148059187,0.99998664043801788,2.2034065961160751e-17
C,1,5.0000000000000002e-05,32,0.0016000000000000001,0.58464658336226838,0.99999359997951986,0.99999359998011372,0.99999359998011372,0.99998714871080807,0.99998078260830781,0.99998714871080807,1.3071927487377633e-16,0.99999999999766276,0.95460980168886733,0.99998620948489714,2.9778325928297339e-18
C,1,5.0000000000000002e-05,33,0.00165,0.58464658336226838,0.99999339997821979,0.9999933999788303,0.9999933999788303,0.99998674710809488,0.99998018206679073,0.99998674710809476,7.3226678575854755e-17,0.99999999999751454,0.95460979189714745,0.99998577853180703,1.6750315061725672e-17
C,1,5.0000000000000002e-05,34,0.0017000000000000001,0.58464658336226838,0.99999319997687985,0.99999319997750724,0.99999319997750724,0.99998634550538545,0.99997958152539435,0.99998634550538545,1.5232708996089864e-16,0.99999999999736155,0.95460978210543257,0.99998534757874791,1.5438861102653965e-17
C,1,5.0000000000000002e-05,35,0.00175,0.58464658336226838,0.99999299997549984,0.99999299997614433,0.99999299997614433,0.99998594390268147,0.99997898098411786,0.99998594390268136,5.3207058436861983e-17,0.99999999999720424,0.95460977231372113,0.9999849166257192,2.0354114783970739e-17
C,1,5.0000000000000002e-05,36,0.0018000000000000002,0.58464658336226838,0.99999279997407986,0.99999279997474022,0.99999279997474022,0.99998554229998138,0.99997838044296028,0.99998554229998138,5.7396524016881853e-17,0.99999999999704203,0.95460976252201524,0.99998448567272147,3.0368101782377247e-18
C,1,5.0000000000000002e-05,37,0.0018500000000000001,0.58464658336226838,0.9999925999726198,0.99999259997329737,0.99999259997329737,0.99998514069728517,0.99997777990192305,0.99998514069728517,6.0284890611919352e-17,0.99999999999687528,0.95460975273031312,0.99998405471975449,4.5645515678235458e-17
C,1,5.0000000000000002e-05,38,0.0019,0.58464658336226838,0.99999239997111977,0.99999239997181377,0.99999239997181377,0.99998473909459462,0.9999771793610045,0.99998473909459462,7.7239992418018087e-17,0.99999999999670419,0.95460974293861556,0.99998362376681793,3.4258182908056227e-17
C,1,5.0000000000000002e-05,39,0.0019500000000000001,0.58464658336226838,0.99999219996957978,0.9999921999702901,0.9999921999702901,0.99998433749190829,0.99997657882020685,0.99998433749190829,9.2548867136841807e-17,0.99999999999652833,0.95460973314692243,0.99998319281391235,1.7178813259137927e-17
C,1,5.0000000000000002e-05,40,0.002,0.58464658336226838,0.9999919999679997,0.99999199996872623,0.99999199996872623,0.99998393588922596,0.999975978279528,0.99998393588922596,1.4744407408989597e-16,0.99999999999634825,0.95460972335523386,0.99998276186103741,3.8200039650812873e-17
C,1,5.0000000000000002e-05,41,0.0020500000000000002,0.58464658336226838,0.99999179996637966,0.99999179996712195,0.99999179996712195,0.99998353428654752,0.99997537773896927,0.9999835342865474,1.1459940304980858e-16,0.99999999999616351,0.95460971356354984,0.999982330908193,9.5302618887757824e-18
C,1,5.0000000000000002e-05,42,0.0021000000000000003,0.58464658336226838,0.99999159996471965,0.99999159996547871,0.99999159996547871,0.99998313268387451,0.99997477719853001,0.99998313268387451,1.4646079501186027e-16,0.99999999999597411,0.95460970377187004,0.99998189995537978,3.8116482967931762e-17
C,1,5.0000000000000002e-05,43,0.00215,0.58464658336226838,0.99999139996301967,0.99999139996379427,0.99999139996379427,0.99998273108120572,0.99997417665820998,0.99998273108120572,6.5609154202805506e-17,0.99999999999578015,0.9546096939801948,0.99998146900259699,1.9824492277263305e-17
C,1,5.0000000000000002e-05,44,0.0022000000000000001,0.58464658336226838,0.99999119996127972,0.99999119996207075,0.99999119996207075,0.99998232947854115,0.99997357611801074,0.99998232947854115,8.7548452136262752e-17,0.99999999999558131,0.95460968418852377,0.99998103804984484,9.5433490454102016e-18
C,1,5.0000000000000002e-05,45,0.0022500000000000003,0.58464658336226838,0.99999099995949969,0.99999099996030572,0.99999099996030572,0.99998192787588147,0.99997297557793019,0.99998192787588147,5.0345278856307272e-17,0.99999999999537836,0.95460967439685718,0.99998060709712389,2.7480230602826498e-17
C,1,5.0000000000000002e-05,46,0.0023,0.58464658336226838,0.99999079995767959,0.99999079995850171,0.99999079995850171,0.99998152627322645,0.99997237503796998,0.99998152627322645,1.5307527899211823e-17,0.99999999999517053,0.95460966460519514,0.99998017614443324,1.4748811585307168e-17
C,1,5.0000000000000002e-05,47,0.0023500000000000001,0.58464658336226838,0.99999059995581963,0.99999059995665707,0.99999059995665707,0.99998112467057543,0.99997177449812846,0.99998112467057543,4.3085604529830005e-17,0.99999999999495826,0.95460965481353754,0.99997974519177346,9.5477151274838951e-18
C,1,5.0000000000000002e-05,48,0.0024000000000000002,0.58464658336226838,0.99999039995391958,0.99999039995477268,0.99999039995477268,0.99998072306792929,0.99997117395840718,0.99998072306792918,4.2741199393168143e-17,0.99999999999474154,0.95460964502188439,0.99997931423914443,3.1061149032762387e-17
C,1,5.0000000000000002e-05,49,0.0024499999999999999,0.58464658336226838,0.99999019995197957,0.99999019995284855,0.99999019995284855,0.9999803214652877,0.99997057341880546,0.99998032146528759,7.3125684247407004e-17,0.99999999999452016,0.9546096352302359,0.99997888328654616,1.5633018820347263e-17
C,1,5.0000000000000002e-05,50,0.0025000000000000001,0.58464658336226838,0.99998999994999949,0.99998999995088333,0.99998999995088333,0.99997991986264978,0.99996997287932299,0.99997991986264967,5.4107449028256155e-17,0.99999999999429434,0.9546096254385914,0.99997845233397831,9.6951905947401007e-18
C,1,5.0000000000000002e-05,51,0.0025500000000000002,0.58464658336226838,0.99998979994797943,0.99998979994887904,0.99998979994887904,0.99997951826001696,0.99996937233996097,0.99997951826001696,5.6990562144374293e-17,0.99999999999406375,0.95460961564695168,0.99997802138144154,3.0531368362376881e-17
C,1,5.0000000000000002e-05,52,0.0026000000000000003,0.58464658336226838,0.99998959994591941,0.99998959994683345,0.99998959994683345,0.99997911665738848,0.9999687718007183,0.99997911665738848,5.8709100405486484e-17,0.9999999999938286,0.95460960585531629,0.99997759042893553,5.3393442658720238e-17
C,1,5.0000000000000002e-05,53,0.00265,0.58464658336226838,0.99998939994381941,0.99998939994474911,0.99998939994474911,0.99997871505476388,0.99996817126159565,0.99997871505476388,5.3501260677487854e-17,0.99999999999358913,0.95460959606368523,0.99997715947646004,1.9723811919663789e-17
C,1,5.0000000000000002e-05,54,0.0027000000000000001,0.58464658336226838,0.99998919994167934,0.9999891999426237,0.9999891999426237,0.99997831345214472,0.99996757072259246,0.99997831345214461,7.0510419765360075e-17,0.99999999999334488,0.95460958627205894,0.9999767285240152,8.6716560203812458e-18
C,1,5.0000000000000002e-05,55,0.0027500000000000003,0.58464658336226838,0.9999889999394993,0.99998899994045876,0.99998899994045876,0.99997791184952922,0.99996697018370828,0.99997791184952911,9.2373779460360538e-17,0.99999999999309608,0.95460957648043665,0.99997629757160122,2.2379564685982987e-17
C,1,5.0000000000000002e-05,56,0.0028,0.58464658336226838,0.99998879993727929,0.99998879993825318,0.99998879993825318,0.99997751024691872,0.99996636964494456,0.99997751024691861,7.5317048594798801e-17,0.99999999999284284,0.95460956668881902,0.99997586661921778,1.1911445180828628e-17
C,1,5.0000000000000002e-05,57,0.0028500000000000001,0.58464658336226838,0.99998859993501932,0.99998859993600764,0.99998859993600764,0.99997710864431311,0.99996576910630008,0.999977108644313,1.2887636230989263e-16,0.99999999999258504,0.95460955689720606,0.99997543566686542,2.2355795676141578e-17
C,1,5.0000000000000002e-05,58,0.0029000000000000002,0.58464658336226838,0.99998839993271926,0.99998839993372224,0.99998839993372224,0.99997670704171104,0.99996516856777473,0.99997670704171093,9.2844199762103812e-17,0.99999999999232259,0.95460954710559698,0.99997500471454337,2.1591180297486103e-17
C,1,5.0000000000000002e-05,59,0.0029499999999999999,0.58464658336226838,0.99998819993037913,0.99998819993139687,0.99998819993139687,0.99997630543911364,0.99996456802936973,0.99997630543911353,8.9654346736721083e-17,0.99999999999205536,0.95460953731399267,0.99997457376225218,2.653476461881126e-17
C,1,5.0000000000000002e-05,60,0.0030000000000000001,0.58464658336226838,0.99998799992799914,0.99998799992903065,0.99998799992903065,0.99997590383652069,0.99996396749108452,0.99997590383652069,1.0865104502616253e-16,0.99999999999178391,0.95460952752239281,0.99997414280999186,2.1249531540566802e-17
C,1,5.0000000000000002e-05,61,0.0030500000000000002,0.58464658336226838,0.99998779992557907,0.99998779992662479,0.99998779992662479,0.99997550223393217,0.99996336695291854,0.99997550223393206,6.5266057732108497e-17,0.99999999999150779,0.95460951773079716,0.99997371185776218,2.1251756930366047e-17
C,1,5.0000000000000002e-05,62,0.0031000000000000003,0.58464658336226838,0.99998759992311903,0.99998759992417929,0.99998759992417929,0.99997510063134865,0.99996276641487247,0.99997510063134865,5.9116440536382262e-17,0.99999999999122713,0.95460950793920629,0.99997328090556348,1.22780662446627e-17
C,1,5.0000000000000002e-05,63,0.00315,0.58464658336226838,0.99998739992061902,0.9999873999216935,0.9999873999216935,0.99997469902876934,0.99996216587694586,0.99997469902876923,3.6859734633698147e-17,0.99999999999094169,0.95460949814761997,0.99997284995339497,3.41366521219523e-17
C,1,5.0000000000000002e-05,64,0.0032000000000000002,0.58464658336226838,0.99998719991807894,0.99998719991916729,0.99998719991916729,0.99997429742619404,0.99996156533913894,0.99997429742619393,5.1057872153189671e-17,0.99999999999065181,0.95460948835603776,0.99997241900125766,4.1262589061816101e-18
C,1,5.0000000000000002e-05,65,0.0032500000000000003,0.58464658336226838,0.99998699991549889,0.99998699991660123,0.99998699991660123,0.99997389582362439,0.9999609648014518,0.99997389582362428,5.7358471466658947e-17,0.99999999999035749,0.95460947856446043,0.99997198804915111,1.426914291067947e-17
C,1,5.0000000000000002e-05,66,0.0033,0.58464658336226838,0.99998679991287887,0.99998679991399497,0.99998679991399497,0.99997349422105797,0.99996036426388391,0.99997349422105797,7.0765806089408607e-17,0.99999999999005862,0.95460946877288688,0.99997155709707475,7.3668515812784806e-17
C,1,5.0000000000000002e-05,67,0.0033500000000000001,0.58464658336226838,0.99998659991021877,0.99998659991134864,0.99998659991134864,0.99997309261849621,0.99995976372643602,0.9999730926184961,9.1885695834191317e-17,0.99999999998975508,0.9546094589813181,0.99997112614502937,3.9434074449825546e-17
C,1,5.0000000000000002e-05,68,0.0034000000000000002,0.58464658336226838,0.9999863999075187,0.99998639990866178,0.99998639990866178,0.999972691015939,0.99995916318910771,0.999972691015939,3.4949033074209876e-17,0.99999999998944689,0.95460944918975366,0.99997069519301462,1.7189334163243613e-17
C,1,5.0000000000000002e-05,69,0.0034500000000000004,0.58464658336226838,0.99998619990477866,0.99998619990593551,0.99998619990593551,0.99997228941338689,0.99995856265189897,0.99997228941338689,9.2478759174365804e-17,0.99999999998913436,0.95460943939819354,0.99997026424103086,3.7592083182444844e-17
C,1,5.0000000000000002e-05,70,0.0035000000000000001,0.58464658336226838,0.99998599990199866,0.9999859999031685,0.9999859999031685,0.99997188781083901,0.99995796211481058,0.99997188781083901,1.0384085434684179e-16,0.99999999998881706,0.95460942960663819,0.99996983328907763,1.9206736231589263e-17
C,1,5.0000000000000002e-05,71,0.0035500000000000002,0.58464658336226838,0.99998579989917857,0.99998579990036218,0.99998579990036218,0.99997148620829523,0.99995736157784088,0.99997148620829523,5.8701891366312094e-17,0.99999999998849509,0.95460941981508707,0.99996940233715514,3.1967502374623968e-17
C,1,5.0000000000000002e-05,72,0.0036000000000000003,0.58464658336226838,0.99998559989631852,0.99998559989751501,0.99998559989751501,0.99997108460575679,0.99995676104099129,0.99997108460575668,1.2662643776146363e-16,0.99999999998816913,0.95460941002354072,0.99996897138526353,1.0124793463457144e-17
C,1,5.0000000000000002e-05,73,0.00365,0.58464658336226838,0.9999853998934185,0.9999853998946282,0.9999853998946282,0.99997068300322145,0.9999561605042615,0.99997068300322134,1.5895629636096428e-16,0.99999999998783795,0.95460940023199825,0.99996854043340255,3.6563730104329452e-17
C,1,5.0000000000000002e-05,74,0.0037000000000000002,0.58464658336226838,0.9999851998904784,0.9999851998917012,0.9999851998917012,0.99997028140069188,0.99995555996765162,0.99997028140069188,4.4179999114578302e-17,0.99999999998750244,0.95460939044046067,0.99996810948157233,1.2393145497209106e-17
C,1,5.0000000000000002e-05,75,0.0037500000000000003,0.58464658336226838,0.99998499988749834,0.99998499988873346,0.99998499988873346,0.99996987979816543,0.99995495943116075,0.99996987979816543,9.4152982718846388e-17,0.99999999998716249,0.95460938064892753,0.99996767852977275,7.9845096585631252e-17
C,1,5.0000000000000002e-05,76,0.0038,0.58464658336226838,0.9999847998844783,0.99998479988572642,0.99998479988572642,0.99996947819564397,0.99995435889478967,0.99996947819564397,6.567989097069641e-17,0.99999999998681788,0.9546093708573985,0.99996724757800382,1.1934782910128518e-18
C,1,5.0000000000000002e-05,77,0.0038500000000000001,0.58464658336226838,0.99998459988141819,0.99998459988267874,0.99998459988267874,0.99996907659312728,0.99995375835853839,0.99996907659312728,5.609006873639442e-17,0.9999999999864686,0.95460936106587402,0.99996681662626563,1.3489529618590211e-17
C,1,5.0000000000000002e-05,78,0.0039000000000000003,0.58464658336226838,0.99998439987831811,0.99998439987959142,0.99998439987959142,0.99996867499061548,0.99995315782240668,0.99996867499061537,7.8842401710344479e-17,0.999999999986115,0.95460935127435431,0.9999663856745582,3.6291153518072794e-17
C,1,5.0000000000000002e-05,79,0.0039500000000000004,0.58464658336226838,0.99998419987517806,0.99998419987646436,0.99998419987646436,0.99996827338810801,0.99995255728639443,0.99996827338810801,6.457794029949476e-17,0.99999999998575662,0.95460934148283871,0.99996595472288152,1.5813683076663372e-17
C,1,5.0000000000000002e-05,80,0.0040000000000000001,0.58464658336226838,0.99998399987199793,0.99998399987329645,0.99998399987329645,0.99996787178560409,0.99995195675050186,0.99996787178560409,8.4152016744798363e-17,0.99999999998539391,0.95460933169132767,0.99996552377123571,2.8988195200283712e-17
C,1,5.0000000000000002e-05,81,0.0040499999999999998,0.58464658336226838,0.99998379986877783,0.99998379987008912,0.99998379987008912,0.99996747018310483,0.99995135621472941,0.99996747018310483,7.6830457461056205e-17,0.99999999998502653,0.95460932189982084,0.99996509281962043,2.8879499905651821e-17
C,1,5.0000000000000002e-05,82,0.0041000000000000003,0.58464658336226838,0.99998359986551777,0.99998359986684082,0.99998359986684082,0.9999670685806108,0.9999507556790761,0.9999670685806108,1.0093246835062205e-17,0.99999999998465461,0.95460931210831867,0.99996466186803579,3.4625603032097513e-17
C,1,5.0000000000000002e-05,83,0.00415,0.58464658336226838,0.99998339986221774,0.99998339986355322,0.99998339986355322,0.99996666697812042,0.99995015514354313,0.99996666697812042,1.2710373087167153e-16,0.99999999998427791,0.95460930231682073,0.99996423091648223,7.7653964114040961e-18
C,1,5.0000000000000002e-05,84,0.0042000000000000006,0.58464658336226838,0.99998319985887762,0.99998319986022488,0.99998319986022488,0.99996626537563515,0.99994955460812895,0.99996626537563515,3.9049495830115834e-17,0.99999999998389677,0.95460929252532722,0.99996379996495932,5.327020129921908e-18
C,1,5.0000000000000002e-05,85,0.0042500000000000003,0.58464658336226838,0.99998299985549755,0.99998299985685701,0.99998299985685701,0.99996586377315411,0.99994895407283568,0.99996586377315411,7.9136589635970891e-17,0.99999999998351141,0.95460928273383849,0.99996336901346683,7.5570528047845541e-18
C,1,5.0000000000000002e-05,86,0.0043,0.58464658336226838,0.9999827998520775,0.99998279985344884,0.99998279985344884,0.99996546217067761,0.9999483535376601,0.99996546217067761,6.3357069980814181e-17,0.99999999998312095,0.9546092729423542,0.9999629380620052,3.6356042155460616e-17
C,1,5.0000000000000002e-05,87,0.0043500000000000006,0.58464658336226838,0.99998259984861737,0.99998259985000015,0.99998259985000015,0.99996506056820578,0.99994775300260597,0.99996506056820578,7.3479276417799597e-17,0.99999999998272626,0.95460926315087391,0.99996250711057444,2.1457405765499455e-17
C,1,5.0000000000000002e-05,88,0.0044000000000000003,0.58464658336226838,0.99998239984511728,0.99998239984651205,0.99998239984651205,0.99996465896573827,0.99994715246767041,0.99996465896573827,8.712037097202104e-17,0.99999999998232703,0.95460925335939839,0.99996207615917421,3.0598642580739844e-17
C,1,5.0000000000000002e-05,89,0.00445,0.58464658336226838,0.99998219984157721,0.9999821998429832,0.9999821998429832,0.99996425736327521,0.99994655193285487,0.99996425736327521,1.0112592617376515e-16,0.9999999999819229,0.95460924356792731,0.99996164520780484,1.9289810472845253e-17
C,1,5.0000000000000002e-05,90,0.0045000000000000005,0.58464658336226838,0.99998199983799707,0.9999819998394146,0.9999819998394146,0.99996385576081581,0.99994595139815901,0.99996385576081581,5.2443736472664668e-17,0.99999999998151445,0.95460923377646045,0.99996121425646611,6.8063180496348321e-17
C,1,5.0000000000000002e-05,91,0.0045500000000000002,0.58464658336226838,0.99998179983437696,0.99998179983580571,0.99998179983580571,0.99996345415836196,0.99994535086358294,0.99996345415836185,9.8581014305464839e-17,0.99999999998110145,0.95460922398499826,0.99996078330515836,1.9789057119177457e-17
C,1,5.0000000000000002e-05,92,0.0045999999999999999,0.58464658336226838,0.99998159983071688,0.99998159983215695,0.99998159983215695,0.99996305255591245,0.99994475032912655,0.99996305255591245,6.068183536350386e-17,0.99999999998068356,0.9546092141935405,0.99996035235388125,2.5450304597907116e-17
C,1,5.0000000000000002e-05,93,0.0046500000000000005,0.58464658336226838,0.99998139982701684,0.99998139982846768,0.99998139982846768,0.99996265095346726,0.99994414979479029,0.99996265095346726,5.3713452812381679e-17,0.99999999998026146,0.95460920440208719,0.99995992140263457,3.0970217676057051e-17
C,1,5.0000000000000002e-05,94,0.0047000000000000002,0.58464658336226838,0.99998119982327671,0.9999811998247391,0.9999811998247391,0.99996224935102651,0.99994354926057261,0.9999622493510264,2.2561241319980099e-17,0.99999999997983491,0.95460919461063809,0.99995949045141885,1.526594781285151e-17
C,1,5.0000000000000002e-05,95,0.0047499999999999999,0.58464658336226838,0.99998099981949662,0.99998099982096955,0.99998099982096955,0.99996184774858976,0.99994294872647549,0.99996184774858976,9.0950812134235365e-17,0.99999999997940348,0.95460918481919366,0.99995905950023367,4.2113977930422498e-18
C,1,5.0000000000000002e-05,96,0.0048000000000000004,0.58464658336226838,0.99998079981567645,0.99998079981716048,0.99998079981716048,0.99996144614615801,0.99994234819249728,0.9999614461461579,1.1214088129337095e-16,0.9999999999789676,0.95460917502775355,0.99995862854907924,4.7646546139446627e-18
C,1,5.0000000000000002e-05,97,0.0048500000000000001,0.58464658336226838,0.99998059981181631,0.99998059981331144,0.99998059981331144,0.99996104454373058,0.9999417476586383,0.99996104454373058,6.1748857722418051e-17,0.9999999999785274,0.95460916523631778,0.99995819759795579,2.6273203510136167e-17
C,1,5.0000000000000002e-05,98,0.0048999999999999998,0.58464658336226838,0.9999803998079162,0.99998039980942177,0.99998039980942177,0.99996064294130771,0.99994114712490045,0.9999606429413076,8.3894452757102088e-17,0.99999999997808231,0.95460915544488667,0.99995776664686276,7.8905138181832729e-17
C,1,5.0000000000000002e-05,99,0.0049500000000000004,0.58464658336226838,0.99998019980397612,0.99998019980549213,0.99998019980549213,0.99996024133888939,0.99994054659128118,0.9999602413388895,4.4604687005966281e-17,0.99999999997763278,0.95460914565346,0.99995733569580048,2.8188110797560485e-17
C,1,5.0000000000000002e-05,100,0.0050000000000000001,0.58464658336226838,0.99997999979999597,0.99997999980152252,0.99997999980152252,0.99995983973647551,0.9999399460577818,0.99995983973647551,7.47064525812301e-17,0.99999999997717859,0.95460913586203755,0.99995690474476906,2.0674530628405678e-17
C,1,5.0000000000000002e-05,101,0.0050500000000000007,0.58464658336226838,0.99997979979597584,0.9999797997975135,0.9999797997975135,0.99995943813406585,0.99993934552440256,0.99995943813406585,8.8696526924261123e-17,0.99999999997671996,0.95460912607061954,0.99995647379376817,1.0520357086062732e-17
C,1,5.0000000000000002e-05,102,0.0051000000000000004,0.58464658336226838,0.99997959979191575,0.99997959979346296,0.99997959979346296,0.99995903653166096,0.99993874499114244,0.99995903653166096,6.4487335823091959e-17,0.99999999997625666,0.95460911627920619,0.99995604284279838,1.5813829151367574e-17
C,1,5.0000000000000002e-05,103,0.0051500000000000001,0.58464658336226838,0.99997939978781569,0.99997939978937311,0.99997939978937311,0.99995863492926063,0.99993814445800244,0.99995863492926063,7.4177419969683669e-17,0.99999999997578881,0.95460910648779729,0.99995561189185911,1.4294197900451756e-17
C,1,5.0000000000000002e-05,104,0.0052000000000000006,0.58464658336226838,0.99997919978367555,0.99997919978524319,0.99997919978524319,0.99995823332686407,0.99993754392498169,0.99995823332686407,3.8898091008139301e-17,0.99999999997531652,0.9546090966963926,0.99995518094095059,3.3691304123565741e-18
C,1,5.0000000000000002e-05,105,0.0052500000000000003,0.58464658336226838,0.99997899977949534,0.99997899978107319,0.99997899978107319,0.9999578317244725,0.9999369433920805,0.9999578317244725,5.7605167092349886e-17,0.99999999997483968,0.95460908690499247,0.99995474999007272,4.2114147068305737e-18
C,1,5.0000000000000002e-05,106,0.0053,0.58464658336226838,0.99997879977527526,0.9999787997768631,0.9999787997768631,0.99995743012208582,0.99993634285929944,0.99995743012208582,7.3382115849481313e-17,0.99999999997435807,0.95460907711359677,0.99995431903922549,2.8301317470465136e-17
C,1,5.0000000000000002e-05,107,0.0053500000000000006,0.58464658336226838,0.99997859977101511,0.99997859977261261,0.99997859977261261,0.99995702851970292,0.99993574232663784,0.99995702851970292,9.8837923114859833e-17,0.99999999997387179,0.95460906732220552,0.99995388808840913,4.6589080290357416e-17
C,1,5.0000000000000002e-05,108,0.0054000000000000003,0.58464658336226838,0.99997839976671499,0.9999783997683217,0.9999783997683217,0.99995662691732479,0.99993514179409537,0.99995662691732479,8.2924996816239797e-17,0.99999999997338129,0.95460905753081893,0.9999534571376234,5.1434523408318479e-17
C,1,5.0000000000000002e-05,109,0.00545,0.58464658336226838,0.99997819976237479,0.99997819976399116,0.99997819976399116,0.99995622531495088,0.99993454126167325,0.99995622531495088,6.6301279383831043e-17,0.99999999997288624,0.95460904773943656,0.99995302618686832,1.263426441715027e-17
C,1,5.0000000000000002e-05,110,0.0055000000000000005,0.58464658336226838,0.99997799975799462,0.99997799975962032,0.99997799975962032,0.9999558237125814,0.9999339407293707,0.9999558237125814,6.5627996434502754e-17,0.99999999997238642,0.9546090379480584,0.99995259523614399,2.4879496955261767e-17
C,1,5.0000000000000002e-05,111,0.0055500000000000002,0.58464658336226838,0.99997779975357448,0.99997779975520951,0.99997779975520951,0.99995542211021649,0.99993334019718738,0.99995542211021649,7.4957496186737986e-17,0.99999999997188238,0.95460902815668491,0.99995216428545064,5.3270778947900963e-18
C,1,5.0000000000000002e-05,112,0.0055999999999999999,0.58464658336226838,0.99997759974911438,0.99997759975075917,0.99997759975075917,0.99995502050785623,0.99993273966512397,0.99995502050785623,2.9157367459222518e-17,0.99999999997137334,0.95460901836531586,0.99995173333478771,1.4961126148319833e-17
C,1,5.0000000000000002e-05,113,0.0056500000000000005,0.58464658336226838,0.99997739974461419,0.99997739974626831,0.99997739974626831,0.99995461890550019,0.99993213913318013,0.99995461890550019,1.5419166369319585e-16,0.99999999997085964,0.95460900857395115,0.99995130238415586,3.3026919360624493e-17
C,1,5.0000000000000002e-05,114,0.0057000000000000002,0.58464658336226838,0.99997719974007404,0.99997719974173693,0.99997719974173693,0.99995421730314893,0.99993153860135586,0.99995421730314882,1.0633546482221026e-16,0.99999999997034206,0.95460899878259076,0.99995087143355443,3.5265539561113451e-17
C,1,5.0000000000000002e-05,115,0.0057499999999999999,0.58464658336226838,0.99997699973549392,0.99997699973716603,0.99997699973716603,0.99995381570080255,0.9999309380696515,0.99995381570080255,5.9569254174720294e-17,0.99999999996981914,0.95460898899123514,0.99995044048298398,9.6477638985861902e-17
C,1,5.0000000000000002e-05,116,0.0058000000000000005,0.58464658336226838,0.99997679973087372,0.99997679973255493,0.99997679973255493,0.99995341409845961,0.99993033753806693,0.99995341409845961,1.2367740140961579e-16,0.99999999996929201,0.95460897919988397,0.99995000953244395,2.7481014204510202e-17
C,1,5.0000000000000002e-05,117,0.0058500000000000002,0.58464658336226838,0.99997659972621356,0.99997659972790354,0.99997659972790354,0.99995301249612178,0.9999297370066017,0.99995301249612167,4.4697986733338247e-17,0.99999999996876043,0.9546089694085369,0.99994957858193456,6.36359273808249e-17
C,1,5.0000000000000002e-05,118,0.0058999999999999999,0.58464658336226838,0.99997639972151342,0.99997639972321206,0.99997639972321206,0.99995261089378862,0.99992913647525605,0.99995261089378851,9.3654970322412958e-17,0.9999999999682242,0.95460895961719461,0.99994914763145593,3.3612518815631084e-17
C,1,5.0000000000000002e-05,119,0.0059500000000000004,0.58464658336226838,0.99997619971677321,0.99997619971848051,0.99997619971848051,0.99995220929145956,0.99992853594403042,0.99995220929145956,1.1853290868036672e-16,0.99999999996768341,0.95460894982585665,0.99994871668100838,4.2616760084350851e-17
C,1,5.0000000000000002e-05,120,0.0060000000000000001,0.58464658336226838,0.99997599971199302,0.99997599971370932,0.99997599971370932,0.99995180768913494,0.9999279354129248,0.99995180768913494,3.1522106560870905e-17,0.99999999996713795,0.95460894003452323,0.99994828573059102,4.6723325094953736e-17
C,1,5.0000000000000002e-05,121,0.0060500000000000007,0.58464658336226838,0.99997579970717299,0.99997579970889749,0.99997579970889749,0.99995140608681476,0.99992733488193797,0.99995140608681465,1.1689094213646417e-16,0.99999999996658817,0.95460893024319393,0.99994785478020476,1.1807068236967241e-17
C,1,5.0000000000000002e-05,122,0.0061000000000000004,0.58464658336226838,0.99997559970231276,0.99997559970404526,0.99997559970404526,0.99995100448449903,0.99992673435107071,0.99995100448449903,9.4077650124349411e-17,0.99999999996603361,0.95460892045186929,0.99994742382984914,1.1126751979400947e-17
C,1,5.0000000000000002e-05,123,0.0061500000000000001,0.58464658336226838,0.99997539969741256,0.9999753996991535,0.9999753996991535,0.99995060288218751,0.99992613382032391,0.99995060288218751,4.4402831517180267e-17,0.99999999996547462,0.9546089106605492,0.99994699287952427,1.0675255456316769e-17
C,1,5.0000000000000002e-05,124,0.0062000000000000006,0.58464658336226838,0.99997519969247239,0.99997519969422166,0.99997519969422166,0.99995020127988099,0.99992553328969624,0.99995020127988088,6.2619235290372054e-17,0.99999999996491096,0.95460890086923333,0.99994656192923015,1.473724351675652e-17
C,1,5.0000000000000002e-05,125,0.0062500000000000003,0.58464658336226838,0.99997499968749215,0.99997499968924919,0.99997499968924919,0.99994979967757847,0.99992493275918881,0.99994979967757847,6.4421970010921234e-17,0.99999999996434275,0.95460889107792202,0.99994613097896645,1.1701462576857365e-17
C,1,5.0000000000000002e-05,126,0.0063,0.58464658336226838,0.99997479968247205,0.99997479968423719,0.99997479968423719,0.99994939807528116,0.99992433222879984,0.99994939807528105,1.0129699323644131e-16,0.99999999996376998,0.95460888128661492,0.99994570002873384,2.3174459171264962e-17
C,1,5.0000000000000002e-05,127,0.0063500000000000006,0.58464658336226838,0.99997459967741176,0.99997459967918501,0.99997459967918501,0.99994899647298718,0.99992373169853099,0.99994899647298718,8.6648865324702737e-17,0.99999999996319255,0.95460887149531237,0.99994526907853198,7.1163724547024563e-18
C,1,5.0000000000000002e-05,128,0.0064000000000000003,0.58464658336226838,0.99997439967231161,0.9999743996740923,0.9999743996740923,0.99994859487069909,0.99992313116838294,0.99994859487069898,5.2642246512554633e-17,0.9999999999626108,0.95460886170401449,0.99994483812836044,1.9068167210683144e-17
C,1,5.0000000000000002e-05,129,0.00645,0.58464658336226838,0.99997419966717138,0.99997419966896017,0.99997419966896017,0.99994819326841455,0.99992253063835379,0.99994819326841455,1.0264848846081449e-16,0.99999999996202438,0.95460885191272093,0.99994440717821997,2.4302688048925941e-17
C,1,5.0000000000000002e-05,130,0.0065000000000000006,0.58464658336226838,0.99997399966199119,0.99997399966378719,0.99997399966378719,0.99994779166613457,0.99992193010844399,0.99994779166613457,6.8700408219477914e-17,0.99999999996143352,0.95460884212143171,0.99994397622810993,8.3094938707878423e-17
C,1,5.0000000000000002e-05,131,0.0065500000000000003,0.58464658336226838,0.99997379965677102,0.99997379965857425,0.99997379965857425,0.99994739006385891,0.99992132957865387,0.99994739006385891,6.8599905246506005e-17,0.99999999996083777,0.95460883233014693,0.99994354527803087,4.5456449092513484e-17
C,1,5.0000000000000002e-05,132,0.0066,0.58464658336226838,0.99997359965151078,0.99997359965332222,0.99997359965332222,0.99994698846158792,0.99992072904898333,0.99994698846158792,1.1148001313936657e-16,0.9999999999602377,0.95460882253886647,0.99994311432798266,1.0251522017016478e-17
C,1,5.0000000000000002e-05,133,0.0066500000000000005,0.58464658336226838,0.99997339964621057,0.99997339964802867,0.99997339964802867,0.9999465868593217,0.99992012851943313,0.9999465868593217,7.5329842344511386e-17,0.99999999995963318,0.95460881274759091,0.99994268337796499,7.2693787975001464e-17
C,1,5.0000000000000002e-05,134,0.0067000000000000002,0.58464658336226838,0.99997319964087039,0.99997319964269515,0.99997319964269515,0.99994618525705981,0.99991952799000183,0.99994618525705981,7.0033617946277118e-17,0.99999999995902378,0.95460880295631945,0.99994225242797796,1.2147718818154126e-17
C,1,5.0000000000000002e-05,135,0.0067499999999999999,0.58464658336226838,0.99997299963549013,0.999972999637323,0.999972999637323,0.99994578365480224,0.99991892746069067,0.99994578365480224,4.551431509497622e-17,0.99999999995840982,0.95460879316505232,0.99994182147802213,1.935442168440611e-17
C,1,5.0000000000000002e-05,136,0.0068000000000000005,0.58464658336226838,0.99997279963006991,0.99997279963190933,0.99997279963190933,0.99994538205254868,0.99991832693149918,0.99994538205254868,3.8636608099445164e-17,0.99999999995779154,0.95460878337378996,0.9999413905280965,2.6757009696267072e-17
C,1,5.0000000000000002e-05,137,0.0068500000000000002,0.58464658336226838,0.99997259962460971,0.99997259962645613,0.99997259962645613,0.9999449804503,0.99991772640242704,0.99994498045029989,3.1145910948669779e-17,0.99999999995716871,0.95460877358253182,0.99994095957820173,3.1521462156044837e-17
C,1,5.0000000000000002e-05,138,0.0069000000000000008,0.58464658336226838,0.99997239961910944,0.99997239962096274,0.99997239962096274,0.99994457884805665,0.99991712587347437,0.99994457884805665,5.335042381553068e-17,0.99999999995654121,0.95460876379127813,0.99994052862833771,1.6080980575214215e-17
C,1,5.0000000000000002e-05,139,0.0069500000000000004,0.58464658336226838,0.9999721996135692,0.99997219961542938,0.99997219961542938,0.99994417724581641,0.99991652534464215,0.9999441772458163,4.1089359131507306e-17,0.99999999995590905,0.95460875400002876,0.99994009767850456,1.065427560080555e-17
C,1,5.0000000000000002e-05,140,0.0070000000000000001,0.58464658336226838,0.9999719996079891,0.99997199960985528,0.99997199960985528,0.99994377564358183,0.99991592481592928,0.99994377564358183,6.7771161737284807e-17,0.99999999995527245,0.95460874420878394,0.99993966672870205,3.5301095812876082e-17
C,1,5.0000000000000002e-05,141,0.0070500000000000007,0.58464658336226838,0.99997179960236882,0.99997179960424198,0.99997179960424198,0.9999433740413507,0.99991532428733609,0.99994337404135059,1.4919448151157883e-16,0.99999999995463129,0.95460873441754368,0.99993923577893018,4.2952921999202456e-17
C,1,5.0000000000000002e-05,142,0.0071000000000000004,0.58464658336226838,0.99997159959670856,0.99997159959858783,0.99997159959858783,0.99994297243912444,0.99991472375886181,0.99994297243912433,1.4480495507741921e-16,0.99999999995398525,0.95460872462630764,0.99993880482918929,3.8488386568340152e-17
C,1,5.0000000000000002e-05,143,0.0071500000000000001,0.58464658336226838,0.99997139959100834,0.99997139959289394,0.99997139959289394,0.99994257083690274,0.99991412323050777,0.99994257083690263,8.0056805252230851e-17,0.99999999995333522,0.95460871483507614,0.99993837387947848,4.7885090128476602e-17
C,1,5.0000000000000002e-05,144,0.0072000000000000007,0.58464658336226838,0.99997119958526803,0.99997119958716041,0.99997119958716041,0.99994216923468582,0.99991352270227374,0.99994216923468571,9.1818521285060517e-17,0.99999999995268019,0.9546087050438492,0.99993794292979887,2.6321017179846635e-17
C,1,5.0000000000000002e-05,145,0.0072500000000000004,0.58464658336226838,0.99997099957948776,0.99997099958138624,0.99997099958138624,0.99994176763247278,0.99991292217415872,0.99994176763247267,4.648649828774558e-17,0.99999999995202093,0.9546086952526267,0.99993751198014991,6.7646423362357327e-18
C,1,5.0000000000000002e-05,146,0.0073000000000000001,0.58464658336226838,0.99997079957366752,0.99997079957557189,0.99997079957557189,0.99994136603026496,0.99991232164616362,0.99994136603026484,2.7933560920906993e-17,0.99999999995135691,0.95460868546140865,0.99993708103053169,2.3463674055166124e-17
C,1,5.0000000000000002e-05,147,0.0073500000000000006,0.58464658336226838,0.99997059956780732,0.99997059956971757,0.99997059956971757,0.99994096442806013,0.9999117211182883,0.99994096442806002,8.7242819994935204e-17,0.99999999995068822,0.9546086756701947,0.99993665008094412,6.4985285738806838e-17
C,1,5.0000000000000002e-05,148,0.0074000000000000003,0.58464658336226838,0.99997039956190703,0.99997039956382305,0.99997039956382305,0.99994056282586097,0.99991112059053244,0.99994056282586097,8.6449218329855379e-17,0.99999999995001509,0.95460866587898541,0.9999362191313873,1.5138122613710513e-17
C,1,5.0000000000000002e-05,149,0.00745,0.58464658336226838,0.99997019955596678,0.99997019955788868,0.99997019955788868,0.99994016122366569,0.99991052006289605,0.99994016122366569,1.2054227452816954e-16,0.99999999994933741,0.95460865608778067,0.99993578818186124,2.890934985521672e-17
C,1,5.0000000000000002e-05,150,0.0075000000000000006,0.58464658336226838,0.99996999954998655,0.99996999955191401,0.99996999955191401,0.99993975962147585,0.99990991953537967,0.99993975962147574,3.2269782941215427e-17,0.9999999999486554,0.95460864629658027,0.99993535723236571,2.9946039359731428e-17
C,1,5.0000000000000002e-05,151,0.0075500000000000003,0.58464658336226838,0.99996979954396625,0.99996979954589937,0.99996979954589937,0.99993935801928924,0.99990931900798319,0.99993935801928924,5.6679012706621958e-17,0.99999999994796851,0.95460863650538441,0.99993492628290104,1.2045163090635472e-17
C,1,5.0000000000000002e-05,152,0.0076,0.58464658336226838,0.99996959953790598,0.9999695995398441,0.9999695995398441,0.99993895641710806,0.99990871848070584,0.99993895641710806,1.4805449345102639e-16,0.99999999994727695,0.95460862671419289,0.99993449533346723,3.2953512490195883e-17
C,1,5.0000000000000002e-05,153,0.0076500000000000005,0.58464658336226838,0.99996939953180564,0.99996939953374941,0.99996939953374941,0.99993855481493055,0.99990811795354817,0.99993855481493055,2.0235990976750894e-17,0.99999999994658118,0.95460861692300569,0.99993406438406396,9.8228119873524228e-18
C,1,5.0000000000000002e-05,154,0.0077000000000000002,0.58464658336226838,0.99996919952566543,0.99996919952761498,0.99996919952761498,0.99993815321275803,0.99990751742651074,0.99993815321275792,7.4718627301499421e-17,0.99999999994588062,0.95460860713182327,0.99993363343469133,4.2366912163503042e-17
C,1,5.0000000000000002e-05,155,0.0077499999999999999,0.58464658336226838,0.99996899951948515,0.99996899952143925,0.99996899952143925,0.99993775161058995,0.99990691689959188,0.99993775161058995,6.2310442715585408e-17,0.99999999994517563,0.95460859734064529,0.99993320248534956,5.2793457453024175e-17
C,1,5.0000000000000002e-05,156,0.0078000000000000005,0.58464658336226838,0.99996879951326478,0.99996879951522422,0.99996879951522422,0.99993735000842598,0.99990631637279415,0.9999373500084261,2.1518085909799207e-17,0.99999999994446609,0.95460858754947109,0.99993277153603843,2.4557059556704203e-18
C,1,5.0000000000000002e-05,157,0.0078500000000000011,0.58464658336226838,0.99996859950700445,0.99996859950896855,0.99996859950896855,0.99993694840626735,0.99990571584611476,0.99993694840626723,1.0529734808304183e-16,0.99999999994375177,0.95460857775830177,0.99993234058675817,1.1378853590114831e-17
C,1,5.0000000000000002e-05,158,0.0079000000000000008,0.58464658336226838,0.99996839950070415,0.99996839950267358,0.99996839950267358,0.99993654680411259,0.99990511531955562,0.99993654680411248,9.8718378043370807e-17,0.99999999994303301,0.95460856796713689,0.99993190963750866,2.9238977480627715e-17
C,1,5.0000000000000002e-05,159,0.0079500000000000005,0.58464658336226838,0.99996819949436389,0.99996819949633831,0.99996819949633831,0.99993614520196217,0.99990451479311659,0.99993614520196217,1.1019329631888e-16,0.9999999999423097,0.95460855817597645,0.99993147868828969,3.8414845548578472e-17
C,1,5.0000000000000002e-05,160,0.0080000000000000002,0.58464658336226838,0.99996799948798365,0.99996799948996207,0.99996799948996207,0.99993574359981596,0.99990391426679626,0.99993574359981596,5.0245837224696105e-17,0.99999999994158173,0.95460854838482057,0.99993104773910146,2.6482314273758112e-17
C,1,5.0000000000000002e-05,161,0.0080499999999999999,0.58464658336226838,0.99996779948156334,0.99996779948354642,0.99996779948354642,0.99993534199767475,0.99990331374059593,0.99993534199767475,5.3434597508449389e-17,0.99999999994084943,0.95460853859366901,0.99993061678994399,3.4856442704367329e-17
C,1,5.0000000000000002e-05,162,0.0080999999999999996,0.58464658336226838,0.99996759947510305,0.9999675994770908,0.9999675994770908,0.99993494039553799,0.99990271321451563,0.99993494039553799,1.338498137712638e-16,0.99999999994011257,0.95460852880252167,0.99993018584081739,2.2640544790708965e-17
C,1,5.0000000000000002e-05,163,0.008150000000000001,0.58464658336226838,0.99996739946860269,0.99996739947059499,0.99996739947059499,0.99993453879340588,0.99990211268855433,0.99993453879340599,9.0489527449435005e-17,0.99999999993937072,0.95460851901137878,0.99992975489172131,2.5666052344538237e-17
C,1,5.0000000000000002e-05,164,0.0082000000000000007,0.58464658336226838,0.99996719946206236,0.99996719946405899,0.99996719946405899,0.99993413719127766,0.99990151216271317,0.99993413719127766,5.9836249131800949e-17,0.99999999993862476,0.95460850922024065,0.99992932394265566,2.1441531331138583e-17
C,1,5.0000000000000002e-05,165,0.0082500000000000004,0.58464658336226838,0.99996699945548206,0.99996699945748269,0.99996699945748269,0.99993373558915444,0.99990091163699168,0.99993373558915444,3.0786560849800657e-17,0.99999999993787425,0.95460849942910686,0.9999288929936212,3.097692909442926e-17
C,1,5.0000000000000002e-05,166,0.0083000000000000001,0.58464658336226838,0.99996679944886169,0.99996679945086675,0.99996679945086675,0.99993333398703499,0.99990031111138988,0.99993333398703488,6.0390566491488753e-17,0.99999999993711886,0.95460848963797751,0.99992846204461738,9.2461762642773969e-18
C,1,5.0000000000000002e-05,167,0.0083499999999999998,0.58464658336226838,0.99996659944220134,0.9999665994442104,0.9999665994442104,0.99993293238492054,0.99989971058590743,0.99993293238492054,1.4540780686766466e-16,0.99999999993635902,0.9546084798468526,0.99992803109564432,4.7707485606701015e-17
C,1,5.0000000000000002e-05,168,0.0084000000000000012,0.58464658336226838,0.99996639943550103,0.99996639943751353,0.99996639943751353,0.99993253078281052,0.99989911006054466,0.99993253078281041,7.298358825005346e-17,0.99999999993559463,0.95460847005573213,0.99992760014670179,4.0962389571193755e-17
C,1,5.0000000000000002e-05,169,0.0084500000000000009,0.58464658336226838,0.99996619942876075,0.99996619943077747,0.99996619943077747,0.99993212918070506,0.99989850953530168,0.99993212918070506,7.8448802016897752e-17,0.9999999999348258,0.95460846026461588,0.99992716919779012,2.8389538575498212e-17
C,1,5.0000000000000002e-05,170,0.0085000000000000006,0.58464658336226838,0.99996599942198039,0.99996599942400022,0.99996599942400022,0.99993172757860416,0.99989790901017828,0.99993172757860416,8.5801599263642599e-17,0.9999999999340522,0.95460845047350429,0.9999267382489091,2.1342085558708061e-17
C,1,5.0000000000000002e-05,171,0.0085500000000000003,0.58464658336226838,0.99996579941516006,0.99996579941718389,0.99996579941718389,0.99993132597650713,0.999897308485175,0.99993132597650713,1.8383666373230593e-16,0.99999999993327426,0.95460844068239725,0.99992630730005883,2.1099836285493828e-17
C,1,5.0000000000000002e-05,172,0.0086,0.58464658336226838,0.99996559940829965,0.99996559941032692,0.99996559941032692,0.99993092437441533,0.99989670796029095,0.99993092437441533,8.8360664389667105e-17,0.99999999993249156,0.95460843089129443,0.9999258763512392,4.2016456693440342e-18
C,1,5.0000000000000002e-05,173,0.0086499999999999997,0.58464658336226838,0.99996539940139928,0.99996539940343043,0.99996539940343043,0.99993052277232763,0.99989610743552682,0.99993052277232763,8.9601338946520927e-17,0.99999999993170452,0.95460842110019617,0.99992544540245032,1.5173383840801273e-17
C,1,5.0000000000000002e-05,174,0.0087000000000000011,0.58464658336226838,0.99996519939445894,0.9999651993964932,0.9999651993964932,0.9999301211702446,0.99989550691088125,0.9999301211702446,1.0127577781160788e-16,0.99999999993091282,0.95460841130910223,0.99992501445369231,5.0888127714194369e-18
C,1,5.0000000000000002e-05,175,0.0087500000000000008,0.58464658336226838,0.99996499938747851,0.99996499938951611,0.99996499938951611,0.99992971956816556,0.99989490638635692,0.99992971956816556,5.5402237068672133e-17,0.99999999993011635,0.95460840151801274,0.9999245835049646,4.5371573489863186e-17
C,1,5.0000000000000002e-05,176,0.0088000000000000005,0.58464658336226838,0.99996479938045812,0.99996479938249894,0.99996479938249894,0.9999293179660913,0.9998943058619516,0.9999293179660913,1.0563093500276559e-16,0.99999999992931543,0.9546083917269278,0.99992415255626799,1.8386768236299921e-17
C,1,5.0000000000000002e-05,177,0.0088500000000000002,0.58464658336226838,0.99996459937339777,0.99996459937544102,0.99996459937544102,0.99992891636402159,0.99989370533766575,0.99992891636402159,1.1568992045627917e-16,0.9999999999285103,0.95460838193584707,0.99992372160760223,2.3659690826397686e-17
C,1,5.0000000000000002e-05,178,0.0088999999999999999,0.58464658336226838,0.99996439936629744,0.99996439936834403,0.99996439936834403,0.99992851476195621,0.99989310481350002,0.9999285147619561,9.9496660868963628e-17,0.99999999992770017,0.95460837214477079,0.9999232906589669,2.7834511944679321e-17
C,1,5.0000000000000002e-05,179,0.0089499999999999996,0.58464658336226838,0.99996419935915704,0.99996419936120651,0.99996419936120651,0.9999281131598956,0.99989250428945353,0.99992811315989572,3.5096089369375713e-17,0.99999999992688549,0.95460836235369939,0.99992285971036243,1.9142971812738958e-17
C,1,5.0000000000000002e-05,180,0.0090000000000000011,0.58464658336226838,0.99996399935197666,0.99996399935402847,0.99996399935402847,0.99992771155783877,0.99989190376552695,0.99992771155783866,5.3789159428858608e-17,0.99999999992606636,0.9546083525626321,0.9999224287617885,1.9400538329104857e-17
C,1,5.0000000000000002e-05,181,0.0090500000000000008,0.58464658336226838,0.99996379934475632,0.99996379934681145,0.99996379934681145,0.99992730995578694,0.99989130324171971,0.99992730995578694,1.3589846682679402e-16,0.99999999992524291,0.95460834277156936,0.99992199781324553,6.6926610365773528e-18
C,1,5.0000000000000002e-05,182,0.0091000000000000004,0.58464658336226838,0.9999635993374959,0.99996359933955326,0.99996359933955326,0.99992690835373976,0.99989070271803226,0.99992690835373965,8.8926376840585151e-17,0.99999999992441457,0.95460833298051073,0.99992156686473277,2.5769699843539574e-17
C,1,5.0000000000000002e-05,183,0.0091500000000000001,0.58464658336226838,0.99996339933019551,0.99996339933225542,0.99996339933225542,0.99992650675169614,0.99989010219446428,0.99992650675169614,7.3666805911736831e-17,0.99999999992358168,0.95460832318945688,0.99992113591625109,2.1309057820891103e-17
C,1,5.0000000000000002e-05,184,0.0091999999999999998,0.58464658336226838,0.99996319932285505,0.9999631993249174,0.9999631993249174,0.99992610514965774,0.99988950167101609,0.99992610514965763,1.4496900809246304e-16,0.99999999992274446,0.95460831339840768,0.99992070496780039,4.3808201019604829e-17
C,1,5.0000000000000002e-05,185,0.0092500000000000013,0.58464658336226838,0.99996299931547461,0.99996299931753874,0.99996299931753874,0.999925703547624,0.99988890114768758,0.999925703547624,1.1497424600601375e-16,0.99999999992190247,0.95460830360736237,0.99992027401938,1.7883597250669892e-18
C,1,5.0000000000000002e-05,186,0.009300000000000001,0.58464658336226838,0.99996279930805421,0.99996279931012133,0.99996279931012133,0.99992530194559426,0.99988830062447898,0.99992530194559426,1.5694718138694015e-16,0.99999999992105604,0.95460829381632162,0.99991984307099058,1.4294480524325113e-17
C,1,5.0000000000000002e-05,187,0.0093500000000000007,0.58464658336226838,0.99996259930059384,0.9999625993026624,0.9999625993026624,0.99992490034356862,0.99988770010138994,0.99992490034356862,7.5703555923425344e-17,0.99999999992020483,0.95460828402528564,0.99991941212263202,4.0715071379678865e-17
C,1,5.0000000000000002e-05,188,0.0094000000000000004,0.58464658336226838,0.99996239929309338,0.99996239929516406,0.99996239929516406,0.99992449874154798,0.99988709957842015,0.99992449874154798,8.3011578180071678e-17,0.99999999991934951,0.95460827423425387,0.99991898117430378,4.1879039783033246e-17
C,1,5.0000000000000002e-05,189,0.0094500000000000001,0.58464658336226838,0.99996219928555297,0.99996219928762564,0.99996219928762564,0.99992409713953234,0.99988649905557048,0.99992409713953223,4.6060017927532942e-17,0.99999999991848931,0.95460826444322655,0.99991855022600651,3.6570284078549431e-17
C,1,5.0000000000000002e-05,190,0.0094999999999999998,0.58464658336226838,0.99996199927797258,0.9999619992800467,0.9999619992800467,0.99992369553752058,0.99988589853284016,0.99992369553752058,3.9402699870772046e-17,0.99999999991762456,0.95460825465220334,0.99991811927773966,2.0324997148203381e-17
C,1,5.0000000000000002e-05,191,0.0095500000000000012,0.58464658336226838,0.99996179927035211,0.99996179927242823,0.99996179927242823,0.99992329393551316,0.99988529801022974,0.99992329393551316,1.3237798083636901e-16,0.99999999991675526,0.95460824486118523,0.9999176883295039,3.938209907394725e-17
C,1,5.0000000000000002e-05,192,0.0096000000000000009,0.58464658336226838,0.99996159926269168,0.99996159926476935,0.99996159926476935,0.99992289233351039,0.99988469748773889,0.99992289233351039,9.7002437463475916e-17,0.9999999999158814,0.95460823507017101,0.99991725738129866,3.3608487961515351e-17
C,1,5.0000000000000002e-05,193,0.0096500000000000006,0.58464658336226838,0.99996139925499128,0.99996139925707017,0.99996139925707017,0.99992249073151207,0.99988409696536751,0.99992249073151207,6.0707048789078067e-17,0.99999999991500321,0.95460822527916178,0.99991682643312407,1.0954367074361308e-17
C,1,5.0000000000000002e-05,194,0.0097000000000000003,0.58464658336226838,0.9999611992472508,0.99996119924933158,0.99996119924933158,0.9999220891295183,0.99988349644311603,0.9999220891295183,5.6634286505894226e-17,0.99999999991412003,0.95460821548815655,0.99991639548498046,1.9207692776251294e-17
C,1,5.0000000000000002e-05,195,0.00975,0.58464658336226838,0.99996099923947035,0.99996099924155224,0.99996099924155224,0.99992168752752886,0.99988289592098467,0.99992168752752886,9.7791373876679962e-17,0.99999999991323241,0.95460820569715588,0.99991596453686749,5.8660339553255664e-18
C,1,5.0000000000000002e-05,196,0.0097999999999999997,0.58464658336226838,0.99996079923164982,0.99996079923373238,0.99996079923373238,0.99992128592554363,0.99988229539897189,0.99992128592554352,3.965350899485716e-17,0.99999999991234045,0.95460819590615964,0.99991553358878493,3.5437290671080438e-17
C,1,5.0000000000000002e-05,197,0.0098500000000000011,0.58464658336226838,0.99996059922378944,0.9999605992258731,0.9999605992258731,0.99992088432356352,0.99988169487707967,0.99992088432356352,2.6098091534289862e-17,0.99999999991144373,0.95460818611516762,0.99991510264073336,4.5379548052196981e-17
C,1,5.0000000000000002e-05,198,0.0099000000000000008,0.58464658336226838,0.99996039921588897,0.99996039921797419,0.99996039921797419,0.99992048272158729,0.99988109435530725,0.99992048272158729,4.0297283651824842e-17,0.99999999991054256,0.95460817632418049,0.99991467169271253,2.305439004390082e-17
C,1,5.0000000000000002e-05,199,0.0099500000000000005,0.58464658336226838,0.99996019920794854,0.99996019921003465,0.99996019921003465,0.9999200811196155,0.99988049383365352,0.9999200811196155,4.6799238711918509e-17,0.99999999990963684,0.95460816653319736,0.99991424074472235,1.8299760263236043e-17
C,1,5.0000000000000002e-05,200,0.01,0.58464658336226838,0.99995999919996803,0.99995999920205492,0.99995999920205492,0.99991967951764871,0.99987989331212024,0.99991967951764871,1.4591133892843042e-16,0.99999999990872623,0.95460815674221899,0.99991380979676281,4.2742886837408156e-17
C,1,5.0000000000000002e-05,201,0.01005,0.58464658336226838,0.99995979919194755,0.9999597991940351,0.9999597991940351,0.99991927791568591,0.99987929279070564,0.9999192779156858,1.3298312476937853e-16,0.99999999990781174,0.95460814695124485,0.99991337884883402,4.6012322936156586e-17
C,1,5.0000000000000002e-05,202,0.010100000000000001,0.58464658336226838,0.99995959918388699,0.99995959918597521,0.99995959918597521,0.99991887631372811,0.99987869226941128,0.99991887631372811,5.4648585781796409e-17,0.99999999990689215,0.95460813716027526,0.9999129479009361,4.0897945752987452e-17
C,1,5.0000000000000002e-05,203,0.010150000000000001,0.58464658336226838,0.99995939917578658,0.99995939917787557,0.99995939917787557,0.99991847471177486,0.99987809174823694,0.99991847471177486,5.368331184387079e-17,0.999999999905968,0.95460812736931011,0.99991251695306926,1.7701324566974585e-17
C,1,5.0000000000000002e-05,204,0.010200000000000001,0.58464658336226838,0.99995919916764608,0.99995919916973519,0.99995919916973519,0.9999180731098255,0.99987749122718272,0.9999180731098255,1.3472677890256914e-16,0.99999999990503941,0.9546081175783494,0.99991208600523251,8.5171895530409923e-17
C,1,5.0000000000000002e-05,205,0.01025,0.58464658336226838,0.99995899915946551,0.99995899916155506,0.99995899916155506,0.9999176715078808,0.99987689070624652,0.9999176715078808,5.8875059479599144e-17,0.99999999990410626,0.95460810778739313,0.99991165505742674,1.9217009925268301e-17
C,1,5.0000000000000002e-05,206,0.0103,0.58464658336226838,0.99995879915124497,0.99995879915333497,0.99995879915333497,0.99991726990594054,0.99987629018543145,0.99991726990594054,5.9673290250709305e-17,0.99999999990316868,0.95460809799644131,0.99991122410965161,2.4506940884291756e-17
C,1,5.0000000000000002e-05,207,0.01035,0.58464658336226838,0.99995859914298446,0.99995859914507423,0.99995859914507423,0.99991686830400439,0.99987568966473495,0.99991686830400439,6.9654328449206158e-17,0.99999999990222632,0.95460808820549392,0.99991079316190734,6.9323200843492988e-17
C,1,5.0000000000000002e-05,208,0.010400000000000001,0.58464658336226838,0.99995839913468398,0.99995839913677409,0.99995839913677409,0.99991646670207335,0.99987508914415923,0.99991646670207324,4.619591314826646e-17,0.99999999990127963,0.95460807841455064,0.99991036221419394,4.9172893437867778e-17
C,1,5.0000000000000002e-05,209,0.010450000000000001,0.58464658336226838,0.99995819912634354,0.99995819912843342,0.99995819912843342,0.99991606510014652,0.99987448862370243,0.99991606510014652,6.5747449761337713e-17,0.99999999990032817,0.95460806862361225,0.99990993126651084,4.0259810506195973e-17
C,1,5.0000000000000002e-05,210,0.010500000000000001,0.58464658336226838,0.99995799911796301,0.99995799912005279,0.99995799912005279,0.99991566349822414,0.99987388810336553,0.99991566349822414,6.3352557334958458e-17,0.99999999989937216,0.95460805883267819,0.99990950031885883,9.3037115035629402e-18
C,1,5.0000000000000002e-05,211,0.01055,0.58464658336226838,0.99995779910954241,0.99995779911163152,0.99995779911163152,0.99991526189630608,0.9998732875831482,0.99991526189630608,9.9773804166705848e-17,0.99999999989841171,0.95460804904174834,0.99990906937123736,0
C,1,5.0000000000000002e-05,212,0.0106,0.58464658336226838,0.99995759910108184,0.99995759910317139,0.99995759910317139,0.99991486029439247,0.99987268706305032,0.99991486029439247,6.7006878031773822e-17,0.99999999989744659,0.95460803925082327,0.99990863842364663,1.2365400234019868e-17
C,1,5.0000000000000002e-05,213,0.01065,0.58464658336226838,0.9999573990925813,0.99995739909467019,0.99995739909467019,0.99991445869248363,0.99987208654307214,0.99991445869248374,1.0190897940893167e-16,0.99999999989647714,0.95460802945990242,0.99990820747608655,6.1739776790287712e-17
C,1,5.0000000000000002e-05,214,0.010700000000000001,0.58464658336226838,0.99995719908404079,0.99995719908612901,0.99995719908612901,0.99991405709057923,0.99987148602321363,0.99991405709057912,3.2152477079364568e-17,0.99999999989550303,0.9546080196689859,0.99990777652855722,2.6814134560524631e-17
C,1,5.0000000000000002e-05,215,0.010750000000000001,0.58464658336226838,0.99995699907546021,0.99995699907754809,0.99995699907754809,0.99991365548867939,0.99987088550347536,0.99991365548867939,5.2137560360391139e-17,0.99999999989452415,0.95460800987807415,0.99990734558105865,4.4251880694434944e-17
C,1,5.0000000000000002e-05,216,0.010800000000000001,0.58464658336226838,0.99995679906683965,0.99995679906892676,0.99995679906892676,0.99991325388678365,0.99987028498385655,0.99991325388678365,1.2144540980712165e-16,0.99999999989354071,0.95460800008716695,0.9999069146335906,7.2105782888897355e-17
C,1,5.0000000000000002e-05,217,0.01085,0.58464658336226838,0.99995659905817913,0.99995659906026513,0.99995659906026513,0.99991285228489279,0.99986968446435687,0.99991285228489279,8.4385963726284402e-17,0.99999999989255273,0.95460799029626353,0.99990648368615365,9.9842558811944076e-18
C,1,5.0000000000000002e-05,218,0.0109,0.58464658336226838,0.99995639904947853,0.99995639905156386,0.99995639905156386,0.99991245068300605,0.99986908394497687,0.99991245068300605,2.5184847188268754e-17,0.99999999989156052,0.95460798050536499,0.99990605273874711,1.9075976897837453e-17
C,1,5.0000000000000002e-05,219,0.01095,0.58464658336226838,0.99995619904073796,0.99995619904282285,0.99995619904282285,0.99991204908112397,0.99986848342571688,0.99991204908112385,9.0081641333569917e-17,0.99999999989056354,0.95460797071447101,0.99990562179137144,1.0333468965313064e-17
C,1,5.0000000000000002e-05,220,0.011000000000000001,0.58464658336226838,0.99995599903195742,0.99995599903404064,0.99995599903404064,0.99991164747924599,0.99986788290657647,0.99991164747924599,8.5606515793792591e-17,0.99999999988956201,0.95460796092358124,0.99990519084402607,1.4528716562787702e-17
C,1,5.0000000000000002e-05,221,0.011050000000000001,0.58464658336226838,0.9999557990231368,0.99995579902521814,0.99995579902521814,0.9999112458773729,0.99986728238755607,0.99991124587737279,9.7284460825177434e-17,0.9999999998885557,0.95460795113269603,0.9999047598967119,2.368083338514151e-17
C,1,5.0000000000000002e-05,222,0.0111,0.58464658336226838,0.99995559901427622,0.99995559901635678,0.99995559901635678,0.99991084427550436,0.99986668186865491,0.99991084427550436,3.3046999788488038e-17,0.99999999988754529,0.95460794134181493,0.99990432894942816,1.2148148168739877e-17
C,1,5.0000000000000002e-05,223,0.01115,0.58464658336226838,0.99995539900537567,0.99995539900745511,0.99995539900745511,0.99991044267363993,0.99986608134987354,0.99991044267363993,5.8494005379474768e-17,0.99999999988652977,0.95460793155093859,0.99990389800217516,4.3745134233175101e-17
C,1,5.0000000000000002e-05,224,0.0112,0.58464658336226838,0.99995519899643504,0.99995519899851282,0.99995519899851282,0.99991004107178005,0.99986548083121163,0.99991004107177994,1.1983804343964952e-16,0.99999999988551014,0.9546079217600667,0.99990346705495303,1.9727274041413409e-17
C,1,5.0000000000000002e-05,225,0.011250000000000001,0.58464658336226838,0.99995499898745444,0.99995499898953066,0.99995499898953066,0.99990963946992495,0.9998648803126694,0.99990963946992495,7.8632478209753298e-17,0.99999999988448574,0.95460791196919903,0.99990303610776166,4.6966618945306972e-17
C,1,5.0000000000000002e-05,226,0.011300000000000001,0.58464658336226838,0.99995479897843376,0.99995479898050821,0.99995479898050821,0.9999092378680744,0.99986427979424686,0.99990923786807429,7.1446073822896368e-17,0.99999999988345678,0.95460790217833591,0.99990260516060092,3.0141780434368664e-17
C,1,5.0000000000000002e-05,227,0.011350000000000001,0.58464658336226838,0.99995459896937322,0.99995459897144634,0.99995459897144634,0.99990883626622773,0.99986367927594388,0.99990883626622762,7.8076390746110906e-17,0.99999999988242327,0.95460789238747723,0.99990217421347072,4.268936850965662e-17
C,1,5.0000000000000002e-05,228,0.0114,0.58464658336226838,0.99995439896027261,0.99995439896234362,0.99995439896234362,0.99990843466438639,0.99986307875776104,0.99990843466438639,5.7325819663450269e-17,0.9999999998813851,0.95460788259662321,0.99990174326637171,9.9845775764399186e-18
C,1,5.0000000000000002e-05,229,0.01145,0.58464658336226838,0.99995419895113202,0.99995419895320048,0.99995419895320048,0.99990803306254805,0.99986247823969687,0.99990803306254794,8.4989492706768523e-17,0.9999999998803426,0.95460787280577342,0.99990131231930313,2.0154284244905993e-17
C,1,5.0000000000000002e-05,230,0.0115,0.58464658336226838,0.99995399894195136,0.99995399894401793,0.99995399894401793,0.99990763146071526,0.99986187772175372,0.99990763146071526,8.6108814328604612e-17,0.99999999987929555,0.95460786301492784,0.99990088137226518,1.6772639168939759e-17
C,1,5.0000000000000002e-05,231,0.011550000000000001,0.58464658336226838,0.99995379893273073,0.99995379893479519,0.99995379893479519,0.99990722985888691,0.99986127720392992,0.9999072298588868,8.1540091728577331e-17,0.99999999987824384,0.95460785322408714,0.99990045042525799,1.0402219856295979e-17
C,1,5.0000000000000002e-05,232,0.011600000000000001,0.58464658336226838,0.99995359892347002,0.99995359892553259,0.99995359892553259,0.99990682825706267,0.99986067668622491,0.99990682825706267,2.8748677330244384e-17,0.99999999987718757,0.95460784343325078,0.99990001947828167,3.0376332319013764e-17
C,1,5.0000000000000002e-05,233,0.011650000000000001,0.58464658336226838,0.99995339891416934,0.99995339891622925,0.99995339891622925,0.99990642665524332,0.99986007616864014,0.99990642665524332,1.3717983315966407e-16,0.99999999987612653,0.95460783364241875,0.99989958853133598,3.768417191236787e-17
C,1,5.0000000000000002e-05,234,0.0117,0.58464658336226838,0.9999531989048287,0.99995319890688628,0.99995319890688628,0.99990602505342796,0.9998594756511755,0.99990602505342796,6.746971323282282e-17,0.99999999987506105,0.95460782385159093,0.99989915758442105,1.4294949987105726e-17
C,1,5.0000000000000002e-05,235,0.01175,0.58464658336226838,0.99995299889544809,0.99995299889750278,0.99995299889750278,0.9999056234516176,0.99985887513382921,0.9999056234516176,4.0973914553279749e-17,0.99999999987399135,0.95460781406076789,0.99989872663753676,1.6092633204189879e-17
C,1,5.0000000000000002e-05,236,0.0118,0.58464658336226838,0.99995279888602739,0.99995279888807953,0.99995279888807953,0.99990522184981123,0.99985827461660337,0.99990522184981123,3.936267999622366e-17,0.99999999987291677,0.95460780426994907,0.99989829569068323,2.0632854111717697e-17
C,1,5.0000000000000002e-05,237,0.011850000000000001,0.58464658336226838,0.99995259887656673,0.99995259887861676,0.99995259887861676,0.99990482024800997,0.99985767409949677,0.99990482024800997,5.4476339555820077e-17,0.99999999987183752,0.9546077944791348,0.99989786474386033,1.8835017646031238e-18
C,1,5.0000000000000002e-05,238,0.011900000000000001,0.58464658336226838,0.99995239886706611,0.99995239886911258,0.99995239886911258,0.99990441864621216,0.99985707358251097,0.99990441864621216,1.0484469135354279e-16,0.99999999987075394,0.95460778468832497,0.99989743379706808,7.1721639224839591e-18
C,1,5.0000000000000002e-05,239,0.011950000000000001,0.58464658336226838,0.9999521988575254,0.99995219885956943,0.99995219885956943,0.99990401704441934,0.99985647306564418,0.99990401704441934,5.5253435301812977e-17,0.99999999986966581,0.95460777489751958,0.99989700285030658,2.89901420150322e-17
C,1,5.0000000000000002e-05,240,0.012,0.58464658336226838,0.99995199884794472,0.99995199884998542,0.99995199884998542,0.99990361544263129,0.99985587254889674,0.99990361544263118,5.6809404264321744e-17,0.99999999986857302,0.95460776510671852,0.99989657190357595,9.782725309002175e-18
C,1,5.0000000000000002e-05,241,0.01205,0.58464658336226838,0.99995179883832397,0.99995179884036145,0.99995179884036145,0.99990321384084768,0.99985527203226876,0.99990321384084768,1.0633512357855829e-16,0.99999999986747579,0.95460775531592212,0.99989614095687607,2.1442194439305386e-17
C,1,5.0000000000000002e-05,242,0.012100000000000001,0.58464658336226838,0.99995159882866336,0.99995159883069773,0.99995159883069773,0.99990281223906774,0.99985467151576124,0.99990281223906763,5.2189820578382436e-17,0.999999999866374,0.95460774552512995,0.9998957100102065,2.7911493238775772e-17
C,1,5.0000000000000002e-05,243,0.012150000000000001,0.58464658336226838,0.99995139881896256,0.99995139882099338,0.99995139882099338,0.9999024106372929,0.99985407099937307,0.99990241063729279,8.3898242893346078e-17,0.99999999986526733,0.95460773573434254,0.99989527906356812,2.0579111134449183e-17
C,1,5.0000000000000002e-05,244,0.012200000000000001,0.58464658336226838,0.9999511988092219,0.99995119881124872,0.99995119881124872,0.99990200903552195,0.9998534704831048,0.99990200903552195,4.9377263203352211e-17,0.99999999986415633,0.95460772594355914,0.99989484811696039,2.383213324742988e-17
C,1,5.0000000000000002e-05,245,0.01225,0.58464658336226838,0.99995099879944116,0.99995099880146532,0.99995099880146532,0.99990160743375645,0.99985286996695533,0.99990160743375645,5.5248625603847803e-17,0.99999999986304067,0.95460771615278028,0.9998944171703833,2.0880751697175197e-17
C,1,5.0000000000000002e-05,246,0.0123,0.58464658336226838,0.99995079878962045,0.99995079879164084,0.99995079879164084,0.99990120583199527,0.9998522694509262,0.99990120583199515,1.1534947213962316e-16,0.99999999986192045,0.95460770636200609,0.99989398622383674,7.1725733896685808e-18
C,1,5.0000000000000002e-05,247,0.01235,0.58464658336226838,0.99995059877975978,0.99995059878177639,0.99995059878177639,0.99990080423023797,0.99985166893501654,0.99990080423023786,9.8142952539935185e-17,0.9999999998607958,0.95460769657123612,0.99989355527732127,4.5329617281111803e-17
C,1,5.0000000000000002e-05,248,0.012400000000000001,0.58464658336226838,0.99995039876985903,0.99995039877187175,0.99995039877187175,0.99990040262848578,0.99985106841922677,0.99990040262848578,7.3923242204869604e-17,0.9999999998596667,0.9546076867804707,0.9998931243308361,1.9355872864521863e-17
C,1,5.0000000000000002e-05,249,0.012450000000000001,0.58464658336226838,0.99995019875991831,0.99995019876192714,0.99995019876192714,0.99990000102673771,0.99985046790355636,0.99990000102673771,5.221927964898102e-17,0.99999999985853272,0.95460767698970961,0.99989269338438203,6.0327548647783073e-17
C,1,5.0000000000000002e-05,250,0.012500000000000001,0.58464658336226838,0.99994999874993751,0.9999499987519429,0.9999499987519429,0.99989959942499429,0.99984986738800541,0.99989959942499418,1.1144977994846508e-16,0.99999999985739441,0.95460766719895285,0.99989226243795815,3.3950263917816806e-17
C,1,5.0000000000000002e-05,251,0.01255,0.58464658336226838,0.99994979873991674,0.99994979874191747,0.99994979874191747,0.99989919782325509,0.99984926687257492,0.99989919782325509,8.4282310491986639e-17,0.99999999985625154,0.95460765740820075,0.9998918314915658,2.6643545570304218e-17
C,1,5.0000000000000002e-05,252,0.0126,0.58464658336226838,0.999949598729856,0.99994959873185241,0.99994959873185241,0.99989879622152,0.99984866635726299,0.99989879622152,3.3127894329385245e-17,0.99999999985510402,0.95460764761745331,0.99989140054520353,3.3772511468702191e-17
C,1,5.0000000000000002e-05,253,0.01265,0.58464658336226838,0.99994939871975519,0.99994939872174682,0.99994939872174682,0.99989839461978924,0.99984806584207198,0.99989839461978913,1.1359473219823901e-16,0.99999999985395216,0.95460763782670988,0.99989096959887214,4.0303524757080407e-17
C,1,5.0000000000000002e-05,254,0.012700000000000001,0.58464658336226838,0.99994919870961441,0.99994919871160193,0.99994919871160193,0.99989799301806404,0.99984746532699953,0.99989799301806392,5.2272288383957568e-17,0.99999999985279531,0.9546076280359711,0.99989053865257149,8.9544358343492202e-18
C,1,5.0000000000000002e-05,255,0.012750000000000001,0.58464658336226838,0.99994899869943366,0.99994899870141718,0.99994899870141718,0.99989759141634249,0.99984686481204765,0.99989759141634249,8.2903894634784459e-17,0.99999999985163412,0.95460761824523666,0.9998901077063016,2.1351253426811964e-17
C,1,5.0000000000000002e-05,256,0.012800000000000001,0.58464658336226838,0.99994879868921294,0.99994879869119146,0.99994879869119146,0.99989718981462605,0.99984626429721468,0.99989718981462605,1.3599784217396289e-16,0.9999999998504685,0.95460760845450643,0.99988967676006224,2.8892179821215912e-17
C,1,5.0000000000000002e-05,257,0.01285,0.58464658336226838,0.99994859867895214,0.99994859868092623,0.99994859868092623,0.99989678821291328,0.99984566378250184,0.99989678821291328,6.8919625742553414e-17,0.9999999998492981,0.95460759866378109,0.99988924581385386,2.7886229352697722e-17
C,1,5.0000000000000002e-05,258,0.0129,0.58464658336226838,0.99994839866865126,0.99994839867062046,0.99994839867062046,0.99989638661120572,0.99984506326790834,0.99989638661120572,8.874094320843935e-17,0.99999999984812327,0.95460758887305996,0.99988881486767589,2.1018450406624451e-17
C,1,5.0000000000000002e-05,259,0.012950000000000001,0.58464658336226838,0.99994819865831053,0.99994819866027485,0.99994819866027485,0.99989598500950205,0.99984446275343486,0.99989598500950205,1.1831110445369476e-16,0.99999999984694388,0.95460757908234317,0.99988838392152879,1.8607789211180401e-17
C,1,5.0000000000000002e-05,260,0.013000000000000001,0.58464658336226838,0.99994799864792971,0.99994799864988926,0.99994799864988926,0.99989558340780316,0.99984386223908073,0.99989558340780316,8.4766746981958163e-17,0.99999999984575993,0.95460756929163104,0.99988795297541244,1.2620983932010075e-17
C,1,5.0000000000000002e-05,261,0.013050000000000001,0.58464658336226838,0.99994779863750882,0.99994779863946315,0.99994779863946315,0.99989518180610837,0.99984326172484672,0.99989518180610837,1.1728273752930505e-16,0.99999999984457122,0.95460755950092313,0.99988752202932674,1.4589872537502169e-17
C,1,5.0000000000000002e-05,262,0.013100000000000001,0.58464658336226838,0.99994759862704807,0.9999475986289974,0.9999475986289974,0.99989478020441847,0.9998426612107314,0.99989478020441847,6.8808947611701602e-17,0.99999999984337828,0.95460754971021988,0.99988709108327178,2.9081949617747898e-17
C,1,5.0000000000000002e-05,263,0.01315,0.58464658336226838,0.99994739861654724,0.99994739861849069,0.99994739861849069,0.99989437860273334,0.99984206069673665,0.99989437860273334,1.2325366120484049e-16,0.99999999984218058,0.95460753991952108,0.99988666013724747,1.8997119352055474e-17
C,1,5.0000000000000002e-05,264,0.0132,0.58464658336226838,0.99994719860600634,0.99994719860794523,0.99994719860794523,0.99989397700105198,0.99984146018286124,0.99989397700105187,9.5547110349430151e-17,0.99999999984097832,0.95460753012882638,0.99988622919125392,1.1837987536211722e-17
C,1,5.0000000000000002e-05,265,0.013250000000000001,0.58464658336226838,0.99994699859542557,0.99994699859735858,0.99994699859735858,0.99989357539937607,0.99984085966910552,0.99989357539937607,6.1825251774714002e-17,0.9999999998397715,0.95460752033813667,0.99988579824529111,7.1474670435461826e-18
C,1,5.0000000000000002e-05,266,0.013300000000000001,0.58464658336226838,0.99994679858480473,0.9999467985867323,0.9999467985867323,0.99989317379770337,0.99984025915546926,0.99989317379770326,6.2731407468044271e-17,0.99999999983856025,0.95460751054745108,0.99988536729935917,2.157436427904134e-17
C,1,5.0000000000000002e-05,267,0.013350000000000001,0.58464658336226838,0.99994659857414392,0.99994659857606571,0.99994659857606571,0.99989277219603589,0.99983965864195312,0.99989277219603578,5.8138300121835923e-17,0.99999999983734433,0.9546075007567697,0.99988493635345777,1.0143089633020073e-17
C,1,5.0000000000000002e-05,268,0.0134,0.58464658336226838,0.99994639856344303,0.99994639856535916,0.99994639856535916,0.99989237059437253,0.99983905812855578,0.99989237059437253,9.3558622008824422e-17,0.99999999983612387,0.95460749096609321,0.99988450540758722,4.0949079277890051e-18
C,1,5.0000000000000002e-05,269,0.01345,0.58464658336226838,0.99994619855270217,0.99994619855461253,0.99994619855461253,0.99989196899271382,0.99983845761527868,0.99989196899271382,1.0352599305822085e-16,0.99999999983489896,0.95460748117542082,0.99988407446174732,7.5341038903214669e-18
C,1,5.0000000000000002e-05,270,0.0135,0.58464658336226838,0.99994599854192123,0.99994599854382549,0.99994599854382549,0.99989156739105978,0.99983785710212225,0.99989156739105978,5.6690137871084302e-17,0.99999999983366927,0.9546074713847531,0.99988364351593806,2.1442444191827586e-17
C,1,5.0000000000000002e-05,271,0.013550000000000001,0.58464658336226838,0.99994579853110033,0.99994579853299881,0.99994579853299881,0.99989116578940984,0.99983725658908373,0.99989116578940973,1.4364443293546664e-17,0.99999999983243515,0.95460746159408982,0.99988321257015944,1.2746903590149687e-17
C,1,5.0000000000000002e-05,272,0.013600000000000001,0.58464658336226838,0.99994559852023945,0.9999455985221315,0.9999455985221315,0.99989076418776468,0.99983665607616579,0.99989076418776468,2.7222781193426692e-17,0.99999999983119636,0.95460745180343065,0.99988278162441158,1.1912478564639416e-17
C,1,5.0000000000000002e-05,273,0.013650000000000001,0.58464658336226838,0.99994539850933861,0.99994539851122466,0.99994539851122466,0.9998903625861234,0.99983605556336752,0.9998903625861234,4.7819565409747214e-17,0.99999999982995313,0.95460744201277625,0.99988235067869458,3.9293141689845792e-17
C,1,5.0000000000000002e-05,274,0.0137,0.58464658336226838,0.99994519849839769,0.99994519850027774,0.99994519850027774,0.9998899609844869,0.99983545505068883,0.99988996098448679,1.0786773184435222e-16,0.99999999982870524,0.95460743222212618,0.999881919733008,3.2895865372385982e-17
C,1,5.0000000000000002e-05,275,0.01375,0.58464658336226838,0.9999449984874168,0.99994499848928964,0.99994499848928964,0.99988955938285573,0.99983485453812926,0.99988955938285573,1.0694434042405058e-16,0.99999999982745291,0.95460742243148056,0.99988148878735261,3.9383357382564309e-17
C,1,5.0000000000000002e-05,276,0.013800000000000002,0.58464658336226838,0.99994479847639595,0.99994479847826279,0.99994479847826279,0.99988915778122767,0.99983425402569015,0.99988915778122756,6.1725396001861741e-17,0.99999999982619592,0.95460741264083937,0.99988105784172754,1.1565182994792105e-17
C,1,5.0000000000000002e-05,277,0.013850000000000001,0.58464658336226838,0.99994459846533501,0.99994459846719463,0.99994459846719463,0.99988875617960515,0.9998336535133705,0.99988875617960515,6.7758223953837963e-17,0.9999999998249347,0.9546074028502024,0.99988062689613344,2.7275468806330794e-17
C,1,5.0000000000000002e-05,278,0.013900000000000001,0.58464658336226838,0.99994439845423411,0.99994439845608718,0.99994439845608718,0.99988835457798664,0.99983305300117042,0.99988835457798664,9.7301128078842644e-17,0.99999999982366861,0.9546073930595701,0.99988019595056998,2.7656622070375239e-17
C,1,5.0000000000000002e-05,279,0.013950000000000001,0.58464658336226838,0.99994419844309312,0.99994419844493965,0.99994419844493965,0.99988795297637245,0.99983245248908958,0.99988795297637245,7.3635531656974515e-17,0.99999999982239784,0.95460738326894234,0.99987976500503717,3.8236194736994015e-17
C,1,5.0000000000000002e-05,280,0.014,0.58464658336226838,0.99994399843191217,0.99994399843375148,0.99994399843375148,0.9998875513747626,0.99983185197712887,0.9998875513747626,7.1802105764644583e-17,0.99999999982112275,0.9546073734783187,0.99987933405953522,8.2961079963520461e-18
C,1,5.0000000000000002e-05,281,0.01405,0.58464658336226838,0.99994379842069125,0.99994379842252401,0.99994379842252401,0.99988714977315762,0.99983125146528773,0.99988714977315751,6.4317304414656859e-17,0.999999999819843,0.95460736368769972,0.99987890311406369,4.0017917428323747e-17
C,1,5.0000000000000002e-05,282,0.014100000000000001,0.58464658336226838,0.99994359840943026,0.99994359841125591,0.99994359841125591,0.99988674817155687,0.99983065095356594,0.99988674817155687,1.0063613544198245e-16,0.99999999981855858,0.9546073538970854,0.99987847216862313,7.5576507532822731e-18
C,1,5.0000000000000002e-05,283,0.014150000000000001,0.58464658336226838,0.99994339839812929,0.99994339839994784,0.99994339839994784,0.99988634656996056,0.99983005044196394,0.99988634656996056,6.6438299867292443e-17,0.99999999981726972,0.95460734410647496,0.99987804122321333,2.275703207041896e-17
C,1,5.0000000000000002e-05,284,0.014200000000000001,0.58464658336226838,0.99994319838678836,0.99994319838859946,0.99994319838859946,0.99988594496836869,0.99982944993048206,0.99988594496836869,9.6279459990756801e-17,0.99999999981597643,0.95460733431586953,0.99987761027783395,1.8627031847504615e-17
C,1,5.0000000000000002e-05,285,0.014250000000000001,0.58464658336226838,0.99994299837540745,0.99994299837721123,0.99994299837721123,0.9998855433667817,0.99982884941911943,0.9998855433667817,9.3513874816811085e-17,0.99999999981467824,0.9546073245252682,0.99987717933248565,2.0011345568149641e-17
C,1,5.0000000000000002e-05,286,0.0143,0.58464658336226838,0.99994279836398647,0.9999427983657827,0.9999427983657827,0.99988514176519927,0.99982824890787647,0.99988514176519927,1.5221589262933524e-16,0.99999999981337595,0.9546073147346712,0.99987674838716778,5.3583286682357387e-17
C,1,5.0000000000000002e-05,287,0.01435,0.58464658336226838,0.99994259835252541,0.99994259835431443,0.99994259835431443,0.99988474016362083,0.99982764839675342,0.99988474016362083,3.9053460265877082e-17,0.99999999981206877,0.95460730494407864,0.99987631744188066,6.8732421739979472e-17
C,1,5.0000000000000002e-05,288,0.014400000000000001,0.58464658336226838,0.9999423983410245,0.99994239834280552,0.99994239834280552,0.99988433856204695,0.99982704788575016,0.99988433856204695,1.0289060237100923e-16,0.99999999981075716,0.95460729515349096,0.9998758864966244,1.8854229458739813e-17
C,1,5.0000000000000002e-05,289,0.014450000000000001,0.58464658336226838,0.9999421983294835,0.99994219833125664,0.99994219833125664,0.9998839369604775,0.99982644737486637,0.99988393696047739,9.9053633353775198e-17,0.99999999980944088,0.9546072853629074,0.99987545555139856,3.3044019841538762e-17
C,1,5.0000000000000002e-05,290,0.014500000000000001,0.58464658336226838,0.99994199831790243,0.99994199831966768,0.99994199831966768,0.99988353535891261,0.99982584686410203,0.99988353535891261,5.1620421536779719e-17,0.99999999980811993,0.95460727557232838,0.99987502460620381,3.0234000584611983e-18
C,1,5.0000000000000002e-05,291,0.01455,0.58464658336226838,0.99994179830628138,0.99994179830803875,0.99994179830803875,0.99988313375735249,0.99982524635345682,0.99988313375735238,1.4853479743414635e-16,0.99999999980679488,0.9546072657817537,0.99987459366103981,3.8679179358560731e-17
C,1,5.0000000000000002e-05,292,0.0146,0.58464658336226838,0.99994159829462037,0.99994159829636997,0.99994159829636997,0.99988273215579615,0.9998246458429324,0.99988273215579604,1.4629008391292043e-16,0.99999999980546483,0.95460725599118357,0.99987416271590612,2.1648461319432712e-17
C,1,5.0000000000000002e-05,293,0.014650000000000002,0.58464658336226838,0.99994139828291939,0.99994139828466022,0.99994139828466022,0.99988233055424447,0.99982404533252656,0.99988233055424447,6.6957550863766495e-17,0.99999999980413046,0.95460724620061788,0.99987373177080341,3.1613255628600617e-17
C,1,5.0000000000000002e-05,294,0.014700000000000001,0.58464658336226838,0.99994119827117833,0.99994119827291139,0.99994119827291139,0.99988192895269745,0.99982344482224139,0.99988192895269745,1.5380660436448525e-16,0.99999999980279131,0.95460723641005618,0.99987330082573134,1.7679253707979602e-17
C,1,5.0000000000000002e-05,295,0.014750000000000001,0.58464658336226838,0.99994099825939731,0.99994099826112193,0.99994099826112193,0.99988152735115454,0.99982284431207502,0.99988152735115454,8.7347346947122916e-17,0.99999999980144794,0.95460722661949926,0.99987286988069013,1.7601485856408522e-17
C,1,5.0000000000000002e-05,296,0.014800000000000001,0.58464658336226838,0.99994079824757631,0.99994079824929238,0.99994079824929238,0.99988112574961674,0.99982224380202922,0.99988112574961674,5.4445453838286602e-17,0.99999999980009979,0.95460721682894711,0.99987243893567934,1.3850991455363626e-17
C,1,5.0000000000000002e-05,297,0.01485,0.58464658336226838,0.99994059823571524,0.99994059823742243,0.99994059823742243,0.99988072414808371,0.99982164329210277,0.99988072414808371,1.0061640801269483e-16,0.99999999979874699,0.95460720703839896,0.99987200799069942,2.419460127967812e-17
C,1,5.0000000000000002e-05,298,0.0149,0.58464658336226838,0.9999403982238142,0.99994039822551273,0.99994039822551273,0.99988032254655468,0.99982104278229567,0.99988032254655457,2.7086947681580565e-17,0.99999999979738996,0.95460719724785548,0.99987157704575025,2.0949046677942317e-17
C,1,5.0000000000000002e-05,299,0.014950000000000001,0.58464658336226838,0.99994019821187308,0.99994019821356306,0.99994019821356306,0.99987992094502953,0.99982044227260847,0.99987992094502953,3.8699576735211704e-17,0.99999999979602794,0.9546071874573161,0.99987114610083172,2.2960880281977652e-17
C,1,5.0000000000000002e-05,300,0.015000000000000001,0.58464658336226838,0.99993999819989199,0.9999399982015732,0.9999399982015732,0.99987951934350872,0.99981984176304084,0.99987951934350872,9.7382427100403814e-17,0.99999999979466148,0.95460717766678127,0.99987071515594395,1.7201251509272458e-17
C,1,5.0000000000000002e-05,301,0.015050000000000001,0.58464658336226838,0.99993979818787093,0.99993979818954315,0.99993979818954315,0.99987911774199345,0.99981924125359267,0.99987911774199345,9.2325968689754766e-17,0.99999999979329046,0.95460716787625122,0.99987028421108692,4.2889558476014659e-17
C,1,5.0000000000000002e-05,302,0.015100000000000001,0.58464658336226838,0.9999395981758098,0.99993959817747313,0.99993959817747313,0.99987871614048263,0.99981864074426507,0.99987871614048252,1.1671014067893477e-16,0.99999999979191523,0.95460715808572583,0.99986985326626054,3.2672958669122023e-17
C,1,5.0000000000000002e-05,303,0.01515,0.58464658336226838,0.99993939816370869,0.9999393981653627,0.9999393981653627,0.99987831453897535,0.99981804023505594,0.99987831453897535,9.3826692724617621e-17,0.99999999979053511,0.9546071482952041,0.99986942232146481,2.7835809840691977e-17
C,1,5.0000000000000002e-05,304,0.0152,0.58464658336226838,0.99993919815156762,0.99993919815321253,0.99993919815321253,0.99987791293747319,0.99981743972596726,0.99987791293747308,5.5223484793255329e-17,0.99999999978915066,0.95460713850468737,0.99986899137669993,2.9189366203779588e-18
C,1,5.0000000000000002e-05,305,0.015250000000000001,0.58464658336226838,0.99993899813938647,0.99993899814102172,0.99993899814102172,0.99987751133597491,0.9998168392169976,0.9998775113359748,7.4457076179551593e-17,0.99999999978776155,0.95460712871417464,0.9998685604319657,2.3585816860112358e-17
C,1,5.0000000000000002e-05,306,0.015300000000000001,0.58464658336226838,0.99993879812716535,0.99993879812879138,0.99993879812879138,0.99987710973448152,0.99981623870814851,0.99987710973448152,3.8143647322925796e-17,0.99999999978636755,0.95460711892366668,0.99986812948726245,3.4094733134529847e-18
C,1,5.0000000000000002e-05,307,0.015350000000000001,0.58464658336226838,0.99993859811490426,0.99993859811652042,0.99993859811652042,0.99987670813299256,0.99981563819941821,0.99987670813299256,3.762458377135936e-17,0.99999999978496934,0.95460710913316249,0.99986769854258961,1.0282207732764182e-17
C,1,5.0000000000000002e-05,308,0.0154,0.58464658336226838,0.9999383981026031,0.99993839810421004,0.99993839810421004,0.9998763065315085,0.99981503769080782,0.99987630653150839,4.6519964744462742e-17,0.99999999978356624,0.95460709934266386,0.99986726759794764,3.745158013308859e-17
C,1,5.0000000000000002e-05,309,0.01545,0.58464658336226838,0.99993819809026196,0.99993819809185935,0.99993819809185935,0.9998759049300282,0.99981443718231722,0.99987590493002809,9.2386827090783546e-17,0.99999999978215903,0.954607089552169,0.9998668366533362,8.9344916978981688e-18
C,1,5.0000000000000002e-05,310,0.0155,0.58464658336226838,0.99993799807788086,0.99993799807946859,0.99993799807946859,0.99987550332855279,0.99981383667394619,0.99987550332855279,1.3336309319842912e-16,0.99999999978074716,0.95460707976167869,0.99986640570875551,5.3011338699603193e-17
C,1,5.0000000000000002e-05,311,0.015550000000000001,0.58464658336226838,0.99993779806545968,0.9999377980670372,0.9999377980670372,0.99987510172708183,0.99981323616569495,0.99987510172708183,6.075994030583389e-17,0.99999999977933063,0.95460706997119282,0.99986597476420558,1.1912665166672842e-17
C,1,5.0000000000000002e-05,312,0.015600000000000001,0.58464658336226838,0.99993759805299853,0.99993759805456606,0.99993759805456606,0.99987470012561452,0.99981263565756273,0.99987470012561452,7.7443229259053241e-17,0.99999999977790943,0.95460706018071118,0.99986554381968651,5.7431597187612252e-17
C,1,5.0000000000000002e-05,313,0.015650000000000001,0.58464658336226838,0.99993739804049731,0.99993739804205484,0.99993739804205484,0.99987429852415266,0.9998120351495513,0.99987429852415266,6.2249797817914766e-17,0.99999999977648379,0.95460705039023397,0.99986511287519808,1.1912674736163287e-18
C,1,5.0000000000000002e-05,314,0.015700000000000002,0.58464658336226838,0.99993719802795622,0.99993719802950309,0.99993719802950309,0.99987389692269479,0.99981143464165922,0.99987389692269479,1.0489159705632765e-16,0.99999999977505383,0.95460704059976165,0.9998646819307403,1.3583360670982723e-17
C,1,5.0000000000000002e-05,315,0.01575,0.58464658336226838,0.99993699801537494,0.99993699801691205,0.99993699801691205,0.99987349532124137,0.99981083413388583,0.99987349532124126,4.8765856171494956e-17,0.99999999977361886,0.95460703080929343,0.99986425098631315,1.0671664256883301e-17
C,1,5.0000000000000002e-05,316,0.015800000000000002,0.58464658336226838,0.99993679800275381,0.99993679800428048,0.99993679800428048,0.99987309371979294,0.99981023362623311,0.99987309371979294,6.1629623910909983e-17,0.99999999977217968,0.95460702101882988,0.99986382004191676,3.8495684758891817e-17
C,1,5.0000000000000002e-05,317,0.01585,0.58464658336226838,0.9999365979900926,0.99993659799160872,0.99993659799160872,0.99987269211834851,0.99980963311869997,0.99987269211834839,9.3886613745873828e-17,0.99999999977073561,0.95460701122837066,0.99986338909755113,1.0934652963967856e-17
C,1,5.0000000000000002e-05,318,0.015900000000000001,0.58464658336226838,0.99993639797739131,0.99993639797889688,0.99993639797889688,0.99987229051690885,0.99980903261128573,0.99987229051690885,6.1154423915720766e-17,0.99999999976928733,0.95460700143791588,0.99986295815321624,1.6794535340743918e-17
C,1,5.0000000000000002e-05,319,0.015950000000000002,0.58464658336226838,0.99993619796465016,0.9999361979661453,0.9999361979661453,0.99987188891547352,0.99980843210399206,0.99987188891547341,1.4704166065068306e-16,0.99999999976783427,0.95460699164746554,0.999862527208912,1.0402321078178077e-17
C,1,5.0000000000000002e-05,320,0.016,0.58464658336226838,0.99993599795186894,0.99993599795335286,0.99993599795335286,0.99987148731404263,0.99980783159681774,0.99987148731404263,9.4018010921024416e-17,0.99999999976637677,0.95460698185701931,0.99986209626463862,2.3825416458998537e-18
C,1,5.0000000000000002e-05,321,0.016050000000000002,0.58464658336226838,0.99993579793904763,0.99993579794052123,0.99993579794052123,0.99987108571261651,0.99980723108976277,0.99987108571261651,7.2162430032800804e-17,0.99999999976491449,0.95460697206657796,0.99986166532039578,6.256163900018243e-17
C,1,5.0000000000000002e-05,322,0.0161,0.58464658336226838,0.99993559792618647,0.99993559792764941,0.99993559792764941,0.99987068411119451,0.99980663058282804,0.99987068411119451,1.0823217702995331e-16,0.99999999976344789,0.95460696227614084,0.99986123437618357,1.7639429041845554e-17
C,1,5.0000000000000002e-05,323,0.016150000000000001,0.58464658336226838,0.99993539791328512,0.99993539791473662,0.99993539791473662,0.99987028250977683,0.99980603007601232,0.99987028250977683,1.457257116610668e-16,0.99999999976197651,0.95460695248570804,0.99986080343200234,2.9912652042860854e-17
C,1,5.0000000000000002e-05,324,0.016199999999999999,0.58464658336226838,0.99993519790034402,0.99993519790178387,0.99993519790178387,0.99986988090836426,0.99980542956931662,0.99986988090836426,1.2125522390637459e-16,0.9999999997605008,0.95460694269527968,0.99986037248785176,7.5239035721521709e-17
C,1,5.0000000000000002e-05,325,0.016250000000000001,0.58464658336226838,0.99993499788736273,0.99993499788879148,0.99993499788879148,0.99986947930695524,0.9998048290627406,0.99986947930695524,8.2581303670388529e-17,0.99999999975902054,0.9546069329048561,0.99985994154373181,2.7373374458709723e-17
C,1,5.0000000000000002e-05,326,0.016300000000000002,0.58464658336226838,0.99993479787434136,0.99993479787575867,0.99993479787575867,0.99986907770555067,0.99980422855628392,0.99986907770555078,3.9411400361993629e-17,0.9999999997575354,0.95460692311443673,0.99985951059964262,2.4558736343240749e-18
C,1,5.0000000000000002e-05,327,0.01635,0.58464658336226838,0.99993459786128014,0.99993459786268613,0.99993459786268613,0.99986867610415187,0.9998036280499476,0.99986867610415187,4.1400777195440687e-17,0.99999999975604614,0.95460691332402203,0.99985907965558418,6.7388643638976362e-18
C,1,5.0000000000000002e-05,328,0.016400000000000001,0.58464658336226838,0.99993439784817884,0.9999343978495735,0.9999343978495735,0.99986827450275639,0.99980302754373029,0.99986827450275628,1.0450468386900808e-16,0.99999999975455223,0.95460690353361133,0.9998586487115565,5.2446534516727609e-17
C,1,5.0000000000000002e-05,329,0.016449999999999999,0.58464658336226838,0.99993419783503756,0.99993419783642068,0.99993419783642068,0.99986787290136603,0.999802427037633,0.99986787290136592,6.2619878882556456e-17,0.99999999975305365,0.9546068937432054,0.99985821776755945,2.7536664271117656e-17
C,1,5.0000000000000002e-05,330,0.016500000000000001,0.58464658336226838,0.99993399782185621,0.99993399782322734,0.99993399782322734,0.99986747129997955,0.99980182653165528,0.99986747129997944,5.1381158858822903e-17,0.99999999975155041,0.9546068839528038,0.99985778682359294,4.0573385185167286e-17
C,1,5.0000000000000002e-05,331,0.016550000000000002,0.58464658336226838,0.99993379780863489,0.99993379780999403,0.99993379780999403,0.99986706969859795,0.99980122602579669,0.99986706969859784,6.8438196054043279e-17,0.9999999997500425,0.95460687416240664,0.99985735587965752,5.7543122500000874e-17
C,1,5.0000000000000002e-05,332,0.0166,0.58464658336226838,0.99993359779537361,0.99993359779672064,0.99993359779672064,0.99986666809722069,0.99980062552005855,0.99986666809722069,7.3090776246292924e-17,0.99999999974853049,0.95460686437201414,0.99985692493575251,4.2952087373128425e-17
C,1,5.0000000000000002e-05,333,0.016650000000000002,0.58464658336226838,0.99993339778207224,0.99993339778340762,0.99993339778340762,0.99986626649584742,0.99980002501443943,0.99986626649584742,7.0234439353897045e-17,0.99999999974701359,0.95460685458162575,0.99985649399187826,2.0443643661150636e-17
C,1,5.0000000000000002e-05,334,0.0167,0.58464658336226838,0.99993319776873102,0.99993319777005418,0.99993319777005418,0.99986586489447937,0.99979942450894077,0.99986586489447937,7.3626876685568657e-17,0.99999999974549214,0.9546068447912418,0.99985606304803465,2.0365271629839927e-17
C,1,5.0000000000000002e-05,335,0.016750000000000001,0.58464658336226838,0.99993299775534961,0.99993299775666067,0.99993299775666067,0.9998654632931151,0.99979882400356113,0.9998654632931151,7.399734183359876e-17,0.99999999974396614,0.95460683500086252,0.99985563210422201,2.068304968037642e-17
C,1,5.0000000000000002e-05,336,0.016800000000000002,0.58464658336226838,0.99993279774192823,0.99993279774322719,0.99993279774322719,0.99986506169175648,0.9997982234983015,0.99986506169175648,6.189799919225164e-17,0.9999999997424357,0.95460682521048745,0.99985520116044002,8.2542824482560411e-17
C,1,5.0000000000000002e-05,337,0.01685,0.58464658336226838,0.99993259772846688,0.99993259772975351,0.99993259772975351,0.99986466009040131,0.99979762299316133,0.99986466009040131,3.5903360815588604e-17,0.99999999974090081,0.95460681542011694,0.99985477021668867,2.3892494615873404e-17
C,1,5.0000000000000002e-05,338,0.016900000000000002,0.58464658336226838,0.99993239771496556,0.99993239771623943,0.99993239771623943,0.99986425848905058,0.99979702248814062,0.99986425848905047,5.8331294433425286e-17,0.99999999973936116,0.95460680562975087,0.99985433927296807,1.9438307724641638e-17
C,1,5.0000000000000002e-05,339,0.01695,0.58464658336226838,0.99993219770142416,0.99993219770268527,0.99993219770268527,0.99986385688770485,0.9997964219832397,0.99986385688770474,8.3939389278749233e-17,0.99999999973781672,0.95460679583938945,0.99985390832927801,2.1443167715407804e-17
C,1,5.0000000000000002e-05,340,0.017000000000000001,0.58464658336226838,0.9999319976878428,0.99993199768909069,0.99993199768909069,0.99986345528636322,0.99979582147845858,0.99986345528636322,7.9535673162188909e-17,0.99999999973626819,0.95460678604903215,0.99985347738561892,4.109917354390072e-17
C,1,5.0000000000000002e-05,341,0.017049999999999999,0.58464658336226838,0.99993179767422136,0.99993179767545748,0.99993179767545748,0.99986305368502604,0.99979522097379692,0.99986305368502593,8.1465846164809127e-17,0.99999999973471498,0.95460677625867929,0.99985304644199036,2.5355089135867457e-17
C,1,5.0000000000000002e-05,342,0.017100000000000001,0.58464658336226838,0.99993159766055995,0.99993159766178297,0.99993159766178297,0.99986265208369351,0.99979462046925527,0.9998626520836934,7.4144000671234252e-17,0.9999999997331569,0.95460676646833109,0.99985261549839266,4.7340378791674223e-17
C,1,5.0000000000000002e-05,343,0.017150000000000002,0.58464658336226838,0.99993139764685857,0.99993139764806849,0.99993139764806849,0.99986225048236588,0.99979401996483375,0.99986225048236588,6.2814889519296365e-17,0.9999999997315947,0.95460675667798689,0.99985218455482561,2.3825752896510898e-17
C,1,5.0000000000000002e-05,344,0.0172,0.58464658336226838,0.99993119763311722,0.99993119763431426,0.99993119763431426,0.99986184888104179,0.9997934194605308,0.99986184888104179,1.0608945400010379e-16,0.99999999973002762,0.95460674688764757,0.99985175361128931,1.0126173333871325e-17
C,1,5.0000000000000002e-05,345,0.017250000000000001,0.58464658336226838,0.99993099761933579,0.99993099762051951,0.99993099762051951,0.99986144727972226,0.99979281895634831,0.99986144727972215,8.0681271341725792e-17,0.99999999972845621,0.95460673709731259,0.99985132266778354,1.1441897511474641e-17
C,1,5.0000000000000002e-05,346,0.017299999999999999,0.58464658336226838,0.99993079760551429,0.99993079760668468,0.99993079760668468,0.9998610456784075,0.99979221845228472,0.9998610456784075,7.6558295548000881e-17,0.99999999972688003,0.95460672730698226,0.99985089172430852,2.2390228556922482e-17
C,1,5.0000000000000002e-05,347,0.017350000000000001,0.58464658336226838,0.99993059759165281,0.99993059759280956,0.99993059759280956,0.99986064407709729,0.99979161794834071,0.99986064407709718,1.1682323214281626e-16,0.9999999997252994,0.95460671751665571,0.99985046078086426,7.9694929116826269e-18
C,1,5.0000000000000002e-05,348,0.017400000000000002,0.58464658336226838,0.99993039757775137,0.99993039757889468,0.99993039757889468,0.99986024247579175,0.99979101744451726,0.99986024247579164,1.3057327562376866e-16,0.99999999972371423,0.95460670772633416,0.99985002983745086,2.6711182589228566e-17
C,1,5.0000000000000002e-05,349,0.01745,0.58464658336226838,0.99993019756380996,0.99993019756494006,0.99993019756494006,0.99985984087449087,0.99979041694081305,0.99985984087449087,3.783983507051865e-17,0.99999999972212439,0.95460669793601716,0.9998495988940681,3.3778751073919603e-17
C,1,5.0000000000000002e-05,350,0.017500000000000002,0.58464658336226838,0.99992999754982848,0.99992999755094469,0.99992999755094469,0.99985943927319354,0.99978981643722853,0.99985943927319354,9.3582829399927332e-17,0.99999999972053,0.95460668814570415,0.99984916795071588,2.4710195282833512e-17
C,1,5.0000000000000002e-05,351,0.01755,0.58464658336226838,0.99992979753580702,0.9999297975369088,0.9999297975369088,0.99985903767190132,0.99978921593376413,0.99985903767190121,4.259109320852066e-17,0.99999999971893117,0.9546066783553957,0.99984873700739441,2.2798540482158598e-17
C,1,5.0000000000000002e-05,352,0.017600000000000001,0.58464658336226838,0.99992959752174548,0.99992959752283428,0.99992959752283428,0.99985863607061298,0.99978861543041886,0.99985863607061298,5.2075339421211146e-17,0.99999999971732789,0.95460666856509169,0.99984830606410391,7.463386240336615e-18
C,1,5.0000000000000002e-05,353,0.017650000000000002,0.58464658336226838,0.99992939750764409,0.99992939750871856,0.99992939750871856,0.99985823446932964,0.99978801492719271,0.99985823446932964,4.7034316946901839e-17,0.99999999971571962,0.95460665877479223,0.99984787512084383,2.2127166763249105e-17
C,1,5.0000000000000002e-05,354,0.0177,0.58464658336226838,0.99992919749350251,0.99992919749456277,0.99992919749456277,0.99985783286805086,0.99978741442408703,0.99985783286805074,6.1957095768713194e-17,0.99999999971410714,0.9546066489844971,0.99984744417761462,2.0847524099602906e-17
C,1,5.0000000000000002e-05,355,0.017750000000000002,0.58464658336226838,0.99992899747932107,0.99992899748036801,0.99992899748036801,0.99985743126677595,0.99978681392110058,0.99985743126677584,7.1777102434602614e-17,0.99999999971249021,0.9546066391942063,0.99984701323441594,9.5488962852626887e-18
C,1,5.0000000000000002e-05,356,0.0178,0.58464658336226838,0.99992879746509955,0.99992879746613172,0.99992879746613172,0.99985702966550605,0.99978621341823426,0.99985702966550594,4.3404727559748361e-17,0.99999999971086817,0.95460662940392016,0.99984658229124823,5.6825696428363135e-18
C,1,5.0000000000000002e-05,357,0.017850000000000001,0.58464658336226838,0.99992859745083795,0.99992859745185603,0.99992859745185603,0.99985662806424003,0.9997856129154874,0.99985662806424003,4.1813865216166453e-17,0.99999999970924225,0.95460661961363846,0.99984615134811095,7.627968440234051e-18
C,1,5.0000000000000002e-05,358,0.017899999999999999,0.58464658336226838,0.9999283974365365,0.99992839743754003,0.99992839743754003,0.99985622646297967,0.99978501241286033,0.99985622646297967,1.7097641129624335e-16,0.99999999970761133,0.95460660982336143,0.99984572040500463,1.1912890053706818e-17
C,1,5.0000000000000002e-05,359,0.017950000000000001,0.58464658336226838,0.99992819742219485,0.99992819742318417,0.99992819742318417,0.99985582486172264,0.9997844119103525,0.99985582486172264,5.3172217345531055e-17,0.99999999970597597,0.95460660003308806,0.99984528946192908,7.6393615185798336e-17
C,1,5.0000000000000002e-05,360,0.018000000000000002,0.58464658336226838,0.99992799740781335,0.99992799740878757,0.99992799740878757,0.99985542326047105,0.99978381140796491,0.99985542326047105,6.7051311703390186e-17,0.99999999970433606,0.95460659024281969,0.99984485851888405,3.9456773565080194e-17
C,1,5.0000000000000002e-05,361,0.01805,0.58464658336226838,0.99992779739339177,0.99992779739435134,0.99992779739435134,0.99985502165922302,0.99978321090569666,0.99985502165922291,1.2806343498621764e-16,0.9999999997026916,0.95460658045255586,0.99984442757586989,2.4363273004081606e-17
C,1,5.0000000000000002e-05,362,0.018100000000000002,0.58464658336226838,0.99992759737893022,0.99992759737987513,0.99992759737987513,0.99985462005797998,0.99978261040354777,0.99985462005797998,4.672181033325798e-17,0.9999999997010427,0.95460657066229637,0.99984399663288648,1.3686890632818834e-17
C,1,5.0000000000000002e-05,363,0.018149999999999999,0.58464658336226838,0.99992739736442871,0.99992739736535852,0.99992739736535852,0.99985421845674138,0.99978200990151922,0.99985421845674127,8.5507842867062614e-17,0.99999999969938924,0.9546065608720411,0.99984356568993371,3.6128824072285398e-17
C,1,5.0000000000000002e-05,364,0.018200000000000001,0.58464658336226838,0.99992719734988711,0.99992719735080193,0.99992719735080193,0.99985381685550667,0.99978140939961013,0.99985381685550667,7.9927681675316857e-17,0.9999999996977309,0.95460655108179004,0.9998431347470117,2.3811058131328118e-17
C,1,5.0000000000000002e-05,365,0.018250000000000002,0.58464658336226838,0.99992699733530543,0.99992699733620549,0.99992699733620549,0.99985341525427662,0.99978080889782039,0.99985341525427662,2.4940906407995393e-17,0.99999999969606823,0.95460654129154399,0.99984270380412021,1.3791009979427275e-17
C,1,5.0000000000000002e-05,366,0.0183,0.58464658336226838,0.9999267973206839,0.99992679732156842,0.99992679732156842,0.99985301365305157,0.99978020839615045,0.99985301365305146,1.5440968967960544e-16,0.99999999969440101,0.95460653150130248,0.99984227286125971,2.3291222069165509e-17
C,1,5.0000000000000002e-05,367,0.018350000000000002,0.58464658336226838,0.99992659730602229,0.99992659730689082,0.99992659730689082,0.99985261205183062,0.99977960789460008,0.99985261205183051,3.3963765127121127e-17,0.99999999969272912,0.9546065217110653,0.99984184191842951,4.2687548595898593e-17
C,1,5.0000000000000002e-05,368,0.0184,0.58464658336226838,0.9999263972913206,0.99992639729217436,0.99992639729217436,0.99985221045061423,0.99977900739316961,0.99985221045061423,3.2620246890804328e-17,0.99999999969105291,0.95460651192083179,0.99984141097563017,3.9957208444572043e-17
C,1,5.0000000000000002e-05,369,0.018450000000000001,0.58464658336226838,0.99992619727657894,0.99992619727741727,0.99992619727741727,0.99985180884940172,0.99977840689185904,0.99985180884940161,4.8286706797163587e-17,0.99999999968937181,0.95460650213060327,0.99984098003286193,3.1321072485091386e-17
C,1,5.0000000000000002e-05,370,0.018500000000000003,0.58464658336226838,0.99992599726179732,0.99992599726261988,0.99992599726261988,0.99985140724819466,0.99977780639066782,0.99985140724819466,1.501877602052718e-16,0.99999999968768638,0.95460649234037931,0.9998405490901241,4.6227054950130384e-17
C,1,5.0000000000000002e-05,371,0.018550000000000001,0.58464658336226838,0.99992579724697572,0.9999257972477833,0.9999257972477833,0.99985100564699125,0.99977720588959607,0.99985100564699125,9.2638332283060741e-17,0.99999999968599629,0.95460648255015967,0.99984011814741691,4.1992100583316155e-17
C,1,5.0000000000000002e-05,372,0.018600000000000002,0.58464658336226838,0.99992559723211405,0.99992559723290508,0.99992559723290508,0.99985060404579273,0.9997766053886441,0.99985060404579273,5.7392149558244058e-17,0.99999999968430164,0.95460647275994426,0.9998396872047407,2.1310545408861395e-17
C,1,5.0000000000000002e-05,373,0.01865,0.58464658336226838,0.99992539721721241,0.99992539721798779,0.99992539721798779,0.99985020244459899,0.99977600488781138,0.99985020244459899,8.3397542329709295e-17,0.99999999968260267,0.9546064629697335,0.99983925626209502,4.3948981284902901e-17
C,1,5.0000000000000002e-05,374,0.018700000000000001,0.58464658336226838,0.99992519720227069,0.99992519720303008,0.99992519720303008,0.99984980084340924,0.99977540438709922,0.99984980084340924,1.0837942938840844e-16,0.9999999996808987,0.9546064531795273,0.9998388253194801,4.7651866451621635e-18
C,1,5.0000000000000002e-05,375,0.018749999999999999,0.58464658336226838,0.999924997187289,0.99992499718803252,0.99992499718803252,0.99984939924222416,0.99977480388650619,0.99984939924222416,8.4149292740177652e-17,0.9999999996791904,0.9546064433893251,0.99983839437689592,2.0356894448282381e-17
C,1,5.0000000000000002e-05,376,0.018800000000000001,0.58464658336226838,0.99992479717226734,0.99992479717299443,0.99992479717299443,0.99984899764104351,0.99977420338603262,0.9998489976410434,6.6282193097291262e-17,0.99999999967747766,0.95460643359912778,0.99983796343434228,1.214912775906388e-17
C,1,5.0000000000000002e-05,377,0.018850000000000002,0.58464658336226838,0.99992459715720561,0.99992459715791648,0.99992459715791648,0.99984859603986709,0.99977360288567907,0.99984859603986709,9.6168570732854817e-17,0.99999999967576025,0.9546064238089349,0.99983753249181961,1.7437365197927321e-17
C,1,5.0000000000000002e-05,378,0.0189,0.58464658336226838,0.9999243971421039,0.99992439714279868,0.99992439714279868,0.99984819443869521,0.99977300238544553,0.99984819443869521,3.5573793287488767e-17,0.9999999996740383,0.95460641401874602,0.99983710154932759,1.9854123092920172e-17
C,1,5.0000000000000002e-05,379,0.018950000000000002,0.58464658336226838,0.99992419712696223,0.99992419712764014,0.99992419712764014,0.99984779283752756,0.99977240188533112,0.99984779283752745,5.843410732429099e-17,0.99999999967231168,0.95460640422856236,0.99983667060686621,5.6502045777069513e-17
C,1,5.0000000000000002e-05,380,0.019,0.58464658336226838,0.99992399711178048,0.99992399711244229,0.99992399711244229,0.99984739123636501,0.99977180138533606,0.9998473912363649,1.2407567589789524e-16,0.99999999967058073,0.95460639443838247,0.99983623966443536,2.9037926099459245e-18
C,1,5.0000000000000002e-05,381,0.019050000000000001,0.58464658336226838,0.99992379709655876,0.99992379709720358,0.99992379709720358,0.99984698963520624,0.99977120088546112,0.99984698963520624,4.4848089942109605e-17,0.99999999966884512,0.95460638464820724,0.99983580872203526,7.1517699623087482e-17
C,1,5.0000000000000002e-05,382,0.019100000000000002,0.58464658336226838,0.99992359708129708,0.9999235970819248,0.9999235970819248,0.99984658803405291,0.99977060038570642,0.9998465880340528,3.0522294611468188e-17,0.99999999966710496,0.95460637485803623,0.99983537777966625,1.593868818069618e-17
C,1,5.0000000000000002e-05,383,0.01915,0.58464658336226838,0.99992339706599531,0.99992339706660671,0.99992339706660671,0.99984618643290302,0.99976999988607074,0.99984618643290302,1.0310668093976597e-16,0.99999999966536024,0.95460636506786967,0.99983494683732776,2.9089462095873873e-17
C,1,5.0000000000000002e-05,384,0.019200000000000002,0.58464658336226838,0.99992319705065347,0.99992319705124744,0.99992319705124744,0.99984578483175812,0.99976939938655418,0.99984578483175801,8.0736426985936988e-17,0.99999999966361075,0.9546063552777081,0.99983451589501982,2.5612981095229272e-17
C,1,5.0000000000000002e-05,385,0.01925,0.58464658336226838,0.99992299703527177,0.99992299703584897,0.99992299703584897,0.99984538323061745,0.99976879888715819,0.99984538323061734,5.7769575155012354e-17,0.99999999966185693,0.9546063454875503,0.99983408495274295,5.6198531913526234e-18
C,1,5.0000000000000002e-05,386,0.019300000000000001,0.58464658336226838,0.99992279701984987,0.99992279702040943,0.99992279702040943,0.99984498162948143,0.99976819838788133,0.99984498162948132,1.8690926148238974e-16,0.99999999966009856,0.95460633569739728,0.99983365401049618,2.1517770841813074e-17
C,1,5.0000000000000002e-05,387,0.019350000000000003,0.58464658336226838,0.99992259700438813,0.9999225970049308,0.9999225970049308,0.9998445800283503,0.99976759788872438,0.99984458002835019,5.0300048765060978e-17,0.99999999965833586,0.9546063259072487,0.99983322306828049,2.5833698961675927e-17
C,1,5.0000000000000002e-05,388,0.019400000000000001,0.58464658336226838,0.9999223969888863,0.9999223969894121,0.9999223969894121,0.99984417842722295,0.99976699738968666,0.99984417842722295,4.4229952170256316e-17,0.99999999965656783,0.95460631611710445,0.99983279212609566,7.4033574942243452e-17
C,1,5.0000000000000002e-05,389,0.019450000000000002,0.58464658336226838,0.9999221969733445,0.99992219697385254,0.99992219697385254,0.99984377682610048,0.99976639689076985,0.99984377682610048,5.4092978070229647e-17,0.99999999965479602,0.9546063063269643,0.99983236118394125,3.013786812737024e-17
C,1,5.0000000000000002e-05,390,0.0195,0.58464658336226838,0.99992199695776263,0.99992199695825323,0.99992199695825323,0.99984337522498246,0.99976579639197183,0.99984337522498246,6.1484414027551992e-17,0.99999999965301922,0.95460629653682938,0.99983193024181771,5.0105642120565008e-17
C,1,5.0000000000000002e-05,391,0.019550000000000001,0.58464658336226838,0.99992179694214089,0.99992179694261341,0.99992179694261341,0.99984297362386843,0.99976519589329305,0.99984297362386831,8.2616959944252794e-17,0.99999999965123787,0.95460628674669845,0.99983149929972492,2.3944930049505238e-17
C,1,5.0000000000000002e-05,392,0.019599999999999999,0.58464658336226838,0.99992159692647908,0.99992159692693416,0.99992159692693416,0.99984257202275928,0.99976459539473417,0.99984257202275928,9.2223618383497651e-17,0.99999999964945241,0.95460627695657185,0.99983106835766256,5.6335690353765628e-17
C,1,5.0000000000000002e-05,393,0.019650000000000001,0.58464658336226838,0.99992139691077719,0.99992139691121407,0.99992139691121407,0.99984217042165446,0.99976399489629519,0.99984217042165446,6.934765848151533e-17,0.99999999964766206,0.95460626716644981,0.99983063741563105,3.9222806246052299e-17
C,1,5.0000000000000002e-05,394,0.019700000000000002,0.58464658336226838,0.99992119689503534,0.99992119689545489,0.99992119689545489,0.99984176882055442,0.99976339439797601,0.99984176882055431,8.6536153968282237e-17,0.99999999964586728,0.95460625737633231,0.9998302064736303,6.2078265008961688e-17
C,1,5.0000000000000002e-05,395,0.01975,0.58464658336226838,0.99992099687925351,0.99992099687965463,0.99992099687965463,0.99984136721945904,0.9997627938997764,0.99984136721945893,8.6641141218295476e-17,0.99999999964406749,0.95460624758621915,0.99982977553166053,2.851690436661846e-17
C,1,5.0000000000000002e-05,396,0.019800000000000002,0.58464658336226838,0.9999207968634316,0.9999207968638153,0.9999207968638153,0.99984096561836677,0.99976219340169648,0.99984096561836666,8.8564933107368049e-17,0.99999999964226349,0.95460623779611042,0.99982934458972106,1.0935760377380204e-17
C,1,5.0000000000000002e-05,397,0.01985,0.58464658336226838,0.99992059684756973,0.99992059684793455,0.99992059684793455,0.99984056401727972,0.99976159290373601,0.99984056401727961,1.118170407999819e-16,0.99999999964045505,0.95460622800600636,0.99982891364781223,2.0548033872786072e-17
C,1,5.0000000000000002e-05,398,0.019900000000000001,0.58464658336226838,0.99992039683166778,0.99992039683201461,0.99992039683201461,0.99984016241619744,0.99976099240589544,0.99984016241619744,1.2155508345194271e-16,0.99999999963864217,0.95460621821590641,0.99982848270593461,1.6269100025034377e-17
C,1,5.0000000000000002e-05,399,0.019950000000000002,0.58464658336226838,0.99992019681572586,0.99992019681605449,0.99992019681605449,0.99983976081511938,0.99976039190817501,0.99983976081511938,1.4906924903489059e-16,0.99999999963682418,0.9546062084258109,0.99982805176408729,3.9335740779817094e-17
C,1,5.0000000000000002e-05,400,0.02,0.58464658336226838,0.99991999679974397,0.99991999680005383,0.99991999680005383,0.9998393592140461,0.99975979141057258,0.99983935921404599,9.1379626911607409e-17,0.99999999963500208,0.95460619863571994,0.99982762082227061,3.020864640256568e-17
