family,source_level,time_step,step,time,initial_h_rms,exact_radius,control_area_mean_radius,control_area_mean_radius_ratio,area_ratio,volume_ratio,registered_energy_ratio,normalized_surface_centroid_drift,minimum_oriented_face_alignment,minimum_triangle_quality,minimum_face_area_ratio,maximum_normalized_cache_residual
C,4,5.0000000000000002e-05,0,0,0.075875218725294305,1,0.99999999999999989,0.99999999999999989,1,1,1,0,0.99999999999999978,0.93750343228680921,1,1.8268620098632432e-17
C,4,5.0000000000000002e-05,1,5.0000000000000002e-05,0.075875218725294305,0.99999979999998001,0.99999979999999788,0.99999979999999788,0.99999959996609111,0.99999939999675591,0.999999599966091,4.4083159529794814e-16,0.99999999999982092,0.93750343103131573,0.99999959836344576,6.2125445640042165e-17
C,4,5.0000000000000002e-05,2,0.0001,0.075875218725294305,0.99999959999991994,0.99999959999996235,0.99999959999996235,0.9999991999321779,0.99999879999362795,0.99999919993217778,3.1338002887172949e-16,0.99999999999928368,0.93750342977552747,0.99999919672685056,4.0422265014728111e-18
C,4,5.0000000000000002e-05,3,0.00015000000000000001,0.075875218725294305,0.99999939999982002,0.9999993999998793,0.9999993999998793,0.99999879989827278,0.99999819999062056,0.99999879989827267,7.457243471445039e-16,0.99999999999838862,0.93750342851944501,0.99999879509021361,4.3733230635299228e-17
C,4,5.0000000000000002e-05,4,0.00020000000000000001,0.075875218725294305,0.99999919999968001,0.99999919999976172,0.99999919999976172,0.99999839986437855,0.99999759998773563,0.99999839986437855,6.9854113103136533e-16,0.99999999999713562,0.93750342726306846,0.99999839345353447,1.2706267965972688e-17
C,4,5.0000000000000002e-05,5,0.00025000000000000001,0.075875218725294305,0.99999899999950004,0.99999899999959951,0.99999899999959951,0.99999799983048676,0.99999699998496849,0.99999799983048676,6.254380342846219e-16,0.99999999999552502,0.9375034260063978,0.99999799181681415,1.9344754355622838e-17
C,4,5.0000000000000002e-05,6,0.00030000000000000003,0.075875218725294305,0.99999879999927999,0.99999879999940477,0.99999879999940477,0.99999759979660041,0.99999639998231837,0.9999975997966003,7.8345545755955036e-16,0.99999999999355693,0.93750342474943293,0.99999759018005008,5.315589653574655e-17
C,4,5.0000000000000002e-05,7,0.00035,0.075875218725294305,0.99999859999901997,0.99999859999916152,0.99999859999916152,0.99999719976271761,0.99999579997979171,0.99999719976271761,1.11976662182599e-15,0.99999999999123157,0.93750342349217408,0.99999718854324593,1.9276201990953819e-17
C,4,5.0000000000000002e-05,8,0.00040000000000000002,0.075875218725294305,0.99999839999871998,0.99999839999887796,0.99999839999887796,0.99999679972884958,0.99999519997738728,0.99999679972884947,9.0351978829956829e-16,0.99999999998854894,0.93750342223462135,0.99999678690639915,2.3605378303740921e-18
C,4,5.0000000000000002e-05,9,0.00045000000000000004,0.075875218725294305,0.99999819999838002,0.99999819999856154,0.99999819999856154,0.99999639969498166,0.99999459997509654,0.99999639969498155,4.0805842815418574e-16,0.99999999998550915,0.9375034209767743,0.99999638526951207,9.7975961812295719e-19
C,4,5.0000000000000002e-05,10,0.00050000000000000001,0.075875218725294305,0.99999799999799999,0.99999799999819949,0.99999799999819949,0.99999599966112329,0.99999399997292948,0.99999599966112318,7.1130799512234333e-16,0.99999999998211264,0.93750341971863371,0.99999598363258302,1.8999453364055814e-17
C,4,5.0000000000000002e-05,11,0.00055000000000000003,0.075875218725294305,0.99999779999757998,0.99999779999779781,0.99999779999779781,0.99999559962726792,0.99999339997088432,0.99999559962726792,2.9205104289224111e-16,0.99999999997835942,0.93750341846019902,0.99999558199561267,3.639967517888653e-17
C,4,5.0000000000000002e-05,12,0.00060000000000000006,0.075875218725294305,0.99999759999712001,0.99999759999735993,0.99999759999735993,0.99999519959341743,0.99999279996895807,0.99999519959341721,6.5822459905018932e-16,0.99999999997424938,0.93750341720147035,0.99999518035860013,1.3247668048951164e-17
C,4,5.0000000000000002e-05,13,0.00065000000000000008,0.075875218725294305,0.99999739999661996,0.99999739999688164,0.99999739999688164,0.99999479955958248,0.99999219996715027,0.99999479955958226,1.0674062498992895e-15,0.99999999996978328,0.93750341594244746,0.99999477872154519,3.9964115523527674e-17
C,4,5.0000000000000002e-05,14,0.00069999999999999999,0.075875218725294305,0.99999719999607994,0.9999971999963585,0.9999971999963585,0.99999439952573954,0.99999159996545994,0.99999439952573943,1.0745623166114778e-15,0.9999999999649607,0.93750341468313125,0.99999437708444905,2.4053885561032854e-17
C,4,5.0000000000000002e-05,15,0.00075000000000000002,0.075875218725294305,0.99999699999549996,0.99999699999579905,0.99999699999579905,0.99999399949191381,0.99999099996389362,0.99999399949191381,4.2049730287016866e-16,0.99999999995978184,0.93750341342352084,0.99999397544731206,3.6686363266702203e-17
C,4,5.0000000000000002e-05,16,0.00080000000000000004,0.075875218725294305,0.99999679999488,0.99999679999520052,0.99999679999520052,0.99999359945808997,0.99999039996244599,0.99999359945808985,4.1949731683385603e-16,0.99999999995424727,0.93750341216361643,0.99999357381013132,1.6311071104350671e-17
C,4,5.0000000000000002e-05,17,0.00085000000000000006,0.075875218725294305,0.99999659999421997,0.99999659999456092,0.99999659999456092,0.99999319942427356,0.99998979996111714,0.99999319942427356,6.4951342415157798e-16,0.99999999994835687,0.93750341090341904,0.9999931721729105,1.7657414268888089e-17
C,4,5.0000000000000002e-05,18,0.00090000000000000008,0.075875218725294305,0.99999639999351997,0.9999963999938809,0.9999963999938809,0.99999279939046004,0.99998919995991542,0.99999279939046004,3.4146937073926904e-16,0.99999999994211064,0.937503409642928,0.99999277053564861,2.5074051171945456e-17
C,4,5.0000000000000002e-05,19,0.00095,0.075875218725294305,0.99999619999278,0.99999619999316025,0.99999619999316025,0.99999239935665796,0.99998859995882339,0.99999239935665785,9.6809133558782747e-16,0.99999999993550892,0.93750340838214286,0.99999236889834442,5.9585996112917315e-17
C,4,5.0000000000000002e-05,20,0.001,0.075875218725294305,0.99999599999199995,0.99999599999239863,0.99999599999239863,0.99999199932285832,0.99998799995785848,0.9999919993228582,3.1256713084922946e-16,0.99999999992855182,0.93750340712106406,0.99999196726099859,2.1106482815965011e-17
C,4,5.0000000000000002e-05,21,0.0010500000000000002,0.075875218725294305,0.99999579999117993,0.99999579999159716,0.99999579999159716,0.99999159928906522,0.99998739995700625,0.99999159928906511,5.9817125220293361e-16,0.99999999992123956,0.93750340585969205,0.99999156562361213,2.667575535722927e-17
C,4,5.0000000000000002e-05,22,0.0011000000000000001,0.075875218725294305,0.99999559999031995,0.99999559999075605,0.99999559999075605,0.99999119925527902,0.99998679995628525,0.9999911992552788,3.9861246740375284e-16,0.99999999991357225,0.93750340459802672,0.9999911639861826,1.9075610769916311e-17
C,4,5.0000000000000002e-05,23,0.00115,0.075875218725294305,0.99999539998941989,0.99999539998988085,0.99999539998988085,0.99999079922150247,0.99998619995567728,0.99999079922150247,3.2148148439588857e-16,0.99999999990555,0.93750340333606785,0.99999076234871043,3.2118696719272447e-17
C,4,5.0000000000000002e-05,24,0.0012000000000000001,0.075875218725294305,0.99999519998847997,0.99999519998895858,0.99999519998895858,0.99999039918772603,0.99998559995518799,0.99999039918772592,6.5911633856042599e-16,0.99999999989717281,0.93750340207381522,0.99999036071119884,2.0353345251878624e-17
C,4,5.0000000000000002e-05,25,0.00125,0.075875218725294305,0.99999499998749997,0.99999499998799835,0.99999499998799835,0.99998999915396192,0.99998499995481638,0.9999899991539617,2.484107802715515e-16,0.99999999988844113,0.93750340081126915,0.99998995907364341,7.2645290436143105e-17
C,4,5.0000000000000002e-05,26,0.0013000000000000002,0.075875218725294305,0.99999479998648,0.99999479998700036,0.99999479998700036,0.99998959912019469,0.99998439995457056,0.99998959912019469,8.3123814343589581e-16,0.99999999987935517,0.93750339954843009,0.99998955743604834,9.2693143881512921e-18
C,4,5.0000000000000002e-05,27,0.0013500000000000001,0.075875218725294305,0.99999459998541995,0.99999459998595985,0.99999459998595985,0.99998919908644035,0.99998379995444697,0.99998919908644024,5.8270442591188039e-16,0.99999999986991472,0.93750339828529772,0.99998915579841074,3.1866255387940429e-17
C,4,5.0000000000000002e-05,28,0.0014,0.075875218725294305,0.99999439998431994,0.99999439998488027,0.99999439998488027,0.99998879905269356,0.99998319995443619,0.99998879905269356,3.6125138879287735e-16,0.99999999986012023,0.93750339702187235,0.99998875416073008,2.0812386226322125e-17
C,4,5.0000000000000002e-05,29,0.0014500000000000001,0.075875218725294305,0.99999419998317995,0.99999419998375749,0.99999419998375749,0.99998839901895131,0.99998259995454652,0.99998839901895131,7.3498973867650714e-16,0.99999999984997179,0.93750339575815345,0.99998835252300944,2.1780148022149324e-17
C,4,5.0000000000000002e-05,30,0.0015,0.075875218725294305,0.99999399998199989,0.99999399998260208,0.99999399998260208,0.99998799898521351,0.99998199995478165,0.9999879989852134,3.1086629250094051e-16,0.99999999983946886,0.93750339449414122,0.99998795088524695,1.8580030887535691e-17
C,4,5.0000000000000002e-05,31,0.0015500000000000002,0.075875218725294305,0.99999379998077986,0.99999379998139948,0.99999379998139948,0.99998759895148204,0.99998139995512958,0.99998759895148193,5.1441980593904012e-16,0.99999999982861298,0.93750339322983622,0.99998754924744215,5.1933338194538656e-18
C,4,5.0000000000000002e-05,32,0.0016000000000000001,0.075875218725294305,0.99999359997951986,0.99999359998016146,0.99999359998016146,0.99998719891775945,0.99998079995560418,0.99998719891775933,6.2651266149952125e-16,0.9999999998174034,0.93750339196523758,0.99998714760959739,2.2174910761351417e-17
C,4,5.0000000000000002e-05,33,0.00165,0.075875218725294305,0.99999339997821979,0.9999933999788776,0.9999933999788776,0.99998679888403896,0.99998019995620158,0.99998679888403896,6.6197423301708976e-16,0.99999999980583998,0.93750339070034638,0.99998674597170922,7.217793692416695e-17
C,4,5.0000000000000002e-05,34,0.0017000000000000001,0.075875218725294305,0.99999319997687985,0.99999319997756053,0.99999319997756053,0.99998639885033036,0.99997959995691199,0.99998639885033025,1.7021947452886796e-16,0.99999999979392351,0.9375033894351622,0.99998634433377875,4.448894407379284e-18
C,4,5.0000000000000002e-05,35,0.00175,0.075875218725294305,0.99999299997549984,0.99999299997619873,0.99999299997619873,0.99998599881662065,0.99997899995773942,0.99998599881662054,5.9252739014209422e-16,0.9999999997816541,0.93750338816968481,0.99998594269580876,3.387699987621867e-17
C,4,5.0000000000000002e-05,36,0.0018000000000000002,0.075875218725294305,0.99999279997407986,0.99999279997479651,0.99999279997479651,0.99998559878292093,0.99997839995869253,0.99998559878292093,6.5097682623913547e-16,0.99999999976903153,0.93750338690391477,0.99998554105779613,1.7646375832033148e-18
C,4,5.0000000000000002e-05,37,0.0018500000000000001,0.075875218725294305,0.9999925999726198,0.99999259997336176,0.99999259997336176,0.99998519874922742,0.99997779995976688,0.99998519874922731,8.6137658994849382e-16,0.99999999975605625,0.93750338563785163,0.99998513941974188,2.7298472160656649e-17
C,4,5.0000000000000002e-05,38,0.0019,0.075875218725294305,0.99999239997111977,0.99999239997187939,0.99999239997187939,0.99998479871554102,0.99997719996095868,0.99998479871554091,3.255300334616481e-16,0.99999999974272846,0.93750338437149561,0.99998473778164676,7.3183259466481148e-17
C,4,5.0000000000000002e-05,39,0.0019500000000000001,0.075875218725294305,0.99999219996957978,0.9999921999703596,0.9999921999703596,0.99998439868185851,0.99997659996226707,0.9999843986818584,2.9457123466348209e-16,0.99999999972904807,0.93750338310484704,0.99998433614351023,1.9942892793033782e-17
C,4,5.0000000000000002e-05,40,0.002,0.075875218725294305,0.9999919999679997,0.99999199996879939,0.99999199996879939,0.99998399864818144,0.99997599996370035,0.99998399864818133,4.2039906011984307e-16,0.99999999971501541,0.93750338183790549,0.99998393450533118,2.5571573802076553e-17
C,4,5.0000000000000002e-05,41,0.0020500000000000002,0.075875218725294305,0.99999179996637966,0.99999179996720455,0.99999179996720455,0.99998359861451436,0.99997539996525464,0.99998359861451425,4.2589528758093544e-16,0.99999999970063047,0.93750338057067117,0.99998353286711017,7.5403829459120728e-17
C,4,5.0000000000000002e-05,42,0.0021000000000000003,0.075875218725294305,0.99999159996471965,0.99999159996555853,0.99999159996555853,0.99998319858085016,0.99997479996692507,0.99998319858085005,6.9565612593734608e-16,0.99999999968589315,0.93750337930314476,0.99998313122884797,1.8780681899115343e-17
C,4,5.0000000000000002e-05,43,0.00215,0.075875218725294305,0.99999139996301967,0.99999139996388053,0.99999139996388053,0.99998279854719352,0.99997419996871817,0.99998279854719352,4.1707056426521589e-16,0.99999999967080433,0.93750337803532491,0.99998272959054413,7.3439342209872464e-17
C,4,5.0000000000000002e-05,44,0.0022000000000000001,0.075875218725294305,0.99999119996127972,0.99999119996215746,0.99999119996215746,0.99998239851354354,0.99997359997062596,0.99998239851354354,4.375532079244077e-16,0.99999999965536368,0.93750337676721229,0.99998232795219821,1.8936600238032795e-17
C,4,5.0000000000000002e-05,45,0.0022500000000000003,0.075875218725294305,0.99999099995949969,0.99999099996039809,0.99999099996039809,0.99998199847989933,0.99997299997266198,0.99998199847989921,4.0054602157672789e-16,0.99999999963957131,0.93750337549880769,0.99998192631380967,8.463328842754419e-18
C,4,5.0000000000000002e-05,46,0.0023,0.075875218725294305,0.99999079995767959,0.9999907999585983,0.9999907999585983,0.99998159844626044,0.99997239997481391,0.99998159844626033,8.3076734234921059e-16,0.99999999962342767,0.93750337423011043,0.99998152467538182,1.7980851076166499e-17
C,4,5.0000000000000002e-05,47,0.0023500000000000001,0.075875218725294305,0.99999059995581963,0.99999059995675899,0.99999059995675899,0.99998119841262878,0.99997179997708352,0.99998119841262867,5.879042520674845e-16,0.99999999960693253,0.93750337296112063,0.99998112303691244,7.1295888912867442e-17
C,4,5.0000000000000002e-05,48,0.0024000000000000002,0.075875218725294305,0.99999039995391958,0.99999039995487704,0.99999039995487704,0.99998079837900233,0.99997119997947814,0.99998079837900222,1.9726949603628428e-16,0.99999999959008634,0.93750337169183862,0.999980721398401,2.2472999122336844e-17
C,4,5.0000000000000002e-05,49,0.0024499999999999999,0.075875218725294305,0.99999019995197957,0.99999019995295646,0.99999019995295646,0.99998039834538432,0.9999705999819869,0.99998039834538421,5.4971596406392643e-16,0.9999999995728891,0.93750337042226384,0.99998031975984736,1.9892956077932386e-17
C,4,5.0000000000000002e-05,50,0.0025000000000000001,0.075875218725294305,0.99998999994999949,0.99998999995099958,0.99998999995099958,0.99997999831176865,0.99996999998462011,0.99997999831176865,5.36647359639703e-16,0.99999999955534113,0.93750336915239718,0.9999799181212522,3.1129321403455619e-17
C,4,5.0000000000000002e-05,51,0.0025500000000000002,0.075875218725294305,0.99998979994797943,0.9999897999489985,0.9999897999489985,0.99997959827816085,0.99996939998737167,0.99997959827816085,1.6473298874437741e-16,0.99999999953744212,0.93750336788223765,0.99997951648261663,1.6448730505470984e-17
C,4,5.0000000000000002e-05,52,0.0026000000000000003,0.075875218725294305,0.99998959994591941,0.99998959994695669,0.99998959994695669,0.99997919824455872,0.99996879999024446,0.99997919824455861,7.1025193502150573e-16,0.99999999951919294,0.93750336661178568,0.99997911484393864,1.1443880929277959e-17
C,4,5.0000000000000002e-05,53,0.00265,0.075875218725294305,0.99998939994381941,0.99998939994487634,0.99998939994487634,0.99997879821096181,0.99996819999323527,0.99997879821096181,8.6450135745472283e-16,0.99999999950059304,0.93750336534104228,0.99997871320521958,2.7876598296790935e-17
C,4,5.0000000000000002e-05,54,0.0027000000000000001,0.075875218725294305,0.99998919994167934,0.99998919994275837,0.99998919994275837,0.99997839817737511,0.99996759999634555,0.99997839817737499,6.8374077254807881e-16,0.99999999948164309,0.93750336407000623,0.99997831156645922,7.2071491328035127e-17
C,4,5.0000000000000002e-05,55,0.0027500000000000003,0.075875218725294305,0.9999889999394993,0.99998899994059642,0.99998899994059642,0.9999779981437914,0.99996699999957595,0.99997799814379129,6.0593414760524954e-16,0.99999999946234308,0.93750336279867774,0.99997790992765601,1.8845409453434176e-17
C,4,5.0000000000000002e-05,56,0.0028,0.075875218725294305,0.99998879993727929,0.99998879993839607,0.99998879993839607,0.99997759811021658,0.99996640000293091,0.99997759811021658,4.2615991919501756e-16,0.9999999994426928,0.93750336152705782,0.99997750828881071,4.8659940478928213e-17
C,4,5.0000000000000002e-05,57,0.0028500000000000001,0.075875218725294305,0.99998859993501932,0.99998859993615796,0.99998859993615796,0.9999771980766442,0.99996580000640267,0.9999771980766442,6.2477852021875393e-16,0.99999999942269302,0.93750336025514547,0.99997710664992401,1.602641781113817e-17
C,4,5.0000000000000002e-05,58,0.0029000000000000002,0.075875218725294305,0.99998839993271926,0.99998839993387445,0.99998839993387445,0.99997679804307704,0.99996520000999389,0.99997679804307704,5.3040039177237899e-16,0.99999999940234374,0.93750335898294113,0.99997670501099689,7.2093674892974287e-17
C,4,5.0000000000000002e-05,59,0.0029499999999999999,0.075875218725294305,0.99998819993037913,0.99998819993155708,0.99998819993155708,0.99997639800952132,0.9999646000137058,0.99997639800952143,1.2493477915990732e-15,0.99999999938164452,0.93750335771044468,0.99997630337202836,1.8825028707521467e-18
C,4,5.0000000000000002e-05,60,0.0030000000000000001,0.075875218725294305,0.99998799992799914,0.99998799992919585,0.99998799992919585,0.99997599797596437,0.99996400001753538,0.99997599797596415,8.6828815006749414e-16,0.99999999936059625,0.93750335643765637,0.99997590173301876,5.3599126269264114e-17
C,4,5.0000000000000002e-05,61,0.0030500000000000002,0.075875218725294305,0.99998779992557907,0.99998779992679676,0.99998779992679676,0.99997559794242252,0.99996340002148731,0.99997559794242252,4.1743469515884592e-16,0.9999999993391987,0.93750335516457617,0.99997550009396763,2.3909149372523521e-17
C,4,5.0000000000000002e-05,62,0.0031000000000000003,0.075875218725294305,0.99998759992311903,0.99998759992435293,0.99998759992435293,0.99997519790888056,0.99996280002556026,0.99997519790888056,4.0216310760571539e-16,0.99999999931745176,0.93750335389120421,0.9999750984548732,1.6818048841013821e-17
C,4,5.0000000000000002e-05,63,0.00315,0.075875218725294305,0.99998739992061902,0.99998739992187469,0.99998739992187469,0.99997479787534649,0.99996220002974945,0.99997479787534638,9.6162618922441277e-16,0.99999999929535621,0.93750335261754014,0.99997469681573792,2.9643543831150567e-17
C,4,5.0000000000000002e-05,64,0.0032000000000000002,0.075875218725294305,0.99998719991807894,0.99998719991935514,0.99998719991935514,0.99997439784182096,0.99996160003406043,0.99997439784182085,4.878946490693287e-16,0.99999999927291194,0.93750335134358487,0.99997429517656156,2.0238457294846162e-17
C,4,5.0000000000000002e-05,65,0.0032500000000000003,0.075875218725294305,0.99998699991549889,0.99998699991679363,0.99998699991679363,0.99997399780829865,0.99996100003849464,0.99997399780829854,1.5210990424320532e-16,0.99999999925011884,0.93750335006933705,0.99997389353734345,7.0215273332293751e-19
C,4,5.0000000000000002e-05,66,0.0033,0.075875218725294305,0.99998679991287887,0.99998679991419626,0.99998679991419626,0.99997359777478079,0.9999604000430472,0.99997359777478079,6.3662869368055874e-16,0.99999999922697758,0.93750334879479724,0.99997349189808327,3.657528939678822e-17
C,4,5.0000000000000002e-05,67,0.0033500000000000001,0.075875218725294305,0.99998659991021877,0.99998659991155481,0.99998659991155481,0.99997319774127158,0.99995980004771479,0.99997319774127158,8.7967737126069371e-16,0.99999999920348792,0.93750334751996656,0.99997309025878134,2.9993755150911325e-17
C,4,5.0000000000000002e-05,68,0.0034000000000000002,0.075875218725294305,0.9999863999075187,0.99998639990887728,0.99998639990887728,0.99997279770776826,0.99995920005250916,0.99997279770776804,1.0024784202715746e-15,0.99999999917964977,0.9375033462448441,0.99997268861943833,1.8341037429515303e-17
C,4,5.0000000000000002e-05,69,0.0034500000000000004,0.075875218725294305,0.99998619990477866,0.99998619990615512,0.99998619990615512,0.99997239767427315,0.9999586000574211,0.99997239767427304,6.7035201631527486e-16,0.99999999915546378,0.93750334496942977,0.99997228698005292,3.7003272425853946e-17
C,4,5.0000000000000002e-05,70,0.0035000000000000001,0.075875218725294305,0.99998599990199866,0.99998599990339165,0.99998599990339165,0.99997199764077438,0.99995800006244973,0.99997199764077427,4.2505154568810507e-16,0.99999999913093007,0.9375033436937239,0.99997188534062587,3.0961015497901366e-17
C,4,5.0000000000000002e-05,71,0.0035500000000000002,0.075875218725294305,0.99998579989917857,0.999985799900592,0.999985799900592,0.99997159760729171,0.99995740006760159,0.9999715976072916,4.1120962932452937e-16,0.99999999910604875,0.93750334241772659,0.99997148370115851,1.7839139738502053e-17
C,4,5.0000000000000002e-05,72,0.0036000000000000003,0.075875218725294305,0.99998559989631852,0.9999855998977546,0.9999855998977546,0.99997119757381481,0.99995680007287246,0.9999711975738147,4.7904670177122315e-16,0.99999999908081949,0.93750334114143818,0.99997108206164909,3.6418870395919725e-17
C,4,5.0000000000000002e-05,73,0.00365,0.075875218725294305,0.9999853998934185,0.99998539989487456,0.99998539989487456,0.99997079754034046,0.99995620007826269,0.99997079754034035,5.7779173655625893e-16,0.99999999905524295,0.93750333986485757,0.99997068042209758,7.9186898207794258e-17
C,4,5.0000000000000002e-05,74,0.0037000000000000002,0.075875218725294305,0.9999851998904784,0.99998519989195378,0.99998519989195378,0.99997039750687255,0.99995560008377204,0.99997039750687255,7.3633181020932695e-16,0.99999999902931913,0.93750333858798551,0.99997027878250455,7.2082089268453308e-18
C,4,5.0000000000000002e-05,75,0.0037500000000000003,0.075875218725294305,0.99998499988749834,0.99998499988898937,0.99998499988898937,0.99996999747341153,0.9999550000894033,0.99996999747341153,3.7157186608355627e-16,0.99999999900304803,0.93750333731082292,0.99996987714287056,4.4234660100635179e-18
C,4,5.0000000000000002e-05,76,0.0038,0.075875218725294305,0.9999847998844783,0.99998479988599398,0.99998479988599398,0.99996959743996028,0.99995440009515679,0.99996959743996006,6.5817149612957617e-16,0.99999999897643033,0.93750333603336855,0.99996947550319548,1.0015752788913062e-17
C,4,5.0000000000000002e-05,77,0.0038500000000000001,0.075875218725294305,0.99998459988141819,0.99998459988295385,0.99998459988295385,0.99996919740651058,0.99995380010102908,0.99996919740651036,7.4090538097637836e-16,0.99999999894946545,0.93750333475562264,0.99996907386347889,2.5674331579022713e-17
C,4,5.0000000000000002e-05,78,0.0039000000000000003,0.075875218725294305,0.99998439987831811,0.99998439987987364,0.99998439987987364,0.99996879737306466,0.99995320010701749,0.99996879737306466,3.5453795120821242e-16,0.99999999892215408,0.93750333347758574,0.99996867222372099,4.4389230358563001e-17
C,4,5.0000000000000002e-05,79,0.0039500000000000004,0.075875218725294305,0.99998419987517806,0.99998419987675258,0.99998419987675258,0.99996839733963183,0.99995260011312948,0.99996839733963172,4.3187064236652329e-16,0.99999999889449609,0.93750333219925797,0.99996827058392102,9.7791413343858386e-18
C,4,5.0000000000000002e-05,80,0.0040000000000000001,0.075875218725294305,0.99998399987199793,0.99998399987359465,0.99998399987359465,0.99996799730620001,0.99995200011935836,0.9999679973061999,2.9167146832588703e-16,0.99999999886649171,0.93750333092063876,0.99996786894407996,2.9221274804394514e-17
C,4,5.0000000000000002e-05,81,0.0040499999999999998,0.075875218725294305,0.99998379986877783,0.99998379987039177,0.99998379987039177,0.99996759727277817,0.99995140012571038,0.99996759727277806,4.6480294629960559e-16,0.99999999883814128,0.93750332964172844,0.99996746730419817,1.5430567926860603e-19
C,4,5.0000000000000002e-05,82,0.0041000000000000003,0.075875218725294305,0.99998359986551777,0.99998359986715057,0.99998359986715057,0.99996719723935557,0.99995080013218174,0.99996719723935557,2.1480849391393832e-16,0.99999999880944446,0.93750332836252737,0.99996706566427407,1.4957073156950032e-17
C,4,5.0000000000000002e-05,83,0.00415,0.075875218725294305,0.99998339986221774,0.99998339986387297,0.99998339986387297,0.99996679720594506,0.99995020013877167,0.99996679720594506,4.251748303510845e-16,0.9999999987804018,0.93750332708303485,0.99996666402430912,2.5046564934988374e-17
C,4,5.0000000000000002e-05,84,0.0042000000000000006,0.075875218725294305,0.99998319985887762,0.99998319986055428,0.99998319986055428,0.99996639717253877,0.99994960014548329,0.99996639717253866,8.0923681272978541e-16,0.99999999875101342,0.9375033258032518,0.99996626238430308,3.5452911550237085e-17
C,4,5.0000000000000002e-05,85,0.0042500000000000003,0.075875218725294305,0.99998299985549755,0.99998299985719186,0.99998299985719186,0.99996599713914058,0.99994900015231569,0.99996599713914047,3.8411215451317535e-16,0.99999999872127954,0.93750332452317742,0.99996586074425531,9.1588985635985133e-17
C,4,5.0000000000000002e-05,86,0.0043,0.075875218725294305,0.9999827998520775,0.99998279985379124,0.99998279985379124,0.99996559710574773,0.99994840015926745,0.99996559710574762,4.5257934699923817e-16,0.99999999869119993,0.93750332324281238,0.99996545910416657,4.5677085437699424e-18
C,4,5.0000000000000002e-05,87,0.0043500000000000006,0.075875218725294305,0.99998259984861737,0.99998259985035176,0.99998259985035176,0.99996519707235521,0.99994780016633478,0.99996519707235509,5.5396378722954795e-16,0.99999999866077494,0.93750332196215624,0.99996505746403397,3.4800265862617558e-17
C,4,5.0000000000000002e-05,88,0.0044000000000000003,0.075875218725294305,0.99998239984511728,0.99998239984687365,0.99998239984687365,0.99996479703897312,0.99994720017352989,0.99996479703897312,5.9702838518588438e-16,0.99999999863000488,0.93750332068120878,0.99996465582386074,4.0538480973475537e-17
C,4,5.0000000000000002e-05,89,0.00445,0.075875218725294305,0.99998219984157721,0.99998219984334935,0.99998219984334935,0.99996439700560158,0.99994660018083814,0.99996439700560147,6.6830579289668854e-16,0.99999999859888966,0.93750331939997122,0.99996425418364543,2.5335532137085529e-18
C,4,5.0000000000000002e-05,90,0.0045000000000000005,0.075875218725294305,0.99998199983799707,0.99998199983979053,0.99998199983979053,0.99996399697223015,0.99994600018826763,0.99996399697223004,7.090752705547646e-16,0.9999999985674296,0.93750331811844245,0.9999638525433896,9.5043287264721704e-17
C,4,5.0000000000000002e-05,91,0.0045500000000000002,0.075875218725294305,0.99998179983437696,0.99998179983618918,0.99998179983618918,0.99996359693886594,0.99994540019582079,0.99996359693886594,6.0805214079978811e-16,0.99999999853562482,0.93750331683662325,0.99996345090309313,4.5350843887977045e-18
C,4,5.0000000000000002e-05,92,0.0045999999999999999,0.075875218725294305,0.99998159983071688,0.99998159983255308,0.99998159983255308,0.99996319690550928,0.99994480020349086,0.99996319690550928,4.1983679483659103e-16,0.99999999850347532,0.93750331555451294,0.99996304926275459,1.7571050556062549e-17
C,4,5.0000000000000002e-05,93,0.0046500000000000005,0.075875218725294305,0.99998139982701684,0.99998139982887091,0.99998139982887091,0.99996279687215994,0.99994420021128205,0.99996279687215972,4.8341094051832069e-16,0.99999999847098153,0.93750331427211242,0.99996264762237563,3.5522828753729776e-17
C,4,5.0000000000000002e-05,94,0.0047000000000000002,0.075875218725294305,0.99998119982327671,0.9999811998251501,0.9999811998251501,0.99996239683881294,0.99994360021918904,0.99996239683881283,6.8984776947583907e-16,0.99999999843814324,0.93750331298942147,0.99996224598195316,2.2651455386414968e-18
C,4,5.0000000000000002e-05,95,0.0047499999999999999,0.075875218725294305,0.99998099981949662,0.99998099982138799,0.99998099982138799,0.99996199680547437,0.99994300022722116,0.99996199680547415,6.7986729112751735e-16,0.9999999984049609,0.93750331170643952,0.99996184434148871,1.9079629797212232e-17
C,4,5.0000000000000002e-05,96,0.0048000000000000004,0.075875218725294305,0.99998079981567645,0.99998079981758936,0.99998079981758936,0.9999615967721408,0.99994240023537129,0.9999615967721408,6.6206134730006518e-16,0.9999999983714345,0.93750331042316759,0.99996144270098464,4.9765075300173036e-17
C,4,5.0000000000000002e-05,97,0.0048500000000000001,0.075875218725294305,0.99998059981181631,0.99998059981374898,0.99998059981374898,0.99996119673881401,0.99994180024364365,0.99996119673881401,7.1041885141883647e-16,0.99999999833756403,0.93750330913960489,0.99996104106043948,4.5680262885657216e-18
C,4,5.0000000000000002e-05,98,0.0048999999999999998,0.075875218725294305,0.9999803998079162,0.99998039980986808,0.99998039980986808,0.99996079670549232,0.99994120025203237,0.99996079670549209,5.1725045478622983e-16,0.99999999830335018,0.93750330785575176,0.99996063941985369,1.838093425040718e-17
C,4,5.0000000000000002e-05,99,0.0049500000000000004,0.075875218725294305,0.99998019980397612,0.99998019980594688,0.99998019980594688,0.99996039667217851,0.99994060026054432,0.9999603966721784,6.0241815069855859e-16,0.9999999982687926,0.93750330657160774,0.99996023777922383,4.4622226424508159e-17
C,4,5.0000000000000002e-05,100,0.0050000000000000001,0.075875218725294305,0.99997999979999597,0.99997999980198593,0.99997999980198593,0.99995999663886936,0.99994000026917518,0.99995999663886936,1.0640847942387299e-15,0.99999999823389152,0.93750330528717407,0.99995983613855288,3.7093123038985831e-17
C,4,5.0000000000000002e-05,101,0.0050500000000000007,0.075875218725294305,0.99997979979597584,0.99997979979798757,0.99997979979798757,0.99995959660556555,0.99993940027792627,0.99995959660556533,4.727494506139696e-16,0.99999999819864716,0.93750330400245008,0.99995943449784119,4.6524928543809918e-17
C,4,5.0000000000000002e-05,102,0.0051000000000000004,0.075875218725294305,0.99997959979191575,0.99997959979394579,0.99997959979394579,0.99995919657227161,0.99993880028679571,0.99995919657227161,1.0699198638129628e-15,0.99999999816305973,0.93750330271743565,0.99995903285708809,3.6495931897996867e-17
C,4,5.0000000000000002e-05,103,0.0051500000000000001,0.075875218725294305,0.99997939978781569,0.99997939978986761,0.99997939978986761,0.99995879653897912,0.99993820029578373,0.99995879653897912,9.4501746150674778e-16,0.99999999812712936,0.93750330143213134,0.9999586312162918,3.3179792898484428e-18
C,4,5.0000000000000002e-05,104,0.0052000000000000006,0.075875218725294305,0.99997919978367555,0.99997919978574923,0.99997919978574923,0.99995839650569662,0.99993760030489354,0.99995839650569651,3.9756740386931456e-16,0.99999999809085605,0.93750330014653682,0.99995822957545444,2.0318792863456521e-17
C,4,5.0000000000000002e-05,105,0.0052500000000000003,0.075875218725294305,0.99997899977949534,0.99997899978158766,0.99997899978158766,0.99995799647241768,0.9999370003141238,0.99995799647241757,3.8725535085936101e-16,0.99999999805424011,0.93750329886065198,0.99995782793457699,3.5174703850857245e-17
C,4,5.0000000000000002e-05,106,0.0053,0.075875218725294305,0.99997879977527526,0.99997879977738302,0.99997879977738302,0.99995759643914639,0.99993640032347475,0.99995759643914628,8.5152837484631594e-16,0.99999999801728168,0.93750329757447681,0.99995742629365847,4.5007585180473373e-17
C,4,5.0000000000000002e-05,107,0.0053500000000000006,0.075875218725294305,0.99997859977101511,0.9999785997731464,0.9999785997731464,0.99995719640588077,0.99993580033294416,0.99995719640588077,3.8024206397179082e-16,0.99999999797998085,0.93750329628801143,0.99995702465269765,7.1790948905256785e-20
C,4,5.0000000000000002e-05,108,0.0054000000000000003,0.075875218725294305,0.99997839976671499,0.99997839976886815,0.99997839976886815,0.99995679637261525,0.99993520034253358,0.99995679637261503,3.0307933663841308e-16,0.9999999979423374,0.9375032950012564,0.99995662301169597,7.3072807569065669e-17
C,4,5.0000000000000002e-05,109,0.00545,0.075875218725294305,0.99997819976237479,0.99997819976454227,0.99997819976454227,0.99995639633936328,0.99993460035224324,0.99995639633936328,6.0216118923465503e-16,0.99999999790435223,0.93750329371421104,0.99995622137065332,4.9297599062689347e-18
C,4,5.0000000000000002e-05,110,0.0055000000000000005,0.075875218725294305,0.99997799975799462,0.99997799976018542,0.99997799976018542,0.99995599630611598,0.99993400036207469,0.99995599630611598,3.033823602281492e-16,0.99999999786602511,0.93750329242687624,0.99995581972956749,8.8814303506539775e-18
C,4,5.0000000000000002e-05,111,0.0055500000000000002,0.075875218725294305,0.99997779975357448,0.99997779975578505,0.99997779975578505,0.99995559627287178,0.99993340037202605,0.99995559627287167,6.2614743841950307e-16,0.99999999782735582,0.93750329113925113,0.99995541808844102,3.0979069889824772e-17
C,4,5.0000000000000002e-05,112,0.0055999999999999999,0.075875218725294305,0.99997759974911438,0.99997759975134493,0.99997759975134493,0.99995519623963869,0.99993280038209487,0.99995519623963869,9.6254656581161605e-16,0.99999999778834525,0.93750328985133602,0.99995501644727325,9.9485997708816082e-18
C,4,5.0000000000000002e-05,113,0.0056500000000000005,0.075875218725294305,0.99997739974461419,0.99997739974686672,0.99997739974686672,0.99995479620640626,0.99993220039228803,0.99995479620640615,8.0104282231245067e-16,0.99999999774899306,0.93750328856313114,0.99995461480606507,2.2332730104725495e-18
C,4,5.0000000000000002e-05,114,0.0057000000000000002,0.075875218725294305,0.99997719974007404,0.99997719974234378,0.99997719974234378,0.99995439617317983,0.99993160040259654,0.99995439617317972,4.733875548571249e-16,0.99999999770929937,0.9375032872746365,0.99995421316481437,4.3711126728680483e-17
C,4,5.0000000000000002e-05,115,0.0057499999999999999,0.075875218725294305,0.99997699973549392,0.99997699973778265,0.99997699973778265,0.99995399613996128,0.99993100041302874,0.99995399613996117,5.2253850794299981e-16,0.99999999766926428,0.93750328598585198,0.99995381152352347,1.9203096625604943e-17
C,4,5.0000000000000002e-05,116,0.0058000000000000005,0.075875218725294305,0.99997679973087372,0.99997679973318576,0.99997679973318576,0.99995359610675183,0.99993040042357784,0.99995359610675183,7.2116916306681904e-16,0.99999999762888847,0.93750328469677757,0.99995340988219061,6.5320770270309797e-18
C,4,5.0000000000000002e-05,117,0.0058500000000000002,0.075875218725294305,0.99997659972621356,0.99997659972854258,0.99997659972854258,0.99995319607354571,0.99992980043424895,0.9999531960735456,5.0258165794513387e-16,0.9999999975881716,0.93750328340741396,0.9999530082408159,1.9853356307668883e-17
C,4,5.0000000000000002e-05,118,0.0058999999999999999,0.075875218725294305,0.99997639972151342,0.9999763997238631,0.9999763997238631,0.99995279604034815,0.99992920044503242,0.99995279604034815,5.726918448045891e-16,0.99999999754711388,0.93750328211776068,0.99995260659940011,4.7434953776410809e-18
C,4,5.0000000000000002e-05,119,0.0059500000000000004,0.075875218725294305,0.99997619971677321,0.99997619971914076,0.99997619971914076,0.99995239600715213,0.99992860045594789,0.99995239600715213,9.4852444992526496e-16,0.99999999750571555,0.93750328082781764,0.99995220495794213,3.5427199560189192e-17
C,4,5.0000000000000002e-05,120,0.0060000000000000001,0.075875218725294305,0.99997599971199302,0.99997599971437867,0.99997599971437867,0.99995199597396667,0.9999280004669775,0.99995199597396667,3.6195073160282998e-16,0.99999999746397694,0.93750327953758494,0.99995180331644418,8.5878715094564636e-18
C,4,5.0000000000000002e-05,121,0.0060500000000000007,0.075875218725294305,0.99997579970717299,0.99997579970958006,0.99997579970958006,0.99995159594078342,0.99992740047812601,0.99995159594078342,7.0613336978576666e-16,0.99999999742189782,0.93750327824706292,0.99995140167490459,3.6175793222829133e-17
C,4,5.0000000000000002e-05,122,0.0061000000000000004,0.075875218725294305,0.99997559970231276,0.99997559970473904,0.99997559970473904,0.99995119590760917,0.99992680048939508,0.99995119590760906,3.0076625658186061e-16,0.99999999737947831,0.93750327695625146,0.99995100003332293,1.1009356813969922e-17
C,4,5.0000000000000002e-05,123,0.0061500000000000001,0.075875218725294305,0.99997539969741256,0.99997539969985727,0.99997539969985727,0.99995079587443625,0.99992620050078662,0.99995079587443625,3.6095258934811119e-16,0.99999999733671885,0.93750327566515035,0.99995059839170031,4.7648572154386762e-17
C,4,5.0000000000000002e-05,124,0.0062000000000000006,0.075875218725294305,0.99997519969247239,0.99997519969494131,0.99997519969494131,0.99995039584127421,0.99992560051229662,0.99995039584127421,6.9062416187966898e-16,0.99999999729361944,0.93750327437375991,0.99995019675003705,1.9904344604629599e-17
C,4,5.0000000000000002e-05,125,0.0062500000000000003,0.075875218725294305,0.99997499968749215,0.99997499968998149,0.99997499968998149,0.9999499958081195,0.99992500052392674,0.9999499958081195,5.5434735577110651e-16,0.99999999725018029,0.93750327308208037,0.99994979510833193,1.2602998585139511e-17
C,4,5.0000000000000002e-05,126,0.0063,0.075875218725294305,0.99997479968247205,0.99997479968498182,0.99997479968498182,0.99994959577496567,0.99992440053567355,0.99994959577496567,7.8553757166725277e-16,0.99999999720640154,0.93750327179011106,0.99994939346658429,1.0125834650701878e-17
C,4,5.0000000000000002e-05,127,0.0063500000000000006,0.075875218725294305,0.99997459967741176,0.99997459967993851,0.99997459967993851,0.99994919574181984,0.99992380054754315,0.99994919574181984,6.8831643538819467e-16,0.99999999716228349,0.93750327049785287,0.99994899182479624,2.0106348341511331e-17
C,4,5.0000000000000002e-05,128,0.0064000000000000003,0.075875218725294305,0.99997439967231161,0.99997439967486001,0.99997439967486001,0.99994879570868089,0.99992320055953499,0.99994879570868078,1.0217061943776007e-15,0.99999999711782583,0.93750326920530547,0.99994859018296733,2.7716268089377248e-17
C,4,5.0000000000000002e-05,129,0.00645,0.075875218725294305,0.99997419966717138,0.99997419966973966,0.99997419966973966,0.99994839567555061,0.99992260057164828,0.99994839567555061,9.1585512069588078e-16,0.99999999707302911,0.93750326791246874,0.99994818854109613,3.2010429098951313e-17
C,4,5.0000000000000002e-05,130,0.0065000000000000006,0.075875218725294305,0.99997399966199119,0.99997399966458056,0.99997399966458056,0.99994799564242098,0.99992200058387604,0.99994799564242087,7.4835976546983228e-16,0.99999999702789333,0.9375032666193428,0.99994778689918451,9.8892244444259349e-18
C,4,5.0000000000000002e-05,131,0.0065500000000000003,0.075875218725294305,0.99997379965677102,0.99997379965937672,0.99997379965937672,0.99994759560929736,0.99992140059622592,0.99994759560929736,1.0915389878843014e-15,0.99999999698241882,0.93750326532592776,0.99994738525723093,3.6460074237845146e-17
C,4,5.0000000000000002e-05,132,0.0066,0.075875218725294305,0.99997359965151078,0.9999735996541379,0.9999735996541379,0.99994719557618339,0.9999208006086947,0.99994719557618339,5.8978700553960996e-16,0.99999999693660524,0.93750326403222339,0.99994698361523648,9.3447457689152602e-18
C,4,5.0000000000000002e-05,133,0.0066500000000000005,0.075875218725294305,0.99997339964621057,0.99997339964885601,0.99997339964885601,0.99994679554307198,0.99992020062128517,0.99994679554307198,9.8622950264275576e-16,0.99999999689045316,0.9375032627382307,0.99994658197319997,3.0026417357404242e-17
C,4,5.0000000000000002e-05,134,0.0067000000000000002,0.075875218725294305,0.99997319964087039,0.99997319964353548,0.99997319964353548,0.99994639550996933,0.99991960063399465,0.99994639550996922,7.9136937992563723e-16,0.9999999968439629,0.93750326144394824,0.99994618033112292,8.8411826762485103e-18
C,4,5.0000000000000002e-05,135,0.0067499999999999999,0.075875218725294305,0.99997299963549013,0.99997299963817776,0.99997299963817776,0.99994599547687102,0.99991900064682049,0.99994599547687091,6.9607991010649305e-16,0.99999999679713403,0.93750326014937779,0.99994577868900436,9.10550221795517e-17
C,4,5.0000000000000002e-05,136,0.0068000000000000005,0.075875218725294305,0.99997279963006991,0.99997279963277652,0.99997279963277652,0.9999455954437837,0.99991840065977089,0.9999455954437837,6.4696217295164857e-16,0.99999999674996709,0.93750325885451735,0.99994537704684527,1.6339517718635088e-17
C,4,5.0000000000000002e-05,137,0.0068500000000000002,0.075875218725294305,0.99997259962460971,0.99997259962733664,0.99997259962733664,0.99994519541069671,0.99991780067284031,0.9999451954106966,9.0390595112852476e-16,0.99999999670246231,0.93750325755936836,0.99994497540464355,4.3576223757203452e-17
C,4,5.0000000000000002e-05,138,0.0069000000000000008,0.075875218725294305,0.99997239961910944,0.99997239962185525,0.99997239962185525,0.99994479537761538,0.99991720068603518,0.99994479537761538,6.5184956872695097e-16,0.99999999665461925,0.93750325626393072,0.99994457376240165,2.2553747961040765e-18
C,4,5.0000000000000002e-05,139,0.0069500000000000004,0.075875218725294305,0.9999721996135692,0.99997219961633144,0.99997219961633144,0.99994439534454616,0.99991660069934296,0.99994439534454593,5.4051871116331778e-16,0.99999999660643857,0.93750325496820419,0.99994417212011866,8.1579679695115424e-18
C,4,5.0000000000000002e-05,140,0.0070000000000000001,0.075875218725294305,0.9999719996079891,0.99997199961077343,0.99997199961077343,0.99994399531147793,0.99991600071277154,0.99994399531147793,1.0722701995925994e-15,0.99999999655792049,0.93750325367218901,0.99994377047779415,1.9189190193334322e-17
C,4,5.0000000000000002e-05,141,0.0070500000000000007,0.075875218725294305,0.99997179960236882,0.99997179960517268,0.99997179960517268,0.99994359527841792,0.99991540072632124,0.99994359527841792,5.4851777145656697e-16,0.99999999650906501,0.93750325237588572,0.99994336883542767,1.5040086773393908e-17
C,4,5.0000000000000002e-05,142,0.0071000000000000004,0.075875218725294305,0.99997159959670856,0.99997159959953252,0.99997159959953252,0.99994319524535746,0.99991480073998973,0.99994319524535735,5.332680082547156e-16,0.99999999645987203,0.93750325107929278,0.99994296719301967,1.7422426508672386e-17
C,4,5.0000000000000002e-05,143,0.0071500000000000001,0.075875218725294305,0.99997139959100834,0.99997139959385206,0.99997139959385206,0.99994279521230833,0.9999142007537819,0.99994279521230822,3.9210918252879295e-16,0.9999999964103421,0.93750324978241195,0.99994256555057071,4.4361687911807911e-17
C,4,5.0000000000000002e-05,144,0.0072000000000000007,0.075875218725294305,0.99997119958526803,0.99997119958813163,0.99997119958813163,0.99994239517926764,0.99991360076768843,0.99994239517926753,5.4195900277683133e-16,0.99999999636047521,0.93750324848524202,0.99994216390808033,4.7615168988009416e-18
C,4,5.0000000000000002e-05,145,0.0072500000000000004,0.075875218725294305,0.99997099957948776,0.99997099958236968,0.99997099958236968,0.99994199514623017,0.99991300078171774,0.99994199514623006,3.9053367436143567e-16,0.99999999631027103,0.93750324718778366,0.99994176226554954,4.3731304810370476e-17
C,4,5.0000000000000002e-05,146,0.0073000000000000001,0.075875218725294305,0.99997079957366752,0.99997079957657053,0.99997079957657053,0.99994159511320135,0.99991240079586774,0.99994159511320124,4.7261761826736288e-16,0.99999999625973057,0.93750324589003708,0.99994136062297567,1.3282252203082115e-17
C,4,5.0000000000000002e-05,147,0.0073500000000000006,0.075875218725294305,0.99997059956780732,0.99997059957072731,0.99997059957072731,0.99994119508017332,0.99991180081013764,0.99994119508017321,1.1264566498786335e-15,0.99999999620885338,0.93750324459200229,0.99994095898036128,1.8233297843611112e-17
C,4,5.0000000000000002e-05,148,0.0074000000000000003,0.075875218725294305,0.99997039956190703,0.99997039956484957,0.99997039956484957,0.99994079504715516,0.99991120082452367,0.99994079504715516,9.0076112808332838e-16,0.9999999961576399,0.9375032432936784,0.99994055733770648,2.8345269996972206e-17
C,4,5.0000000000000002e-05,149,0.00745,0.075875218725294305,0.99997019955596678,0.99997019955893029,0.99997019955893029,0.99994039501414189,0.99991060083903649,0.99994039501414178,5.9866763149921709e-16,0.99999999610608992,0.93750324199506663,0.99994015569500982,4.4091107353114974e-18
C,4,5.0000000000000002e-05,150,0.0075000000000000006,0.075875218725294305,0.99996999954998655,0.99996999955296639,0.99996999955296639,0.99993999498113406,0.99991000085366777,0.99993999498113384,5.8335181415337483e-16,0.99999999605420364,0.9375032406961662,0.99993975405227209,4.8478590100347399e-17
C,4,5.0000000000000002e-05,151,0.0075500000000000003,0.075875218725294305,0.99996979954396625,0.99996979954696696,0.99996979954696696,0.99993959494813389,0.99990940086841518,0.999939594948134,4.6512778226392502e-16,0.99999999600198186,0.93750323939697711,0.99993935240949294,9.329723621051537e-18
C,4,5.0000000000000002e-05,152,0.0076,0.075875218725294305,0.99996959953790598,0.99996959954092701,0.99996959954092701,0.99993919491513805,0.99990880088328371,0.99993919491513805,2.9639052139530362e-16,0.99999999594942401,0.93750323809750002,0.99993895076667216,1.7692424546059691e-17
C,4,5.0000000000000002e-05,153,0.0076500000000000005,0.075875218725294305,0.99996939953180564,0.9999693995348462,0.9999693995348462,0.99993879488214865,0.99990820089827248,0.99993879488214854,8.7954321746104684e-16,0.99999999589653044,0.93750323679773495,0.99993854912381175,2.7550930634500709e-17
C,4,5.0000000000000002e-05,154,0.0077000000000000002,0.075875218725294305,0.99996919952566543,0.99996919952872698,0.99996919952872698,0.9999383948491668,0.99990760091338304,0.99993839484916669,1.0929574603433763e-15,0.99999999584330113,0.93750323549768133,0.9999381474809087,2.2469169751021206e-17
C,4,5.0000000000000002e-05,155,0.0077499999999999999,0.075875218725294305,0.99996899951948515,0.99996899952256213,0.99996899952256213,0.9999379948161895,0.99990700092860785,0.99993799481618939,5.8048474377272644e-16,0.99999999578973675,0.93750323419734016,0.99993774583796424,1.4119065207212773e-17
C,4,5.0000000000000002e-05,156,0.0078000000000000005,0.075875218725294305,0.99996879951326478,0.99996879951636441,0.99996879951636441,0.99993759478321576,0.99990640094396055,0.99993759478321553,4.1608408126504999e-16,0.99999999573583709,0.93750323289671078,0.99993734419497848,1.0590299706224986e-17
C,4,5.0000000000000002e-05,157,0.0078500000000000011,0.075875218725294305,0.99996859950700445,0.9999685995101234,0.9999685995101234,0.999937194750254,0.99990580095943205,0.99993719475025389,5.9896838492159131e-16,0.99999999568160203,0.93750323159579285,0.99993694255195165,2.5336513620277073e-18
C,4,5.0000000000000002e-05,158,0.0079000000000000008,0.075875218725294305,0.99996839950070415,0.99996839950384331,0.99996839950384331,0.99993679471729269,0.99990520097501656,0.99993679471729269,6.9336328950312481e-16,0.99999999562703212,0.93750323029458715,0.9999365409088824,3.5203543436895061e-17
C,4,5.0000000000000002e-05,159,0.0079500000000000005,0.075875218725294305,0.99996819949436389,0.99996819949752447,0.99996819949752447,0.99993639468434015,0.99990460099072465,0.99993639468434015,5.0622851710715162e-16,0.99999999557212749,0.93750322899309291,0.99993613926577185,4.8329588619340224e-17
C,4,5.0000000000000002e-05,160,0.0080000000000000002,0.075875218725294305,0.99996799948798365,0.9999679994911651,0.9999679994911651,0.99993599465139404,0.99990400100655452,0.99993599465139393,7.8212361873245171e-16,0.9999999955168879,0.93750322769131089,0.99993573762262122,1.544779492595701e-17
C,4,5.0000000000000002e-05,161,0.0080499999999999999,0.075875218725294305,0.99996779948156334,0.99996779948476078,0.99996779948476078,0.99993559461845238,0.99990340102250275,0.99993559461845216,6.1373625607920597e-16,0.99999999546131424,0.93750322638924122,0.9999353359794283,4.093636169087252e-17
C,4,5.0000000000000002e-05,162,0.0080999999999999996,0.075875218725294305,0.99996759947510305,0.99996759947832237,0.99996759947832237,0.99993519458551527,0.99990280103857176,0.99993519458551505,6.2038664016218411e-16,0.99999999540540574,0.93750322508688322,0.99993493433619407,1.8112337735533289e-17
C,4,5.0000000000000002e-05,163,0.008150000000000001,0.075875218725294305,0.99996739946860269,0.99996739947184043,0.99996739947184043,0.99993479455258383,0.99990220105476157,0.99993479455258372,4.4807332820290257e-16,0.99999999534916306,0.93750322378423767,0.99993453269291932,3.0704937897337353e-17
C,4,5.0000000000000002e-05,164,0.0082000000000000007,0.075875218725294305,0.99996719946206236,0.99996719946531942,0.99996719946531942,0.99993439451966737,0.9999016010710734,0.99993439451966715,5.5777288666921771e-16,0.99999999529258621,0.93750322248130447,0.99993413104960327,2.252812465269548e-17
C,4,5.0000000000000002e-05,165,0.0082500000000000004,0.075875218725294305,0.99996699945548206,0.99996699945876,0.99996699945876,0.99993399448674414,0.99990100108750257,0.99993399448674403,3.5552692878598477e-16,0.99999999523567573,0.93750322117808371,0.99993372940624636,2.4058291215088411e-17
C,4,5.0000000000000002e-05,166,0.0083000000000000001,0.075875218725294305,0.99996679944886169,0.99996679945216005,0.99996679945216005,0.9999335944538329,0.99990040110404987,0.99993359445383279,9.079629729409213e-16,0.99999999517843108,0.93750321987457463,0.99993332776284682,2.5190756530500885e-17
C,4,5.0000000000000002e-05,167,0.0083499999999999998,0.075875218725294305,0.99996659944220134,0.99996659944551869,0.99996659944551869,0.99993319442093032,0.99989980112071852,0.9999331944209302,4.3199849935882948e-16,0.9999999951208528,0.93750321857077812,0.99993292611940798,3.3550576654832636e-17
C,4,5.0000000000000002e-05,168,0.0084000000000000012,0.075875218725294305,0.99996639943550103,0.9999663994388398,0.9999663994388398,0.99993279438803084,0.99989920113750874,0.99993279438803084,4.3593226186120263e-16,0.99999999506294102,0.9375032172666945,0.99993252447592706,2.490822269889126e-17
C,4,5.0000000000000002e-05,169,0.0084500000000000009,0.075875218725294305,0.99996619942876075,0.9999661994321164,0.9999661994321164,0.99993239435513803,0.99989860115441798,0.99993239435513803,4.5951955041195135e-16,0.99999999500469594,0.93750321596232267,0.99993212283240629,7.9801517090040064e-17
C,4,5.0000000000000002e-05,170,0.0085000000000000006,0.075875218725294305,0.99996599942198039,0.99996599942535502,0.99996599942535502,0.99993199432224955,0.99989800117144445,0.99993199432224933,4.971246214458527e-16,0.99999999494611758,0.93750321465766351,0.99993172118884266,5.3531436358201423e-17
C,4,5.0000000000000002e-05,171,0.0085500000000000003,0.075875218725294305,0.99996579941516006,0.99996579941855646,0.99996579941855646,0.99993159428936451,0.99989740118859272,0.9999315942893644,5.5135267558987773e-16,0.99999999488720603,0.9375032133527168,0.99993131954523806,4.9809464060160689e-17
C,4,5.0000000000000002e-05,172,0.0086,0.075875218725294305,0.99996559940829965,0.99996559941171514,0.99996559941171514,0.99993119425649191,0.99989680120586144,0.99993119425649191,5.1488150336434239e-16,0.99999999482796176,0.93750321204748244,0.99993091790159305,3.5441518651965291e-17
C,4,5.0000000000000002e-05,173,0.0086499999999999997,0.075875218725294305,0.99996539940139928,0.99996539940483442,0.99996539940483442,0.99993079422362441,0.99989620122325207,0.99993079422362441,5.4267132377808715e-16,0.9999999947683843,0.93750321074196075,0.99993051625790708,6.8773013306213103e-17
C,4,5.0000000000000002e-05,174,0.0087000000000000011,0.075875218725294305,0.99996519939445894,0.99996519939791384,0.99996519939791384,0.9999303941907598,0.99989560124076304,0.99993039419075969,7.0190108186091866e-16,0.99999999470847445,0.93750320943615184,0.99993011461417824,2.8108358595727633e-17
C,4,5.0000000000000002e-05,175,0.0087500000000000008,0.075875218725294305,0.99996499938747851,0.99996499939095129,0.99996499939095129,0.99992999415789985,0.99989500125838648,0.99992999415789974,6.1286434147039933e-16,0.99999999464823186,0.93750320813005517,0.99992971297040867,1.2299328552709658e-17
C,4,5.0000000000000002e-05,176,0.0088000000000000005,0.075875218725294305,0.99996479938045812,0.99996479938395544,0.99996479938395544,0.99992959412504911,0.99989440127613738,0.99992959412504911,3.1023272845441413e-16,0.99999999458765698,0.93750320682367116,0.99992931132659746,8.3319535076927778e-18
C,4,5.0000000000000002e-05,177,0.0088500000000000002,0.075875218725294305,0.99996459937339777,0.99996459937691129,0.99996459937691129,0.99992919409220449,0.99989380129400862,0.99992919409220438,5.8959545044369234e-16,0.99999999452674981,0.9375032055170005,0.9999289096827445,3.8933607885792403e-17
C,4,5.0000000000000002e-05,178,0.0088999999999999999,0.075875218725294305,0.99996439936629744,0.99996439936983139,0.99996439936983139,0.99992879405936064,0.99989320131199422,0.99992879405936064,7.3710035042054729e-16,0.99999999446551069,0.93750320421004218,0.99992850803885214,1.0085838410816877e-17
C,4,5.0000000000000002e-05,179,0.0089499999999999996,0.075875218725294305,0.99996419935915704,0.99996419936270875,0.99996419936270875,0.99992839402653144,0.99989260133010316,0.99992839402653144,4.9264393274892164e-16,0.9999999944039395,0.93750320290279621,0.99992810639491947,3.7613293657157051e-17
C,4,5.0000000000000002e-05,180,0.0090000000000000011,0.075875218725294305,0.99996399935197666,0.99996399935555269,0.99996399935555269,0.99992799399370447,0.99989200134833167,0.99992799399370447,5.6471252739874872e-16,0.99999999434203635,0.93750320159526368,0.99992770475094406,2.8268429579784341e-17
C,4,5.0000000000000002e-05,181,0.0090500000000000008,0.075875218725294305,0.99996379934475632,0.99996379934834967,0.99996379934834967,0.99992759396088271,0.99989140136668353,0.9999275939608826,3.2584486094247983e-16,0.99999999427980168,0.93750320028744394,0.99992730310692668,4.9455002211965882e-18
C,4,5.0000000000000002e-05,182,0.0091000000000000004,0.075875218725294305,0.9999635993374959,0.99996359934110957,0.99996359934110957,0.99992719392806273,0.9998908013851483,0.99992719392806262,5.1280953731107711e-16,0.99999999421723562,0.93750319897933732,0.99992690146286856,4.5554281002119727e-17
C,4,5.0000000000000002e-05,183,0.0091500000000000001,0.075875218725294305,0.99996339933019551,0.99996339933382938,0.99996339933382938,0.99992679389525418,0.99989020140373441,0.99992679389525407,8.2397198862336563e-16,0.99999999415433805,0.93750319767094359,0.99992649981876891,3.0835527159837807e-17
C,4,5.0000000000000002e-05,184,0.0091999999999999998,0.075875218725294305,0.99996319932285505,0.99996319932650513,0.99996319932650513,0.99992639386244908,0.99988960142244909,0.99992639386244897,2.3095633322986084e-16,0.99999999409110918,0.93750319636226276,0.99992609817462841,3.6390848344848674e-17
C,4,5.0000000000000002e-05,185,0.0092500000000000013,0.075875218725294305,0.99996299931547461,0.99996299931914556,0.99996299931914556,0.99992599382965164,0.99988900144127546,0.99992599382965164,6.0736018062574354e-16,0.99999999402754913,0.93750319505329516,0.99992569653044583,4.2672492023450711e-17
C,4,5.0000000000000002e-05,186,0.009300000000000001,0.075875218725294305,0.99996279930805421,0.99996279931174548,0.99996279931174548,0.99992559379685864,0.99988840146022306,0.99992559379685841,9.2365813938486347e-16,0.99999999396365802,0.93750319374404001,0.99992529488622295,1.61801011077226e-18
C,4,5.0000000000000002e-05,187,0.0093500000000000007,0.075875218725294305,0.99996259930059384,0.99996259930430653,0.99996259930430653,0.99992519376407341,0.99988780147929412,0.99992519376407329,8.7188967060262535e-16,0.9999999938994365,0.93750319243449887,0.99992489324195888,5.9468502732155891e-17
C,4,5.0000000000000002e-05,188,0.0094000000000000004,0.075875218725294305,0.99996239929309338,0.99996239929682396,0.99996239929682396,0.99992479373129539,0.99988720149848309,0.99992479373129539,2.6086080263423984e-16,0.99999999383488414,0.93750319112466984,0.99992449159765462,3.8443291903422025e-17
C,4,5.0000000000000002e-05,189,0.0094500000000000001,0.075875218725294305,0.99996219928555297,0.9999621992893043,0.9999621992893043,0.99992439369851838,0.99988660151778763,0.99992439369851815,6.4596318840226515e-16,0.99999999377000115,0.93750318981455472,0.99992408995330884,1.9037207774176712e-18
C,4,5.0000000000000002e-05,190,0.0094999999999999998,0.075875218725294305,0.99996199927797258,0.9999619992817439,0.9999619992817439,0.9999239936657518,0.99988600153721463,0.9999239936657518,4.893553124579891e-16,0.99999999370478776,0.93750318850415304,0.99992368830892175,4.0754961732298276e-17
C,4,5.0000000000000002e-05,191,0.0095500000000000012,0.075875218725294305,0.99996179927035211,0.99996179927413997,0.99996179927413997,0.99992359363298622,0.99988540155676631,0.99992359363298611,6.907054964126048e-16,0.99999999363924441,0.93750318719346426,0.99992328666449393,1.992190830953532e-17
C,4,5.0000000000000002e-05,192,0.0096000000000000009,0.075875218725294305,0.99996159926269168,0.99996159926650086,0.99996159926650086,0.99992319360023618,0.999884801576433,0.99992319360023607,8.416382357042625e-16,0.99999999357337066,0.93750318588248838,0.9999228850200248,1.5340649230998163e-17
C,4,5.0000000000000002e-05,193,0.0096500000000000006,0.075875218725294305,0.99996139925499128,0.99996139925882221,0.99996139925882221,0.99992279356748326,0.99988420159621849,0.99992279356748315,4.510107950081553e-16,0.99999999350716706,0.93750318457122628,0.99992248337551426,4.592926878355407e-18
C,4,5.0000000000000002e-05,194,0.0097000000000000003,0.075875218725294305,0.9999611992472508,0.99996119925110183,0.99996119925110183,0.99992239353473877,0.9998836016161291,0.99992239353473866,5.837996087871027e-16,0.99999999344063373,0.93750318325967741,0.99992208173096164,1.711329728271786e-17
C,4,5.0000000000000002e-05,195,0.00975,0.075875218725294305,0.99996099923947035,0.99996099924334081,0.99996099924334081,0.99992199350199917,0.99988300163616006,0.99992199350199906,3.2194092913672811e-16,0.99999999337377066,0.93750318194784177,0.99992168008636939,3.2175970675764196e-17
C,4,5.0000000000000002e-05,196,0.0097999999999999997,0.075875218725294305,0.99996079923164982,0.99996079923553982,0.99996079923553982,0.9999215934692649,0.99988240165630982,0.9999215934692649,4.5454916258638492e-16,0.99999999330657785,0.93750318063572002,0.99992127844173606,4.091531776237677e-17
C,4,5.0000000000000002e-05,197,0.0098500000000000011,0.075875218725294305,0.99996059922378944,0.99996059922769842,0.99996059922769842,0.99992119343654107,0.99988180167657492,0.99992119343654107,5.718015902837757e-16,0.99999999323905586,0.9375031793233114,0.99992087679706132,3.8555552208002665e-17
C,4,5.0000000000000002e-05,198,0.0099000000000000008,0.075875218725294305,0.99996039921588897,0.99996039921981861,0.99996039921981861,0.99992079340381945,0.99988120169696215,0.99992079340381934,4.4653165296038394e-16,0.99999999317120469,0.93750317801061744,0.99992047515234617,3.6995039157250012e-17
C,4,5.0000000000000002e-05,199,0.0099500000000000005,0.075875218725294305,0.99996019920794854,0.99996019921189461,0.99996019921189461,0.99992039337110283,0.99988060171747317,0.99992039337110272,1.2667182826008875e-15,0.99999999310302423,0.93750317669763605,0.99992007350758838,3.6669533410458339e-17
C,4,5.0000000000000002e-05,200,0.01,0.075875218725294305,0.99995999919996803,0.99995999920394041,0.99995999920394041,0.99991999333839432,0.99988000173809977,0.99991999333839421,1.9595205042775762e-16,0.99999999303451481,0.937503175384369,0.99991967186278985,8.901587261048041e-18
C,4,5.0000000000000002e-05,201,0.01005,0.075875218725294305,0.99995979919194755,0.9999597991959297,0.9999597991959297,0.99991959330569591,0.99987940175884471,0.99991959330569591,6.715879864248381e-16,0.99999999296567688,0.93750317407081507,0.9999192702179508,2.1019214762448223e-17
C,4,5.0000000000000002e-05,202,0.010100000000000001,0.075875218725294305,0.99995959918388699,0.99995959918789179,0.99995959918789179,0.99991919327299672,0.99987880177971644,0.99991919327299661,1.702923143219164e-16,0.99999999289650998,0.93750317275697448,0.99991886857307111,8.8463892261010186e-18
C,4,5.0000000000000002e-05,203,0.010150000000000001,0.075875218725294305,0.99995939917578658,0.99995939917981214,0.99995939917981214,0.99991879324030331,0.99987820180070408,0.99991879324030319,4.9204410913676021e-16,0.99999999282701457,0.937503171442848,0.9999184669281489,7.3533948742006879e-17
C,4,5.0000000000000002e-05,204,0.010200000000000001,0.075875218725294305,0.99995919916764608,0.99995919917169218,0.99995919917169218,0.99991839320761988,0.99987760182181284,0.99991839320761966,4.7813602102582155e-16,0.99999999275719098,0.93750317012843531,0.9999180652831845,2.1782118339279336e-17
C,4,5.0000000000000002e-05,205,0.01025,0.075875218725294305,0.99995899915946551,0.99995899916353015,0.99995899916353015,0.99991799317494146,0.99987700184303829,0.99991799317494134,5.8141649461005366e-16,0.99999999268703887,0.93750316881373685,0.99991766363817969,1.9641048206171426e-17
C,4,5.0000000000000002e-05,206,0.0103,0.075875218725294305,0.99995879915124497,0.9999587991553317,0.9999587991553317,0.99991759314226625,0.99987640186438564,0.99991759314226603,2.4543508549128817e-16,0.99999999261655881,0.93750316749875184,0.99991726199313447,1.3361999004113037e-17
C,4,5.0000000000000002e-05,207,0.01035,0.075875218725294305,0.99995859914298446,0.99995859914708796,0.99995859914708796,0.99991719310959781,0.99987580188585734,0.99991719310959781,8.2464986304372931e-16,0.99999999254575078,0.93750316618348051,0.99991686034804828,3.5981940657229106e-17
C,4,5.0000000000000002e-05,208,0.010400000000000001,0.075875218725294305,0.99995839913468398,0.99995839913880724,0.99995839913880724,0.9999167930769346,0.9998752019074415,0.99991679307693448,6.3120252512054063e-16,0.99999999247461491,0.93750316486792362,0.99991645870292001,2.657372431705214e-17
C,4,5.0000000000000002e-05,209,0.010450000000000001,0.075875218725294305,0.99995819912634354,0.999958199130488,0.999958199130488,0.99991639304428526,0.9998746019291529,0.99991639304428515,7.0550413713308834e-16,0.99999999240315129,0.93750316355208085,0.99991605705775077,8.7814632128253109e-18
C,4,5.0000000000000002e-05,210,0.010500000000000001,0.075875218725294305,0.99995799911796301,0.99995799912212868,0.99995799912212868,0.99991599301163236,0.99987400195098108,0.99991599301163214,6.6408901609078281e-16,0.99999999233136028,0.93750316223595165,0.99991565541254213,3.9806910112639768e-17
C,4,5.0000000000000002e-05,211,0.01055,0.075875218725294305,0.99995779910954241,0.99995779911372518,0.99995779911372518,0.9999155929789878,0.99987340197292873,0.99991559297898769,3.4728724572135342e-16,0.99999999225924163,0.93750316091953656,0.99991525376729162,4.4165291386736997e-17
C,4,5.0000000000000002e-05,212,0.0106,0.075875218725294305,0.99995759910108184,0.99995759910528503,0.99995759910528503,0.99991519294635345,0.99987280199499484,0.99991519294635334,7.9778954389707234e-16,0.99999999218679592,0.93750315960283548,0.99991485212200037,7.2198872103664665e-18
C,4,5.0000000000000002e-05,213,0.01065,0.075875218725294305,0.9999573990925813,0.99995739909680648,0.99995739909680648,0.99991479291371854,0.99987220201718063,0.99991479291371843,3.0922439595911856e-16,0.99999999211402291,0.93750315828584896,0.99991445047666738,2.487614654366717e-17
C,4,5.0000000000000002e-05,214,0.010700000000000001,0.075875218725294305,0.99995719908404079,0.99995719908828262,0.99995719908828262,0.9999143928810923,0.99987160203949343,0.9999143928810923,7.1921657297709588e-16,0.99999999204092316,0.93750315696857678,0.99991404883129276,1.7504921240969345e-17
C,4,5.0000000000000002e-05,215,0.010750000000000001,0.075875218725294305,0.99995699907546021,0.99995699907972213,0.99995699907972213,0.99991399284847493,0.99987100206191548,0.99991399284847471,1.019244473970528e-16,0.99999999196749623,0.93750315565101827,0.99991364718587694,3.8832589644116277e-17
C,4,5.0000000000000002e-05,216,0.010800000000000001,0.075875218725294305,0.99995679906683965,0.99995679907112534,0.99995679907112534,0.99991359281585868,0.99987040208446609,0.99991359281585857,2.3390621331811722e-16,0.999999991893743,0.9375031543331741,0.99991324554042049,2.2124470871646229e-17
C,4,5.0000000000000002e-05,217,0.01085,0.075875218725294305,0.99995659905817913,0.99995659906247913,0.99995659906247913,0.99991319278324919,0.99986980210713294,0.99991319278324908,6.5021552749981823e-16,0.99999999181966315,0.93750315301504428,0.9999128438949233,1.7692852066780796e-17
C,4,5.0000000000000002e-05,218,0.0109,0.075875218725294305,0.99995639904947853,0.99995639905379829,0.99995639905379829,0.99991279275065115,0.99986920212991881,0.99991279275065104,5.9404423511156467e-16,0.99999999174525678,0.9375031516966289,0.99991244224938536,1.7587148020435447e-17
C,4,5.0000000000000002e-05,219,0.01095,0.075875218725294305,0.99995619904073796,0.99995619904507826,0.99995619904507826,0.99991239271804933,0.99986860215282958,0.99991239271804921,5.3746379260310951e-16,0.999999991670524,0.93750315037792786,0.99991204060380512,5.3912090422891799e-17
C,4,5.0000000000000002e-05,220,0.011000000000000001,0.075875218725294305,0.99995599903195742,0.99995599903631838,0.99995599903631838,0.99991199268546016,0.99986800217585725,0.99991199268546016,4.2055229421966804e-16,0.99999999159546527,0.9375031490589415,0.9999116389581838,4.5875262705456144e-17
C,4,5.0000000000000002e-05,221,0.011050000000000001,0.075875218725294305,0.9999557990231368,0.99995579902751741,0.99995579902751741,0.99991159265287266,0.99986740219900927,0.99991159265287244,6.8728358285358131e-16,0.99999999152008057,0.93750314773966947,0.99991123731252207,3.2705777086768726e-17
C,4,5.0000000000000002e-05,222,0.0111,0.075875218725294305,0.99995559901427622,0.99995559901867248,0.99995559901867248,0.99991119262029593,0.99986680222227287,0.99991119262029582,8.5974009524773726e-16,0.99999999144437013,0.93750314642011201,0.9999108356668186,4.2747498452799364e-17
C,4,5.0000000000000002e-05,223,0.01115,0.075875218725294305,0.99995539900537567,0.99995539900979791,0.99995539900979791,0.99991079258772386,0.99986620224566047,0.99991079258772375,4.3383146936160014e-16,0.99999999136833373,0.93750314510026878,0.9999104340210756,1.3282213601825725e-17
C,4,5.0000000000000002e-05,224,0.0112,0.075875218725294305,0.99995519899643504,0.99995519900087482,0.99995519900087482,0.99991039255515402,0.99986560226916787,0.99991039255515402,8.5699090378845439e-16,0.99999999129197181,0.93750314378014099,0.99991003237528975,1.787503768239017e-17
C,4,5.0000000000000002e-05,225,0.011250000000000001,0.075875218725294305,0.99995499898745444,0.99995499899191154,0.99995499899191154,0.99990999252259538,0.99986500229279696,0.99990999252259527,6.0893660282182676e-16,0.9999999912152846,0.93750314245972677,0.99990963072946348,6.7605696510748631e-17
C,4,5.0000000000000002e-05,226,0.011300000000000001,0.075875218725294305,0.99995479897843376,0.99995479898291595,0.99995479898291595,0.99990959249004185,0.99986440231654261,0.99990959249004185,7.1754067726114879e-16,0.9999999911382722,0.93750314113902755,0.99990922908359681,9.5060485433644053e-18
C,4,5.0000000000000002e-05,227,0.011350000000000001,0.075875218725294305,0.99995459896937322,0.99995459897387173,0.99995459897387173,0.99990919245748966,0.99986380234041061,0.99990919245748955,4.7951732745305946e-16,0.99999999106093429,0.93750313981804301,0.99990882743768861,1.333408737599849e-17
C,4,5.0000000000000002e-05,228,0.0114,0.075875218725294305,0.99995439896027261,0.99995439896478899,0.99995439896478899,0.99990879242494624,0.99986320236439818,0.99990879242494601,5.1110517978899945e-16,0.99999999098327164,0.93750313849677291,0.99990842579173866,5.6861180061733287e-18
C,4,5.0000000000000002e-05,229,0.01145,0.075875218725294305,0.99995419895113202,0.99995419895566928,0.99995419895566928,0.99990839239241014,0.99986260238850599,0.99990839239241014,4.5117810649076726e-16,0.99999999090528413,0.93750313717521772,0.99990802414574786,2.1923143081685819e-17
C,4,5.0000000000000002e-05,230,0.0115,0.075875218725294305,0.99995399894195136,0.99995399894650772,0.99995399894650772,0.9999079923598797,0.99986200241273371,0.9999079923598797,6.3111333255429168e-16,0.99999999082697189,0.9375031358533773,0.99990762249971699,4.8458043895598082e-17
C,4,5.0000000000000002e-05,231,0.011550000000000001,0.075875218725294305,0.99995379893273073,0.9999537989373104,0.9999537989373104,0.99990759232735194,0.99986140243708066,0.99990759232735194,5.009993718238877e-16,0.99999999074833501,0.937503134531252,0.99990722085364359,7.2815942698136082e-18
C,4,5.0000000000000002e-05,232,0.011600000000000001,0.075875218725294305,0.99995359892347002,0.99995359892807023,0.99995359892807023,0.99990719229483371,0.99986080246154496,0.9999071922948336,4.8302840473654291e-16,0.99999999066937373,0.93750313320884138,0.99990681920753011,1.5833005829805517e-17
C,4,5.0000000000000002e-05,233,0.011650000000000001,0.075875218725294305,0.99995339891416934,0.99995339891878476,0.99995339891878476,0.99990679226231938,0.99986020248613217,0.99990679226231938,5.7959042464146788e-16,0.99999999059008826,0.93750313188614587,0.99990641756137444,4.2077312469730213e-17
C,4,5.0000000000000002e-05,234,0.0117,0.075875218725294305,0.9999531989048287,0.99995319890946521,0.99995319890946521,0.99990639222981226,0.99985960251084016,0.99990639222981215,4.5206600273763892e-16,0.9999999905104785,0.93750313056316525,0.9999060159151798,9.6266609392220701e-18
C,4,5.0000000000000002e-05,235,0.01175,0.075875218725294305,0.99995299889544809,0.99995299890010658,0.99995299890010658,0.99990599219730902,0.99985900253566817,0.99990599219730891,4.0960251674999496e-16,0.99999999043054477,0.93750312923989942,0.99990561426894287,2.2116770923896776e-17
C,4,5.0000000000000002e-05,236,0.0118,0.075875218725294305,0.99995279888602739,0.99995279889070254,0.99995279889070254,0.99990559216481423,0.99985840256061997,0.99990559216481412,1.5223166996860992e-16,0.9999999903502873,0.93750312791634915,0.99990521262266407,8.9972028884834719e-18
C,4,5.0000000000000002e-05,237,0.011850000000000001,0.075875218725294305,0.99995259887656673,0.99995259888126298,0.99995259888126298,0.99990519213232354,0.99985780258568535,0.99990519213232343,1.0138413617439408e-15,0.99999999026970576,0.93750312659251389,0.9999048109763462,3.7547720805674383e-17
C,4,5.0000000000000002e-05,238,0.011900000000000001,0.075875218725294305,0.99995239886706611,0.99995239887177712,0.99995239887177712,0.99990479209983618,0.99985720261087485,0.99990479209983618,1.2933226565892451e-15,0.99999999018880092,0.93750312526839374,0.99990440932998659,3.968091330183437e-17
C,4,5.0000000000000002e-05,239,0.011950000000000001,0.075875218725294305,0.9999521988575254,0.99995219886225906,0.99995219886225906,0.99990439206736093,0.99985660263618237,0.99990439206736081,6.5597780751318962e-16,0.99999999010757246,0.93750312394398894,0.99990400768358667,3.174610691811355e-17
C,4,5.0000000000000002e-05,240,0.012,0.075875218725294305,0.99995199884794472,0.99995199885269581,0.99995199885269581,0.99990399203488656,0.99985600266160812,0.99990399203488656,4.2804347337973903e-16,0.99999999002602091,0.9375031226192988,0.99990360603714523,3.7074149246775482e-17
C,4,5.0000000000000002e-05,241,0.01205,0.075875218725294305,0.99995179883832397,0.99995179884309793,0.99995179884309793,0.99990359200241952,0.99985540268715745,0.99990359200241941,7.6085267142697349e-16,0.99999998994414607,0.93750312129432423,0.99990320439066238,4.4254799376203684e-18
C,4,5.0000000000000002e-05,242,0.012100000000000001,0.075875218725294305,0.99995159882866336,0.99995159883345608,0.99995159883345608,0.9999031919699567,0.99985480271282334,0.99990319196995658,8.3385317495949402e-16,0.99999998986194816,0.9375031199690651,0.99990280274413923,2.7686483249517592e-18
C,4,5.0000000000000002e-05,243,0.012150000000000001,0.075875218725294305,0.99995139881896256,0.99995139882377559,0.99995139882377559,0.99990279193750264,0.9998542027386107,0.99990279193750242,1.6882136130237922e-15,0.99999998977942739,0.93750311864352098,0.99990240109757378,3.1824795653330495e-17
C,4,5.0000000000000002e-05,244,0.012200000000000001,0.075875218725294305,0.9999511988092219,0.99995119881405492,0.99995119881405492,0.99990239190505514,0.9998536027645174,0.99990239190505514,4.0115813209456616e-16,0.99999998969658377,0.93750311731769265,0.99990199945096769,4.9543432248788876e-17
C,4,5.0000000000000002e-05,245,0.01225,0.075875218725294305,0.99995099879944116,0.99995099880429461,0.99995099880429461,0.9999019918726102,0.9998530027905399,0.99990199187261009,7.2638240080155362e-16,0.99999998961341774,0.93750311599157898,0.99990159780432208,8.851108694038285e-18
C,4,5.0000000000000002e-05,246,0.0123,0.075875218725294305,0.99995079878962045,0.99995079879449444,0.99995079879449444,0.99990159184017269,0.99985240281669108,0.99990159184017258,4.9646687053132161e-16,0.99999998952992919,0.93750311466518133,0.99990119615763329,7.0803576914326623e-17
C,4,5.0000000000000002e-05,247,0.01235,0.075875218725294305,0.99995059877975978,0.99995059878465231,0.99995059878465231,0.99990119180773995,0.99985180284295716,0.99990119180773995,6.9224602185954275e-16,0.99999998944611823,0.93750311333849834,0.99990079451090497,9.989007331466861e-18
C,4,5.0000000000000002e-05,248,0.012400000000000001,0.075875218725294305,0.99995039876985903,0.99995039877476899,0.99995039877476899,0.99990079177531743,0.99985120286934481,0.99990079177531743,5.2453158400764264e-16,0.99999998936198498,0.93750311201153191,0.9999003928641349,3.9593800973100719e-17
C,4,5.0000000000000002e-05,249,0.012450000000000001,0.075875218725294305,0.99995019875991831,0.99995019876484659,0.99995019876484659,0.99990039174289791,0.99985060289585248,0.99990039174289802,6.5379533642460494e-16,0.99999998927752987,0.93750311068428094,0.99989999121732398,2.7862754195388533e-17
C,4,5.0000000000000002e-05,250,0.012500000000000001,0.075875218725294305,0.99994999874993751,0.99994999875488633,0.99994999875488633,0.99989999171048394,0.99985000292247705,0.99989999171048383,8.7509567113797894e-16,0.99999998919275279,0.93750310935674541,0.99989958957047143,1.8866948688756136e-17
C,4,5.0000000000000002e-05,251,0.01255,0.075875218725294305,0.99994979873991674,0.99994979874489032,0.99994979874489032,0.99989959167807352,0.99984940294922486,0.9998995916780733,4.9884123502794432e-16,0.99999998910765409,0.937503108028925,0.99989918792357779,3.9814708719646207e-17
C,4,5.0000000000000002e-05,252,0.0126,0.075875218725294305,0.999949598729856,0.99994959873484279,0.99994959873484279,0.99989919164567065,0.99984880297609291,0.99989919164567043,5.2543143467963814e-16,0.99999998902223342,0.93750310670082115,0.99989878627664452,1.9644150339666858e-17
C,4,5.0000000000000002e-05,253,0.01265,0.075875218725294305,0.99994939871975519,0.99994939872476385,0.99994939872476385,0.99989879161327833,0.99984820300307842,0.99989879161327821,6.0918856433312688e-16,0.99999998893649145,0.93750310537243253,0.99989838462966918,2.8136399305414457e-17
C,4,5.0000000000000002e-05,254,0.012700000000000001,0.075875218725294305,0.99994919870961441,0.9999491987146446,0.9999491987146446,0.99989839158088456,0.99984760303018472,0.99989839158088445,3.6519265439132497e-16,0.99999998885042807,0.93750310404375969,0.99989798298265387,1.3278520868156063e-17
C,4,5.0000000000000002e-05,255,0.012750000000000001,0.075875218725294305,0.99994899869943366,0.99994899870447818,0.99994899870447818,0.99989799154850278,0.99984700305741558,0.99989799154850267,2.016440969042245e-16,0.99999998876404361,0.93750310271480275,0.99989758133559725,1.6225034341200966e-17
C,4,5.0000000000000002e-05,256,0.012800000000000001,0.075875218725294305,0.99994879868921294,0.99994879869427966,0.99994879869427966,0.99989759151612145,0.99984640308475925,0.99989759151612134,6.1335834808326292e-16,0.99999998867733797,0.93750310138556137,0.99989717968849934,8.9093420182806731e-18
C,4,5.0000000000000002e-05,257,0.01285,0.075875218725294305,0.99994859867895214,0.99994859868404018,0.99994859868404018,0.999897191483752,0.99984580311222515,0.99989719148375189,4.4292313640153449e-16,0.99999998859031147,0.93750310005603632,0.99989677804136068,2.5290925055150514e-17
C,4,5.0000000000000002e-05,258,0.0129,0.075875218725294305,0.99994839866865126,0.99994839867375829,0.99994839867375829,0.99989679145137988,0.99984520313981617,0.99989679145137977,5.1561514710120327e-16,0.99999998850296423,0.93750309872622684,0.99989637639418183,9.9558811943283601e-18
C,4,5.0000000000000002e-05,259,0.012950000000000001,0.075875218725294305,0.99994819865831053,0.99994819866343809,0.99994819866343809,0.99989639141901998,0.99984460316752222,0.99989639141901987,1.1498643591794201e-15,0.99999998841529603,0.93750309739613369,0.99989597474696101,2.1033663177492391e-18
C,4,5.0000000000000002e-05,260,0.013000000000000001,0.075875218725294305,0.99994799864792971,0.99994799865307604,0.99994799865307604,0.99989599138666285,0.99984400319534872,0.99989599138666274,7.4532987297791101e-16,0.99999998832730774,0.93750309606575588,0.9998955730996999,1.2856338300309959e-17
C,4,5.0000000000000002e-05,261,0.013050000000000001,0.075875218725294305,0.99994779863750882,0.9999477986426728,0.9999477986426728,0.99989559135431538,0.99984340322329801,0.99989559135431527,1.0862951183878056e-15,0.99999998823899872,0.93750309473509452,0.99989517145239726,6.8183211141908461e-17
C,4,5.0000000000000002e-05,262,0.013100000000000001,0.075875218725294305,0.99994759862704807,0.99994759863223481,0.99994759863223481,0.99989519132196736,0.99984280325136132,0.99989519132196725,8.7388811585141918e-16,0.99999998815036972,0.9375030934041495,0.99989476980505487,6.7166542904160184e-18
C,4,5.0000000000000002e-05,263,0.01315,0.075875218725294305,0.99994739861654724,0.99994739862175486,0.99994739862175486,0.99989479128963488,0.99984220327955353,0.99989479128963477,7.4488510079006348e-16,0.99999998806142054,0.93750309207292015,0.99989436815767041,2.6780937417420982e-17
C,4,5.0000000000000002e-05,264,0.0132,0.075875218725294305,0.99994719860600634,0.99994719861123071,0.99994719861123071,0.99989439125730306,0.99984160330785665,0.99989439125730295,5.2051826897161582e-16,0.99999998797215128,0.93750309074140747,0.99989396651024409,1.3160612868533589e-18
C,4,5.0000000000000002e-05,265,0.013250000000000001,0.075875218725294305,0.99994699859542557,0.99994699860066905,0.99994699860066905,0.99989399122497169,0.99984100333627901,0.99989399122497147,5.2385429721297812e-16,0.99999998788256217,0.93750308940961014,0.99989356486277781,5.6103547231263406e-17
C,4,5.0000000000000002e-05,266,0.013300000000000001,0.075875218725294305,0.99994679858480473,0.9999467985900693,0.9999467985900693,0.99989359119265531,0.9998404033648296,0.9998935911926552,9.0674850837860612e-16,0.99999998779265353,0.9375030880775298,0.99989316321526944,3.8754729515870539e-18
C,4,5.0000000000000002e-05,267,0.013350000000000001,0.075875218725294305,0.99994659857414392,0.99994659857942525,0.99994659857942525,0.99989319116033737,0.99983980339349698,0.99989319116033726,6.9006279972315775e-16,0.99999998770242537,0.93750308674516536,0.99989276156772133,3.0776647292247414e-17
C,4,5.0000000000000002e-05,268,0.0134,0.075875218725294305,0.99994639856344303,0.99994639856874712,0.99994639856874712,0.99989279112802931,0.99983920342228083,0.99989279112802931,6.0580646948527824e-16,0.99999998761187769,0.93750308541251737,0.99989235992013104,1.8225668197622796e-17
C,4,5.0000000000000002e-05,269,0.01345,0.075875218725294305,0.99994619855270217,0.99994619855802425,0.99994619855802425,0.99989239109572747,0.99983860345118925,0.99989239109572747,5.9846952605686134e-16,0.99999998752101082,0.93750308407958571,0.9998919582725011,7.3136634580679315e-17
C,4,5.0000000000000002e-05,270,0.0135,0.075875218725294305,0.99994599854192123,0.9999459985472634,0.9999459985472634,0.99989199106342941,0.99983800348021556,0.9998919910634293,3.9457539948836265e-16,0.99999998742982499,0.93750308274636995,0.99989155662482898,1.7958639061109563e-17
C,4,5.0000000000000002e-05,271,0.013550000000000001,0.075875218725294305,0.99994579853110033,0.99994579853646182,0.99994579853646182,0.99989159103114034,0.99983740350936212,0.99989159103114034,1.4921953633829264e-16,0.99999998733831996,0.93750308141287142,0.99989115497711645,3.5692395615437663e-17
C,4,5.0000000000000002e-05,272,0.013600000000000001,0.075875218725294305,0.99994559852023945,0.99994559852561815,0.99994559852561815,0.99989119099885426,0.99983680353862936,0.99989119099885426,3.5426321847412062e-16,0.99999998724649619,0.93750308007908956,0.99989075332936395,2.9388907636895212e-17
C,4,5.0000000000000002e-05,273,0.013650000000000001,0.075875218725294305,0.99994539850933861,0.99994539851473863,0.99994539851473863,0.99989079096657663,0.99983620356801761,0.99989079096657663,7.2660316381966937e-16,0.99999998715435356,0.93750307874502314,0.99989035168156915,7.8220092566528128e-17
C,4,5.0000000000000002e-05,274,0.0137,0.075875218725294305,0.99994519849839769,0.99994519850381891,0.99994519850381891,0.9998903909343011,0.99983560359752299,0.99989039093430121,3.3839984883981903e-16,0.99999998706189264,0.93750307741067396,0.99988995003373404,1.8710056310483062e-17
C,4,5.0000000000000002e-05,275,0.01375,0.075875218725294305,0.9999449984874168,0.9999449984928559,0.9999449984928559,0.99988999090203023,0.99983500362715194,0.99988999090203012,8.7896741943929861e-16,0.99999998696911296,0.93750307607604089,0.99988954838585853,1.2814038243910776e-17
C,4,5.0000000000000002e-05,276,0.013800000000000002,0.075875218725294305,0.99994479847639595,0.99994479848185336,0.99994479848185336,0.99988959086976992,0.99983440365689269,0.9998895908697697,3.8657077472017422e-16,0.99999998687601521,0.93750307474112526,0.99988914673794027,5.4331539990369919e-17
C,4,5.0000000000000002e-05,277,0.013850000000000001,0.075875218725294305,0.99994459846533501,0.99994459847081052,0.99994459847081052,0.99988919083751826,0.99983380368676011,0.99988919083751815,6.9138125680352494e-16,0.99999998678259916,0.93750307340592554,0.99988874508998271,3.8757653696079499e-17
C,4,5.0000000000000002e-05,278,0.013900000000000001,0.075875218725294305,0.99994439845423411,0.99994439845973204,0.99994439845973204,0.99988879080526372,0.99983320371674655,0.99988879080526372,6.4046259323137157e-16,0.99999998668886536,0.93750307207044237,0.99988834344198396,4.8302859122140381e-17
C,4,5.0000000000000002e-05,279,0.013950000000000001,0.075875218725294305,0.99994419844309312,0.99994419844860627,0.99994419844860627,0.99988839077301672,0.99983260374685279,0.99988839077301661,5.4730833202368432e-16,0.99999998659481326,0.93750307073467631,0.99988794179394391,1.9723366780494504e-17
C,4,5.0000000000000002e-05,280,0.014,0.075875218725294305,0.99994399843191217,0.99994399843744575,0.99994399843744575,0.99988799074078427,0.99983200377707848,0.99988799074078427,4.4691205068663235e-16,0.99999998650044386,0.93750306939862726,0.99988754014586367,4.7986893619215148e-17
C,4,5.0000000000000002e-05,281,0.01405,0.075875218725294305,0.99994379842069125,0.99994379842624526,0.99994379842624526,0.99988759070854771,0.99983140380742985,0.99988759070854771,6.1962216123285924e-16,0.9999999864057566,0.93750306806229478,0.99988713849774224,2.1448465229834611e-17
C,4,5.0000000000000002e-05,282,0.014100000000000001,0.075875218725294305,0.99994359840943026,0.9999435984150038,0.9999435984150038,0.99988719067631981,0.99983080383789358,0.99988719067631981,4.8658620259773807e-16,0.99999998631075182,0.93750306672567896,0.99988673684958007,1.7693363713735305e-17
C,4,5.0000000000000002e-05,283,0.014150000000000001,0.075875218725294305,0.99994339839812929,0.99994339840372559,0.99994339840372559,0.9998867906441008,0.99983020386848109,0.99988679064410069,3.5951934496411387e-16,0.99999998621542996,0.93750306538878037,0.99988633520137626,1.7833799566134457e-17
C,4,5.0000000000000002e-05,284,0.014200000000000001,0.075875218725294305,0.99994319838678836,0.99994319839240231,0.99994319839240231,0.99988639061188767,0.9998296038991894,0.99988639061188767,6.4588661309546016e-16,0.99999998611979091,0.93750306405159878,0.99988593355313249,1.002175062606629e-18
C,4,5.0000000000000002e-05,285,0.014250000000000001,0.075875218725294305,0.99994299837540745,0.99994299838103951,0.99994299838103951,0.99988599057967353,0.99982900393001528,0.99988599057967342,1.2598755353417801e-16,0.99999998602383455,0.93750306271413408,0.99988553190484686,1.8313232567187246e-17
C,4,5.0000000000000002e-05,286,0.0143,0.075875218725294305,0.99994279836398647,0.99994279836964317,0.99994279836964317,0.99988559054747272,0.99982840396095818,0.9998855905474725,9.1747480187730517e-16,0.99999998592756156,0.93750306137638661,0.99988513025652026,3.7961468633130336e-17
C,4,5.0000000000000002e-05,287,0.01435,0.075875218725294305,0.99994259835252541,0.99994259835819799,0.99994259835819799,0.99988519051527591,0.99982780399202753,0.9998851905152758,4.8726385834992175e-16,0.99999998583097149,0.9375030600383556,0.99988472860815392,8.2085274071162648e-18
C,4,5.0000000000000002e-05,288,0.014400000000000001,0.075875218725294305,0.9999423983410245,0.99994239834671728,0.99994239834671728,0.99988479048308476,0.99982720402321013,0.99988479048308487,8.3349613798466415e-16,0.99999998573406523,0.93750305870004191,0.99988432695974661,4.1734321796693686e-17
C,4,5.0000000000000002e-05,289,0.014450000000000001,0.075875218725294305,0.9999421983294835,0.99994219833519538,0.99994219833519538,0.99988439045089428,0.99982660405451707,0.99988439045089428,3.9712831402815538e-16,0.99999998563684211,0.93750305736144568,0.99988392531129844,9.703997801783163e-19
C,4,5.0000000000000002e-05,290,0.014500000000000001,0.075875218725294305,0.99994199831790243,0.99994199832363173,0.99994199832363173,0.99988399041871856,0.99982600408594369,0.99988399041871856,1.833073812210486e-16,0.99999998553930269,0.93750305602256634,0.99988352366280786,1.0559911865904948e-17
C,4,5.0000000000000002e-05,291,0.01455,0.075875218725294305,0.99994179830628138,0.99994179831203067,0.99994179831203067,0.99988359038654062,0.99982540411749221,0.99988359038654062,3.5442629368151884e-16,0.99999998544144719,0.93750305468340445,0.99988312201427787,3.1275677388681602e-17
C,4,5.0000000000000002e-05,292,0.0146,0.075875218725294305,0.99994159829462037,0.99994159830039087,0.99994159830039087,0.99988319035437234,0.99982480414915809,0.99988319035437223,9.1106947409138402e-16,0.9999999853432755,0.93750305334395945,0.99988272036570658,1.0166741121345064e-17
C,4,5.0000000000000002e-05,293,0.014650000000000002,0.075875218725294305,0.99994139828291939,0.99994139828870776,0.99994139828870776,0.99988279032220762,0.99982420418094275,0.99988279032220762,7.4642925954364033e-16,0.99999998524478795,0.93750305200423212,0.99988231871709454,9.2103247808115242e-18
C,4,5.0000000000000002e-05,294,0.014700000000000001,0.075875218725294305,0.99994119827117833,0.99994119827698724,0.99994119827698724,0.99988239029005233,0.99982360421285066,0.99988239029005221,3.4418477501615275e-16,0.99999998514598454,0.9375030506642219,0.9998819170684411,1.7919468457896249e-17
C,4,5.0000000000000002e-05,295,0.014750000000000001,0.075875218725294305,0.99994099825939731,0.99994099826522731,0.99994099826522731,0.9998819902578987,0.99982300424487436,0.99988199025789859,2.239034508368318e-16,0.99999998504686549,0.93750304932392914,0.9998815154197459,1.6926536429688715e-17
C,4,5.0000000000000002e-05,296,0.014800000000000001,0.075875218725294305,0.99994079824757631,0.9999407982534293,0.9999407982534293,0.99988159022575529,0.99982240427702185,0.99988159022575518,1.0773895887855974e-15,0.9999999849474307,0.93750304798335349,0.9998811137710113,1.9603854113509718e-17
C,4,5.0000000000000002e-05,297,0.01485,0.075875218725294305,0.99994059823571524,0.99994059824158454,0.99994059824158454,0.99988119019361343,0.9998218043092878,0.99988119019361332,4.7769578373961546e-16,0.99999998484768071,0.93750304664249517,0.99988071212223595,1.840624210764074e-17
C,4,5.0000000000000002e-05,298,0.0149,0.075875218725294305,0.9999403982238142,0.99994039822969982,0.99994039822969982,0.99988079016148168,0.99982120434167232,0.99988079016148157,4.7616306171278562e-16,0.99999998474761564,0.93750304530135431,0.99988031047341919,1.2450506807791518e-17
C,4,5.0000000000000002e-05,299,0.014950000000000001,0.075875218725294305,0.99994019821187308,0.99994019821777946,0.99994019821777946,0.9998803901293507,0.99982060437417841,0.99988039012935048,5.8146276099278981e-16,0.99999998464723505,0.937503043959931,0.99987990882456135,6.3689488176444022e-17
C,4,5.0000000000000002e-05,300,0.015000000000000001,0.075875218725294305,0.99993999819989199,0.99993999820581914,0.99993999820581914,0.9998799900972315,0.99982000440680696,0.99987999009723139,6.576353436635524e-16,0.99999998454653982,0.93750304261822559,0.99987950717566243,1.8572865642556945e-18
C,4,5.0000000000000002e-05,301,0.015050000000000001,0.075875218725294305,0.99993979818787093,0.99993979819381595,0.99993979819381595,0.9998795900651124,0.99981940443955408,0.99987959006511229,7.7967807765150737e-16,0.99999998444552962,0.93750304127623829,0.99987910552672243,3.5603691236912739e-17
C,4,5.0000000000000002e-05,302,0.015100000000000001,0.075875218725294305,0.9999395981758098,0.99993959818177636,0.99993959818177636,0.99987919003300429,0.99981880447241589,0.99987919003300429,4.1936679308836706e-16,0.99999998434420478,0.93750303993396833,0.99987870387774225,3.5408817367043043e-17
C,4,5.0000000000000002e-05,303,0.01515,0.075875218725294305,0.99993939816370869,0.99993939816969835,0.99993939816969835,0.99987879000089952,0.99981820450540615,0.99987879000089952,6.581666506818689e-16,0.99999998424256542,0.93750303859141548,0.99987830222872265,4.1398065528774342e-17
C,4,5.0000000000000002e-05,304,0.0152,0.075875218725294305,0.99993919815156762,0.99993919815757293,0.99993919815757293,0.99987838996879752,0.99981760453851232,0.99987838996879741,7.9485358985077292e-17,0.99999998414061142,0.93750303724858086,0.99987790057966097,2.0509307999192411e-17
C,4,5.0000000000000002e-05,305,0.015250000000000001,0.075875218725294305,0.99993899813938647,0.99993899814541032,0.99993899814541032,0.99987798993670585,0.99981700457173805,0.99987798993670574,1.3179469755001836e-15,0.99999998403834334,0.9375030359054638,0.99987749893055888,3.6245618876452459e-17
C,4,5.0000000000000002e-05,306,0.015300000000000001,0.075875218725294305,0.99993879812716535,0.99993879813321163,0.99993879813321163,0.9998775899046155,0.99981640460508203,0.99987758990461539,2.8748041314456756e-16,0.99999998393576095,0.93750303456206452,0.99987709728141538,1.1465666251153395e-17
C,4,5.0000000000000002e-05,307,0.015350000000000001,0.075875218725294305,0.99993859811490426,0.99993859812096575,0.99993859812096575,0.99987718987253593,0.99981580463854725,0.99987718987253593,8.2112880778013487e-16,0.99999998383286459,0.9375030332183838,0.99987669563223081,1.8319639815563696e-17
C,4,5.0000000000000002e-05,308,0.0154,0.075875218725294305,0.9999383981026031,0.99993839810868701,0.99993839810868701,0.99987678984046158,0.99981520467213769,0.99987678984046147,5.9692840796855676e-16,0.99999998372965437,0.93750303187442008,0.99987629398300581,2.4890097799486494e-19
C,4,5.0000000000000002e-05,309,0.01545,0.075875218725294305,0.99993819809026196,0.99993819809636497,0.99993819809636497,0.99987638980838722,0.99981460470584027,0.99987638980838722,7.2043643257622455e-16,0.9999999836261303,0.9375030305301747,0.9998758923337403,2.5767396191889885e-17
C,4,5.0000000000000002e-05,310,0.0155,0.075875218725294305,0.99993799807788086,0.9999379980840033,0.9999379980840033,0.99987598977632908,0.99981400473966819,0.99987598977632897,8.79862670353343e-16,0.9999999835222928,0.93750302918564721,0.99987549068443382,4.3945645008543924e-17
C,4,5.0000000000000002e-05,311,0.015550000000000001,0.075875218725294305,0.99993779806545968,0.9999377980716021,0.9999377980716021,0.99987558974426516,0.99981340477361613,0.99987558974426516,6.8075364652350311e-16,0.999999983418142,0.93750302784083772,0.99987508903508526,1.5247603255233634e-17
C,4,5.0000000000000002e-05,312,0.015600000000000001,0.075875218725294305,0.99993759805299853,0.99993759805915772,0.99993759805915772,0.99987518971221423,0.9998128048076812,0.99987518971221412,6.1219749068949601e-16,0.99999998331367734,0.93750302649574579,0.99987468738569829,1.9678837889165379e-17
C,4,5.0000000000000002e-05,313,0.015650000000000001,0.075875218725294305,0.99993739804049731,0.99993739804667614,0.99993739804667614,0.99987478968016719,0.99981220484186606,0.99987478968016719,3.6510102996457765e-16,0.99999998320889982,0.93750302515037265,0.99987428573626924,5.8229034522923635e-17
C,4,5.0000000000000002e-05,314,0.015700000000000002,0.075875218725294305,0.99993719802795622,0.99993719803415604,0.99993719803415604,0.99987438964812281,0.99981160487617171,0.99987438964812281,3.286468853490103e-16,0.99999998310380922,0.93750302380471706,0.99987388408679967,8.1016645683056525e-18
C,4,5.0000000000000002e-05,315,0.01575,0.075875218725294305,0.99993699801537494,0.99993699802159275,0.99993699802159275,0.99987398961608853,0.99981100491059383,0.99987398961608864,6.2579465390580073e-16,0.99999998299840565,0.93750302245877959,0.99987348243729002,1.3393929820322923e-18
C,4,5.0000000000000002e-05,316,0.015800000000000002,0.075875218725294305,0.99993679800275381,0.99993679800899105,0.99993679800899105,0.99987358958405614,0.99981040494513995,0.99987358958405592,1.2524910843592424e-15,0.9999999828926891,0.9375030211125609,0.99987308078773929,3.5489299992968064e-17
C,4,5.0000000000000002e-05,317,0.01585,0.075875218725294305,0.9999365979900926,0.99993659799635115,0.99993659799635115,0.99987318955203242,0.99980980497980743,0.99987318955203242,6.0064679809920779e-16,0.99999998278666025,0.93750301976606021,0.99987267913814681,1.8712293040258709e-17
C,4,5.0000000000000002e-05,318,0.015900000000000001,0.075875218725294305,0.99993639797739131,0.99993639798366984,0.99993639798366984,0.99987278952001846,0.99980920501459469,0.99987278952001835,7.1445923322944244e-16,0.99999998268031853,0.93750301841927752,0.99987227748851359,1.3643521231592041e-17
C,4,5.0000000000000002e-05,319,0.015950000000000002,0.075875218725294305,0.99993619796465016,0.99993619797094668,0.99993619797094668,0.99987238948800305,0.99980860504949931,0.99987238948800294,6.082510410082296e-16,0.99999998257366474,0.93750301707221328,0.99987187583884052,2.8643147875962943e-17
C,4,5.0000000000000002e-05,320,0.016,0.075875218725294305,0.99993599795186894,0.99993599795818477,0.99993599795818477,0.99987198945599942,0.99980800508452827,0.99987198945599931,4.2754027109174409e-16,0.99999998246669874,0.93750301572486738,0.9998714741891267,2.501919586033196e-17
C,4,5.0000000000000002e-05,321,0.016050000000000002,0.075875218725294305,0.99993579793904763,0.99993579794538789,0.99993579794538789,0.99987158942399834,0.99980740511966948,0.99987158942399823,9.2327026929849367e-16,0.99999998235942067,0.93750301437723937,0.99987107253937213,1.0018639911257849e-17
C,4,5.0000000000000002e-05,322,0.0161,0.075875218725294305,0.99993559792618647,0.99993559793253883,0.99993559793253883,0.99987118939200248,0.99980680515493647,0.99987118939200237,5.9534798174450295e-16,0.9999999822518304,0.93750301302933048,0.99987067088957671,3.6356764394574989e-17
C,4,5.0000000000000002e-05,323,0.016150000000000001,0.075875218725294305,0.99993539791328512,0.99993539791965957,0.99993539791965957,0.99987078936001372,0.99980620519032204,0.99987078936001372,6.6420566663073809e-16,0.99999998214392838,0.93750301168114003,0.99987026923973943,5.397792320978798e-17
C,4,5.0000000000000002e-05,324,0.016199999999999999,0.075875218725294305,0.99993519790034402,0.99993519790673935,0.99993519790673935,0.99987038932802697,0.99980560522582662,0.99987038932802685,1.014331470730884e-15,0.99999998203571483,0.93750301033266747,0.99986986758986141,7.1499061216149473e-17
C,4,5.0000000000000002e-05,325,0.016250000000000001,0.075875218725294305,0.99993499788736273,0.99993499789377549,0.99993499789377549,0.99986998929605131,0.99980500526145166,0.9998699892960512,7.6446543395212136e-16,0.9999999819271892,0.93750300898391414,0.99986946593994341,3.6917496686788251e-17
C,4,5.0000000000000002e-05,326,0.016300000000000002,0.075875218725294305,0.99993479787434136,0.99993479788077433,0.99993479788077433,0.99986958926408098,0.99980440529719705,0.99986958926408098,5.269744181106981e-16,0.99999998181835259,0.93750300763487904,0.99986906428998479,3.9826122550434546e-17
C,4,5.0000000000000002e-05,327,0.01635,0.075875218725294305,0.99993459786128014,0.9999345978677372,0.9999345978677372,0.99986918923210977,0.99980380533306379,0.99986918923210977,5.4355507479508579e-16,0.99999998170920457,0.93750300628556282,0.9998686626399852,1.9498991427979148e-17
C,4,5.0000000000000002e-05,328,0.016400000000000001,0.075875218725294305,0.99993439784817884,0.9999343978546511,0.9999343978546511,0.99986878920015465,0.99980320536905054,0.99986878920015454,7.1492211909305668e-16,0.99999998159974535,0.93750300493596528,0.99986826098994341,3.6727583948587695e-17
C,4,5.0000000000000002e-05,329,0.016449999999999999,0.075875218725294305,0.99993419783503756,0.99993419784152948,0.99993419784152948,0.9998683891682002,0.9998026054051542,0.9998683891682002,2.5446442233843043e-16,0.99999998148997526,0.93750300358608607,0.99986785933986111,4.7558036843630969e-17
C,4,5.0000000000000002e-05,330,0.016500000000000001,0.075875218725294305,0.99993399782185621,0.99993399782837034,0.99993399782837034,0.99986798913624908,0.99980200544138231,0.99986798913624897,5.5117416871701554e-16,0.99999998137989432,0.93750300223592553,0.99986745768973839,7.9283283630902259e-17
C,4,5.0000000000000002e-05,331,0.016550000000000002,0.075875218725294305,0.99993379780863489,0.99993379781516778,0.99993379781516778,0.9998675891043024,0.99980140547772456,0.99986758910430229,5.5100885457642209e-16,0.99999998126950251,0.93750300088548377,0.99986705603957504,1.8256350527793709e-17
C,4,5.0000000000000002e-05,332,0.0166,0.075875218725294305,0.99993359779537361,0.99993359780192148,0.99993359780192148,0.99986718907236993,0.99980080551419459,0.99986718907236993,3.4099964511882206e-16,0.99999998115880029,0.93750299953476079,0.99986665438937117,2.3889001944732733e-17
C,4,5.0000000000000002e-05,333,0.016650000000000002,0.075875218725294305,0.99993339778207224,0.99993339778864387,0.99993339778864387,0.99986678904043558,0.99980020555077975,0.99986678904043547,5.6397019997110564e-16,0.99999998104778753,0.9375029981837566,0.99986625273912688,1.7693663699102344e-17
C,4,5.0000000000000002e-05,334,0.0167,0.075875218725294305,0.99993319776873102,0.99993319777531897,0.99993319777531897,0.99986638900850855,0.99979960558748371,0.99986638900850855,7.7888293868694133e-16,0.99999998093646425,0.9375029968324714,0.99986585108884174,4.8213925346920382e-18
C,4,5.0000000000000002e-05,335,0.016750000000000001,0.075875218725294305,0.99993299775534961,0.99993299776195632,0.99993299776195632,0.99986598897658874,0.9997990056243069,0.99986598897658863,5.1071370872258816e-16,0.99999998082483077,0.9375029954809051,0.99986544943851585,3.6238720075794169e-17
C,4,5.0000000000000002e-05,336,0.016800000000000002,0.075875218725294305,0.99993279774192823,0.9999327977485537,0.9999327977485537,0.99986558894467914,0.99979840566125566,0.99986558894467914,3.5395016406406676e-16,0.99999998071288754,0.93750299412905824,0.99986504778814933,2.9924395920229368e-17
C,4,5.0000000000000002e-05,337,0.01685,0.075875218725294305,0.99993259772846688,0.99993259773511245,0.99993259773511245,0.99986518891277021,0.99979780569831878,0.99986518891277021,4.191711367790516e-16,0.99999998060063411,0.93750299277693017,0.99986464613774162,3.0080364873181096e-17
C,4,5.0000000000000002e-05,338,0.016900000000000002,0.075875218725294305,0.99993239771496556,0.99993239772163234,0.99993239772163234,0.99986478888085939,0.99979720573550346,0.99986478888085939,5.5771429510583748e-16,0.99999998048807093,0.93750299142452098,0.99986424448729272,5.3102524695229152e-17
C,4,5.0000000000000002e-05,339,0.01695,0.075875218725294305,0.99993219770142416,0.99993219770811337,0.99993219770811337,0.999864388848965,0.99979660577280904,0.99986438884896489,7.9645664992450743e-16,0.99999998037519822,0.93750299007183102,0.99986384283680219,2.6516851728486236e-17
C,4,5.0000000000000002e-05,340,0.017000000000000001,0.075875218725294305,0.9999319976878428,0.99993199769454666,0.99993199769454666,0.99986398881707617,0.99979600581023576,0.99986398881707605,3.0173994094635729e-16,0.99999998026201575,0.93750298871886029,0.99986344118627124,1.2535816523402281e-17
C,4,5.0000000000000002e-05,341,0.017049999999999999,0.075875218725294305,0.99993179767422136,0.99993179768094442,0.99993179768094442,0.99986358878518522,0.99979540584778182,0.99986358878518511,1.0938642376229335e-15,0.9999999801485242,0.93750298736560822,0.99986303953570022,3.5322944402989574e-17
C,4,5.0000000000000002e-05,342,0.017100000000000001,0.075875218725294305,0.99993159766055995,0.999931597667304,0.999931597667304,0.99986318875330893,0.99979480588544445,0.99986318875330882,7.2474390239688356e-16,0.99999998003472323,0.93750298601207593,0.99986263788508911,1.2830811884562708e-18
C,4,5.0000000000000002e-05,343,0.017150000000000002,0.075875218725294305,0.99993139764685857,0.99993139765362227,0.99993139765362227,0.99986278872143419,0.99979420592323409,0.99986278872143408,1.1744870509636321e-15,0.99999997992061318,0.93750298465826276,0.99986223623443871,1.88442619007081e-17
C,4,5.0000000000000002e-05,344,0.0172,0.075875218725294305,0.99993119763311722,0.99993119763990279,0.99993119763990279,0.9998623886895649,0.9997936059611372,0.9998623886895649,6.2129055006174639e-16,0.99999997980619404,0.93750298330416848,0.99986183458374522,4.8835833513792267e-17
C,4,5.0000000000000002e-05,345,0.017250000000000001,0.075875218725294305,0.99993099761933579,0.99993099762614113,0.99993099762614113,0.99986198865770126,0.99979300599916276,0.99986198865770126,7.6932484015063354e-16,0.99999997969146626,0.93750298194979353,0.99986143293301155,4.1875541062028058e-17
C,4,5.0000000000000002e-05,346,0.017299999999999999,0.075875218725294305,0.99993079760551429,0.99993079761233583,0.99993079761233583,0.99986158862584151,0.99979240603730812,0.99986158862584151,3.5615739796888554e-16,0.99999997957642983,0.93750298059513837,0.99986103128223669,3.6725779917235225e-17
C,4,5.0000000000000002e-05,347,0.017350000000000001,0.075875218725294305,0.99993059759165281,0.99993059759849479,0.99993059759849479,0.99986118859399375,0.99979180607557261,0.99986118859399375,3.7778077898547888e-16,0.99999997946108454,0.93750297924020254,0.99986062963142086,1.639982640722937e-17
C,4,5.0000000000000002e-05,348,0.017400000000000002,0.075875218725294305,0.99993039757775137,0.99993039758461255,0.99993039758461255,0.99986078856215066,0.999791206113959,0.99986078856215066,2.9663908442975118e-16,0.99999997934543106,0.93750297788498593,0.99986022798056629,3.6059460076515871e-17
C,4,5.0000000000000002e-05,349,0.01745,0.075875218725294305,0.99993019756380996,0.99993019757069024,0.99993019757069024,0.99986038853031045,0.99979060615246662,0.99986038853031034,1.1879771794294865e-15,0.99999997922946904,0.93750297652948855,0.99985982632966974,2.1301649662285649e-17
C,4,5.0000000000000002e-05,350,0.017500000000000002,0.075875218725294305,0.99992999754982848,0.99992999755672962,0.99992999755672962,0.99985998849847746,0.99979000619109037,0.99985998849847746,7.0260136437735176e-16,0.99999997911319882,0.93750297517371117,0.99985942467873223,3.6888191838623484e-17
C,4,5.0000000000000002e-05,351,0.01755,0.075875218725294305,0.99992979753580702,0.99992979754272582,0.99992979754272582,0.99985958846664202,0.99978940622983403,0.9998595884666418,5.5564014704151953e-16,0.99999997899662085,0.93750297381765302,0.99985902302775342,7.9093750267553766e-18
C,4,5.0000000000000002e-05,352,0.017600000000000001,0.075875218725294305,0.99992959752174548,0.99992959752868549,0.99992959752868549,0.99985918843482535,0.99978880626870004,0.99985918843482524,5.218449243292517e-16,0.99999997887973491,0.93750297246131475,0.9998586213767362,3.716026586060645e-19
C,4,5.0000000000000002e-05,353,0.017650000000000002,0.075875218725294305,0.99992939750764409,0.99992939751460297,0.99992939751460297,0.99985878840300801,0.99978820630768417,0.99985878840300801,4.2376315580506794e-16,0.99999997876254121,0.93750297110469571,0.99985821972567612,1.9805030736445116e-17
C,4,5.0000000000000002e-05,354,0.0177,0.075875218725294305,0.99992919749350251,0.99992919750048226,0.99992919750048226,0.99985838837119545,0.99978760634679009,0.99985838837119545,1.9226636939798583e-16,0.99999997864503987,0.93750296974779657,0.99985781807457597,1.8185187017179418e-17
C,4,5.0000000000000002e-05,355,0.017750000000000002,0.075875218725294305,0.99992899747932107,0.99992899748631725,0.99992899748631725,0.99985798833939143,0.99978700638601525,0.99985798833939143,3.8099749465905139e-16,0.99999997852723088,0.93750296839061698,0.99985741642343673,1.0641272221212095e-17
C,4,5.0000000000000002e-05,356,0.0178,0.075875218725294305,0.99992879746509955,0.99992879747211494,0.99992879747211494,0.99985758830759153,0.99978640642536132,0.99985758830759142,8.0545615469667034e-16,0.9999999784091147,0.93750296703315705,0.9998570147722543,2.8942482264311822e-17
C,4,5.0000000000000002e-05,357,0.017850000000000001,0.075875218725294305,0.99992859745083795,0.99992859745787332,0.99992859745787332,0.99985718827579617,0.99978580646482229,0.99985718827579606,3.3880767078158983e-16,0.9999999782906912,0.93750296567541713,0.99985661312103224,9.1024799804412412e-18
C,4,5.0000000000000002e-05,358,0.017899999999999999,0.075875218725294305,0.9999283974365365,0.9999283974435893,0.9999283974435893,0.99985678824400925,0.99978520650441149,0.99985678824400914,6.7658857629851906e-16,0.99999997817196085,0.9375029643173971,0.99985621146977,1.9104796357754333e-17
C,4,5.0000000000000002e-05,359,0.017950000000000001,0.075875218725294305,0.99992819742219485,0.99992819742927086,0.99992819742927086,0.999856388212225,0.99978460654411772,0.999856388212225,6.1182384287238213e-16,0.9999999780529234,0.93750296295909707,0.99985580981846711,7.4432880639895513e-17
C,4,5.0000000000000002e-05,360,0.018000000000000002,0.075875218725294305,0.99992799740781335,0.99992799741490768,0.99992799741490768,0.99985598818044863,0.99978400658393818,0.99985598818044852,4.3846153133748255e-16,0.99999997793357887,0.93750296160051672,0.9998554081671216,7.7259467491062718e-17
C,4,5.0000000000000002e-05,361,0.01805,0.075875218725294305,0.99992779739339177,0.99992779740050797,0.99992779740050797,0.99985558814867814,0.99978340662388576,0.99985558814867814,3.8445553917502347e-16,0.99999997781392813,0.93750296024165625,0.99985500651573678,4.3779685018367666e-17
C,4,5.0000000000000002e-05,362,0.018100000000000002,0.075875218725294305,0.99992759737893022,0.99992759738606085,0.99992759738606085,0.99985518811691154,0.99978280666395203,0.99985518811691154,3.0599264487983137e-16,0.99999997769397053,0.93750295888251589,0.99985460486431188,2.5404869453627269e-17
C,4,5.0000000000000002e-05,363,0.018149999999999999,0.075875218725294305,0.99992739736442871,0.99992739737158565,0.99992739737158565,0.9998547880851516,0.99978220670413598,0.9998547880851516,4.6019501613405911e-16,0.99999997757370651,0.93750295752309543,0.99985420321284468,7.3325794325722527e-17
C,4,5.0000000000000002e-05,364,0.018200000000000001,0.075875218725294305,0.99992719734988711,0.99992719735705837,0.99992719735705837,0.99985438805340088,0.99978160674444239,0.99985438805340088,4.1466331538579086e-16,0.99999997745313629,0.93750295616339518,0.99985380156133785,1.6172733569072209e-17
C,4,5.0000000000000002e-05,365,0.018250000000000002,0.075875218725294305,0.99992699733530543,0.9999269973424969,0.9999269973424969,0.9998539880216486,0.99978100678486437,0.9998539880216486,1.0223345710020744e-15,0.99999997733225998,0.93750295480341528,0.99985339990979072,1.7702532327352293e-17
C,4,5.0000000000000002e-05,366,0.0183,0.075875218725294305,0.9999267973206839,0.99992679732789724,0.99992679732789724,0.99985358798991186,0.99978040682540836,0.99985358798991164,8.6931749166756671e-16,0.99999997721107758,0.93750295344315526,0.99985299825820206,1.1260787506861258e-17
C,4,5.0000000000000002e-05,367,0.018350000000000002,0.075875218725294305,0.99992659730602229,0.99992659731325195,0.99992659731325195,0.99985318795817291,0.99977980686607593,0.99985318795817291,4.9957372609083792e-16,0.99999997708958932,0.93750295208261514,0.99985259660657289,1.935270777954461e-18
C,4,5.0000000000000002e-05,368,0.0184,0.075875218725294305,0.9999263972913206,0.99992639729856903,0.99992639729856903,0.99985278792644361,0.99977920690685873,0.9998527879264435,6.6623843954937843e-16,0.9999999769677953,0.93750295072179479,0.99985219495490352,3.5689998662444372e-17
C,4,5.0000000000000002e-05,369,0.018450000000000001,0.075875218725294305,0.99992619727657894,0.99992619728384857,0.99992619728384857,0.99985238789471731,0.99977860694776777,0.99985238789471731,5.2307968280239195e-16,0.99999997684569575,0.93750294936069523,0.99985179330319274,6.0816079760419268e-17
C,4,5.0000000000000002e-05,370,0.018500000000000003,0.075875218725294305,0.99992599726179732,0.99992599726908504,0.99992599726908504,0.99985198786299712,0.99977800698878816,0.99985198786299689,6.1434007206282347e-16,0.99999997672329066,0.93750294799931622,0.99985139165144254,4.6602640844284301e-17
C,4,5.0000000000000002e-05,371,0.018550000000000001,0.075875218725294305,0.99992579724697572,0.99992579725428443,0.99992579725428443,0.99985158783128225,0.99977740702993245,0.99985158783128214,4.2975055012111483e-16,0.99999997660058026,0.9375029466376571,0.99985098999965016,4.9848415012879853e-18
C,4,5.0000000000000002e-05,372,0.018600000000000002,0.075875218725294305,0.99992559723211405,0.99992559723944219,0.99992559723944219,0.99985118779957727,0.99977680707119598,0.99985118779957716,6.8526981043885902e-16,0.99999997647756456,0.93750294527571831,0.99985058834781859,4.0598491593547547e-17
C,4,5.0000000000000002e-05,373,0.01865,0.075875218725294305,0.99992539721721241,0.99992539722456042,0.99992539722456042,0.99985078776787228,0.99977620711258108,0.99985078776787206,6.0718725076763287e-16,0.99999997635424398,0.93750294391349998,0.99985018669594405,3.2346838670512884e-17
C,4,5.0000000000000002e-05,374,0.018700000000000001,0.075875218725294305,0.99992519720227069,0.99992519720963668,0.99992519720963668,0.99985038773617496,0.99977560715408897,0.99985038773617485,7.2995263102487919e-16,0.99999997623061854,0.93750294255100231,0.99984978504402999,5.0732605283243577e-17
C,4,5.0000000000000002e-05,375,0.018749999999999999,0.075875218725294305,0.999924997187289,0.99992499719467209,0.99992499719467209,0.99984998770448275,0.99977500719571433,0.99984998770448263,3.5280644866125296e-16,0.999999976106688,0.93750294118822519,0.99984938339207718,2.2700396767465979e-17
C,4,5.0000000000000002e-05,376,0.018800000000000001,0.075875218725294305,0.99992479717226734,0.99992479717967209,0.99992479717967209,0.9998495876728013,0.99977440723745814,0.99984958767280108,4.3391996804529652e-16,0.99999997598245283,0.9375029398251683,0.99984898174008197,1.1653613302260387e-17
C,4,5.0000000000000002e-05,377,0.018850000000000002,0.075875218725294305,0.99992459715720561,0.99992459716463045,0.99992459716463045,0.99984918764111463,0.99977380727932341,0.99984918764111452,2.1297091384160669e-16,0.99999997585791345,0.93750293846183219,0.99984858008804722,2.5861155045052381e-17
C,4,5.0000000000000002e-05,378,0.0189,0.075875218725294305,0.9999243971421039,0.99992439714954884,0.99992439714954884,0.99984878760944607,0.99977320732130692,0.99984878760944595,4.8589547822964821e-16,0.99999997573306931,0.93750293709821675,0.99984817843597029,1.0583077503232706e-17
C,4,5.0000000000000002e-05,379,0.018950000000000002,0.075875218725294305,0.99992419712696223,0.99992419713442526,0.99992419713442526,0.99984838757777705,0.99977260736341,0.99984838757777683,3.5813729768891708e-16,0.99999997560792109,0.93750293573432186,0.99984777678385384,3.74704945358226e-17
C,4,5.0000000000000002e-05,380,0.019,0.075875218725294305,0.99992399711178048,0.99992399711926294,0.99992399711926294,0.99984798754611159,0.99977200740563432,0.99984798754611148,5.9094159404234604e-16,0.99999997548246855,0.93750293437014776,0.99984737513169686,2.0346887019162257e-17
C,4,5.0000000000000002e-05,381,0.019050000000000001,0.075875218725294305,0.99992379709655876,0.99992379710405721,0.99992379710405721,0.99984758751445535,0.99977140744798199,0.99984758751445524,3.0225749501972834e-16,0.99999997535671226,0.93750293300569421,0.99984697347949925,1.9134039754407566e-17
C,4,5.0000000000000002e-05,382,0.019100000000000002,0.075875218725294305,0.99992359708129708,0.99992359708881773,0.99992359708881773,0.99984718748280554,0.99977080749044422,0.99984718748280543,3.5522285567736129e-16,0.99999997523065176,0.93750293164096121,0.99984657182725989,3.5387223632452898e-17
C,4,5.0000000000000002e-05,383,0.01915,0.075875218725294305,0.99992339706599531,0.99992339707353572,0.99992339707353572,0.99984678745115996,0.99977020753303403,0.99984678745115974,7.5001903358984101e-16,0.99999997510428784,0.93750293027594922,0.99984617017498112,2.4428424111626896e-17
C,4,5.0000000000000002e-05,384,0.019200000000000002,0.075875218725294305,0.99992319705065347,0.99992319705820987,0.99992319705820987,0.99984638741951726,0.99976960757573707,0.99984638741951726,8.3352681067412655e-16,0.99999997497762028,0.93750292891065834,0.99984576852266016,2.4253422795131942e-17
C,4,5.0000000000000002e-05,385,0.01925,0.075875218725294305,0.99992299703527177,0.99992299704285281,0.99992299704285281,0.99984598738788266,0.99976900761856291,0.99984598738788266,4.2504063208712932e-16,0.99999997485064918,0.93750292754508768,0.99984536687029968,1.8822586509006997e-18
C,4,5.0000000000000002e-05,386,0.019300000000000001,0.075875218725294305,0.99992279701984987,0.99992279702744968,0.99992279702744968,0.99984558735625406,0.99976840766150576,0.99984558735625384,6.9440445275447025e-16,0.99999997472337476,0.93750292617923847,0.9998449652178979,7.9757748745098995e-18
C,4,5.0000000000000002e-05,387,0.019350000000000003,0.075875218725294305,0.99992259700438813,0.9999225970120047,0.9999225970120047,0.99984518732463357,0.99976780770456819,0.99984518732463334,1.0883927031557647e-15,0.99999997459579726,0.93750292481310993,0.99984456356545703,6.0166111792588848e-18
C,4,5.0000000000000002e-05,388,0.019400000000000001,0.075875218725294305,0.9999223969888863,0.99992239699652496,0.99992239699652496,0.99984478729301662,0.99976720774775618,0.99984478729301651,9.469848305938164e-16,0.99999997446791655,0.9375029234467025,0.99984416191297421,2.0781857430419258e-17
C,4,5.0000000000000002e-05,389,0.019450000000000002,0.075875218725294305,0.9999221969733445,0.99992219698100515,0.99992219698100515,0.99984438726140612,0.99976660779105819,0.99984438726140601,5.6075578422684239e-16,0.99999997433973287,0.93750292208001607,0.99984376026045196,2.5782605005156096e-17
C,4,5.0000000000000002e-05,390,0.0195,0.075875218725294305,0.99992199695776263,0.99992199696544193,0.99992199696544193,0.99984398722979906,0.99976600783448188,0.99984398722979906,4.6919529276423751e-16,0.99999997421124653,0.93750292071305064,0.9998433586078882,2.2111563542006733e-17
C,4,5.0000000000000002e-05,391,0.019550000000000001,0.075875218725294305,0.99992179694214089,0.99992179694983663,0.99992179694983663,0.99984358719820088,0.99976540787802559,0.99984358719820077,4.6834499082394601e-16,0.99999997408245733,0.93750291934580599,0.99984295695528358,9.7190040101447112e-18
C,4,5.0000000000000002e-05,392,0.019599999999999999,0.075875218725294305,0.99992159692647908,0.99992159693419447,0.99992159693419447,0.99984318716660758,0.99976480792169353,0.99984318716660758,6.4753452487026518e-16,0.99999997395336582,0.93750291797828245,0.99984255530263944,1.1549036622617463e-17
C,4,5.0000000000000002e-05,393,0.019650000000000001,0.075875218725294305,0.99992139691077719,0.99992139691851112,0.99992139691851112,0.99984278713501862,0.99976420796547949,0.99984278713501851,4.6050848697062152e-16,0.99999997382397166,0.93750291661048046,0.99984215364995377,1.6703390913192316e-17
C,4,5.0000000000000002e-05,394,0.019700000000000002,0.075875218725294305,0.99992119689503534,0.99992119690279069,0.99992119690279069,0.99984238710343554,0.99976360800938124,0.99984238710343543,3.3849984410476604e-16,0.99999997369427529,0.9375029152423997,0.99984175199722858,3.5271903826477286e-17
C,4,5.0000000000000002e-05,395,0.01975,0.075875218725294305,0.99992099687925351,0.99992099688702452,0.99992099688702452,0.99984198707185656,0.99976300805340401,0.99984198707185634,2.8221272040095607e-16,0.99999997356427683,0.93750291387403994,0.99984135034446076,6.2560246958012651e-17
C,4,5.0000000000000002e-05,396,0.019800000000000002,0.075875218725294305,0.9999207968634316,0.99992079687122415,0.99992079687122415,0.99984158704028803,0.99976240809755201,0.99984158704028792,6.284625771367464e-16,0.99999997343397673,0.93750291250540174,0.99984094869165452,3.990647740847752e-17
C,4,5.0000000000000002e-05,397,0.01985,0.075875218725294305,0.99992059684756973,0.99992059685538126,0.99992059685538126,0.99984118700871849,0.99976180814181448,0.99984118700871838,5.1480987675026472e-16,0.99999997330337442,0.93750291113648454,0.99984054703880698,1.2664490857121197e-17
C,4,5.0000000000000002e-05,398,0.019900000000000001,0.075875218725294305,0.99992039683166778,0.99992039683949896,0.99992039683949896,0.99984078697716072,0.99976120818619674,0.99984078697716072,6.5461887260110394e-16,0.99999997317247036,0.93750290976728912,0.99984014538591859,4.8938044330346104e-17
C,4,5.0000000000000002e-05,399,0.019950000000000002,0.075875218725294305,0.99992019681572586,0.99992019682357702,0.99992019682357702,0.99984038694560518,0.99976060823070367,0.99984038694560506,5.5005918469016419e-16,0.99999997304126487,0.9375029083978148,0.99983974373299089,1.8234503241000319e-17
C,4,5.0000000000000002e-05,400,0.02,0.075875218725294305,0.99991999679974397,0.99991999680761434,0.99991999680761434,0.99983998691405762,0.99976000827532752,0.9998399869140574,9.2215560694908083e-16,0.99999997290975762,0.93750290702806216,0.99983934208002201,3.4011539826706386e-17
