family,source_level,time_step,step,time,initial_h_rms,exact_radius,control_area_mean_radius,control_area_mean_radius_ratio,area_ratio,volume_ratio,registered_energy_ratio,normalized_surface_centroid_drift,minimum_oriented_face_alignment,minimum_triangle_quality,minimum_face_area_ratio,maximum_normalized_cache_residual
C,1,0.00040000000000000002,0,0,0.58464658336226838,1,0.99999999999999956,0.99999999999999956,1,1,1,0,0.99999999999999978,0.9546101150262426,1,1.973448800505901e-17
C,1,0.00040000000000000002,1,0.00040000000000000002,0.58464658336226838,0.99999839999871998,0.99999840000000351,0.99999840000000351,0.99999678717947049,0.99999519564396633,0.99999678717947049,6.0782054244994982e-17,0.99999999999985378,0.95461003669124,0.99999655237013496,1.9057944902344908e-17
C,1,0.00040000000000000002,2,0.00080000000000000004,0.58464658336226838,0.99999679999488,0.99999679999744062,0.99999679999744062,0.99999357435922731,0.99999039129559031,0.9999935743592272,5.3597443979225719e-17,0.9999999999994158,0.95460995835652152,0.99999310474223624,1.0418092215957481e-17
C,1,0.00040000000000000002,3,0.0012000000000000001,0.58464658336226838,0.99999519998847997,0.99999519999231146,0.99999519999231146,0.99999036153927012,0.99998558695487116,0.99999036153927012,3.6187981790969651e-17,0.99999999999868538,0.95460988002208713,0.99998965711630416,7.6329953034905659e-17
C,1,0.00040000000000000002,4,0.0016000000000000001,0.58464658336226838,0.99999359997951986,0.99999359998461568,0.99999359998461568,0.99998714871959937,0.99998078262181045,0.99998714871959937,5.6657100602617832e-17,0.99999999999766298,0.95460980168793719,0.99998620949233841,4.5932102472071851e-17
C,1,0.00040000000000000002,5,0.002,0.58464658336226838,0.9999919999679997,0.99999199997435428,0.99999199997435428,0.99998393590021484,0.99997597829640805,0.99998393590021484,6.0933543194119587e-17,0.99999999999634825,0.9546097233540709,0.99998276187033941,4.3226945961382878e-17
C,1,0.00040000000000000002,6,0.0024000000000000002,0.58464658336226838,0.99999039995391958,0.99999039996152717,0.99999039996152717,0.99998072308111607,0.99997117397866264,0.99998072308111607,3.3916227693877488e-17,0.99999999999474165,0.95460964502048884,0.99997931425030673,2.1316094171389541e-17
C,1,0.00040000000000000002,7,0.0028,0.58464658336226838,0.99998879993727929,0.99998879994613277,0.99998879994613277,0.9999775102623033,0.99996636966857622,0.99997751026230319,5.2847442953795986e-17,0.99999999999284273,0.95460956668719099,0.99997586663224025,6.0668214530383386e-18
C,1,0.00040000000000000002,8,0.0032000000000000002,0.58464658336226838,0.99998719991807894,0.99998719992817298,0.99998719992817298,0.99997429744377653,0.99996156536614655,0.99997429744377653,7.5069830931900393e-17,0.99999999999065181,0.95460948835417714,0.9999724190161402,3.3437127440257832e-17
C,1,0.00040000000000000002,9,0.0036000000000000003,0.58464658336226838,0.99998559989631852,0.99998559990764613,0.99998559990764613,0.99997108462553652,0.9999567610713751,0.99997108462553652,8.519530400642019e-17,0.9999999999881688,0.95460941002144739,0.9999689714020068,3.1271998344425856e-17
C,1,0.00040000000000000002,10,0.0040000000000000001,0.58464658336226838,0.99998399987199793,0.999983999884553,0.999983999884553,0.99996787180758184,0.99995195678426185,0.99996787180758184,4.4448346112473689e-17,0.99999999998539379,0.95460933168900186,0.99996552378983927,1.6676183989162745e-17
C,1,0.00040000000000000002,11,0.0044000000000000003,0.58464658336226838,0.99998239984511728,0.99998239985889426,0.99998239985889426,0.99996465898991405,0.99994715250480593,0.99996465898991405,5.3836622614484229e-17,0.99999999998232636,0.95460925335684033,0.99996207617963828,1.7243716366003639e-17
C,1,0.00040000000000000002,12,0.0048000000000000004,0.58464658336226838,0.99998079981567645,0.99998079983066879,0.99998079983066879,0.99996144617253202,0.99994234823300854,0.99996144617253191,5.4069640508073255e-17,0.99999999997896749,0.95460917502496245,0.99995862857140372,1.7343604586534857e-17
C,1,0.00040000000000000002,13,0.0052000000000000006,0.58464658336226838,0.99997919978367555,0.99997919979987659,0.99997919979987659,0.99995823335543566,0.9999375439688688,0.99995823335543566,6.2085935911903676e-17,0.99999999997531619,0.95460909669336935,0.99995518096513503,4.2416268081580973e-17
C,1,0.00040000000000000002,14,0.0055999999999999999,0.58464658336226838,0.99997759974911438,0.99997759976651879,0.99997759976651879,0.99995502053862606,0.99993273971238772,0.99995502053862606,6.3618750188175499e-17,0.9999999999713729,0.9546090183620598,0.99995173336083298,3.7986974068960652e-17
C,1,0.00040000000000000002,15,0.0060000000000000001,0.58464658336226838,0.99997599971199302,0.99997599973059426,0.99997599973059426,0.9999518077221019,0.99992793546356318,0.9999518077221019,6.4297901725312029e-17,0.99999999996713773,0.95460894003103469,0.99994828575849692,5.260613796306727e-18
C,1,0.00040000000000000002,16,0.0064000000000000003,0.58464658336226838,0.99997439967231161,0.99997439969210367,0.99997439969210367,0.99994859490586385,0.99992313122239751,0.99994859490586385,1.0629769591875067e-16,0.99999999996261035,0.95460886170029358,0.99994483815812718,2.4822580520733607e-17
C,1,0.00040000000000000002,17,0.0068000000000000005,0.58464658336226838,0.99997279963006991,0.99997279965104635,0.99997279965104635,0.99994538208991257,0.99991832698888983,0.99994538208991246,7.2932221453576061e-17,0.99999999995779087,0.95460878336983657,0.99994139055972342,1.1237595960513735e-17
C,1,0.00040000000000000002,18,0.0072000000000000007,0.58464658336226838,0.99997119958526803,0.99997119960742264,0.99997119960742264,0.9999421692742464,0.9999135227630398,0.9999421692742464,4.7636782594330627e-17,0.99999999995267974,0.95460870503966344,0.99993794296328598,5.6502942407335622e-18
C,1,0.00040000000000000002,19,0.0076,0.58464658336226838,0.99996959953790598,0.99996959956123288,0.99996959956123288,0.99993895645886721,0.99990871854484809,0.99993895645886721,1.1866773248438551e-16,0.99999999994727651,0.95460862670977453,0.9999344953688144,2.4988507011366537e-17
C,1,0.00040000000000000002,20,0.0080000000000000002,0.58464658336226838,0.99996799948798365,0.99996799951247639,0.99996799951247639,0.99993574364377336,0.99990391433431469,0.99993574364377336,5.8648895234945103e-17,0.99999999994158106,0.95460854838016962,0.99993104777630915,4.685958878376184e-17
C,1,0.00040000000000000002,21,0.0084000000000000012,0.58464658336226838,0.99996639943550103,0.99996639946115295,0.99996639946115295,0.99993253082896527,0.99989911013143939,0.99993253082896527,4.6875300141575682e-17,0.99999999993559385,0.9546084700508487,0.99992760018576998,4.1882938475848911e-17
C,1,0.00040000000000000002,22,0.0088000000000000005,0.58464658336226838,0.99996479938045812,0.99996479940726424,0.99996479940726424,0.9999293180144444,0.99989430593622186,0.9999293180144444,1.5161269381566142e-16,0.99999999992931476,0.95460839172181178,0.99992415259719702,3.3490391776293046e-17
C,1,0.00040000000000000002,23,0.0091999999999999998,0.58464658336226838,0.99996319932285505,0.99996319935080846,0.99996319935080846,0.99992610520020819,0.99988950174866242,0.99992610520020819,7.0506170886006966e-17,0.99999999992274324,0.95460831339305874,0.99992070501059038,1.5942984337027492e-17
C,1,0.00040000000000000002,24,0.0096000000000000009,0.58464658336226838,0.99996159926269168,0.99996159929178652,0.99996159929178652,0.9999228923862592,0.99988469756876042,0.99992289238625909,5.7606270254574863e-17,0.9999999999158804,0.95460823506459003,0.99991725742594939,3.7828011505057926e-17
C,1,0.00040000000000000002,25,0.01,0.58464658336226838,0.99995999919996803,0.99995999923019729,0.99995999923019729,0.99991967957259531,0.99987989339651762,0.99991967957259531,7.8643505079912119e-17,0.99999999990872546,0.95460815673640553,0.99991380984327483,4.4909162672650574e-17
C,1,0.00040000000000000002,26,0.010400000000000001,0.58464658336226838,0.99995839913468398,0.99995839916604246,0.99995839916604246,0.99991646675921797,0.99987508923193258,0.99991646675921797,7.107540782709754e-17,0.9999999999012783,0.95460807840850459,0.9999103622625658,2.4009750972543047e-17
C,1,0.00040000000000000002,27,0.010800000000000001,0.58464658336226838,0.99995679906683965,0.99995679909932067,0.99995679909932067,0.99991325394612607,0.99987028507500564,0.99991325394612618,8.2867587707464533e-17,0.99999999989353949,0.95460800008088831,0.99990691468382276,6.4429431108162268e-18
C,1,0.00040000000000000002,28,0.0112,0.58464658336226838,0.99995519899643504,0.99995519903003283,0.99995519903003283,0.99991004113332083,0.99986548092573635,0.99991004113332072,6.991255018812551e-17,0.99999999988550869,0.9546079217535558,0.99990346710704603,3.2285631903537192e-17
C,1,0.00040000000000000002,29,0.011600000000000001,0.58464658336226838,0.99995359892347002,0.99995359895817815,0.99995359895817815,0.99990682832080124,0.99986067678412649,0.99990682832080124,1.1435732769323775e-16,0.99999999987718602,0.95460784342650729,0.99990001953223517,4.1062915391306589e-17
C,1,0.00040000000000000002,30,0.012,0.58464658336226838,0.99995199884794472,0.99995199888375708,0.99995199888375708,0.99990361550856743,0.99985587265017417,0.99990361550856743,8.7776699305079581e-17,0.99999999986857124,0.95460776509974277,0.9998965719593903,2.1367733791720343e-17
C,1,0.00040000000000000002,31,0.012400000000000001,0.58464658336226838,0.99995039876985903,0.9999503988067695,0.9999503988067695,0.99990040269661962,0.9998510685238795,0.99990040269661951,5.1888222877122823e-17,0.99999999985966515,0.95460768677326235,0.99989312438851108,8.9143967523550986e-18
C,1,0.00040000000000000002,32,0.012800000000000001,0.58464658336226838,0.99994879868921294,0.99994879872721543,0.99994879872721543,0.9998971898849579,0.99984626440524316,0.99989718988495779,7.5743417216790763e-17,0.99999999985046661,0.95460760844706594,0.99988967681959773,2.5333117005954974e-17
C,1,0.00040000000000000002,33,0.0132,0.58464658336226838,0.99994719860600634,0.99994719864509451,0.99994719864509451,0.99989397707358274,0.9998414602942659,0.99989397707358274,3.6788107068730154e-17,0.99999999984097643,0.9546075301211534,0.99988622925265036,1.9208232801240052e-17
C,1,0.00040000000000000002,34,0.013600000000000001,0.58464658336226838,0.99994559852023945,0.99994559856040688,0.99994559856040688,0.99989076426249301,0.99983665619094642,0.9998907642624929,6.5964169502918176e-17,0.99999999983119436,0.95460745179552509,0.99988278168766875,4.006546436908228e-17
C,1,0.00040000000000000002,35,0.014,0.58464658336226838,0.99994399843191217,0.99994399847315285,0.99994399847315285,0.99988755145168906,0.99983185209528525,0.99988755145168906,3.4170973356222527e-17,0.9999999998211202,0.95460737347018054,0.99987933412465313,5.9562584202966056e-19
C,1,0.00040000000000000002,36,0.014400000000000001,0.58464658336226838,0.9999423983410245,0.99994239838333177,0.99994239838333177,0.99988433864117177,0.99982704800728206,0.99988433864117177,7.7862649401521887e-17,0.99999999981075471,0.95460729514512022,0.99987588656360316,2.1892991745644928e-17
C,1,0.00040000000000000002,37,0.014800000000000001,0.58464658336226838,0.99994079824757631,0.99994079829094484,0.99994079829094484,0.99988112583093935,0.9998222439269373,0.99988112583093935,4.9853726424669088e-17,0.99999999980009735,0.954607216820344,0.99987243900451905,4.3480965891782341e-17
C,1,0.00040000000000000002,38,0.0152,0.58464658336226838,0.99993919815156762,0.99993919819599097,0.99993919819599097,0.99987791302099394,0.99981743985425087,0.99987791302099394,5.0880755944592679e-17,0.999999999789148,0.95460713849585166,0.99986899144740082,4.848095562717576e-17
C,1,0.00040000000000000002,39,0.015600000000000001,0.58464658336226838,0.99993759805299853,0.9999375980984706,0.9999375980984706,0.99987470021133362,0.99981263578922286,0.99987470021133362,7.3093772354683532e-17,0.99999999977790688,0.95460706017164321,0.99986554389224835,9.450990581880008e-18
C,1,0.00040000000000000002,40,0.016,0.58464658336226838,0.99993599795186894,0.99993599799838329,0.99993599799838329,0.99987148740195986,0.99980783173185317,0.99987148740195986,1.1331154349499446e-16,0.99999999976637366,0.95460698184771886,0.99986209633906142,5.1289589508456959e-17
C,1,0.00040000000000000002,41,0.016400000000000001,0.58464658336226838,0.99993439784817884,0.9999343978957298,0.9999343978957298,0.99986827459287131,0.99980302768214224,0.9998682745928712,4.7813344353471729e-17,0.99999999975454912,0.9546069035240784,0.99985864878784037,1.5033206426593706e-17
C,1,0.00040000000000000002,42,0.016800000000000002,0.58464658336226838,0.99993279774192823,0.99993279779050936,0.99993279779050936,0.99986506178406975,0.99979822364008852,0.99986506178406964,8.4836323681902209e-17,0.99999999974243259,0.95460682520072226,0.99985520123858485,4.5276418864201887e-17
C,1,0.00040000000000000002,43,0.0172,0.58464658336226838,0.99993119763311722,0.99993119768272198,0.99993119768272198,0.99986184897555352,0.99979341960569412,0.99986184897555352,7.2863997812385649e-17,0.99999999973002418,0.95460674687764979,0.99985175369129509,5.9564115320390309e-19
C,1,0.00040000000000000002,44,0.017600000000000001,0.58464658336226838,0.99992959752174548,0.99992959757236821,0.99992959757236821,0.99985863616732318,0.99978861557895804,0.99985863616732318,4.0666258157260392e-17,0.99999999971732434,0.95460666855486143,0.99984830614597087,1.3117677834636482e-17
C,1,0.00040000000000000002,45,0.018000000000000002,0.58464658336226838,0.99992799740781335,0.99992799745944749,0.99992799745944749,0.99985542335937816,0.99978381155988005,0.99985542335937816,7.123120731886169e-17,0.99999999970433251,0.95460659023235728,0.99984485860261219,1.9791195255953816e-17
C,1,0.00040000000000000002,46,0.0184,0.58464658336226838,0.9999263972913206,0.9999263973439606,0.9999263973439606,0.99985221055171958,0.99977900754846083,0.99985221055171958,8.1820389479912172e-17,0.99999999969104902,0.95460651191013701,0.99984141106121915,4.0995914117893717e-17
C,1,0.00040000000000000002,47,0.018800000000000001,0.58464658336226838,0.99992479717226734,0.99992479722590599,0.99992479722590599,0.99984899774434743,0.9997742035446997,0.99984899774434743,6.759551915581126e-17,0.99999999967747366,0.95460643358820041,0.99983796352179177,1.5815569548754103e-17
C,1,0.00040000000000000002,48,0.019200000000000002,0.58464658336226838,0.99992319705065347,0.99992319710528554,0.99992319710528554,0.99984578493726073,0.99976939954859712,0.99984578493726073,5.0668897312255228e-17,0.99999999966360642,0.95460635526654802,0.99983451598433015,5.8664792711717888e-18
C,1,0.00040000000000000002,49,0.019599999999999999,0.58464658336226838,0.99992159692647908,0.99992159698209737,0.99992159698209737,0.99984257213045979,0.99976459556015274,0.99984257213045968,4.6689521676497063e-17,0.99999999964944797,0.95460627694517985,0.99983106844883385,1.0139499092587461e-17
C,1,0.00040000000000000002,50,0.02,0.58464658336226838,0.99991999679974397,0.99991999685634381,0.99991999685634381,0.99983935932394463,0.99975979157936734,0.99983935932394463,6.0012451281147116e-17,0.99999999963499753,0.95460619862409557,0.99982762091530319,2.9471453621859707e-17
C,1,0.00020000000000000001,0,0,0.58464658336226838,1,0.99999999999999956,0.99999999999999956,1,1,1,0,0.99999999999999978,0.9546101150262426,1,1.973448800505901e-17
C,1,0.00020000000000000001,1,0.00020000000000000001,0.58464658336226838,0.99999919999968001,0.99999920000000087,0.99999920000000087,0.99999839358907172,0.99999759782006181,0.99999839358907161,1.0326568809700732e-16,0.99999999999996336,0.95461007585877233,0.99999827618429005,4.4325279906267593e-17
C,1,0.00020000000000000001,2,0.00040000000000000002,0.58464658336226838,0.99999839999871998,0.99999839999935991,0.99999839999935991,0.99999678717821439,0.99999519564203709,0.99999678717821427,9.9702250908085768e-17,0.99999999999985378,0.95461003669137301,0.99999655236907203,1.7196817470496886e-17
C,1,0.00020000000000000001,3,0.00060000000000000006,0.58464658336226838,0.99999759999712001,0.99999759999807802,0.99999759999807802,0.99999518076742921,0.99999279346592707,0.99999518076742921,2.3829636088154173e-17,0.99999999999967149,0.95460999752404474,0.99999482855434552,4.018614590731249e-17
C,1,0.00020000000000000001,4,0.00080000000000000004,0.58464658336226838,0.99999679999488,0.99999679999615432,0.99999679999615432,0.9999935743567151,0.99999039129173195,0.99999357435671521,9.9000303688240315e-17,0.99999999999941569,0.95460995835678764,0.99999310474011038,1.2828812989886754e-17
C,1,0.00020000000000000001,5,0.001,0.58464658336226838,0.99999599999199995,0.99999599999358824,0.99999599999358824,0.99999196794607348,0.99998798911945075,0.99999196794607348,1.4022668783416322e-16,0.99999999999908706,0.95460991918960136,0.9999913809263673,1.0294221186130426e-17
C,1,0.00020000000000000001,6,0.0012000000000000001,0.58464658336226838,0.99999519998847997,0.999995199990382,0.999995199990382,0.99999036153550258,0.99998558694908413,0.99999036153550258,5.9984271032811294e-17,0.99999999999868527,0.95460988002248626,0.99998965711311549,4.0769064447526648e-17
C,1,0.00020000000000000001,7,0.0014,0.58464658336226838,0.99999439998431994,0.99999439998653294,0.99999439998653294,0.99998875512500351,0.99998318478063186,0.9999887551250034,9.1201444990850896e-17,0.99999999999821054,0.95460984085544165,0.9999879333003554,4.4123191716531928e-17
C,1,0.00020000000000000001,8,0.0016000000000000001,0.58464658336226838,0.99999359997951986,0.9999935999820434,0.9999935999820434,0.99998714871457561,0.99998078261409462,0.99998714871457561,9.07422091227356e-17,0.99999999999766276,0.95460980168846876,0.99998620948808692,5.3606156269691202e-18
C,1,0.00020000000000000001,9,0.0018000000000000002,0.58464658336226838,0.99999279997407986,0.99999279997691148,0.99999279997691148,0.99998554230421988,0.99997838044947063,0.99998554230421977,6.8975899222206394e-17,0.99999999999704203,0.95460976252156671,0.99998448567630993,1.4106276847365893e-17
C,1,0.00020000000000000001,10,0.002,0.58464658336226838,0.9999919999679997,0.99999199997113863,0.99999199997113863,0.99998393589393542,0.99997597828676199,0.99998393589393542,9.6789517173180761e-17,0.99999999999634825,0.95460972335473548,0.99998276186502477,4.0381409035767977e-17
C,1,0.00020000000000000001,11,0.0022000000000000001,0.58464658336226838,0.99999119996127972,0.99999119996472385,0.99999119996472385,0.99998232948372245,0.99997357612596827,0.99998232948372245,1.0649927464217522e-16,0.99999999999558131,0.95460968418797532,0.99998103805423089,1.1926267716301294e-17
C,1,0.00020000000000000001,12,0.0024000000000000002,0.58464658336226838,0.99999039995391958,0.99999039995766792,0.99999039995766792,0.99998072307358032,0.99997117396708812,0.99998072307358032,9.867958227252716e-17,0.99999999999474154,0.95460964502128653,0.99997931424392883,2.3822813821364487e-17
C,1,0.00020000000000000001,13,0.0026000000000000003,0.58464658336226838,0.99998959994591941,0.99998959994996939,0.99998959994996939,0.99997911666351036,0.99996877181012278,0.99997911666351036,1.0129274929690678e-16,0.9999999999938286,0.95460960585466859,0.99997759043411849,1.9967188533731538e-17
C,1,0.00020000000000000001,14,0.0028,0.58464658336226838,0.99998879993727929,0.99998879994163015,0.99998879994163015,0.99997751025351223,0.99996636965507191,0.99997751025351223,5.5107979478244208e-17,0.99999999999284284,0.95460956668812147,0.99997586662479965,2.7782125284535421e-17
C,1,0.00020000000000000001,15,0.0030000000000000001,0.58464658336226838,0.99998799992799914,0.99998799993264931,0.99998799993264931,0.99997590384358492,0.99996396750193561,0.99997590384358481,7.1135364929293292e-17,0.99999999999178379,0.95460952752164541,0.99997414281597263,2.0708484095737804e-17
C,1,0.00020000000000000001,16,0.0032000000000000002,0.58464658336226838,0.99998719991807894,0.99998719992302676,0.99998719992302676,0.99997429743372968,0.99996156535071368,0.99997429743372968,7.8721557444148257e-17,0.99999999999065181,0.95460948835524062,0.99997241900763656,5.5923748821254103e-17
C,1,0.00020000000000000001,17,0.0034000000000000002,0.58464658336226838,0.9999863999075187,0.9999863999127625,0.9999863999127625,0.99997269102394581,0.9999591632014061,0.99997269102394581,5.5157668218281458e-17,0.99999999998944711,0.95460944918890622,0.99997069519979231,3.812146092292111e-17
C,1,0.00020000000000000001,18,0.0036000000000000003,0.58464658336226838,0.99998559989631852,0.99998559990185676,0.99998559990185676,0.99997108461423345,0.99995676105401299,0.99997108461423334,8.0002942970611496e-17,0.99999999998816891,0.95460941002264355,0.99996897139243968,2.2474737537433218e-17
C,1,0.00020000000000000001,19,0.0038,0.58464658336226838,0.9999847998844783,0.99998479989030953,0.99998479989030953,0.99996947820459281,0.99995435890853446,0.99996947820459281,4.1948788188117296e-17,0.99999999998681788,0.95460937085645148,0.99996724758557853,3.378554810790556e-17
C,1,0.00020000000000000001,20,0.0040000000000000001,0.58464658336226838,0.99998399987199793,0.99998399987812081,0.99998399987812081,0.99996787179502333,0.99995195676497051,0.99996787179502333,9.3390905864602076e-17,0.99999999998539391,0.95460933169033058,0.99996552377920922,5.0311416266192642e-17
C,1,0.00020000000000000001,21,0.0042000000000000006,0.58464658336226838,0.99998319985887762,0.99998319986529027,0.99998319986529027,0.99996626538552569,0.9999495546233208,0.99996626538552569,2.4267463432979329e-17,0.99999999998389677,0.95460929252428084,0.99996379997333129,3.8565821321727385e-17
C,1,0.00020000000000000001,22,0.0044000000000000003,0.58464658336226838,0.99998239984511728,0.99998239985181825,0.99998239985181825,0.99996465897609965,0.99994715248358645,0.99996465897609954,5.2139371642462723e-17,0.99999999998232669,0.95460925335830216,0.99996207616794497,4.6990462545769744e-17
C,1,0.00020000000000000001,23,0.0045999999999999999,0.58464658336226838,0.99998159983071688,0.99998159983770518,0.99998159983770518,0.99996305256674445,0.99994475034576524,0.99996305256674445,1.351613756692292e-16,0.99999999998068378,0.95460921419239431,0.99996035236305014,1.1206034497799836e-17
C,1,0.00020000000000000001,24,0.0048000000000000004,0.58464658336226838,0.99998079981567645,0.99998079982294996,0.99998079982294996,0.99996144615746119,0.99994234820985906,0.99996144615746119,8.9675699658596625e-17,0.99999999997896749,0.95460917502655729,0.99995862855864703,7.3913510378279942e-18
C,1,0.00020000000000000001,25,0.0050000000000000001,0.58464658336226838,0.99997999979999597,0.9999799998075527,0.9999799998075527,0.99995983974824909,0.99993994607586767,0.99995983974824909,7.6169487418791423e-17,0.99999999997717826,0.95460913586079177,0.99995690475473564,2.6266589228110008e-17
C,1,0.00020000000000000001,26,0.0052000000000000006,0.58464658336226838,0.99997919978367555,0.99997919979151495,0.99997919979151495,0.99995823333910938,0.99993754394379042,0.99995823333910938,1.2387910338401522e-16,0.99999999997531641,0.95460909669509708,0.99995518095131564,4.2225847633923386e-18
C,1,0.00020000000000000001,27,0.0054000000000000003,0.58464658336226838,0.99997839976671499,0.99997839977483438,0.99997839977483438,0.99995662693004084,0.99993514181362797,0.99995662693004084,9.5083314634862015e-17,0.99999999997338118,0.95460905752947345,0.99995345714838713,2.5331611215026625e-17
C,1,0.00020000000000000001,28,0.0055999999999999999,0.58464658336226838,0.99997759974911438,0.99997759975751355,0.99997759975751355,0.99995502052104313,0.99993273968537977,0.99995502052104301,6.0211076309811039e-17,0.99999999997137301,0.95460901836392043,0.99995173334595044,4.0609159539376894e-17
C,1,0.00020000000000000001,29,0.0058000000000000005,0.58464658336226838,0.99997679973087372,0.99997679973955023,0.99997679973955023,0.99995341411211791,0.99993033755904637,0.99995341411211791,6.2635707779406942e-17,0.9999999999692919,0.95460897919843879,0.99995000954400481,1.8984323216045088e-17
C,1,0.00020000000000000001,30,0.0060000000000000001,0.58464658336226838,0.99997599971199302,0.99997599972094509,0.99997599972094509,0.99995180770326364,0.99992793543462688,0.99995180770326364,2.3578057891547561e-17,0.99999999996713795,0.95460894003302788,0.9999482857425509,2.554786043945766e-17
C,1,0.00020000000000000001,31,0.0062000000000000006,0.58464658336226838,0.99997519969247239,0.99997519970169957,0.99997519970169957,0.99995020129448053,0.99992553331212253,0.99995020129448053,4.8982186074602686e-17,0.99999999996491085,0.95460890086768846,0.99994656194158871,2.0571527617313314e-17
C,1,0.00020000000000000001,32,0.0064000000000000003,0.58464658336226838,0.99997439967231161,0.99997439968181168,0.99997439968181168,0.99994859488576981,0.99992313119153198,0.99994859488576981,3.8743978090354006e-17,0.99999999996261058,0.95460886170241965,0.99994483814111823,3.2735841154258392e-17
C,1,0.00020000000000000001,33,0.0066,0.58464658336226838,0.99997359965151078,0.99997359966128208,0.99997359966128208,0.99994698847713015,0.99992072907285612,0.99994698847713015,3.8554165599984815e-17,0.99999999996023747,0.95460882253722223,0.99994311434113892,4.7977388379203722e-17
C,1,0.00020000000000000001,34,0.0068000000000000005,0.58464658336226838,0.99997279963006991,0.9999727996401111,0.9999727996401111,0.99994538206856209,0.99991832695609517,0.99994538206856198,6.3204775234778662e-17,0.99999999995779121,0.95460878337209554,0.99994139054165143,5.8066342967918472e-17
C,1,0.00020000000000000001,35,0.0070000000000000001,0.58464658336226838,0.9999719996079891,0.99997199961829841,0.99997199961829841,0.99994377566006554,0.99991592484124847,0.99994377566006554,7.4933601992106423e-17,0.99999999995527222,0.95460874420704012,0.99993966674265522,1.1253386111544129e-17
C,1,0.00020000000000000001,36,0.0072000000000000007,0.58464658336226838,0.99997119958526803,0.99997119959584424,0.99997119959584424,0.99994216925164092,0.99991352272831668,0.99994216925164092,1.5561937533564275e-16,0.99999999995267974,0.95460870504205553,0.99993794294415073,3.3382543359703361e-17
C,1,0.00020000000000000001,37,0.0074000000000000003,0.58464658336226838,0.99997039956190703,0.99997039957274847,0.99997039957274847,0.99994056284328647,0.99991112061729925,0.99994056284328647,4.1902861186654694e-17,0.99999999995001498,0.95460866587714188,0.99993621914613806,1.7094340093806383e-17
C,1,0.00020000000000000001,38,0.0076,0.58464658336226838,0.99996959953790598,0.99996959954901066,0.99996959954901066,0.99993895643500463,0.99990871850819529,0.99993895643500463,5.1484558463489256e-17,0.99999999994727695,0.95460862671229929,0.99993449534861623,9.4171873255480794e-18
C,1,0.00020000000000000001,39,0.0078000000000000005,0.58464658336226838,0.99996879951326478,0.9999687995246318,0.9999687995246318,0.99993735002679451,0.99990631640100691,0.9999373500267944,6.4145466708341986e-17,0.99999999994446565,0.95460858754752775,0.99993277155158622,2.6482271729188588e-17
C,1,0.00020000000000000001,40,0.0080000000000000002,0.58464658336226838,0.99996799948798365,0.9999679994996119,0.9999679994996119,0.99993574361865523,0.99990391429573322,0.99993574361865523,7.5810438395285095e-17,0.99999999994158162,0.95460854838282738,0.99993104775504771,3.5656326756438617e-17
C,1,0.00020000000000000001,41,0.0082000000000000007,0.58464658336226838,0.99996719946206236,0.99996719947394874,0.99996719947394874,0.9999341372105881,0.99990151219237311,0.99993413721058799,1.5953040374471012e-16,0.99999999993862432,0.95460850921819795,0.99992932395900103,2.4191590551005594e-17
C,1,0.00020000000000000001,42,0.0084000000000000012,0.58464658336226838,0.99996639943550103,0.99996639944764498,0.99996639944764498,0.99993253080259215,0.99989911009092824,0.99993253080259203,7.939769950673531e-17,0.9999999999355943,0.95460847005363936,0.99992760016344551,1.7512663101205556e-17
C,1,0.00020000000000000001,43,0.0086,0.58464658336226838,0.99996559940829965,0.99996559942069918,0.99996559942069918,0.99993092439466735,0.99989670799139785,0.99993092439466735,5.0021399903166286e-17,0.99999999993249133,0.95460843088915182,0.99992587636838193,2.8295702009089383e-17
C,1,0.00020000000000000001,44,0.0088000000000000005,0.58464658336226838,0.99996479938045812,0.99996479939311189,0.99996479939311189,0.99992931798681406,0.9998943058937817,0.99992931798681395,1.0199156255236717e-16,0.99999999992931521,0.95460839172473533,0.99992415257380929,2.1996955511871944e-17
C,1,0.00020000000000000001,45,0.0090000000000000011,0.58464658336226838,0.99996399935197666,0.99996399936488423,0.99996399936488423,0.9999277115790326,0.99989190379808013,0.9999277115790326,6.2324494387974074e-17,0.99999999992606603,0.95460835256038989,0.99992242877972859,1.9281462311521871e-17
C,1,0.00020000000000000001,46,0.0091999999999999998,0.58464658336226838,0.99996319932285505,0.99996319933601363,0.99996319933601363,0.9999261051713223,0.99988950170429325,0.9999261051713223,3.0559602316386752e-17,0.99999999992274413,0.9546083133961154,0.99992070498613939,2.2045353657662697e-17
C,1,0.00020000000000000001,47,0.0094000000000000004,0.58464658336226838,0.99996239929309338,0.99996239930650133,0.99996239930650133,0.99992449876368394,0.9998870996124205,0.99992449876368394,4.7185702786043558e-17,0.99999999991934896,0.95460827423191208,0.99991898119304146,5.6189153283080227e-18
C,1,0.00020000000000000001,48,0.0096000000000000009,0.58464658336226838,0.99996159926269168,0.99996159927634853,0.99996159927634853,0.9999228923561172,0.9998846975224629,0.99992289235611709,7.2112922462369776e-17,0.99999999991588084,0.95460823506777948,0.99991725740043513,4.838716191604696e-18
C,1,0.00020000000000000001,49,0.0097999999999999997,0.58464658336226838,0.99996079923164982,0.99996079924555314,0.99996079924555314,0.99992128594862129,0.99988229543441931,0.9999212859486214,4.7876808307830979e-17,0.99999999991234001,0.95460819590371815,0.99991553360832042,3.3697813076477773e-17
C,1,0.00020000000000000001,50,0.01,0.58464658336226838,0.99995999919996803,0.99995999921411582,0.99995999921411582,0.99991967954119698,0.99987989334829053,0.99991967954119687,9.8381960976116455e-17,0.9999999999087259,0.95460815673972776,0.99991380981669731,3.4381861305321183e-17
C,1,0.00020000000000000001,51,0.010200000000000001,0.58464658336226838,0.99995919916764608,0.99995919918203757,0.99995919918203757,0.99991807313384518,0.99987749126407599,0.99991807313384518,1.1461832031347997e-16,0.99999999990503885,0.95460811757580843,0.99991208602556569,6.4148908301577974e-18
C,1,0.00020000000000000001,52,0.010400000000000001,0.58464658336226838,0.99995839913468398,0.99995839914931772,0.99995839914931772,0.99991646672656442,0.99987508918177637,0.99991646672656431,5.6487901813760891e-17,0.99999999990127897,0.95460807841195994,0.99991036223492535,4.0193653672516598e-17
C,1,0.00020000000000000001,53,0.0106,0.58464658336226838,0.99995759910108184,0.99995759911595616,0.99995759911595616,0.99991486031935428,0.99987268710139132,0.99991486031935417,1.6002301384833547e-16,0.99999999989744615,0.95460803924818238,0.99990863844477662,3.9795749121744972e-17
C,1,0.00020000000000000001,54,0.010800000000000001,0.58464658336226838,0.99995679906683965,0.99995679908195267,0.99995679908195267,0.99991325391221619,0.99987028502292019,0.99991325391221619,4.1125716425708379e-17,0.99999999989354027,0.95460800008447633,0.99990691465511927,9.8411010653373893e-18
C,1,0.00020000000000000001,55,0.011000000000000001,0.58464658336226838,0.99995599903195742,0.99995599904730781,0.99995599904730781,0.99991164750514983,0.99986788294636397,0.99991164750514983,9.0921848845124761e-17,0.99999999988956112,0.95460796092084088,0.99990519086595331,1.538264685319767e-17
C,1,0.00020000000000000001,56,0.0112,0.58464658336226838,0.99995519899643504,0.99995519901202146,0.99995519901202146,0.99991004109815462,0.999865480871723,0.99991004109815451,5.4328262221681101e-17,0.99999999988550936,0.95460792175727638,0.99990346707727906,5.7234654611505499e-17
C,1,0.00020000000000000001,57,0.0114,0.58464658336226838,0.99995439896027261,0.99995439897609328,0.99995439897609328,0.99990843469123158,0.99986307879899572,0.99990843469123158,9.9147752646285027e-17,0.99999999988138466,0.95460788259378326,0.99990174328909665,1.3857014927597462e-17
C,1,0.00020000000000000001,58,0.011600000000000001,0.58464658336226838,0.99995359892347002,0.9999535989395234,0.9999535989395234,0.99990682828437905,0.99986067672818357,0.99990682828437893,6.3031027980487484e-17,0.99999999987718691,0.95460784343036087,0.99990001950140539,2.0119211452657076e-17
C,1,0.00020000000000000001,59,0.0118,0.58464658336226838,0.99995279888602739,0.99995279890231203,0.99995279890231203,0.99990522187759856,0.99985827465928445,0.99990522187759845,7.3146149506262837e-17,0.99999999987291621,0.95460780426700953,0.99989829571420563,4.9346288603233081e-17
C,1,0.00020000000000000001,60,0.012,0.58464658336226838,0.99995199884794472,0.99995199886445907,0.99995199886445907,0.99990361547088946,0.99985587259230169,0.99990361547088946,9.8218484496287942e-17,0.99999999986857246,0.95460776510372924,0.99989657192749737,1.929098035621474e-17
C,1,0.00020000000000000001,61,0.012200000000000001,0.58464658336226838,0.9999511988092219,0.99995119882596439,0.99995119882596439,0.99990200906425242,0.99985347052723239,0.99990200906425242,5.5217108259538937e-17,0.99999999986415566,0.95460772594052001,0.99989484814128038,2.0778421004521665e-17
C,1,0.00020000000000000001,62,0.012400000000000001,0.58464658336226838,0.99995039876985903,0.99995039878682845,0.99995039878682845,0.99990040265768609,0.99985106846407823,0.9999004026576862,4.5555688217848036e-17,0.99999999985966603,0.9546076867773815,0.99989312435555533,4.2623194965537953e-17
C,1,0.00020000000000000001,63,0.0126,0.58464658336226838,0.999949598729856,0.99994959874704992,0.99994959874704992,0.99989879625119182,0.99984866640283887,0.99989879625119171,7.0107655662981049e-17,0.99999999985510335,0.95460764761431427,0.99989140057032144,1.4686571958421454e-17
C,1,0.00020000000000000001,64,0.012800000000000001,0.58464658336226838,0.99994879868921294,0.99994879870663089,0.99994879870663089,0.9998971898447685,0.99984626434351342,0.99989718984476839,6.0632347950948252e-17,0.99999999985046761,0.95460760845131798,0.99988967678557894,7.5810062181488477e-18
C,1,0.00020000000000000001,65,0.013000000000000001,0.58464658336226838,0.99994799864792971,0.99994799866556894,0.99994799866556894,0.99989558343841667,0.99984386228610211,0.99989558343841667,3.6849424579286985e-17,0.99999999984575916,0.95460756928839274,0.99988795300132793,3.7153653860686367e-17
C,1,0.00020000000000000001,66,0.0132,0.58464658336226838,0.99994719860600634,0.99994719862386572,0.99994719862386572,0.99989397703213689,0.99984146023060649,0.99989397703213678,5.8080626393826831e-17,0.99999999984097754,0.95460753012553834,0.99988622921756853,5.6505665699547537e-18
C,1,0.00020000000000000001,67,0.0134,0.58464658336226838,0.99994639856344303,0.99994639858152123,0.99994639858152123,0.99989237062592873,0.99983905817702512,0.99989237062592862,8.0377275146014859e-17,0.99999999983612298,0.9546074909627551,0.99988450543430041,2.9234107442514223e-17
C,1,0.00020000000000000001,68,0.013600000000000001,0.58464658336226838,0.99994559852023945,0.99994559853853515,0.99994559853853515,0.99989076421979184,0.99983665612535777,0.99989076421979184,4.3140721268729046e-17,0.99999999983119559,0.95460745180004281,0.999882781651524,4.3317054746996069e-17
C,1,0.00020000000000000001,69,0.013800000000000002,0.58464658336226838,0.99994479847639595,0.99994479849490714,0.99994479849490714,0.99988915781372534,0.99983425407560511,0.99988915781372534,4.2768085217842832e-17,0.99999999982619536,0.95460741263740168,0.99988105786923864,4.301714918222904e-17
C,1,0.00020000000000000001,70,0.014,0.58464658336226838,0.99994399843191217,0.99994399845063842,0.99994399845063842,0.99988755140773167,0.99983185202776814,0.99988755140773167,8.5130893578403193e-17,0.99999999982112175,0.95460737347483138,0.999879334087445,6.7650091308504638e-18
C,1,0.00020000000000000001,71,0.014200000000000001,0.58464658336226838,0.99994319838678836,0.99994319840572676,0.99994319840572676,0.99988594500180827,0.99982944998184409,0.99988594500180827,4.1674987700931134e-17,0.99999999981597543,0.95460733431233213,0.99987761030614286,7.2770294343478887e-18
C,1,0.00020000000000000001,72,0.014400000000000001,0.58464658336226838,0.9999423983410245,0.99994239836017407,0.99994239836017407,0.99988433859595716,0.99982704793783483,0.99988433859595716,1.2389766768954102e-16,0.99999999981075627,0.95460729514990383,0.99987588652533177,4.0502687401942508e-17
C,1,0.00020000000000000001,73,0.0146,0.58464658336226838,0.99994159829462037,0.99994159831397966,0.99994159831397966,0.9998827321901782,0.99982464589574138,0.9998827321901782,6.8572021206559196e-17,0.99999999980546384,0.95460725598754659,0.99987416274501228,4.8655975888435362e-17
C,1,0.00020000000000000001,74,0.014800000000000001,0.58464658336226838,0.99994079824757631,0.99994079826714344,0.99994079826714344,0.99988112578446975,0.99982224385556173,0.99988112578446975,3.6691438232433923e-17,0.99999999980009868,0.95460721682526006,0.99987243896518441,3.8166804066532899e-17
C,1,0.00020000000000000001,75,0.015000000000000001,0.58464658336226838,0.99993999819989199,0.99993999821966595,0.99993999821966595,0.99987951937883324,0.99981984181729688,0.99987951937883324,1.140044468743801e-16,0.99999999979466048,0.95460717766304515,0.99987071518584769,7.6660692974211724e-17
C,1,0.00020000000000000001,76,0.0152,0.58464658336226838,0.99993919815156762,0.9999391981715462,0.9999391981715462,0.99987791297326734,0.99981743978094673,0.99987791297326734,1.3691704951826991e-16,0.99999999978914944,0.95460713850090084,0.99986899140700292,3.5737895019447763e-18
C,1,0.00020000000000000001,77,0.0154,0.58464658336226838,0.9999383981026031,0.99993839812278507,0.99993839812278507,0.99987630656777471,0.9998150377465107,0.99987630656777471,8.9078768979880302e-17,0.99999999978356524,0.95460709933882737,0.99986726762864908,7.4134158478823184e-17
C,1,0.00020000000000000001,78,0.015600000000000001,0.58464658336226838,0.99993759805299853,0.99993759807338223,0.99993759807338223,0.99987470016235214,0.99981263571398904,0.99987470016235214,1.3081189150918314e-16,0.99999999977790843,0.95460706017682528,0.99986554385078674,4.8363826188710376e-17
C,1,0.00020000000000000001,79,0.015800000000000002,0.58464658336226838,0.99993679800275381,0.99993679802333779,0.99993679802333779,0.99987309375700129,0.99981023368338273,0.99987309375700117,8.5384316516263007e-17,0.99999999977217824,0.95460702101489403,0.9998638200734159,3.3745547013107229e-17
C,1,0.00020000000000000001,80,0.016,0.58464658336226838,0.99993599795186894,0.99993599797265209,0.99993599797265209,0.9998714873517216,0.99980783165469023,0.9998714873517216,7.8026375102742915e-17,0.99999999976637544,0.95460698185303383,0.99986209629653666,2.177954239545928e-17
C,1,0.00020000000000000001,81,0.016199999999999999,0.58464658336226838,0.99993519790034402,0.99993519792132435,0.99993519792132435,0.99986988094651374,0.9998054296279133,0.99986988094651374,4.9860059716616997e-17,0.9999999997604998,0.95460694269124491,0.99986037252014837,5.8971055661950769e-17
C,1,0.00020000000000000001,82,0.016400000000000001,0.58464658336226838,0.99993439784817884,0.9999343978693549,0.9999343978693549,0.9998682745413775,0.99980302760305007,0.9998682745413775,2.6131532381894291e-17,0.99999999975455089,0.95460690352952637,0.9998586487442519,7.1476479044188872e-18
C,1,0.00020000000000000001,83,0.0166,0.58464658336226838,0.99993359779537361,0.9999335978167434,0.9999335978167434,0.99986666813631264,0.99980062558010141,0.99986666813631264,7.9353668268095587e-17,0.99999999974852916,0.95460686436787934,0.99985692496884659,2.8152968017351598e-17
C,1,0.00020000000000000001,84,0.016800000000000002,0.58464658336226838,0.99993279774192823,0.99993279776349098,0.99993279776349098,0.99986506173131917,0.99979822355906744,0.99986506173131906,8.4158117715241082e-17,0.99999999974243436,0.95460682520630291,0.99985520119393301,4.4653083891792511e-17
C,1,0.00020000000000000001,85,0.017000000000000001,0.58464658336226838,0.9999319976878428,0.99993199770959684,0.99993199770959684,0.99986345532639764,0.99979582153994884,0.99986345532639753,1.0441891065210104e-16,0.99999999973626685,0.95460678604479776,0.99985347741951058,7.8344235977673505e-18
C,1,0.00020000000000000001,86,0.0172,0.58464658336226838,0.99993119763311722,0.99993119765506033,0.99993119765506033,0.99986184892154717,0.99979341952274381,0.99986184892154717,7.2578243157249074e-17,0.99999999973002629,0.95460674688336333,0.99985175364557988,1.4236516694822671e-17
C,1,0.00020000000000000001,87,0.017400000000000002,0.58464658336226838,0.99993039757775137,0.99993039759988267,0.99993039759988267,0.99986024251676819,0.99979101750745392,0.99986024251676819,1.2479841970026001e-16,0.99999999972371256,0.95460670772200018,0.99985002987214022,3.4864149313596897e-17
C,1,0.00020000000000000001,88,0.017600000000000001,0.58464658336226838,0.99992959752174548,0.99992959754406319,0.99992959754406319,0.99985863611206038,0.99978861549407849,0.99985863611206027,2.2644205686223915e-17,0.99999999971732623,0.95460666856070775,0.99984830609919229,3.6440338903183637e-17
C,1,0.00020000000000000001,89,0.0178,0.58464658336226838,0.99992879746509955,0.99992879748760199,0.99992879748760199,0.99985702970742485,0.99978621348261798,0.99985702970742485,6.5896255196545463e-17,0.99999999971086673,0.95460662939948648,0.99984658232673562,3.5163182951704523e-17
C,1,0.00020000000000000001,90,0.018000000000000002,0.58464658336226838,0.99992799740781335,0.9999279974304992,0.9999279974304992,0.99985542330286026,0.99978381147307227,0.99985542330286015,5.5558837151103964e-17,0.9999999997043344,0.95460659023833627,0.99984485855477045,2.8714783663846415e-17
C,1,0.00020000000000000001,91,0.018200000000000001,0.58464658336226838,0.99992719734988711,0.99992719737275448,0.99992719737275448,0.99985381689836683,0.99978140946544025,0.99985381689836672,6.5563101921243478e-17,0.99999999969772935,0.95460655107725723,0.99984313478329623,3.9582454108771502e-17
C,1,0.00020000000000000001,92,0.0184,0.58464658336226838,0.9999263972913206,0.9999263973143685,0.9999263973143685,0.99985221049394568,0.99977900745972315,0.99985221049394557,1.1137534747037267e-16,0.99999999969105113,0.95460651191624879,0.99984141101231383,2.6309903554904395e-17
C,1,0.00020000000000000001,93,0.018600000000000002,0.58464658336226838,0.99992559723211405,0.99992559725534058,0.99992559725534058,0.99985060408959525,0.99977660545592095,0.99985060408959514,6.8152301582200372e-17,0.99999999968429998,0.95460647275531163,0.99983968724182248,3.436617435040891e-17
C,1,0.00020000000000000001,94,0.018800000000000001,0.58464658336226838,0.99992479717226734,0.99992479719567151,0.99992479719567151,0.99984899768531665,0.99977420345403323,0.99984899768531654,3.6655122783912467e-17,0.99999999967747588,0.95460643359444508,0.99983796347182285,3.8362742938614892e-17
C,1,0.00020000000000000001,95,0.019,0.58464658336226838,0.99992399711178048,0.99992399713535984,0.99992399713535984,0.99984739128110955,0.9997718014540603,0.99984739128110944,1.2193660945103688e-16,0.99999999967057895,0.95460639443364981,0.9998362397023145,9.5446370042815885e-18
C,1,0.00020000000000000001,96,0.019200000000000002,0.58464658336226838,0.99992319705065347,0.99992319707440713,0.99992319707440713,0.99984578487697395,0.99976939945600141,0.99984578487697395,3.4728560611851876e-17,0.99999999966360897,0.9546063552729257,0.99983451593329764,2.4297877283711814e-17
C,1,0.00020000000000000001,97,0.019400000000000001,0.58464658336226838,0.9999223969888863,0.99992239701281227,0.99992239701281227,0.99984417847290974,0.99976699745985775,0.99984417847290963,6.0333508534229676e-17,0.99999999965656639,0.9546063161122722,0.99983279216477194,5.0461928538112894e-17
C,1,0.00020000000000000001,98,0.019599999999999999,0.58464658336226838,0.99992159692647908,0.99992159695057592,0.99992159695057592,0.9998425720689168,0.99976459546562813,0.9998425720689168,5.7639625335815774e-17,0.99999999964945052,0.95460627695168998,0.99983106839673785,1.1626675639666079e-17
C,1,0.00020000000000000001,99,0.019800000000000002,0.58464658336226838,0.9999207968634316,0.99992079688769808,0.99992079688769808,0.99984096566499558,0.99976219347331363,0.99984096566499558,1.0284509953888085e-16,0.99999999964226194,0.95460623779117881,0.99982934462919493,4.3253639104930004e-17
C,1,0.00020000000000000001,100,0.02,0.58464658336226838,0.99991999679974397,0.99991999682417765,0.99991999682417765,0.99983935926114542,0.99975979148291327,0.99983935926114531,6.1127009571747213e-17,0.99999999963500019,0.95460619863073848,0.9998276208621435,1.3880356723783833e-17
C,1,0.0001,0,0,0.58464658336226838,1,0.99999999999999956,0.99999999999999956,1,1,1,0,0.99999999999999978,0.9546101150262426,1,1.973448800505901e-17
C,1,0.0001,1,0.0001,0.58464658336226838,0.99999959999991994,0.99999960000000043,0.99999960000000043,0.99999919679436999,0.99999879890955068,0.99999919679436999,1.240230418927232e-16,0.99999999999999079,0.95461009544251518,0.99999913809195085,4.0352235803934986e-17
C,1,0.0001,2,0.00020000000000000001,0.58464658336226838,0.99999919999968001,0.99999919999984077,0.99999919999984077,0.9999983935887572,0.99999759781957887,0.9999983935887572,8.8440163880725859e-17,0.99999999999996347,0.95461007585880553,0.99999827618402437,1.1877882242352015e-17
C,1,0.0001,3,0.00030000000000000003,0.58464658336226838,0.99999879999927999,0.99999879999951946,0.99999879999951946,0.99999759038316272,0.99999639673008667,0.9999975903831626,5.8964076397224624e-17,0.99999999999991773,0.95461005627511342,0.99999741427622091,3.5052230672642758e-17
C,1,0.0001,4,0.00040000000000000002,0.58464658336226838,0.99999839999871998,0.99999839999903817,0.99999839999903817,0.99999678717758667,0.99999519564107242,0.99999678717758655,5.0147353801480416e-17,0.99999999999985401,0.9546100366914394,0.99999655236854035,1.5253798615011797e-17
C,1,0.0001,5,0.00050000000000000001,0.58464658336226838,0.99999799999799999,0.99999799999839767,0.99999799999839767,0.99999598397202816,0.99999399455253746,0.99999598397202816,8.5156679167035478e-17,0.99999999999977152,0.95461001710778304,0.99999569046098291,1.0981859295594569e-17
C,1,0.0001,6,0.00060000000000000006,0.58464658336226838,0.99999759999712001,0.99999759999759541,0.99999759999759541,0.99999518076648741,0.99999279346448045,0.99999518076648741,1.0831548171963857e-16,0.99999999999967126,0.95460999752414433,0.99999482855354804,3.421241696125687e-18
C,1,0.0001,7,0.00069999999999999999,0.58464658336226838,0.99999719999607994,0.99999719999663328,0.99999719999663328,0.99999437756096443,0.99999159237690205,0.99999437756096443,9.9374889289601131e-17,0.99999999999955247,0.9546099779405236,0.99999396664623597,4.1608450124967562e-17
C,1,0.0001,8,0.00080000000000000004,0.58464658336226838,0.99999679999488,0.99999679999551072,0.99999679999551072,0.99999357435545944,0.99999039128980249,0.99999357435545944,6.3245891147887507e-17,0.99999999999941569,0.95460995835692031,0.9999931047390469,8.9532704553638431e-18
C,1,0.0001,9,0.00090000000000000008,0.58464658336226838,0.99999639999351997,0.99999639999422818,0.99999639999422818,0.99999277114997287,0.99998919020318178,0.99999277114997287,8.4618307469786237e-17,0.99999999999926059,0.954609938773335,0.99999224283198074,1.3489209987853279e-17
C,1,0.0001,10,0.001,0.58464658336226838,0.99999599999199995,0.99999599999278432,0.99999599999278432,0.99999196794450362,0.99998798911703923,0.99999196794450351,8.5007274297809218e-17,0.99999999999908706,0.95460991918976712,0.99999138092503781,1.4265777445527146e-17
C,1,0.0001,11,0.0011000000000000001,0.58464658336226838,0.99999559999031995,0.99999559999118059,0.99999559999118059,0.99999116473905236,0.99998678803137542,0.99999116473905236,9.7875364773726105e-17,0.99999999999889544,0.95460989960621756,0.99999051901821745,3.9111678934492436e-17
C,1,0.0001,12,0.0012000000000000001,0.58464658336226838,0.99999519998847997,0.99999519998941699,0.99999519998941699,0.9999903615336192,0.99998558694619033,0.9999903615336192,1.2254614457857876e-16,0.99999999999868527,0.95460988002268532,0.9999896571115201,2.2880844947153361e-17
C,1,0.0001,13,0.0013000000000000002,0.58464658336226838,0.99999479998648,0.99999479998749274,0.99999479998749274,0.99998955832820313,0.99998438586148397,0.99998955832820313,3.6390362423220952e-17,0.99999999999845712,0.95460986043917118,0.99998879520494577,1.7012904554003003e-17
C,1,0.0001,14,0.0014,0.58464658336226838,0.99999439998431994,0.99999439998540762,0.99999439998540762,0.99998875512280561,0.99998318477725601,0.99998875512280561,8.6490647968307666e-17,0.99999999999821065,0.95460984085567446,0.99998793329849411,2.967396446943932e-17
C,1,0.0001,15,0.0015,0.58464658336226838,0.99999399998199989,0.99999399998316263,0.99999399998316263,0.99998795191742607,0.99998198369350699,0.99998795191742607,2.2455605091952722e-17,0.99999999999794575,0.95460982127219562,0.99998707139216558,2.3547581839132969e-17
C,1,0.0001,16,0.0016000000000000001,0.58464658336226838,0.99999359997951986,0.99999359998075676,0.99999359998075676,0.99998714871206362,0.99998078261023626,0.99998714871206362,1.0349335221226133e-16,0.99999999999766298,0.95460980168873433,0.99998620948595962,3.8491294077438276e-17
C,1,0.0001,17,0.0017000000000000001,0.58464658336226838,0.99999319997687985,0.99999319997819114,0.99999319997819114,0.99998634550671983,0.99997958152744437,0.99998634550671972,7.6388631545046743e-17,0.99999999999736167,0.95460978210529124,0.99998534757987689,2.060524101438236e-17
C,1,0.0001,18,0.0018000000000000002,0.58464658336226838,0.99999279997407986,0.99999279997546386,0.99999279997546386,0.99998554230139425,0.99997838044513077,0.99998554230139425,6.39347607113987e-17,0.99999999999704203,0.95460976252186569,0.99998448567391685,2.8017003173712266e-17
C,1,0.0001,19,0.0019,0.58464658336226838,0.99999239997111977,0.99999239997257772,0.99999239997257772,0.99998473909608654,0.99997717936329611,0.99998473909608654,5.1882083181480135e-17,0.99999999999670441,0.95460974293845779,0.99998362376807992,2.1343161485118014e-17
C,1,0.0001,20,0.002,0.58464658336226838,0.9999919999679997,0.99999199996953003,0.99999199996953003,0.99998393589079571,0.99997597828193985,0.99998393589079571,7.5065471502394328e-17,0.99999999999634837,0.95460972335506766,0.99998276186236579,4.0851826983046665e-17
C,1,0.0001,21,0.0021000000000000003,0.58464658336226838,0.99999159996471965,0.99999159996632292,0.99999159996632292,0.99998313268552297,0.9999747772010622,0.99998313268552286,4.6727970408149704e-17,0.999999999995974,0.95460970377169541,0.99998189995677478,2.6634651379534994e-18
C,1,0.0001,22,0.0022000000000000001,0.58464658336226838,0.99999119996127972,0.99999119996295494,0.99999119996295494,0.99998232948026855,0.99997357612066307,0.99998232948026855,1.0852111677325628e-16,0.99999999999558131,0.95460968418834113,0.99998103805130623,1.9945462335137213e-17
C,1,0.0001,23,0.0023,0.58464658336226838,0.99999079995767959,0.99999079995942652,0.99999079995942652,0.9999815262750319,0.9999723750407431,0.9999815262750319,1.500216327602303e-16,0.99999999999517075,0.95460966460500429,0.9999801761459608,3.9800825144159351e-17
C,1,0.0001,24,0.0024000000000000002,0.58464658336226838,0.99999039995391958,0.99999039995573757,0.99999039995573757,0.99998072306981312,0.99997117396130075,0.999980723069813,1.0413291099744561e-16,0.99999999999474187,0.95460964502168533,0.99997931424073827,4.7593486707488993e-17
C,1,0.0001,25,0.0025000000000000001,0.58464658336226838,0.99998999994999949,0.99998999995188831,0.99998999995188831,0.9999799198646121,0.99996997288233835,0.99997991986461199,1.4466557903514684e-16,0.99999999999429423,0.95460962543838368,0.99997845233563842,6.9963730366956708e-18
C,1,0.0001,26,0.0026000000000000003,0.58464658336226838,0.99998959994591941,0.99998959994787895,0.99998959994787895,0.99997911665942929,0.99996877180385346,0.99997911665942929,3.170175259687249e-17,0.99999999999382871,0.95460960585510057,0.9999775904306617,6.6642805388444253e-17
C,1,0.0001,27,0.0027000000000000001,0.58464658336226838,0.99998919994167934,0.99998919994370949,0.99998919994370949,0.9999783134542638,0.99996757072584785,0.9999783134542638,9.3941650929758122e-17,0.99999999999334488,0.95460958627183445,0.99997672852580777,2.4236300409187021e-17
C,1,0.0001,28,0.0028,0.58464658336226838,0.99998879993727929,0.99998879993937861,0.99998879993937861,0.99997751024911663,0.99996636964832053,0.99997751024911663,8.9927618195106191e-17,0.99999999999284284,0.95460956668858665,0.99997586662107685,9.8224293268405921e-18
C,1,0.0001,29,0.0029000000000000002,0.58464658336226838,0.99998839993271926,0.99998839993488819,0.99998839993488819,0.999976707043987,0.99996516857127182,0.999976707043987,9.6952347680295293e-17,0.99999999999232247,0.95460954710535639,0.99997500471646872,1.0653929011297509e-17
C,1,0.0001,30,0.0030000000000000001,0.58464658336226838,0.99998799992799914,0.9999879999302369,0.9999879999302369,0.99997590383887591,0.99996396749470173,0.99997590383887591,2.5926488471851004e-17,0.99999999999178379,0.95460952752214356,0.9999741428119836,1.0670571361231472e-17
C,1,0.0001,31,0.0031000000000000003,0.58464658336226838,0.99998759992311903,0.99998759992542541,0.99998759992542541,0.99997510063378225,0.99996276641861015,0.99997510063378225,9.2990147718064038e-17,0.99999999999122702,0.95460950793894894,0.9999732809076215,2.4984054707925669e-17
C,1,0.0001,32,0.0032000000000000002,0.58464658336226838,0.99998719991807894,0.99998719992045393,0.99998719992045393,0.99997429742870658,0.99996156534299774,0.99997429742870658,4.0298055054175684e-17,0.9999999999906517,0.95460948835577208,0.9999724190033823,3.8194676546253804e-17
C,1,0.0001,33,0.0033,0.58464658336226838,0.99998679991287887,0.99998679991532158,0.99998679991532158,0.99997349422364867,0.9999603642678635,0.99997349422364856,2.4656329091707838e-17,0.99999999999005873,0.9546094687726131,0.99997155709926577,1.862316912481951e-17
C,1,0.0001,34,0.0034000000000000002,0.58464658336226838,0.9999863999075187,0.99998639991002902,0.99998639991002902,0.9999726910186082,0.99995916319320721,0.99997269101860808,5.0689191115274928e-17,0.99999999998944678,0.95460944918947144,0.99997069519527237,5.95575129318509e-19
C,1,0.0001,35,0.0035000000000000001,0.58464658336226838,0.99998599990199866,0.99998599990457593,0.99998599990457593,0.99997188781358604,0.9999579621190311,0.99997188781358604,1.0839074179384166e-16,0.99999999998881717,0.95460942960634776,0.99996983329140166,4.0852319182849133e-17
C,1,0.0001,36,0.0036000000000000003,0.58464658336226838,0.99998559989631852,0.99998559989896252,0.99998559989896252,0.99997108460858231,0.99995676104533238,0.99997108460858231,5.4520859146800045e-17,0.99999999998816913,0.95460941002324173,0.9999689713876535,6.4425705003737795e-18
C,1,0.0001,37,0.0037000000000000002,0.58464658336226838,0.9999851998904784,0.99998519989318879,0.99998519989318879,0.99997028140359567,0.99995555997211238,0.99997028140359567,5.0490875326836608e-17,0.99999999998750244,0.95460939044015369,0.99996810948402892,2.0980869910039207e-17
C,1,0.0001,38,0.0038,0.58464658336226838,0.9999847998844783,0.99998479988725431,0.99998479988725431,0.99996947819862714,0.99995435889937179,0.99996947819862714,4.1117968992162646e-17,0.99999999998681788,0.95460937085708297,0.9999672475805268,2.1767225708383178e-17
C,1,0.0001,39,0.0039000000000000003,0.58464658336226838,0.99998439987831811,0.99998439988115972,0.99998439988115972,0.99996867499367692,0.99995315782710914,0.99996867499367681,4.1460120280332332e-17,0.999999999986115,0.95460935127403024,0.99996638567714791,3.0508454892073834e-17
C,1,0.0001,40,0.0040000000000000001,0.58464658336226838,0.99998399987199793,0.99998399987490472,0.99998399987490472,0.99996787178874347,0.99995195675532544,0.99996787178874347,6.1037173719871435e-17,0.99999999998539391,0.95460933169099527,0.99996552377389158,4.3358732849018686e-18
C,1,0.0001,41,0.0041000000000000003,0.58464658336226838,0.99998359986551777,0.99998359986848917,0.99998359986848917,0.99996706858382933,0.99995075568401992,0.99996706858382933,9.596912485783958e-17,0.99999999998465439,0.95460931210797806,0.9999646618707585,2.1720377405032858e-17
C,1,0.0001,42,0.0042000000000000006,0.58464658336226838,0.99998319985887762,0.99998319986191364,0.99998319986191364,0.9999662653789323,0.99994955461319324,0.9999662653789323,2.9008618508295938e-17,0.99999999998389677,0.95460929252497873,0.99996379996774831,8.6101850909699314e-18
C,1,0.0001,43,0.0043,0.58464658336226838,0.9999827998520775,0.99998279985517768,0.99998279985517768,0.99996546217405313,0.9999483535428455,0.99996546217405313,6.0075141463529086e-17,0.99999999998312095,0.95460927294199704,0.99996293806486058,2.2475233809516313e-17
C,1,0.0001,44,0.0044000000000000003,0.58464658336226838,0.99998239984511728,0.99998239984828041,0.99998239984828041,0.99996465896919262,0.99994715247297639,0.99996465896919262,1.3914248012016107e-16,0.9999999999823268,0.95460925335903313,0.99996207616209609,2.1440876874351956e-17
C,1,0.0001,45,0.0045000000000000005,0.58464658336226838,0.99998199983799707,0.99998199984122349,0.99998199984122349,0.99996385576434876,0.99994595140358533,0.99996385576434865,9.3248146826462128e-17,0.99999999998151456,0.95460923377608686,0.99996121425945428,1.0819255100517309e-17
C,1,0.0001,46,0.0045999999999999999,0.58464658336226838,0.99998159983071688,0.99998159983400658,0.99998159983400658,0.99996305255952278,0.99994475033467345,0.99996305255952267,1.2216052433459164e-16,0.99999999998068356,0.95460921419315825,0.99996035235693559,4.7652285461052582e-18
C,1,0.0001,47,0.0047000000000000002,0.58464658336226838,0.99998119982327671,0.99998119982662881,0.99998119982662881,0.99996224935471556,0.99994354926624007,0.99996224935471567,1.5677248832956904e-16,0.99999999997983491,0.95460919461024796,0.99995949045453958,1.510260457945342e-17
C,1,0.0001,48,0.0048000000000000004,0.58464658336226838,0.99998079981567645,0.99998079981909049,0.99998079981909049,0.99996144614992644,0.99994234819828487,0.99996144614992644,4.9357623134436402e-17,0.9999999999789676,0.95460917502735498,0.9999586285522668,6.5003099402301076e-17
C,1,0.0001,49,0.0048999999999999998,0.58464658336226838,0.9999803998079162,0.99998039981139164,0.99998039981139164,0.99996064294515474,0.99994114713080884,0.99996064294515474,7.6908387451421793e-17,0.9999999999780822,0.95460915544447977,0.9999577666501166,4.8593822699279731e-17
C,1,0.0001,50,0.0050000000000000001,0.58464658336226838,0.99997999979999597,0.99997999980353269,0.99997999980353269,0.99995983974040037,0.99993994606381131,0.99995983974040037,8.9139965425546552e-17,0.99999999997717859,0.95460913586162244,0.99995690474808963,8.1008016656609882e-18
C,1,0.0001,51,0.0051000000000000004,0.58464658336226838,0.99997959979191575,0.99997959979551321,0.99997959979551321,0.9999590365356642,0.99993874499729185,0.9999590365356642,1.0429085334128335e-16,0.99999999997625644,0.95460911627878275,0.99995604284618522,1.9654247643429049e-17
C,1,0.0001,52,0.0052000000000000006,0.58464658336226838,0.99997919978367555,0.99997919978733341,0.99997919978733341,0.99995823333094602,0.99993754393125134,0.99995823333094602,4.281781239294398e-17,0.99999999997531652,0.95460909669596106,0.99995518094440383,8.6102542512783483e-18
C,1,0.0001,53,0.0053,0.58464658336226838,0.99997879977527526,0.99997879977899351,0.99997879977899351,0.99995743012624583,0.99993634286568966,0.99995743012624572,5.2939851728410908e-17,0.99999999997435807,0.95460907711315668,0.99995431904274534,1.5981201592430753e-17
C,1,0.0001,54,0.0054000000000000003,0.58464658336226838,0.99997839976671499,0.99997839977049319,0.99997839977049319,0.99995662692156395,0.99993514180060683,0.99995662692156384,6.6812698787913976e-17,0.99999999997338129,0.95460905753037051,0.99995345714120987,2.7884560604365372e-17
C,1,0.0001,55,0.0055000000000000005,0.58464658336226838,0.99997799975799462,0.99997799976183266,0.99997799976183266,0.99995582371689928,0.99993394073600228,0.99995582371689928,2.3155954710523677e-17,0.99999999997238642,0.95460903794760166,0.99995259523979718,3.5416118904656101e-17
C,1,0.0001,56,0.0055999999999999999,0.58464658336226838,0.99997759974911438,0.99997759975301059,0.99997759975301059,0.99995502051225238,0.99993273967187624,0.99995502051225227,1.2712643673984432e-16,0.99999999997137334,0.95460901836485079,0.99995173333850718,2.5665526636024118e-17
C,1,0.0001,57,0.0057000000000000002,0.58464658336226838,0.99997719974007404,0.9999771997440291,0.9999771997440291,0.99995421730762357,0.99993153860822925,0.99995421730762357,9.7372260506964732e-17,0.99999999997034184,0.9546089987821178,0.99995087143734029,5.3270843131612141e-18
C,1,0.0001,58,0.0058000000000000005,0.58464658336226838,0.99997679973087372,0.99997679973488673,0.99997679973488673,0.99995341410301231,0.99993033754506044,0.99995341410301231,4.6492893440763396e-17,0.99999999996929223,0.95460897919940246,0.9999500095362962,5.0886942325234459e-18
C,1,0.0001,59,0.0058999999999999999,0.58464658336226838,0.99997639972151342,0.99997639972558383,0.99997639972558383,0.9999526108984198,0.99992913648237047,0.9999526108984198,6.7787724765060006e-17,0.9999999999682242,0.95460895961670489,0.9999491476353749,4.2699897667849099e-17
C,1,0.0001,60,0.0060000000000000001,0.58464658336226838,0.99997599971199302,0.99997599971612106,0.99997599971612106,0.99995180769384462,0.9999279354201589,0.99995180769384462,1.4250029024183665e-16,0.99999999996713784,0.95460894003402497,0.9999482857345765,4.8696397845451314e-17
C,1,0.0001,61,0.0061000000000000004,0.58464658336226838,0.99997559970231276,0.99997559970649774,0.99997559970649774,0.99995100448928753,0.99992673435842649,0.99995100448928753,4.6862021480137823e-17,0.99999999996603339,0.95460892045136292,0.99994742383390089,2.0913538043325583e-17
C,1,0.0001,62,0.0062000000000000006,0.58464658336226838,0.99997519969247239,0.99997519969671422,0.99997519969671422,0.9999502012847481,0.99992553329717238,0.9999502012847481,1.3914336508193537e-16,0.99999999996491085,0.95460890086871852,0.99994656193334841,1.905897818477471e-17
C,1,0.0001,63,0.0063,0.58464658336226838,0.99997479968247205,0.99997479968676994,0.99997479968676994,0.99994939808022631,0.99992433223639676,0.9999493980802262,1.6979405113495068e-16,0.99999999996376998,0.95460888128609189,0.99994570003291883,5.1289916045071212e-17
C,1,0.0001,64,0.0064000000000000003,0.58464658336226838,0.99997439967231161,0.99997439967666535,0.99997439967666535,0.99994859487572252,0.99992313117609966,0.99994859487572252,5.4151079728227599e-17,0.99999999996261069,0.95460886170348314,0.99994483813261203,1.6856339782003297e-17
C,1,0.0001,65,0.0065000000000000006,0.58464658336226838,0.99997399966199119,0.99997399966640077,0.99997399966640077,0.99994779167123693,0.99992193011628072,0.99994779167123693,3.8112405386868342e-17,0.99999999996143318,0.95460884212089203,0.99994397623242803,4.1400999942667824e-17
C,1,0.0001,66,0.0066,0.58464658336226838,0.99997359965151078,0.99997359965597532,0.99997359965597532,0.99994698846676933,0.99992072905694129,0.99994698846676922,7.9676363394411268e-17,0.9999999999602377,0.9546088225383188,0.99994311433236693,2.6959926001880586e-17
C,1,0.0001,67,0.0067000000000000002,0.58464658336226838,0.99997319964087039,0.99997319964539,0.99997319964539,0.99994618526231949,0.99991952799808059,0.99994618526231938,1.2490750568385494e-16,0.99999999995902389,0.95460880295576311,0.99994225243242862,7.6852001826442841e-17
C,1,0.0001,68,0.0068000000000000005,0.58464658336226838,0.99997279963006991,0.99997279963464347,0.99997279963464347,0.99994538205788752,0.99991832693969818,0.99994538205788752,1.1421244576502307e-16,0.99999999995779154,0.9546087833732253,0.99994139053261333,4.6902822336145472e-18
C,1,0.0001,69,0.0069000000000000008,0.58464658336226838,0.99997239961910944,0.99997239962373674,0.99997239962373674,0.99994457885347277,0.9999171258817946,0.99994457885347277,8.3956701131684363e-17,0.99999999995654121,0.95460876379070492,0.99994052863292082,2.2475209974921172e-17
C,1,0.0001,70,0.0070000000000000001,0.58464658336226838,0.9999719996079891,0.99997199961267003,0.99997199961267003,0.99994377564907677,0.99991592482436931,0.99994377564907677,7.1480381974277157e-17,0.99999999995527233,0.95460874420820285,0.99993966673335133,1.6548466769233037e-17
C,1,0.0001,71,0.0071000000000000004,0.58464658336226838,0.99997159959670856,0.99997159960144255,0.99997159960144255,0.99994297244469799,0.99991472376742263,0.99994297244469799,8.2625497534587578e-17,0.99999999995398536,0.95460872462571855,0.99993880483390452,9.5530123985036945e-18
C,1,0.0001,72,0.0072000000000000007,0.58464658336226838,0.99997119958526803,0.99997119959005509,0.99997119959005509,0.99994216924033741,0.99991352271095468,0.99994216924033741,5.7196394437104067e-17,0.99999999995268019,0.95460870504325157,0.99993794293458083,4.7850893155261891e-17
C,1,0.0001,73,0.0073000000000000001,0.58464658336226838,0.99997079957366752,0.99997079957850676,0.99997079957850676,0.99994136603599459,0.9999123216549658,0.99994136603599459,1.1703123167520966e-16,0.9999999999513568,0.95460868546080235,0.99993708103538026,2.2045017206776426e-17
C,1,0.0001,74,0.0074000000000000003,0.58464658336226838,0.99997039956190703,0.99997039956679856,0.99997039956679856,0.99994056283166988,0.99991112059945497,0.99994056283166988,1.1942983473697393e-16,0.99999999995001509,0.95460866587837112,0.99993621913630226,1.9436824409185013e-17
C,1,0.0001,75,0.0075000000000000006,0.58464658336226838,0.99996999954998655,0.99996999955492949,0.99996999955492949,0.99993975962736292,0.9999099195444231,0.99993975962736292,3.3339229714017411e-17,0.99999999994865518,0.95460864629595776,0.99993535723734728,3.8796109085455755e-17
C,1,0.0001,76,0.0076,0.58464658336226838,0.99996959953790598,0.9999695995429001,0.9999695995429001,0.99993895642307429,0.99990871848986995,0.99993895642307429,1.2805437551719667e-16,0.99999999994727706,0.95460862671356195,0.99993449533851519,4.7018142932754665e-17
C,1,0.0001,77,0.0077000000000000002,0.58464658336226838,0.99996919952566543,0.99996919953071017,0.99996919953071017,0.99993815321880253,0.99990751743579465,0.99993815321880242,6.860464715757568e-17,0.99999999994588051,0.95460860713118389,0.99993363343980612,1.2843341498647445e-17
C,1,0.0001,78,0.0078000000000000005,0.58464658336226838,0.99996879951326478,0.99996879951836004,0.99996879951836004,0.99993735001454953,0.99990631638219885,0.99993735001454953,7.7564057337017571e-17,0.99999999994446576,0.9546085875488235,0.99993277154121973,7.1719277185138783e-18
C,1,0.0001,79,0.0079000000000000008,0.58464658336226838,0.99996839950070415,0.99996839950584926,0.99996839950584926,0.99993654681031363,0.99990511532908122,0.99993654681031363,1.2747397711952918e-16,0.9999999999430329,0.95460856796648097,0.99993190964275636,5.6791320271818471e-17
C,1,0.0001,80,0.0080000000000000002,0.58464658336226838,0.99996799948798365,0.99996799949317883,0.99996799949317883,0.99993574360609683,0.99990391427644199,0.99993574360609672,8.4175572522531324e-17,0.99999999994158173,0.9546085483841561,0.99993104774441566,3.5780470042957575e-17
C,1,0.0001,81,0.0080999999999999996,0.58464658336226838,0.99996759947510305,0.99996759948034752,0.99996759948034752,0.99993494040189657,0.99990271322428237,0.99993494040189657,8.5331625044342575e-17,0.99999999994011246,0.95460852880184888,0.99993018584619797,3.5760664802957021e-17
C,1,0.0001,82,0.0082000000000000007,0.58464658336226838,0.99996719946206236,0.99996719946735546,0.99996719946735546,0.99993413719771529,0.99990151217260048,0.99993413719771529,4.0618669851739127e-17,0.99999999993862465,0.95460850921955986,0.99992932394810297,3.8372262248234174e-17
C,1,0.0001,83,0.0083000000000000001,0.58464658336226838,0.99996679944886169,0.99996679945420297,0.99996679945420297,0.99993333399355078,0.99990031112139743,0.99993333399355078,6.8862339303169762e-17,0.99999999993711863,0.95460848963728828,0.99992846205013097,9.6040269565132042e-18
C,1,0.0001,84,0.0084000000000000012,0.58464658336226838,0.99996639943550103,0.99996639944089105,0.99996639944089105,0.99993253078940469,0.999899110070673,0.99993253078940458,1.0204744303966071e-16,0.99999999993559441,0.95460847005503446,0.99992760015228155,4.435513736086967e-17
C,1,0.0001,85,0.0085000000000000006,0.58464658336226838,0.99996599942198039,0.99996599942741793,0.99996599942741793,0.9999317275852766,0.99989790902042719,0.99993172758527649,1.3791640171393343e-16,0.9999999999340522,0.95460845047279863,0.99992673825455558,1.3490033473537237e-17
C,1,0.0001,86,0.0086,0.58464658336226838,0.99996559940829965,0.99996559941378449,0.99996559941378449,0.99993092438116615,0.99989670797066033,0.99993092438116604,3.9778785146368247e-17,0.99999999993249145,0.95460843089058012,0.99992587635695207,2.1712995234871766e-17
C,1,0.0001,87,0.0087000000000000011,0.58464658336226838,0.99996519939445894,0.9999651993999904,0.9999651993999904,0.99993012117707358,0.99989550692137141,0.99993012117707347,5.1215284267188767e-17,0.99999999993091249,0.95460841130837959,0.99992501445947157,2.3531872898485992e-17
C,1,0.0001,88,0.0088000000000000005,0.58464658336226838,0.99996479938045812,0.99996479938603677,0.99996479938603677,0.99992931797299911,0.99989430587256189,0.99992931797299911,7.9105450628798511e-17,0.99999999992931543,0.95460839172619683,0.99992415256211375,4.6170660983365246e-17
C,1,0.0001,89,0.0088999999999999999,0.58464658336226838,0.99996439936629744,0.99996439937192227,0.99996439937192227,0.99992851476894262,0.99989310482423055,0.99992851476894262,6.087866958465477e-17,0.99999999992769983,0.95460837214403216,0.99992329066487906,8.0065241282356615e-17
C,1,0.0001,90,0.0090000000000000011,0.58464658336226838,0.99996399935197666,0.99996399935764724,0.99996399935764724,0.99992771156490379,0.99989190377637827,0.99992771156490368,1.1031911340458876e-16,0.99999999992606636,0.95460835256188481,0.99992242876776716,4.9345178740402474e-17
C,1,0.0001,91,0.0091000000000000004,0.58464658336226838,0.9999635993374959,0.99996359934321188,0.99996359934321188,0.99992690836088316,0.99989070272900404,0.99992690836088305,9.0065743633880234e-17,0.99999999992441446,0.95460833297975523,0.99992156687077804,5.3858398671917617e-17
C,1,0.0001,92,0.0091999999999999998,0.58464658336226838,0.99996319932285505,0.99996319932861588,0.99996319932861588,0.99992610515687963,0.99988950168210899,0.99992610515687952,1.4265193011227971e-16,0.99999999992274446,0.95460831339764374,0.99992070497391194,3.0532999258018937e-17
C,1,0.0001,93,0.009300000000000001,0.58464658336226838,0.99996279930805421,0.99996279931386034,0.99996279931386034,0.99992530195289475,0.99988830063569256,0.99992530195289475,8.5083343703499407e-17,0.99999999992105593,0.95460829381554968,0.99991984307716864,3.9363929961976499e-17
C,1,0.0001,94,0.0094000000000000004,0.58464658336226838,0.99996239929309338,0.9999623992989437,0.9999623992989437,0.99992449874892708,0.99988709958975441,0.99992449874892708,2.0199037351436788e-17,0.99999999991934929,0.95460827423347328,0.99991898118054845,4.1698915186582483e-18
C,1,0.0001,95,0.0094999999999999998,0.58464658336226838,0.99996199927797258,0.99996199928386598,0.99996199928386598,0.99992369554497762,0.99988589854429477,0.99992369554497762,1.6676513828016264e-16,0.99999999991762456,0.95460825465141508,0.99991811928405094,1.0401782127859684e-17
C,1,0.0001,96,0.0096000000000000009,0.58464658336226838,0.99996159926269168,0.99996159926862871,0.99996159926862871,0.99992289234104603,0.99988469749931452,0.99992289234104603,7.2241765650290271e-17,0.99999999991588129,0.95460823506937409,0.99991725738767645,5.3277714107421338e-18
C,1,0.0001,97,0.0097000000000000003,0.58464658336226838,0.9999611992472508,0.99996119925323124,0.99996119925323124,0.99992208913713243,0.99988349645481156,0.99992208913713243,8.4674457042197173e-17,0.99999999991411992,0.95460821548735098,0.99991639549142464,3.8732736011443313e-17
C,1,0.0001,98,0.0097999999999999997,0.58464658336226838,0.99996079923164982,0.99996079923767289,0.99996079923767289,0.99992128593323648,0.99988229541078877,0.99992128593323637,1.0015702520165515e-16,0.99999999991234034,0.95460819590534596,0.99991553359529561,4.0277219381836385e-17
C,1,0.0001,99,0.0099000000000000008,0.58464658336226838,0.99996039921588897,0.99996039922195423,0.99996039922195423,0.99992048272935885,0.99988109436724348,0.99992048272935874,5.6054023614613494e-17,0.99999999991054245,0.95460817632335848,0.99991467169928949,1.9133850002213355e-17
C,1,0.0001,100,0.01,0.58464658336226838,0.99995999919996803,0.99995999920607537,0.99995999920607537,0.99991967952549876,0.99987989332417726,0.99991967952549865,9.4442171622316885e-17,0.99999999990872634,0.95460815674138888,0.99991380980340638,1.3667357074900707e-18
C,1,0.0001,101,0.010100000000000001,0.58464658336226838,0.99995959918388699,0.99995959919003596,0.99995959919003596,0.99991887632165655,0.99987869228158932,0.99991887632165655,6.9421422428725978e-17,0.99999999990689192,0.95460813715943682,0.99991294790764618,1.7828464115542869e-17
C,1,0.0001,102,0.010200000000000001,0.58464658336226838,0.99995919916764608,0.99995919917383624,0.99995919917383624,0.99991807311783198,0.999877491239481,0.99991807311783198,7.3828564559847535e-17,0.99999999990503918,0.95460811757750286,0.99991208601200876,7.2458799267510986e-18
C,1,0.0001,103,0.0103,0.58464658336226838,0.99995879915124497,0.99995879915747621,0.99995879915747621,0.99991726991402519,0.99987629019785029,0.99991726991402519,9.4216943808714733e-17,0.99999999990316846,0.95460809799558621,0.99991122411649436,1.5682325270776244e-17
C,1,0.0001,104,0.010400000000000001,0.58464658336226838,0.99995839913468398,0.99995839914095497,0.99995839914095497,0.99991646671023693,0.99987508915669876,0.99991646671023693,8.5225689558574102e-17,0.99999999990127941,0.95460807841368733,0.99991036222110252,2.3835974858747343e-18
C,1,0.0001,105,0.010500000000000001,0.58464658336226838,0.99995799911796301,0.99995799912427474,0.99995799912427474,0.99991566350646599,0.99987388811602529,0.99991566350646588,8.9851551994989515e-17,0.99999999989937216,0.95460805883180633,0.99990950032583381,2.9008058606125422e-17
C,1,0.0001,106,0.0106,0.58464658336226838,0.99995759910108184,0.99995759910743309,0.99995759910743309,0.99991486030271348,0.99987268707583088,0.99991486030271348,1.1717134100389124e-16,0.99999999989744648,0.95460803924994297,0.999908638430688,1.702443465955508e-17
C,1,0.0001,107,0.010700000000000001,0.58464658336226838,0.99995719908404079,0.9999571990904309,0.9999571990904309,0.99991405709897874,0.99987148603611509,0.99991405709897874,2.2612831582681975e-17,0.9999999998955027,0.95460801966809772,0.99990777653566509,4.5927676197403674e-17
C,1,0.0001,108,0.010800000000000001,0.58464658336226838,0.99995679906683965,0.99995679907326873,0.99995679907326873,0.99991325389526187,0.99987028499687791,0.99991325389526187,3.0475360079003133e-17,0.99999999989354049,0.95460800008626978,0.99990691464076487,7.296229012858842e-18
C,1,0.0001,109,0.0109,0.58464658336226838,0.99995639904947853,0.99995639905594613,0.99995639905594613,0.99991245069156187,0.99986908395811958,0.99991245069156176,2.929873672757571e-17,0.9999999998915603,0.95460798050446016,0.99990605274598754,1.1912220202008319e-17
C,1,0.0001,110,0.011000000000000001,0.58464658336226838,0.99995599903195742,0.99995599903846299,0.99995599903846299,0.99991164748788086,0.99986788291983941,0.99991164748788086,7.3212286455720027e-17,0.99999999988956179,0.95460796092266798,0.99990519085133323,2.1184017614223177e-17
C,1,0.0001,111,0.0111,0.58464658336226838,0.99995559901427622,0.99995559902081954,0.99995559902081954,0.99991084428421784,0.99986668188203831,0.99991084428421784,5.0872502963550255e-17,0.99999999988754484,0.95460794134089344,0.99990432895680159,4.764895735837021e-18
C,1,0.0001,112,0.0112,0.58464658336226838,0.99995519899643504,0.99995519900301599,0.99995519900301599,0.99991004108057191,0.99986548084471516,0.99991004108057191,6.8717633261702093e-17,0.99999999988551003,0.95460792175913678,0.99990346706239297,3.7951383831173549e-17
C,1,0.0001,113,0.011300000000000001,0.58464658336226838,0.99995479897843376,0.99995479898505102,0.99995479898505102,0.99990923787694419,0.99986427980787185,0.99990923787694419,1.5205868774186644e-17,0.99999999988345667,0.95460790217739799,0.99990260516810714,4.0785353333387627e-17
C,1,0.0001,114,0.0114,0.58464658336226838,0.99995439896027261,0.99995439896692662,0.99995439896692662,0.99990843467333401,0.99986307877150626,0.99990843467333401,5.9596219159704846e-17,0.9999999998813851,0.95460788259567675,0.9999017432739441,1.1641394985292668e-17
C,1,0.0001,115,0.0115,0.58464658336226838,0.99995399894195136,0.99995399894864168,0.99995399894864168,0.99990763146974293,0.99986187773561963,0.99990763146974282,6.6040921632123437e-17,0.99999999987929511,0.95460786301397327,0.99990088137990418,2.6709916656226046e-17
C,1,0.0001,116,0.011600000000000001,0.58464658336226838,0.99995359892347002,0.99995359893019609,0.99995359893019609,0.99990682826616883,0.9998606767002115,0.99990682826616883,4.3278041722615954e-17,0.99999999987718735,0.95460784343228755,0.99990001948598706,3.574678707908787e-17
C,1,0.0001,117,0.0117,0.58464658336226838,0.9999531989048287,0.99995319891159051,0.99995319891159051,0.9999060250626125,0.99985947566528199,0.9999060250626125,5.9229396191733354e-17,0.99999999987506105,0.95460782385061949,0.99989915759219272,3.9423223733089559e-17
C,1,0.0001,118,0.0118,0.58464658336226838,0.99995279888602739,0.99995279889282362,0.99995279889282362,0.99990522185907416,0.99985827463083121,0.99990522185907404,7.0976939473674388e-17,0.99999999987291655,0.95460780426896952,0.99989829569852151,5.8382645013634059e-17
C,1,0.0001,119,0.011900000000000001,0.58464658336226838,0.99995239886706611,0.99995239887389753,0.99995239887389753,0.99990441865555346,0.99985707359685883,0.99990441865555335,5.0798411326749914e-17,0.99999999987075383,0.95460778468733687,0.99989743380497298,5.3227746671381895e-17
C,1,0.0001,120,0.012,0.58464658336226838,0.99995199884794472,0.9999519988548099,0.9999519988548099,0.99990361545205086,0.9998558725633655,0.99990361545205075,5.255705643821959e-17,0.99999999986857302,0.95460776510572232,0.99989657191154724,4.6016898490687632e-17
C,1,0.0001,121,0.012100000000000001,0.58464658336226838,0.99995159882866336,0.99995159883556217,0.99995159883556217,0.99990281224856603,0.99985467153035046,0.99990281224856592,7.139918815807945e-17,0.99999999986637356,0.9546077455241252,0.99989571001824451,5.6468318129103399e-17
C,1,0.0001,122,0.012200000000000001,0.58464658336226838,0.9999511988092219,0.99995119881615457,0.99995119881615457,0.9999020090450994,0.99985347049781437,0.99990200904509929,4.6241085340938087e-17,0.999999999864156,0.95460772594254617,0.99989484812506468,3.4111763677902998e-17
C,1,0.0001,123,0.0123,0.58464658336226838,0.99995079878962045,0.99995079879658622,0.99995079879658622,0.99990120584165088,0.99985226946575634,0.99990120584165088,1.0665431156000935e-16,0.99999999986192023,0.9546077063609848,0.99989398623200776,3.0845867452041013e-17
C,1,0.0001,124,0.012400000000000001,0.58464658336226838,0.99995039876985903,0.99995039877685721,0.99995039877685721,0.99990040263821955,0.99985106843417748,0.99990040263821944,3.3859930706817889e-17,0.99999999985966648,0.95460768677944108,0.99989312433907329,1.8222564638055336e-17
C,1,0.0001,125,0.012500000000000001,0.58464658336226838,0.99994999874993751,0.99994999875696766,0.99994999875696766,0.99989959943480644,0.99984986740307724,0.99989959943480644,1.1138312382680579e-16,0.99999999985739429,0.95460766719791534,0.99989226244626195,4.626312461083288e-17
C,1,0.0001,126,0.0126,0.58464658336226838,0.999949598729856,0.99994959873691858,0.99994959873691858,0.99989879623141065,0.99984866637245551,0.99989879623141065,4.7799872714009656e-17,0.99999999985510379,0.95460764761640693,0.99989140055357351,1.2508002017077705e-17
C,1,0.0001,127,0.012700000000000001,0.58464658336226838,0.99994919870961441,0.99994919871670829,0.99994919871670829,0.99989799302803339,0.99984746534231261,0.99989799302803328,6.9425532863914112e-17,0.99999999985279509,0.95460762803491661,0.99989053866100774,5.0038307633975451e-17
C,1,0.0001,128,0.012800000000000001,0.58464658336226838,0.99994879868921294,0.99994879869633813,0.99994879869633813,0.99989718982467357,0.99984626431264778,0.99989718982467357,6.0430608824282401e-17,0.99999999985046828,0.95460760845344395,0.99988967676856511,9.604085541811982e-18
C,1,0.0001,129,0.0129,0.58464658336226838,0.99994839866865126,0.99994839867580698,0.99994839867580698,0.99989638662133173,0.99984506328346245,0.99989638662133162,3.3949095658983461e-17,0.99999999984812316,0.95460758887198904,0.99988881487624515,4.4984204799132009e-17
C,1,0.0001,130,0.013000000000000001,0.58464658336226838,0.99994799864792971,0.99994799865511586,0.99994799865511586,0.99989558341800833,0.99984386225475497,0.99989558341800822,1.2313961192058917e-16,0.99999999984575971,0.95460756929055191,0.99988795298404831,2.3540222210329714e-17
C,1,0.0001,131,0.013100000000000001,0.58464658336226838,0.99994759862704807,0.99994759863426386,0.99994759863426386,0.99989478021470257,0.99984266122652643,0.99989478021470257,5.0939542205975139e-17,0.99999999984337806,0.95460754970913253,0.99988709109197405,4.0489123601713295e-17
C,1,0.0001,132,0.0132,0.58464658336226838,0.99994719860600634,0.99994719861325254,0.99994719861325254,0.99989397701141414,0.99984146019877695,0.99989397701141403,6.6745544751473465e-17,0.9999999998409782,0.95460753012773081,0.99988622920002301,1.1927321543269333e-17
C,1,0.0001,133,0.013300000000000001,0.58464658336226838,0.99994679858480473,0.99994679859207924,0.99994679859207924,0.99989317380814369,0.99984025917150565,0.99989317380814369,3.0537726964278626e-17,0.99999999983855992,0.95460751054634685,0.99988536730819477,7.5520992098270266e-18
C,1,0.0001,134,0.0134,0.58464658336226838,0.99994639856344303,0.99994639857074685,0.99994639857074685,0.99989237060489122,0.99983905814471274,0.99989237060489122,4.3941321027555117e-17,0.99999999983612375,0.95460749096498065,0.99988450541648899,4.1593774801816191e-18
C,1,0.0001,135,0.0135,0.58464658336226838,0.99994599854192123,0.99994599854925392,0.99994599854925392,0.99989156740165686,0.99983785711839945,0.99989156740165674,7.5943542485998161e-17,0.99999999983366905,0.95460747138363189,0.99988364352490622,3.9906840586668071e-17
C,1,0.0001,136,0.013600000000000001,0.58464658336226838,0.99994559852023945,0.99994559852759934,0.99994559852759934,0.99989076419844014,0.99983665609256367,0.99989076419844014,1.1737437933974492e-16,0.99999999983119614,0.95460745180230178,0.99988278163344646,1.6920496724237263e-17
C,1,0.0001,137,0.0137,0.58464658336226838,0.99994519849839769,0.99994519850578556,0.99994519850578556,0.99988996099524197,0.99983545506720661,0.99988996099524197,6.2571243652257998e-17,0.99999999982870513,0.95460743222098854,0.9998819197421096,7.7434752259955718e-18
C,1,0.0001,138,0.013800000000000002,0.58464658336226838,0.99994479847639595,0.9999447984838109,0.9999447984838109,0.99988915779206089,0.99983425404232884,0.99988915779206089,3.6489640991234129e-17,0.9999999998261957,0.95460741263969351,0.99988105785089543,1.920832538138324e-17
C,1,0.0001,139,0.013900000000000001,0.58464658336226838,0.99994439845423411,0.99994439846167638,0.99994439846167638,0.99988835458889791,0.9998330530179288,0.99988835458889791,1.0118074125462074e-16,0.99999999982366838,0.95460739305841591,0.99988019595980404,2.980815225381122e-17
C,1,0.0001,140,0.014,0.58464658336226838,0.99994399843191217,0.99994399843938064,0.99994399843938064,0.99988755138575214,0.99983185199400826,0.99988755138575214,9.2337863796150091e-17,0.99999999982112242,0.9546073734771563,0.99987933406883556,3.8194434556100259e-17
C,1,0.0001,141,0.014100000000000001,0.58464658336226838,0.99994359840943026,0.99994359841692515,0.99994359841692515,0.9998867481826248,0.99983065097056667,0.99988674818262469,8.8641314897953108e-17,0.99999999981855825,0.95460735389591433,0.99987847217799009,2.4945296788121956e-17
C,1,0.0001,142,0.014200000000000001,0.58464658336226838,0.99994319838678836,0.99994319839430834,0.99994319839430834,0.99988594497951577,0.99982944994760292,0.99988594497951566,7.9280119319085348e-17,0.99999999981597609,0.95460733431469025,0.99987761028726752,4.9245642911074698e-17
C,1,0.0001,143,0.0143,0.58464658336226838,0.99994279836398647,0.99994279837153155,0.99994279837153155,0.9998851417764244,0.99982824892511823,0.9998851417764244,7.1246776835445738e-17,0.99999999981337562,0.95460731473348392,0.99987674839666763,1.5359794356686463e-17
C,1,0.0001,144,0.014400000000000001,0.58464658336226838,0.9999423983410245,0.99994239834859522,0.99994239834859522,0.99988433857335057,0.99982704790311205,0.99988433857335046,8.9707852947479733e-17,0.99999999981075682,0.95460729515229525,0.99987588650619086,2.3825110236975452e-18
C,1,0.0001,145,0.014500000000000001,0.58464658336226838,0.99994199831790243,0.99994199832549768,0.99994199832549768,0.99988353537029462,0.99982584688158449,0.99988353537029462,7.141954158661732e-17,0.99999999980811971,0.95460727557112435,0.99987502461583655,3.3693821088275282e-17
C,1,0.0001,146,0.0146,0.58464658336226838,0.99994159829462037,0.9999415983022395,0.9999415983022395,0.99988273216725687,0.99982464586053588,0.99988273216725687,4.7315770933014168e-17,0.99999999980546439,0.95460725598997109,0.99987416272560525,1.4902625634452142e-17
C,1,0.0001,147,0.014700000000000001,0.58464658336226838,0.99994119827117833,0.99994119827882122,0.99994119827882122,0.99988192896423689,0.99982344483996521,0.99988192896423678,2.7839434488410449e-17,0.99999999980279108,0.95460723640883571,0.99987330083549675,5.0890580414921367e-18
C,1,0.0001,148,0.014800000000000001,0.58464658336226838,0.99994079824757631,0.99994079825524251,0.99994079825524251,0.99988112576123489,0.99982224381987361,0.99988112576123489,1.8563032810447124e-16,0.99999999980009935,0.9546072168277181,0.99987243894551137,1.9071924605438359e-17
C,1,0.0001,149,0.0149,0.58464658336226838,0.9999403982238142,0.99994039823150382,0.99994039823150382,0.99988032255825043,0.99982104280026074,0.99988032255825043,9.2706539585363271e-17,0.99999999979738929,0.95460719724661802,0.99987157705564866,5.6506437347033111e-18
C,1,0.0001,150,0.015000000000000001,0.58464658336226838,0.99993999819989199,0.99993999820760404,0.99993999820760404,0.99987951935528452,0.99981984178112648,0.99987951935528441,7.4012873230013429e-17,0.99999999979466125,0.95460717766553593,0.99987071516590886,4.3223317031886854e-17
C,1,0.0001,151,0.015100000000000001,0.58464658336226838,0.9999395981758098,0.99993959818354405,0.99993959818354405,0.99987871615233592,0.99981864076247096,0.99987871615233581,1.1940749750330748e-16,0.9999999997919149,0.95460715808447172,0.99986985327629185,1.5080175099854882e-17
C,1,0.0001,152,0.0152,0.58464658336226838,0.99993919815156762,0.99993919815932397,0.99993919815932397,0.99987791294940509,0.99981743974429349,0.99987791294940498,1.6924118562024869e-16,0.99999999978915,0.95460713850342471,0.99986899138679797,3.9293913086009173e-17
C,1,0.0001,153,0.015300000000000001,0.58464658336226838,0.99993879812716535,0.99993879813494335,0.99993879813494335,0.9998771097464918,0.99981623872659597,0.9998771097464918,6.1860491485352417e-17,0.99999999978636722,0.95460711892239625,0.99986812949742676,1.7945887204218149e-17
C,1,0.0001,154,0.0154,0.58464658336226838,0.9999383981026031,0.99993839811040208,0.99993839811040208,0.99987630654359738,0.99981503770937552,0.99987630654359738,1.0122196024746289e-16,0.99999999978356602,0.95460709934138499,0.99986726760817857,1.2221584732625325e-17
C,1,0.0001,155,0.0155,0.58464658336226838,0.99993799807788086,0.99993799808570027,0.99993799808570027,0.99987550334072006,0.99981383669263457,0.99987550334072006,4.8969732084806768e-17,0.99999999978074672,0.95460707976039172,0.99986640571905305,6.7392296426275845e-18
C,1,0.0001,156,0.015600000000000001,0.58464658336226838,0.99993759805299853,0.99993759806083904,0.99993759806083904,0.99987470013786084,0.99981263567637246,0.99987470013786073,9.8572267702343023e-17,0.99999999977790932,0.95460706017941588,0.99986554383005011,2.9179962854797921e-17
C,1,0.0001,157,0.015700000000000002,0.58464658336226838,0.99993719802795622,0.99993719803581604,0.99993719803581604,0.99987389693501949,0.99981143466058831,0.99987389693501949,4.9703939566577199e-17,0.99999999977505316,0.95460704059845802,0.99986468194117051,1.3477658353978751e-17
C,1,0.0001,158,0.015800000000000002,0.58464658336226838,0.99993679800275381,0.99993679801063318,0.99993679801063318,0.99987309373219635,0.99981023364528321,0.99987309373219635,9.301821230619584e-17,0.99999999977217913,0.9546070210175176,0.9998638200524137,3.3694172951614891e-18
C,1,0.0001,159,0.015900000000000001,0.58464658336226838,0.99993639797739131,0.99993639798528999,0.99993639798528999,0.99987229052939031,0.99980903263045695,0.99987229052939031,5.8874568225263296e-17,0.99999999976928688,0.95460700143659538,0.99986295816377968,4.8389610707563889e-18
C,1,0.0001,160,0.016,0.58464658336226838,0.99993599795186894,0.99993599795978616,0.99993599795978616,0.99987148732660236,0.99980783161610853,0.99987148732660236,7.5410342172155856e-17,0.99999999976637621,0.95460698185569104,0.99986209627526845,5.9744933744104162e-17
C,1,0.0001,161,0.0161,0.58464658336226838,0.99993559792618647,0.99993559793412257,0.99993559793412257,0.99987068412383273,0.99980663060224007,0.99987068412383273,6.0266123991290844e-17,0.99999999976344744,0.95460696227480391,0.99986123438688013,3.4118032095006703e-17
C,1,0.0001,162,0.016199999999999999,0.58464658336226838,0.99993519790034402,0.99993519790829732,0.99993519790829732,0.99986988092108076,0.99980542958884955,0.99986988092108076,8.233131932731222e-17,0.99999999976050058,0.95460694269393487,0.99986037249861459,2.1385051376330541e-17
C,1,0.0001,163,0.016300000000000002,0.58464658336226838,0.99993479787434136,0.99993479788231232,0.99993479788231232,0.99986907771834665,0.99980422857593731,0.99986907771834654,5.7280407907916108e-17,0.99999999975753506,0.95460692311308326,0.99985951061047207,2.1966001561711239e-17
C,1,0.0001,164,0.016400000000000001,0.58464658336226838,0.99993439784817884,0.99993439785616733,0.99993439785616733,0.99986827451563065,0.9998030275635037,0.99986827451563054,5.5696810797152677e-17,0.99999999975455178,0.95460690353224986,0.999858648722452,8.3389225553700947e-18
C,1,0.0001,165,0.016500000000000001,0.58464658336226838,0.99993399782185621,0.9999339978298617,0.9999339978298617,0.9998674713129323,0.99980182655154937,0.9998674713129323,8.0402095747939253e-17,0.99999999975154985,0.95460688395143378,0.99985778683455506,1.6678024700961565e-17
C,1,0.0001,166,0.0166,0.58464658336226838,0.99993359779537361,0.99993359780339564,0.99993359780339564,0.99986666811025204,0.99980062554007321,0.99986666811025204,8.1950033913949565e-17,0.99999999974852982,0.95460686437063569,0.99985692494678102,3.6231262254665078e-18
C,1,0.0001,167,0.0167,0.58464658336226838,0.99993319776873102,0.99993319777676892,0.99993319777676892,0.99986586490758877,0.999799424529076,0.99986586490758866,6.9936940944823247e-17,0.9999999997454917,0.95460684478985514,0.99985606305912977,1.0819331721066333e-16
C,1,0.0001,168,0.016800000000000002,0.58464658336226838,0.99993279774192823,0.99993279774998167,0.99993279774998167,0.9998650617049446,0.99979822351855774,0.99986506170494449,4.178652437493034e-17,0.99999999974243525,0.95460682520909257,0.99985520117160165,5.8360488283737601e-18
C,1,0.0001,169,0.016900000000000002,0.58464658336226838,0.99993239771496556,0.99993239772303466,0.99993239772303466,0.99986425850231719,0.99979702250851732,0.99986425850231719,6.9593901802225462e-17,0.99999999973936071,0.95460680562834777,0.99985433928419609,4.3256732604242936e-17
C,1,0.0001,170,0.017000000000000001,0.58464658336226838,0.9999319976878428,0.99993199769592644,0.99993199769592644,0.99986345529970821,0.99979582149895618,0.99986345529970821,3.5061614814971099e-17,0.99999999973626752,0.95460678604762039,0.99985347739691333,1.9401785105344292e-17
C,1,0.0001,171,0.017100000000000001,0.58464658336226838,0.99993159766055995,0.99993159766865825,0.99993159766865825,0.99986265209711744,0.99979462048987333,0.99986265209711744,5.3526713835954781e-17,0.99999999973315656,0.95460676646691101,0.99985261550975357,3.2009885172578303e-17
C,1,0.0001,172,0.0172,0.58464658336226838,0.99993119763311722,0.9999311976412294,0.9999311976412294,0.99986184889454399,0.99979341948126954,0.99986184889454388,1.197183045170163e-16,0.99999999973002718,0.95460674688621949,0.9998517536227165,2.1310305741891214e-17
C,1,0.0001,173,0.017299999999999999,0.58464658336226838,0.99993079760551429,0.99993079761364057,0.99993079761364057,0.99986104569198864,0.99979221847314326,0.99986104569198864,9.6817398795692143e-17,0.99999999972687958,0.95460672730554574,0.99985089173580233,1.9647146901405999e-17
C,1,0.0001,174,0.017400000000000002,0.58464658336226838,0.99993039757775137,0.99993039758589131,0.99993039758589131,0.99986024248945071,0.99979101746549714,0.99986024248945071,4.1682949671319291e-17,0.99999999972371356,0.95460670772488931,0.99985002984901106,1.3172480834100908e-17
C,1,0.0001,175,0.017500000000000002,0.58464658336226838,0.99992999754982848,0.99992999755798095,0.99992999755798095,0.99985943928693144,0.99978981645832843,0.99985943928693144,1.2049259593185709e-16,0.99999999972052944,0.95460668814425131,0.99984916796234269,1.3595794890667739e-17
C,1,0.0001,176,0.017600000000000001,0.58464658336226838,0.99992959752174548,0.99992959752991106,0.99992959752991106,0.9998586360844296,0.99978861545163877,0.9998586360844296,6.1291903646632224e-17,0.99999999971732745,0.95460666856363063,0.999848306075797,1.625789175490395e-17
C,1,0.0001,177,0.0177,0.58464658336226838,0.99992919749350251,0.99992919750168019,0.99992919750168019,0.99985783288194507,0.99978741444542851,0.99985783288194507,1.0922972626612146e-16,0.99999999971410658,0.95460664898302749,0.99984744418937432,2.1714454848287736e-17
C,1,0.0001,178,0.0178,0.58464658336226838,0.99992879746509955,0.99992879747328822,0.99992879747328822,0.99985702967947976,0.99978621343969609,0.99985702967947965,4.9674149024328968e-17,0.99999999971086795,0.95460662940244234,0.99984658230307444,7.8178278174338655e-18
C,1,0.0001,179,0.017899999999999999,0.58464658336226838,0.9999283974365365,0.99992839744473694,0.99992839744473694,0.99985622647703143,0.99978501243444229,0.99985622647703154,3.7577491279380207e-17,0.99999999970761078,0.95460660982187506,0.99984572041689768,3.8716892674003064e-17
C,1,0.0001,180,0.018000000000000002,0.58464658336226838,0.99992799740781335,0.99992799741602489,0.99992799741602489,0.99985542327460131,0.99978381142966755,0.99985542327460131,9.6228305995521284e-17,0.99999999970433562,0.95460659024132521,0.99984485853084337,1.6952516861792783e-17
C,1,0.0001,181,0.018100000000000002,0.58464658336226838,0.99992759737893022,0.99992759738715231,0.99992759738715231,0.99985462007218862,0.99978261042537142,0.99985462007218862,5.8342335008336326e-17,0.99999999970104225,0.95460657066079335,0.99984399664491197,1.5938560141930606e-17
C,1,0.0001,182,0.018200000000000001,0.58464658336226838,0.99992719734988711,0.99992719735811997,0.99992719735811997,0.99985381686979369,0.99978140942155391,0.99985381686979369,5.238999405382515e-17,0.99999999969773046,0.95460655108027903,0.9998431347591038,2.1838898566391954e-17
C,1,0.0001,183,0.0183,0.58464658336226838,0.9999267973206839,0.99992679732892653,0.99992679732892653,0.99985301366741708,0.9997802084182148,0.99985301366741708,8.063515814723323e-17,0.99999999969440057,0.9546065314997827,0.99984227287341798,1.9874121159519337e-17
C,1,0.0001,184,0.0184,0.58464658336226838,0.9999263972913206,0.99992639729957244,0.99992639729957244,0.99985221046505879,0.99977900741535464,0.99985221046505868,1.5560358181776762e-16,0.99999999969105213,0.95460651191930423,0.99984141098785539,3.641249443468517e-17
C,1,0.0001,185,0.018500000000000003,0.58464658336226838,0.99992599726179732,0.99992599727005815,0.99992599727005815,0.99985140726271726,0.99977780641297287,0.99985140726271726,1.3242504741613641e-16,0.99999999968768571,0.9546064923388432,0.9998405491024156,4.5248683630938177e-17
C,1,0.0001,186,0.018600000000000002,0.58464658336226838,0.99992559723211405,0.99992559724038388,0.99992559724038388,0.99985060406039428,0.99977660541107005,0.99985060406039428,4.7061770746587997e-17,0.9999999996843012,0.95460647275840005,0.99983968721709848,6.7871885428595969e-17
C,1,0.0001,187,0.018700000000000001,0.58464658336226838,0.99992519720227069,0.99992519721054873,0.99992519721054873,0.99984980085808872,0.9997754044096463,0.99984980085808872,5.3350020727469583e-17,0.99999999968089825,0.95460645317797455,0.99983882533190438,2.1310562527800683e-17
C,1,0.0001,188,0.018800000000000001,0.58464658336226838,0.99992479717226734,0.99992479718055316,0.99992479718055316,0.99984899765580149,0.99977420340870016,0.99984899765580137,1.068975689335596e-16,0.9999999996774771,0.95460643359756703,0.99983796344683296,3.3126857371731223e-17
C,1,0.0001,189,0.0189,0.58464658336226838,0.9999243971421039,0.99992439715039783,0.99992439715039783,0.99984819445353124,0.99977300240823319,0.99984819445353124,6.0376834979278988e-17,0.99999999967403785,0.95460641401717694,0.99983710156188454,1.3185259049061377e-17
C,1,0.0001,190,0.019,0.58464658336226838,0.99992399711178048,0.99992399712008151,0.99992399712008151,0.99984739125127964,0.99977180140824462,0.99984739125127964,1.5028711026175711e-16,0.99999999967058029,0.95460639443680495,0.99983623967705881,1.1883408770178411e-17
C,1,0.0001,191,0.019100000000000002,0.58464658336226838,0.99992359708129708,0.99992359708960454,0.99992359708960454,0.99984658804904658,0.99977060040873444,0.99984658804904647,6.6460996471947832e-17,0.9999999996671044,0.9546063748564505,0.99983537779235587,1.907011259225983e-17
C,1,0.0001,192,0.019200000000000002,0.58464658336226838,0.99992319705065347,0.99992319705896748,0.99992319705896748,0.99984578484683007,0.99976939940970366,0.99984578484682995,9.951764532153123e-17,0.9999999996636102,0.9546063552761137,0.99983451590777594,3.7563869404049495e-17
C,1,0.0001,193,0.019300000000000001,0.58464658336226838,0.99992279701984987,0.99992279702817,0.99992279702817,0.99984498164463242,0.99976819841115139,0.99984498164463242,6.612200942476747e-17,0.999999999660098,0.95460633569579456,0.99983365402331892,4.0050622972583375e-17
C,1,0.0001,194,0.019400000000000001,0.58464658336226838,0.9999223969888863,0.9999223969972123,0.9999223969972123,0.99984417844245199,0.99976699741307762,0.99984417844245199,5.9608163070572166e-17,0.99999999965656727,0.95460631611549385,0.99983279213898479,1.1207119483407499e-17
C,1,0.0001,195,0.0195,0.58464658336226838,0.99992199695776263,0.99992199696609374,0.99992199696609374,0.99984337524028988,0.99976579641548291,0.99984337524028988,1.0867427096838247e-16,0.99999999965301889,0.95460629653521001,0.99983193025477302,4.0783690420697618e-17
C,1,0.0001,196,0.019599999999999999,0.58464658336226838,0.99992159692647908,0.99992159693481519,0.99992159693481519,0.99984257203814486,0.99976459541836671,0.99984257203814486,2.9596677599259591e-17,0.99999999964945185,0.95460627695494449,0.99983106837068425,4.5273519021075892e-17
C,1,0.0001,197,0.019700000000000002,0.58464658336226838,0.99992119689503534,0.99992119690337555,0.99992119690337555,0.99984176883601883,0.9997633944217279,0.99984176883601872,6.4349909654317507e-17,0.9999999996458665,0.95460625737469651,0.9998302064867185,3.9886526693878697e-17
C,1,0.0001,198,0.019800000000000002,0.58464658336226838,0.9999207968634316,0.99992079687177593,0.99992079687177593,0.99984096563391023,0.99976219342556893,0.99984096563391012,5.0473546449578357e-17,0.99999999964226305,0.95460623779446641,0.99982934460287554,1.7140087424146509e-17
C,1,0.0001,199,0.019900000000000001,0.58464658336226838,0.99992039683166778,0.99992039684001599,0.99992039684001599,0.99984016243181884,0.99976099242988892,0.99984016243181884,1.1684774081650822e-16,0.99999999963864139,0.95460621821425429,0.99982848271915548,5.521298786203461e-17
C,1,0.0001,200,0.02,0.58464658336226838,0.99991999679974397,0.99991999680809573,0.99991999680809573,0.99983935922974643,0.99975979143468685,0.99983935922974643,1.2882823539210222e-16,0.9999999996350013,0.95460619863405938,0.9998276208355581,2.696950963039373e-17
C,1,5.0000000000000002e-05,0,0,0.58464658336226838,1,0.99999999999999956,0.99999999999999956,1,1,1,0,0.99999999999999978,0.9546101150262426,1,1.973448800505901e-17
C,1,5.0000000000000002e-05,1,5.0000000000000002e-05,0.58464658336226838,0.99999979999998001,0.99999979999999999,0.99999979999999999,0.99999959839714314,0.99999939945465544,0.99999959839714303,7.5749980033362002e-17,0.99999999999999756,0.95461010523438083,0.99999956904592668,1.0933265287292992e-17
C,1,5.0000000000000002e-05,2,0.0001,0.58464658336226838,0.99999959999991994,0.99999959999996002,0.99999959999996002,0.99999919679429117,0.99999879890943011,0.99999919679429106,6.0216463542624643e-17,0.9999999999999909,0.95461009544252329,0.99999913809188423,2.9787271317440615e-18
C,1,5.0000000000000002e-05,3,0.00015000000000000001,0.58464658336226838,0.99999939999982002,0.99999939999987975,0.99999939999987975,0.9999987951914433,0.99999819836432435,0.99999879519144319,5.5398654692907407e-17,0.99999999999997935,0.95461008565067063,0.99999870713787242,1.2828746012693673e-17
C,1,5.0000000000000002e-05,4,0.00020000000000000001,0.58464658336226838,0.99999919999968001,0.99999919999975928,0.99999919999975928,0.99999839358860032,0.99999759781933839,0.99999839358860032,9.8878189644025306e-17,0.99999999999996347,0.95461007585882185,0.99999827618389125,2.0904064896281135e-17
C,1,5.0000000000000002e-05,5,0.00025000000000000001,0.58464658336226838,0.99999899999950004,0.9999989999995994,0.9999989999995994,0.99999799198576156,0.99999699727447178,0.99999799198576156,4.7014304407335877e-17,0.99999999999994305,0.95461006606697796,0.99999784522994095,1.6855671524121474e-17
C,1,5.0000000000000002e-05,6,0.00030000000000000003,0.58464658336226838,0.99999879999927999,0.99999879999939845,0.99999879999939845,0.99999759038292746,0.99999639672972451,0.99999759038292746,1.2899916464997093e-16,0.99999999999991773,0.95461005627513862,0.9999974142760214,3.8134465907624366e-18
C,1,5.0000000000000002e-05,7,0.00035,0.58464658336226838,0.99999859999901997,0.99999859999915841,0.99999859999915841,0.99999718878009791,0.99999579618509826,0.9999971887800978,7.3588349531466806e-17,0.99999999999988831,0.95461004648330339,0.99999698332213249,2.7220439579981225e-17
C,1,5.0000000000000002e-05,8,0.00040000000000000002,0.58464658336226838,0.99999839999871998,0.99999839999887785,0.99999839999887785,0.99999678717727292,0.99999519564059025,0.99999678717727281,1.3463478992639581e-16,0.99999999999985401,0.9546100366914726,0.99999655236827423,1.282877177308022e-17
C,1,5.0000000000000002e-05,9,0.00045000000000000004,0.58464658336226838,0.99999819999838002,0.99999819999855721,0.99999819999855721,0.9999963855744517,0.9999945950962027,0.99999638557445159,4.7333819766917727e-17,0.99999999999981515,0.95461002689964636,0.99999612141444705,2.4850068918144145e-17
C,1,5.0000000000000002e-05,10,0.00050000000000000001,0.58464658336226838,0.99999799999799999,0.99999799999819583,0.99999799999819583,0.99999598397163569,0.99999399455193405,0.99999598397163569,7.6492279097364886e-17,0.99999999999977185,0.95461001710782434,0.99999569046065018,2.5323611990562577e-17
C,1,5.0000000000000002e-05,11,0.00055000000000000003,0.58464658336226838,0.99999779999757998,0.99999779999779492,0.99999779999779492,0.99999558236882369,0.99999339400778575,0.99999558236882358,8.3331036406794105e-17,0.99999999999972378,0.95461000731600698,0.99999525950688428,8.9135482792460685e-18
C,1,5.0000000000000002e-05,12,0.00060000000000000006,0.58464658336226838,0.99999759999712001,0.99999759999735427,0.99999759999735427,0.99999518076601668,0.99999279346375658,0.99999518076601657,9.7176511104004965e-17,0.99999999999967149,0.95460999752419418,0.99999482855314903,2.4206489310228372e-17
C,1,5.0000000000000002e-05,13,0.00065000000000000008,0.58464658336226838,0.99999739999661996,0.9999973999968732,0.9999973999968732,0.999994779163213,0.99999219291984787,0.999994779163213,7.5909055829411506e-17,0.9999999999996142,0.95460998773238592,0.99999439759944464,3.533946523144513e-17
C,1,5.0000000000000002e-05,14,0.00069999999999999999,0.58464658336226838,0.99999719999607994,0.99999719999635184,0.99999719999635184,0.99999437756041465,0.99999159237605817,0.99999437756041465,1.2773099141782429e-16,0.99999999999955269,0.95460997794058156,0.99999396664577089,2.4942611926254391e-17
C,1,5.0000000000000002e-05,15,0.00075000000000000002,0.58464658336226838,0.99999699999549996,0.99999699999579073,0.99999699999579073,0.99999397595762096,0.99999099183238838,0.99999397595762096,9.1184436279504864e-17,0.99999999999948641,0.95460996814878207,0.9999935356921279,2.6169298962901259e-17
C,1,5.0000000000000002e-05,16,0.00080000000000000004,0.58464658336226838,0.99999679999488,0.99999679999518876,0.99999679999518876,0.99999357435483194,0.99999039128883804,0.99999357435483194,9.5089464293054355e-17,0.99999999999941569,0.9546099583569867,0.99999310473851555,1.9215551290132415e-17
C,1,5.0000000000000002e-05,17,0.00085000000000000006,0.58464658336226838,0.99999659999421997,0.99999659999454782,0.99999659999454782,0.99999317275204691,0.9999897907454075,0.99999317275204691,1.1676115484963713e-16,0.99999999999934053,0.95460994856519621,0.99999267378493417,1.8385443425629226e-17
C,1,5.0000000000000002e-05,18,0.00090000000000000008,0.58464658336226838,0.99999639999351997,0.99999639999386558,0.99999639999386558,0.99999277114926599,0.99998919020209698,0.99999277114926588,5.0254439825717957e-17,0.99999999999926048,0.95460993877340961,0.99999224283138322,1.5007903848595097e-17
C,1,5.0000000000000002e-05,19,0.00095,0.58464658336226838,0.99999619999278,0.99999619999314426,0.99999619999314426,0.99999236954648985,0.99998858965890525,0.99999236954648985,2.1515505328968955e-17,0.9999999999991761,0.95460992898162789,0.9999918118778629,4.1055015768745771e-17
C,1,5.0000000000000002e-05,20,0.001,0.58464658336226838,0.99999599999199995,0.99999599999238209,0.99999599999238209,0.99999196794371858,0.99998798911583364,0.99999196794371858,9.2975365775074962e-17,0.99999999999908706,0.95460991918985028,0.99999138092437356,2.1914800118557776e-17
C,1,5.0000000000000002e-05,21,0.0010500000000000002,0.58464658336226838,0.99999579999117993,0.99999579999158095,0.99999579999158095,0.99999156634095165,0.99998738857288172,0.99999156634095165,6.6345429316760968e-17,0.99999999999899336,0.95460990939807744,0.99999094997091498,3.5971269973099271e-17
C,1,5.0000000000000002e-05,22,0.0011000000000000001,0.58464658336226838,0.99999559999031995,0.99999559999073906,0.99999559999073906,0.99999116473818883,0.9999867880300497,0.99999116473818883,8.9177935014619827e-17,0.99999999999889522,0.95460989960630893,0.99999051901748681,1.4600434036701091e-17
C,1,5.0000000000000002e-05,23,0.00115,0.58464658336226838,0.99999539998941989,0.99999539998985632,0.99999539998985632,0.99999076313543067,0.99998618748733681,0.99999076313543056,7.0951232660316059e-17,0.99999999999879263,0.95460988981454487,0.99999008806408962,2.3356452077595929e-17
C,1,5.0000000000000002e-05,24,0.0012000000000000001,0.58464658336226838,0.99999519998847997,0.99999519998893416,0.99999519998893416,0.99999036153267695,0.99998558694474382,0.99999036153267695,6.6580333198462638e-17,0.99999999999868538,0.95460988002278491,0.99998965711072307,3.3207733906608842e-17
C,1,5.0000000000000002e-05,25,0.00125,0.58464658336226838,0.99999499998749997,0.99999499998797237,0.99999499998797237,0.9999899599299279,0.99998498640227007,0.9999899599299279,1.3282579998971054e-16,0.99999999999857347,0.95460987023102994,0.99998922615738761,1.080256784989826e-17
C,1,5.0000000000000002e-05,26,0.0013000000000000002,0.58464658336226838,0.99999479998648,0.99999479998696972,0.99999479998696972,0.99998955832718284,0.99998438585991667,0.99998955832718284,9.6309364492459328e-17,0.9999999999984569,0.95460986043927898,0.99998879520408235,2.1937222699265491e-17
C,1,5.0000000000000002e-05,27,0.0013500000000000001,0.58464658336226838,0.99999459998541995,0.99999459998592766,0.99999459998592766,0.99998915672444277,0.99998378531768273,0.99998915672444266,5.2455369911834762e-17,0.99999999999833611,0.95460985064753279,0.99998836425080784,7.9010668534720507e-18
C,1,5.0000000000000002e-05,28,0.0014,0.58464658336226838,0.99999439998431994,0.99999439998484485,0.99999439998484485,0.9999887551217066,0.99998318477556847,0.9999887551217066,1.1013237560338751e-16,0.99999999999821065,0.95460984085579048,0.99998793329756441,1.3476110317171936e-17
C,1,5.0000000000000002e-05,29,0.0014500000000000001,0.58464658336226838,0.99999419998317995,0.99999419998372185,0.99999419998372185,0.99998835351897497,0.99998258423357322,0.99998835351897486,5.0414934893324424e-17,0.99999999999808065,0.95460983106405317,0.99998750234435163,1.2942641424268963e-17
C,1,5.0000000000000002e-05,30,0.0015,0.58464658336226838,0.99999399998199989,0.99999399998255956,0.99999399998255956,0.99998795191624856,0.99998198369169844,0.99998795191624856,1.2710353490683628e-16,0.99999999999794587,0.95460982127232019,0.99998707139116927,3.9653250310847553e-17
C,1,5.0000000000000002e-05,31,0.0015500000000000002,0.58464658336226838,0.99999379998077986,0.99999379998135685,0.99999379998135685,0.99998755031352604,0.999981383149943,0.99998755031352604,1.729921043831048e-16,0.99999999999780664,0.95460981148059187,0.99998664043801788,2.2034065961160751e-17
C,1,5.0000000000000002e-05,32,0.0016000000000000001,0.58464658336226838,0.99999359997951986,0.99999359998011372,0.99999359998011372,0.99998714871080807,0.99998078260830781,0.99998714871080807,1.3071927487377633e-16,0.99999999999766276,0.95460980168886733,0.99998620948489714,2.9778325928297339e-18
C,1,5.0000000000000002e-05,33,0.00165,0.58464658336226838,0.99999339997821979,0.9999933999788303,0.9999933999788303,0.99998674710809488,0.99998018206679073,0.99998674710809476,7.3226678575854755e-17,0.99999999999751454,0.95460979189714745,0.99998577853180703,1.6750315061725672e-17
C,1,5.0000000000000002e-05,34,0.0017000000000000001,0.58464658336226838,0.99999319997687985,0.99999319997750724,0.99999319997750724,0.99998634550538545,0.99997958152539435,0.99998634550538545,1.5232708996089864e-16,0.99999999999736155,0.95460978210543257,0.99998534757874791,1.5438861102653965e-17
C,1,5.0000000000000002e-05,35,0.00175,0.58464658336226838,0.99999299997549984,0.99999299997614433,0.99999299997614433,0.99998594390268147,0.99997898098411786,0.99998594390268136,5.3207058436861983e-17,0.99999999999720424,0.95460977231372113,0.9999849166257192,2.0354114783970739e-17
C,1,5.0000000000000002e-05,36,0.0018000000000000002,0.58464658336226838,0.99999279997407986,0.99999279997474022,0.99999279997474022,0.99998554229998138,0.99997838044296028,0.99998554229998138,5.7396524016881853e-17,0.99999999999704203,0.95460976252201524,0.99998448567272147,3.0368101782377247e-18
C,1,5.0000000000000002e-05,37,0.0018500000000000001,0.58464658336226838,0.9999925999726198,0.99999259997329737,0.99999259997329737,0.99998514069728517,0.99997777990192305,0.99998514069728517,6.0284890611919352e-17,0.99999999999687528,0.95460975273031312,0.99998405471975449,4.5645515678235458e-17
C,1,5.0000000000000002e-05,38,0.0019,0.58464658336226838,0.99999239997111977,0.99999239997181377,0.99999239997181377,0.99998473909459462,0.9999771793610045,0.99998473909459462,7.7239992418018087e-17,0.99999999999670419,0.95460974293861556,0.99998362376681793,3.4258182908056227e-17
C,1,5.0000000000000002e-05,39,0.0019500000000000001,0.58464658336226838,0.99999219996957978,0.9999921999702901,0.9999921999702901,0.99998433749190829,0.99997657882020685,0.99998433749190829,9.2548867136841807e-17,0.99999999999652833,0.95460973314692243,0.99998319281391235,1.7178813259137927e-17
C,1,5.0000000000000002e-05,40,0.002,0.58464658336226838,0.9999919999679997,0.99999199996872623,0.99999199996872623,0.99998393588922596,0.999975978279528,0.99998393588922596,1.4744407408989597e-16,0.99999999999634825,0.95460972335523386,0.99998276186103741,3.8200039650812873e-17
C,1,5.0000000000000002e-05,41,0.0020500000000000002,0.58464658336226838,0.99999179996637966,0.99999179996712195,0.99999179996712195,0.99998353428654752,0.99997537773896927,0.9999835342865474,1.1459940304980858e-16,0.99999999999616351,0.95460971356354984,0.999982330908193,9.5302618887757824e-18
C,1,5.0000000000000002e-05,42,0.0021000000000000003,0.58464658336226838,0.99999159996471965,0.99999159996547871,0.99999159996547871,0.99998313268387451,0.99997477719853001,0.99998313268387451,1.4646079501186027e-16,0.99999999999597411,0.95460970377187004,0.99998189995537978,3.8116482967931762e-17
C,1,5.0000000000000002e-05,43,0.00215,0.58464658336226838,0.99999139996301967,0.99999139996379427,0.99999139996379427,0.99998273108120572,0.99997417665820998,0.99998273108120572,6.5609154202805506e-17,0.99999999999578015,0.9546096939801948,0.99998146900259699,1.9824492277263305e-17
C,1,5.0000000000000002e-05,44,0.0022000000000000001,0.58464658336226838,0.99999119996127972,0.99999119996207075,0.99999119996207075,0.99998232947854115,0.99997357611801074,0.99998232947854115,8.7548452136262752e-17,0.99999999999558131,0.95460968418852377,0.99998103804984484,9.5433490454102016e-18
C,1,5.0000000000000002e-05,45,0.0022500000000000003,0.58464658336226838,0.99999099995949969,0.99999099996030572,0.99999099996030572,0.99998192787588147,0.99997297557793019,0.99998192787588147,5.0345278856307272e-17,0.99999999999537836,0.95460967439685718,0.99998060709712389,2.7480230602826498e-17
C,1,5.0000000000000002e-05,46,0.0023,0.58464658336226838,0.99999079995767959,0.99999079995850171,0.99999079995850171,0.99998152627322645,0.99997237503796998,0.99998152627322645,1.5307527899211823e-17,0.99999999999517053,0.95460966460519514,0.99998017614443324,1.4748811585307168e-17
C,1,5.0000000000000002e-05,47,0.0023500000000000001,0.58464658336226838,0.99999059995581963,0.99999059995665707,0.99999059995665707,0.99998112467057543,0.99997177449812846,0.99998112467057543,4.3085604529830005e-17,0.99999999999495826,0.95460965481353754,0.99997974519177346,9.5477151274838951e-18
C,1,5.0000000000000002e-05,48,0.0024000000000000002,0.58464658336226838,0.99999039995391958,0.99999039995477268,0.99999039995477268,0.99998072306792929,0.99997117395840718,0.99998072306792918,4.2741199393168143e-17,0.99999999999474154,0.95460964502188439,0.99997931423914443,3.1061149032762387e-17
C,1,5.0000000000000002e-05,49,0.0024499999999999999,0.58464658336226838,0.99999019995197957,0.99999019995284855,0.99999019995284855,0.9999803214652877,0.99997057341880546,0.99998032146528759,7.3125684247407004e-17,0.99999999999452016,0.9546096352302359,0.99997888328654616,1.5633018820347263e-17
C,1,5.0000000000000002e-05,50,0.0025000000000000001,0.58464658336226838,0.99998999994999949,0.99998999995088333,0.99998999995088333,0.99997991986264978,0.99996997287932299,0.99997991986264967,5.4107449028256155e-17,0.99999999999429434,0.9546096254385914,0.99997845233397831,9.6951905947401007e-18
C,1,5.0000000000000002e-05,51,0.0025500000000000002,0.58464658336226838,0.99998979994797943,0.99998979994887904,0.99998979994887904,0.99997951826001696,0.99996937233996097,0.99997951826001696,5.6990562144374293e-17,0.99999999999406375,0.95460961564695168,0.99997802138144154,3.0531368362376881e-17
C,1,5.0000000000000002e-05,52,0.0026000000000000003,0.58464658336226838,0.99998959994591941,0.99998959994683345,0.99998959994683345,0.99997911665738848,0.9999687718007183,0.99997911665738848,5.8709100405486484e-17,0.9999999999938286,0.95460960585531629,0.99997759042893553,5.3393442658720238e-17
C,1,5.0000000000000002e-05,53,0.00265,0.58464658336226838,0.99998939994381941,0.99998939994474911,0.99998939994474911,0.99997871505476388,0.99996817126159565,0.99997871505476388,5.3501260677487854e-17,0.99999999999358913,0.95460959606368523,0.99997715947646004,1.9723811919663789e-17
C,1,5.0000000000000002e-05,54,0.0027000000000000001,0.58464658336226838,0.99998919994167934,0.9999891999426237,0.9999891999426237,0.99997831345214472,0.99996757072259246,0.99997831345214461,7.0510419765360075e-17,0.99999999999334488,0.95460958627205894,0.9999767285240152,8.6716560203812458e-18
C,1,5.0000000000000002e-05,55,0.0027500000000000003,0.58464658336226838,0.9999889999394993,0.99998899994045876,0.99998899994045876,0.99997791184952922,0.99996697018370828,0.99997791184952911,9.2373779460360538e-17,0.99999999999309608,0.95460957648043665,0.99997629757160122,2.2379564685982987e-17
C,1,5.0000000000000002e-05,56,0.0028,0.58464658336226838,0.99998879993727929,0.99998879993825318,0.99998879993825318,0.99997751024691872,0.99996636964494456,0.99997751024691861,7.5317048594798801e-17,0.99999999999284284,0.95460956668881902,0.99997586661921778,1.1911445180828628e-17
C,1,5.0000000000000002e-05,57,0.0028500000000000001,0.58464658336226838,0.99998859993501932,0.99998859993600764,0.99998859993600764,0.99997710864431311,0.99996576910630008,0.999977108644313,1.2887636230989263e-16,0.99999999999258504,0.95460955689720606,0.99997543566686542,2.2355795676141578e-17
C,1,5.0000000000000002e-05,58,0.0029000000000000002,0.58464658336226838,0.99998839993271926,0.99998839993372224,0.99998839993372224,0.99997670704171104,0.99996516856777473,0.99997670704171093,9.2844199762103812e-17,0.99999999999232259,0.95460954710559698,0.99997500471454337,2.1591180297486103e-17
C,1,5.0000000000000002e-05,59,0.0029499999999999999,0.58464658336226838,0.99998819993037913,0.99998819993139687,0.99998819993139687,0.99997630543911364,0.99996456802936973,0.99997630543911353,8.9654346736721083e-17,0.99999999999205536,0.95460953731399267,0.99997457376225218,2.653476461881126e-17
C,1,5.0000000000000002e-05,60,0.0030000000000000001,0.58464658336226838,0.99998799992799914,0.99998799992903065,0.99998799992903065,0.99997590383652069,0.99996396749108452,0.99997590383652069,1.0865104502616253e-16,0.99999999999178391,0.95460952752239281,0.99997414280999186,2.1249531540566802e-17
C,1,5.0000000000000002e-05,61,0.0030500000000000002,0.58464658336226838,0.99998779992557907,0.99998779992662479,0.99998779992662479,0.99997550223393217,0.99996336695291854,0.99997550223393206,6.5266057732108497e-17,0.99999999999150779,0.95460951773079716,0.99997371185776218,2.1251756930366047e-17
C,1,5.0000000000000002e-05,62,0.0031000000000000003,0.58464658336226838,0.99998759992311903,0.99998759992417929,0.99998759992417929,0.99997510063134865,0.99996276641487247,0.99997510063134865,5.9116440536382262e-17,0.99999999999122713,0.95460950793920629,0.99997328090556348,1.22780662446627e-17
C,1,5.0000000000000002e-05,63,0.00315,0.58464658336226838,0.99998739992061902,0.9999873999216935,0.9999873999216935,0.99997469902876934,0.99996216587694586,0.99997469902876923,3.6859734633698147e-17,0.99999999999094169,0.95460949814761997,0.99997284995339497,3.41366521219523e-17
C,1,5.0000000000000002e-05,64,0.0032000000000000002,0.58464658336226838,0.99998719991807894,0.99998719991916729,0.99998719991916729,0.99997429742619404,0.99996156533913894,0.99997429742619393,5.1057872153189671e-17,0.99999999999065181,0.95460948835603776,0.99997241900125766,4.1262589061816101e-18
C,1,5.0000000000000002e-05,65,0.0032500000000000003,0.58464658336226838,0.99998699991549889,0.99998699991660123,0.99998699991660123,0.99997389582362439,0.9999609648014518,0.99997389582362428,5.7358471466658947e-17,0.99999999999035749,0.95460947856446043,0.99997198804915111,1.426914291067947e-17
C,1,5.0000000000000002e-05,66,0.0033,0.58464658336226838,0.99998679991287887,0.99998679991399497,0.99998679991399497,0.99997349422105797,0.99996036426388391,0.99997349422105797,7.0765806089408607e-17,0.99999999999005862,0.95460946877288688,0.99997155709707475,7.3668515812784806e-17
C,1,5.0000000000000002e-05,67,0.0033500000000000001,0.58464658336226838,0.99998659991021877,0.99998659991134864,0.99998659991134864,0.99997309261849621,0.99995976372643602,0.9999730926184961,9.1885695834191317e-17,0.99999999998975508,0.9546094589813181,0.99997112614502937,3.9434074449825546e-17
C,1,5.0000000000000002e-05,68,0.0034000000000000002,0.58464658336226838,0.9999863999075187,0.99998639990866178,0.99998639990866178,0.999972691015939,0.99995916318910771,0.999972691015939,3.4949033074209876e-17,0.99999999998944689,0.95460944918975366,0.99997069519301462,1.7189334163243613e-17
C,1,5.0000000000000002e-05,69,0.0034500000000000004,0.58464658336226838,0.99998619990477866,0.99998619990593551,0.99998619990593551,0.99997228941338689,0.99995856265189897,0.99997228941338689,9.2478759174365804e-17,0.99999999998913436,0.95460943939819354,0.99997026424103086,3.7592083182444844e-17
C,1,5.0000000000000002e-05,70,0.0035000000000000001,0.58464658336226838,0.99998599990199866,0.9999859999031685,0.9999859999031685,0.99997188781083901,0.99995796211481058,0.99997188781083901,1.0384085434684179e-16,0.99999999998881706,0.95460942960663819,0.99996983328907763,1.9206736231589263e-17
C,1,5.0000000000000002e-05,71,0.0035500000000000002,0.58464658336226838,0.99998579989917857,0.99998579990036218,0.99998579990036218,0.99997148620829523,0.99995736157784088,0.99997148620829523,5.8701891366312094e-17,0.99999999998849509,0.95460941981508707,0.99996940233715514,3.1967502374623968e-17
C,1,5.0000000000000002e-05,72,0.0036000000000000003,0.58464658336226838,0.99998559989631852,0.99998559989751501,0.99998559989751501,0.99997108460575679,0.99995676104099129,0.99997108460575668,1.2662643776146363e-16,0.99999999998816913,0.95460941002354072,0.99996897138526353,1.0124793463457144e-17
C,1,5.0000000000000002e-05,73,0.00365,0.58464658336226838,0.9999853998934185,0.9999853998946282,0.9999853998946282,0.99997068300322145,0.9999561605042615,0.99997068300322134,1.5895629636096428e-16,0.99999999998783795,0.95460940023199825,0.99996854043340255,3.6563730104329452e-17
C,1,5.0000000000000002e-05,74,0.0037000000000000002,0.58464658336226838,0.9999851998904784,0.9999851998917012,0.9999851998917012,0.99997028140069188,0.99995555996765162,0.99997028140069188,4.4179999114578302e-17,0.99999999998750244,0.95460939044046067,0.99996810948157233,1.2393145497209106e-17
C,1,5.0000000000000002e-05,75,0.0037500000000000003,0.58464658336226838,0.99998499988749834,0.99998499988873346,0.99998499988873346,0.99996987979816543,0.99995495943116075,0.99996987979816543,9.4152982718846388e-17,0.99999999998716249,0.95460938064892753,0.99996767852977275,7.9845096585631252e-17
C,1,5.0000000000000002e-05,76,0.0038,0.58464658336226838,0.9999847998844783,0.99998479988572642,0.99998479988572642,0.99996947819564397,0.99995435889478967,0.99996947819564397,6.567989097069641e-17,0.99999999998681788,0.9546093708573985,0.99996724757800382,1.1934782910128518e-18
C,1,5.0000000000000002e-05,77,0.0038500000000000001,0.58464658336226838,0.99998459988141819,0.99998459988267874,0.99998459988267874,0.99996907659312728,0.99995375835853839,0.99996907659312728,5.609006873639442e-17,0.9999999999864686,0.95460936106587402,0.99996681662626563,1.3489529618590211e-17
C,1,5.0000000000000002e-05,78,0.0039000000000000003,0.58464658336226838,0.99998439987831811,0.99998439987959142,0.99998439987959142,0.99996867499061548,0.99995315782240668,0.99996867499061537,7.8842401710344479e-17,0.999999999986115,0.95460935127435431,0.9999663856745582,3.6291153518072794e-17
C,1,5.0000000000000002e-05,79,0.0039500000000000004,0.58464658336226838,0.99998419987517806,0.99998419987646436,0.99998419987646436,0.99996827338810801,0.99995255728639443,0.99996827338810801,6.457794029949476e-17,0.99999999998575662,0.95460934148283871,0.99996595472288152,1.5813683076663372e-17
C,1,5.0000000000000002e-05,80,0.0040000000000000001,0.58464658336226838,0.99998399987199793,0.99998399987329645,0.99998399987329645,0.99996787178560409,0.99995195675050186,0.99996787178560409,8.4152016744798363e-17,0.99999999998539391,0.95460933169132767,0.99996552377123571,2.8988195200283712e-17
C,1,5.0000000000000002e-05,81,0.0040499999999999998,0.58464658336226838,0.99998379986877783,0.99998379987008912,0.99998379987008912,0.99996747018310483,0.99995135621472941,0.99996747018310483,7.6830457461056205e-17,0.99999999998502653,0.95460932189982084,0.99996509281962043,2.8879499905651821e-17
C,1,5.0000000000000002e-05,82,0.0041000000000000003,0.58464658336226838,0.99998359986551777,0.99998359986684082,0.99998359986684082,0.9999670685806108,0.9999507556790761,0.9999670685806108,1.0093246835062205e-17,0.99999999998465461,0.95460931210831867,0.99996466186803579,3.4625603032097513e-17
C,1,5.0000000000000002e-05,83,0.00415,0.58464658336226838,0.99998339986221774,0.99998339986355322,0.99998339986355322,0.99996666697812042,0.99995015514354313,0.99996666697812042,1.2710373087167153e-16,0.99999999998427791,0.95460930231682073,0.99996423091648223,7.7653964114040961e-18
C,1,5.0000000000000002e-05,84,0.0042000000000000006,0.58464658336226838,0.99998319985887762,0.99998319986022488,0.99998319986022488,0.99996626537563515,0.99994955460812895,0.99996626537563515,3.9049495830115834e-17,0.99999999998389677,0.95460929252532722,0.99996379996495932,5.327020129921908e-18
C,1,5.0000000000000002e-05,85,0.0042500000000000003,0.58464658336226838,0.99998299985549755,0.99998299985685701,0.99998299985685701,0.99996586377315411,0.99994895407283568,0.99996586377315411,7.9136589635970891e-17,0.99999999998351141,0.95460928273383849,0.99996336901346683,7.5570528047845541e-18
C,1,5.0000000000000002e-05,86,0.0043,0.58464658336226838,0.9999827998520775,0.99998279985344884,0.99998279985344884,0.99996546217067761,0.9999483535376601,0.99996546217067761,6.3357069980814181e-17,0.99999999998312095,0.9546092729423542,0.9999629380620052,3.6356042155460616e-17
C,1,5.0000000000000002e-05,87,0.0043500000000000006,0.58464658336226838,0.99998259984861737,0.99998259985000015,0.99998259985000015,0.99996506056820578,0.99994775300260597,0.99996506056820578,7.3479276417799597e-17,0.99999999998272626,0.95460926315087391,0.99996250711057444,2.1457405765499455e-17
C,1,5.0000000000000002e-05,88,0.0044000000000000003,0.58464658336226838,0.99998239984511728,0.99998239984651205,0.99998239984651205,0.99996465896573827,0.99994715246767041,0.99996465896573827,8.712037097202104e-17,0.99999999998232703,0.95460925335939839,0.99996207615917421,3.0598642580739844e-17
C,1,5.0000000000000002e-05,89,0.00445,0.58464658336226838,0.99998219984157721,0.9999821998429832,0.9999821998429832,0.99996425736327521,0.99994655193285487,0.99996425736327521,1.0112592617376515e-16,0.9999999999819229,0.95460924356792731,0.99996164520780484,1.9289810472845253e-17
C,1,5.0000000000000002e-05,90,0.0045000000000000005,0.58464658336226838,0.99998199983799707,0.9999819998394146,0.9999819998394146,0.99996385576081581,0.99994595139815901,0.99996385576081581,5.2443736472664668e-17,0.99999999998151445,0.95460923377646045,0.99996121425646611,6.8063180496348321e-17
C,1,5.0000000000000002e-05,91,0.0045500000000000002,0.58464658336226838,0.99998179983437696,0.99998179983580571,0.99998179983580571,0.99996345415836196,0.99994535086358294,0.99996345415836185,9.8581014305464839e-17,0.99999999998110145,0.95460922398499826,0.99996078330515836,1.9789057119177457e-17
C,1,5.0000000000000002e-05,92,0.0045999999999999999,0.58464658336226838,0.99998159983071688,0.99998159983215695,0.99998159983215695,0.99996305255591245,0.99994475032912655,0.99996305255591245,6.068183536350386e-17,0.99999999998068356,0.9546092141935405,0.99996035235388125,2.5450304597907116e-17
C,1,5.0000000000000002e-05,93,0.0046500000000000005,0.58464658336226838,0.99998139982701684,0.99998139982846768,0.99998139982846768,0.99996265095346726,0.99994414979479029,0.99996265095346726,5.3713452812381679e-17,0.99999999998026146,0.95460920440208719,0.99995992140263457,3.0970217676057051e-17
C,1,5.0000000000000002e-05,94,0.0047000000000000002,0.58464658336226838,0.99998119982327671,0.9999811998247391,0.9999811998247391,0.99996224935102651,0.99994354926057261,0.9999622493510264,2.2561241319980099e-17,0.99999999997983491,0.95460919461063809,0.99995949045141885,1.526594781285151e-17
C,1,5.0000000000000002e-05,95,0.0047499999999999999,0.58464658336226838,0.99998099981949662,0.99998099982096955,0.99998099982096955,0.99996184774858976,0.99994294872647549,0.99996184774858976,9.0950812134235365e-17,0.99999999997940348,0.95460918481919366,0.99995905950023367,4.2113977930422498e-18
C,1,5.0000000000000002e-05,96,0.0048000000000000004,0.58464658336226838,0.99998079981567645,0.99998079981716048,0.99998079981716048,0.99996144614615801,0.99994234819249728,0.9999614461461579,1.1214088129337095e-16,0.9999999999789676,0.95460917502775355,0.99995862854907924,4.7646546139446627e-18
C,1,5.0000000000000002e-05,97,0.0048500000000000001,0.58464658336226838,0.99998059981181631,0.99998059981331144,0.99998059981331144,0.99996104454373058,0.9999417476586383,0.99996104454373058,6.1748857722418051e-17,0.9999999999785274,0.95460916523631778,0.99995819759795579,2.6273203510136167e-17
C,1,5.0000000000000002e-05,98,0.0048999999999999998,0.58464658336226838,0.9999803998079162,0.99998039980942177,0.99998039980942177,0.99996064294130771,0.99994114712490045,0.9999606429413076,8.3894452757102088e-17,0.99999999997808231,0.95460915544488667,0.99995776664686276,7.8905138181832729e-17
C,1,5.0000000000000002e-05,99,0.0049500000000000004,0.58464658336226838,0.99998019980397612,0.99998019980549213,0.99998019980549213,0.99996024133888939,0.99994054659128118,0.9999602413388895,4.4604687005966281e-17,0.99999999997763278,0.95460914565346,0.99995733569580048,2.8188110797560485e-17
C,1,5.0000000000000002e-05,100,0.0050000000000000001,0.58464658336226838,0.99997999979999597,0.99997999980152252,0.99997999980152252,0.99995983973647551,0.9999399460577818,0.99995983973647551,7.47064525812301e-17,0.99999999997717859,0.95460913586203755,0.99995690474476906,2.0674530628405678e-17
C,1,5.0000000000000002e-05,101,0.0050500000000000007,0.58464658336226838,0.99997979979597584,0.9999797997975135,0.9999797997975135,0.99995943813406585,0.99993934552440256,0.99995943813406585,8.8696526924261123e-17,0.99999999997671996,0.95460912607061954,0.99995647379376817,1.0520357086062732e-17
C,1,5.0000000000000002e-05,102,0.0051000000000000004,0.58464658336226838,0.99997959979191575,0.99997959979346296,0.99997959979346296,0.99995903653166096,0.99993874499114244,0.99995903653166096,6.4487335823091959e-17,0.99999999997625666,0.95460911627920619,0.99995604284279838,1.5813829151367574e-17
C,1,5.0000000000000002e-05,103,0.0051500000000000001,0.58464658336226838,0.99997939978781569,0.99997939978937311,0.99997939978937311,0.99995863492926063,0.99993814445800244,0.99995863492926063,7.4177419969683669e-17,0.99999999997578881,0.95460910648779729,0.99995561189185911,1.4294197900451756e-17
C,1,5.0000000000000002e-05,104,0.0052000000000000006,0.58464658336226838,0.99997919978367555,0.99997919978524319,0.99997919978524319,0.99995823332686407,0.99993754392498169,0.99995823332686407,3.8898091008139301e-17,0.99999999997531652,0.9546090966963926,0.99995518094095059,3.3691304123565741e-18
C,1,5.0000000000000002e-05,105,0.0052500000000000003,0.58464658336226838,0.99997899977949534,0.99997899978107319,0.99997899978107319,0.9999578317244725,0.9999369433920805,0.9999578317244725,5.7605167092349886e-17,0.99999999997483968,0.95460908690499247,0.99995474999007272,4.2114147068305737e-18
C,1,5.0000000000000002e-05,106,0.0053,0.58464658336226838,0.99997879977527526,0.9999787997768631,0.9999787997768631,0.99995743012208582,0.99993634285929944,0.99995743012208582,7.3382115849481313e-17,0.99999999997435807,0.95460907711359677,0.99995431903922549,2.8301317470465136e-17
C,1,5.0000000000000002e-05,107,0.0053500000000000006,0.58464658336226838,0.99997859977101511,0.99997859977261261,0.99997859977261261,0.99995702851970292,0.99993574232663784,0.99995702851970292,9.8837923114859833e-17,0.99999999997387179,0.95460906732220552,0.99995388808840913,4.6589080290357416e-17
C,1,5.0000000000000002e-05,108,0.0054000000000000003,0.58464658336226838,0.99997839976671499,0.9999783997683217,0.9999783997683217,0.99995662691732479,0.99993514179409537,0.99995662691732479,8.2924996816239797e-17,0.99999999997338129,0.95460905753081893,0.9999534571376234,5.1434523408318479e-17
C,1,5.0000000000000002e-05,109,0.00545,0.58464658336226838,0.99997819976237479,0.99997819976399116,0.99997819976399116,0.99995622531495088,0.99993454126167325,0.99995622531495088,6.6301279383831043e-17,0.99999999997288624,0.95460904773943656,0.99995302618686832,1.263426441715027e-17
C,1,5.0000000000000002e-05,110,0.0055000000000000005,0.58464658336226838,0.99997799975799462,0.99997799975962032,0.99997799975962032,0.9999558237125814,0.9999339407293707,0.9999558237125814,6.5627996434502754e-17,0.99999999997238642,0.9546090379480584,0.99995259523614399,2.4879496955261767e-17
C,1,5.0000000000000002e-05,111,0.0055500000000000002,0.58464658336226838,0.99997779975357448,0.99997779975520951,0.99997779975520951,0.99995542211021649,0.99993334019718738,0.99995542211021649,7.4957496186737986e-17,0.99999999997188238,0.95460902815668491,0.99995216428545064,5.3270778947900963e-18
C,1,5.0000000000000002e-05,112,0.0055999999999999999,0.58464658336226838,0.99997759974911438,0.99997759975075917,0.99997759975075917,0.99995502050785623,0.99993273966512397,0.99995502050785623,2.9157367459222518e-17,0.99999999997137334,0.95460901836531586,0.99995173333478771,1.4961126148319833e-17
C,1,5.0000000000000002e-05,113,0.0056500000000000005,0.58464658336226838,0.99997739974461419,0.99997739974626831,0.99997739974626831,0.99995461890550019,0.99993213913318013,0.99995461890550019,1.5419166369319585e-16,0.99999999997085964,0.95460900857395115,0.99995130238415586,3.3026919360624493e-17
C,1,5.0000000000000002e-05,114,0.0057000000000000002,0.58464658336226838,0.99997719974007404,0.99997719974173693,0.99997719974173693,0.99995421730314893,0.99993153860135586,0.99995421730314882,1.0633546482221026e-16,0.99999999997034206,0.95460899878259076,0.99995087143355443,3.5265539561113451e-17
C,1,5.0000000000000002e-05,115,0.0057499999999999999,0.58464658336226838,0.99997699973549392,0.99997699973716603,0.99997699973716603,0.99995381570080255,0.9999309380696515,0.99995381570080255,5.9569254174720294e-17,0.99999999996981914,0.95460898899123514,0.99995044048298398,9.6477638985861902e-17
C,1,5.0000000000000002e-05,116,0.0058000000000000005,0.58464658336226838,0.99997679973087372,0.99997679973255493,0.99997679973255493,0.99995341409845961,0.99993033753806693,0.99995341409845961,1.2367740140961579e-16,0.99999999996929201,0.95460897919988397,0.99995000953244395,2.7481014204510202e-17
C,1,5.0000000000000002e-05,117,0.0058500000000000002,0.58464658336226838,0.99997659972621356,0.99997659972790354,0.99997659972790354,0.99995301249612178,0.9999297370066017,0.99995301249612167,4.4697986733338247e-17,0.99999999996876043,0.9546089694085369,0.99994957858193456,6.36359273808249e-17
C,1,5.0000000000000002e-05,118,0.0058999999999999999,0.58464658336226838,0.99997639972151342,0.99997639972321206,0.99997639972321206,0.99995261089378862,0.99992913647525605,0.99995261089378851,9.3654970322412958e-17,0.9999999999682242,0.95460895961719461,0.99994914763145593,3.3612518815631084e-17
C,1,5.0000000000000002e-05,119,0.0059500000000000004,0.58464658336226838,0.99997619971677321,0.99997619971848051,0.99997619971848051,0.99995220929145956,0.99992853594403042,0.99995220929145956,1.1853290868036672e-16,0.99999999996768341,0.95460894982585665,0.99994871668100838,4.2616760084350851e-17
C,1,5.0000000000000002e-05,120,0.0060000000000000001,0.58464658336226838,0.99997599971199302,0.99997599971370932,0.99997599971370932,0.99995180768913494,0.9999279354129248,0.99995180768913494,3.1522106560870905e-17,0.99999999996713795,0.95460894003452323,0.99994828573059102,4.6723325094953736e-17
C,1,5.0000000000000002e-05,121,0.0060500000000000007,0.58464658336226838,0.99997579970717299,0.99997579970889749,0.99997579970889749,0.99995140608681476,0.99992733488193797,0.99995140608681465,1.1689094213646417e-16,0.99999999996658817,0.95460893024319393,0.99994785478020476,1.1807068236967241e-17
C,1,5.0000000000000002e-05,122,0.0061000000000000004,0.58464658336226838,0.99997559970231276,0.99997559970404526,0.99997559970404526,0.99995100448449903,0.99992673435107071,0.99995100448449903,9.4077650124349411e-17,0.99999999996603361,0.95460892045186929,0.99994742382984914,1.1126751979400947e-17
C,1,5.0000000000000002e-05,123,0.0061500000000000001,0.58464658336226838,0.99997539969741256,0.9999753996991535,0.9999753996991535,0.99995060288218751,0.99992613382032391,0.99995060288218751,4.4402831517180267e-17,0.99999999996547462,0.9546089106605492,0.99994699287952427,1.0675255456316769e-17
C,1,5.0000000000000002e-05,124,0.0062000000000000006,0.58464658336226838,0.99997519969247239,0.99997519969422166,0.99997519969422166,0.99995020127988099,0.99992553328969624,0.99995020127988088,6.2619235290372054e-17,0.99999999996491096,0.95460890086923333,0.99994656192923015,1.473724351675652e-17
C,1,5.0000000000000002e-05,125,0.0062500000000000003,0.58464658336226838,0.99997499968749215,0.99997499968924919,0.99997499968924919,0.99994979967757847,0.99992493275918881,0.99994979967757847,6.4421970010921234e-17,0.99999999996434275,0.95460889107792202,0.99994613097896645,1.1701462576857365e-17
C,1,5.0000000000000002e-05,126,0.0063,0.58464658336226838,0.99997479968247205,0.99997479968423719,0.99997479968423719,0.99994939807528116,0.99992433222879984,0.99994939807528105,1.0129699323644131e-16,0.99999999996376998,0.95460888128661492,0.99994570002873384,2.3174459171264962e-17
C,1,5.0000000000000002e-05,127,0.0063500000000000006,0.58464658336226838,0.99997459967741176,0.99997459967918501,0.99997459967918501,0.99994899647298718,0.99992373169853099,0.99994899647298718,8.6648865324702737e-17,0.99999999996319255,0.95460887149531237,0.99994526907853198,7.1163724547024563e-18
C,1,5.0000000000000002e-05,128,0.0064000000000000003,0.58464658336226838,0.99997439967231161,0.9999743996740923,0.9999743996740923,0.99994859487069909,0.99992313116838294,0.99994859487069898,5.2642246512554633e-17,0.9999999999626108,0.95460886170401449,0.99994483812836044,1.9068167210683144e-17
C,1,5.0000000000000002e-05,129,0.00645,0.58464658336226838,0.99997419966717138,0.99997419966896017,0.99997419966896017,0.99994819326841455,0.99992253063835379,0.99994819326841455,1.0264848846081449e-16,0.99999999996202438,0.95460885191272093,0.99994440717821997,2.4302688048925941e-17
C,1,5.0000000000000002e-05,130,0.0065000000000000006,0.58464658336226838,0.99997399966199119,0.99997399966378719,0.99997399966378719,0.99994779166613457,0.99992193010844399,0.99994779166613457,6.8700408219477914e-17,0.99999999996143352,0.95460884212143171,0.99994397622810993,8.3094938707878423e-17
C,1,5.0000000000000002e-05,131,0.0065500000000000003,0.58464658336226838,0.99997379965677102,0.99997379965857425,0.99997379965857425,0.99994739006385891,0.99992132957865387,0.99994739006385891,6.8599905246506005e-17,0.99999999996083777,0.95460883233014693,0.99994354527803087,4.5456449092513484e-17
C,1,5.0000000000000002e-05,132,0.0066,0.58464658336226838,0.99997359965151078,0.99997359965332222,0.99997359965332222,0.99994698846158792,0.99992072904898333,0.99994698846158792,1.1148001313936657e-16,0.9999999999602377,0.95460882253886647,0.99994311432798266,1.0251522017016478e-17
C,1,5.0000000000000002e-05,133,0.0066500000000000005,0.58464658336226838,0.99997339964621057,0.99997339964802867,0.99997339964802867,0.9999465868593217,0.99992012851943313,0.9999465868593217,7.5329842344511386e-17,0.99999999995963318,0.95460881274759091,0.99994268337796499,7.2693787975001464e-17
C,1,5.0000000000000002e-05,134,0.0067000000000000002,0.58464658336226838,0.99997319964087039,0.99997319964269515,0.99997319964269515,0.99994618525705981,0.99991952799000183,0.99994618525705981,7.0033617946277118e-17,0.99999999995902378,0.95460880295631945,0.99994225242797796,1.2147718818154126e-17
C,1,5.0000000000000002e-05,135,0.0067499999999999999,0.58464658336226838,0.99997299963549013,0.999972999637323,0.999972999637323,0.99994578365480224,0.99991892746069067,0.99994578365480224,4.551431509497622e-17,0.99999999995840982,0.95460879316505232,0.99994182147802213,1.935442168440611e-17
C,1,5.0000000000000002e-05,136,0.0068000000000000005,0.58464658336226838,0.99997279963006991,0.99997279963190933,0.99997279963190933,0.99994538205254868,0.99991832693149918,0.99994538205254868,3.8636608099445164e-17,0.99999999995779154,0.95460878337378996,0.9999413905280965,2.6757009696267072e-17
C,1,5.0000000000000002e-05,137,0.0068500000000000002,0.58464658336226838,0.99997259962460971,0.99997259962645613,0.99997259962645613,0.9999449804503,0.99991772640242704,0.99994498045029989,3.1145910948669779e-17,0.99999999995716871,0.95460877358253182,0.99994095957820173,3.1521462156044837e-17
C,1,5.0000000000000002e-05,138,0.0069000000000000008,0.58464658336226838,0.99997239961910944,0.99997239962096274,0.99997239962096274,0.99994457884805665,0.99991712587347437,0.99994457884805665,5.335042381553068e-17,0.99999999995654121,0.95460876379127813,0.99994052862833771,1.6080980575214215e-17
C,1,5.0000000000000002e-05,139,0.0069500000000000004,0.58464658336226838,0.9999721996135692,0.99997219961542938,0.99997219961542938,0.99994417724581641,0.99991652534464215,0.9999441772458163,4.1089359131507306e-17,0.99999999995590905,0.95460875400002876,0.99994009767850456,1.065427560080555e-17
C,1,5.0000000000000002e-05,140,0.0070000000000000001,0.58464658336226838,0.9999719996079891,0.99997199960985528,0.99997199960985528,0.99994377564358183,0.99991592481592928,0.99994377564358183,6.7771161737284807e-17,0.99999999995527245,0.95460874420878394,0.99993966672870205,3.5301095812876082e-17
C,1,5.0000000000000002e-05,141,0.0070500000000000007,0.58464658336226838,0.99997179960236882,0.99997179960424198,0.99997179960424198,0.9999433740413507,0.99991532428733609,0.99994337404135059,1.4919448151157883e-16,0.99999999995463129,0.95460873441754368,0.99993923577893018,4.2952921999202456e-17
C,1,5.0000000000000002e-05,142,0.0071000000000000004,0.58464658336226838,0.99997159959670856,0.99997159959858783,0.99997159959858783,0.99994297243912444,0.99991472375886181,0.99994297243912433,1.4480495507741921e-16,0.99999999995398525,0.95460872462630764,0.99993880482918929,3.8488386568340152e-17
C,1,5.0000000000000002e-05,143,0.0071500000000000001,0.58464658336226838,0.99997139959100834,0.99997139959289394,0.99997139959289394,0.99994257083690274,0.99991412323050777,0.99994257083690263,8.0056805252230851e-17,0.99999999995333522,0.95460871483507614,0.99993837387947848,4.7885090128476602e-17
C,1,5.0000000000000002e-05,144,0.0072000000000000007,0.58464658336226838,0.99997119958526803,0.99997119958716041,0.99997119958716041,0.99994216923468582,0.99991352270227374,0.99994216923468571,9.1818521285060517e-17,0.99999999995268019,0.9546087050438492,0.99993794292979887,2.6321017179846635e-17
C,1,5.0000000000000002e-05,145,0.0072500000000000004,0.58464658336226838,0.99997099957948776,0.99997099958138624,0.99997099958138624,0.99994176763247278,0.99991292217415872,0.99994176763247267,4.648649828774558e-17,0.99999999995202093,0.9546086952526267,0.99993751198014991,6.7646423362357327e-18
C,1,5.0000000000000002e-05,146,0.0073000000000000001,0.58464658336226838,0.99997079957366752,0.99997079957557189,0.99997079957557189,0.99994136603026496,0.99991232164616362,0.99994136603026484,2.7933560920906993e-17,0.99999999995135691,0.95460868546140865,0.99993708103053169,2.3463674055166124e-17
C,1,5.0000000000000002e-05,147,0.0073500000000000006,0.58464658336226838,0.99997059956780732,0.99997059956971757,0.99997059956971757,0.99994096442806013,0.9999117211182883,0.99994096442806002,8.7242819994935204e-17,0.99999999995068822,0.9546086756701947,0.99993665008094412,6.4985285738806838e-17
C,1,5.0000000000000002e-05,148,0.0074000000000000003,0.58464658336226838,0.99997039956190703,0.99997039956382305,0.99997039956382305,0.99994056282586097,0.99991112059053244,0.99994056282586097,8.6449218329855379e-17,0.99999999995001509,0.95460866587898541,0.9999362191313873,1.5138122613710513e-17
C,1,5.0000000000000002e-05,149,0.00745,0.58464658336226838,0.99997019955596678,0.99997019955788868,0.99997019955788868,0.99994016122366569,0.99991052006289605,0.99994016122366569,1.2054227452816954e-16,0.99999999994933741,0.95460865608778067,0.99993578818186124,2.890934985521672e-17
C,1,5.0000000000000002e-05,150,0.0075000000000000006,0.58464658336226838,0.99996999954998655,0.99996999955191401,0.99996999955191401,0.99993975962147585,0.99990991953537967,0.99993975962147574,3.2269782941215427e-17,0.9999999999486554,0.95460864629658027,0.99993535723236571,2.9946039359731428e-17
C,1,5.0000000000000002e-05,151,0.0075500000000000003,0.58464658336226838,0.99996979954396625,0.99996979954589937,0.99996979954589937,0.99993935801928924,0.99990931900798319,0.99993935801928924,5.6679012706621958e-17,0.99999999994796851,0.95460863650538441,0.99993492628290104,1.2045163090635472e-17
C,1,5.0000000000000002e-05,152,0.0076,0.58464658336226838,0.99996959953790598,0.9999695995398441,0.9999695995398441,0.99993895641710806,0.99990871848070584,0.99993895641710806,1.4805449345102639e-16,0.99999999994727695,0.95460862671419289,0.99993449533346723,3.2953512490195883e-17
C,1,5.0000000000000002e-05,153,0.0076500000000000005,0.58464658336226838,0.99996939953180564,0.99996939953374941,0.99996939953374941,0.99993855481493055,0.99990811795354817,0.99993855481493055,2.0235990976750894e-17,0.99999999994658118,0.95460861692300569,0.99993406438406396,9.8228119873524228e-18
C,1,5.0000000000000002e-05,154,0.0077000000000000002,0.58464658336226838,0.99996919952566543,0.99996919952761498,0.99996919952761498,0.99993815321275803,0.99990751742651074,0.99993815321275792,7.4718627301499421e-17,0.99999999994588062,0.95460860713182327,0.99993363343469133,4.2366912163503042e-17
C,1,5.0000000000000002e-05,155,0.0077499999999999999,0.58464658336226838,0.99996899951948515,0.99996899952143925,0.99996899952143925,0.99993775161058995,0.99990691689959188,0.99993775161058995,6.2310442715585408e-17,0.99999999994517563,0.95460859734064529,0.99993320248534956,5.2793457453024175e-17
C,1,5.0000000000000002e-05,156,0.0078000000000000005,0.58464658336226838,0.99996879951326478,0.99996879951522422,0.99996879951522422,0.99993735000842598,0.99990631637279415,0.9999373500084261,2.1518085909799207e-17,0.99999999994446609,0.95460858754947109,0.99993277153603843,2.4557059556704203e-18
C,1,5.0000000000000002e-05,157,0.0078500000000000011,0.58464658336226838,0.99996859950700445,0.99996859950896855,0.99996859950896855,0.99993694840626735,0.99990571584611476,0.99993694840626723,1.0529734808304183e-16,0.99999999994375177,0.95460857775830177,0.99993234058675817,1.1378853590114831e-17
C,1,5.0000000000000002e-05,158,0.0079000000000000008,0.58464658336226838,0.99996839950070415,0.99996839950267358,0.99996839950267358,0.99993654680411259,0.99990511531955562,0.99993654680411248,9.8718378043370807e-17,0.99999999994303301,0.95460856796713689,0.99993190963750866,2.9238977480627715e-17
C,1,5.0000000000000002e-05,159,0.0079500000000000005,0.58464658336226838,0.99996819949436389,0.99996819949633831,0.99996819949633831,0.99993614520196217,0.99990451479311659,0.99993614520196217,1.1019329631888e-16,0.9999999999423097,0.95460855817597645,0.99993147868828969,3.8414845548578472e-17
C,1,5.0000000000000002e-05,160,0.0080000000000000002,0.58464658336226838,0.99996799948798365,0.99996799948996207,0.99996799948996207,0.99993574359981596,0.99990391426679626,0.99993574359981596,5.0245837224696105e-17,0.99999999994158173,0.95460854838482057,0.99993104773910146,2.6482314273758112e-17
C,1,5.0000000000000002e-05,161,0.0080499999999999999,0.58464658336226838,0.99996779948156334,0.99996779948354642,0.99996779948354642,0.99993534199767475,0.99990331374059593,0.99993534199767475,5.3434597508449389e-17,0.99999999994084943,0.95460853859366901,0.99993061678994399,3.4856442704367329e-17
C,1,5.0000000000000002e-05,162,0.0080999999999999996,0.58464658336226838,0.99996759947510305,0.9999675994770908,0.9999675994770908,0.99993494039553799,0.99990271321451563,0.99993494039553799,1.338498137712638e-16,0.99999999994011257,0.95460852880252167,0.99993018584081739,2.2640544790708965e-17
C,1,5.0000000000000002e-05,163,0.008150000000000001,0.58464658336226838,0.99996739946860269,0.99996739947059499,0.99996739947059499,0.99993453879340588,0.99990211268855433,0.99993453879340599,9.0489527449435005e-17,0.99999999993937072,0.95460851901137878,0.99992975489172131,2.5666052344538237e-17
C,1,5.0000000000000002e-05,164,0.0082000000000000007,0.58464658336226838,0.99996719946206236,0.99996719946405899,0.99996719946405899,0.99993413719127766,0.99990151216271317,0.99993413719127766,5.9836249131800949e-17,0.99999999993862476,0.95460850922024065,0.99992932394265566,2.1441531331138583e-17
C,1,5.0000000000000002e-05,165,0.0082500000000000004,0.58464658336226838,0.99996699945548206,0.99996699945748269,0.99996699945748269,0.99993373558915444,0.99990091163699168,0.99993373558915444,3.0786560849800657e-17,0.99999999993787425,0.95460849942910686,0.9999288929936212,3.097692909442926e-17
C,1,5.0000000000000002e-05,166,0.0083000000000000001,0.58464658336226838,0.99996679944886169,0.99996679945086675,0.99996679945086675,0.99993333398703499,0.99990031111138988,0.99993333398703488,6.0390566491488753e-17,0.99999999993711886,0.95460848963797751,0.99992846204461738,9.2461762642773969e-18
C,1,5.0000000000000002e-05,167,0.0083499999999999998,0.58464658336226838,0.99996659944220134,0.9999665994442104,0.9999665994442104,0.99993293238492054,0.99989971058590743,0.99993293238492054,1.4540780686766466e-16,0.99999999993635902,0.9546084798468526,0.99992803109564432,4.7707485606701015e-17
C,1,5.0000000000000002e-05,168,0.0084000000000000012,0.58464658336226838,0.99996639943550103,0.99996639943751353,0.99996639943751353,0.99993253078281052,0.99989911006054466,0.99993253078281041,7.298358825005346e-17,0.99999999993559463,0.95460847005573213,0.99992760014670179,4.0962389571193755e-17
C,1,5.0000000000000002e-05,169,0.0084500000000000009,0.58464658336226838,0.99996619942876075,0.99996619943077747,0.99996619943077747,0.99993212918070506,0.99989850953530168,0.99993212918070506,7.8448802016897752e-17,0.9999999999348258,0.95460846026461588,0.99992716919779012,2.8389538575498212e-17
C,1,5.0000000000000002e-05,170,0.0085000000000000006,0.58464658336226838,0.99996599942198039,0.99996599942400022,0.99996599942400022,0.99993172757860416,0.99989790901017828,0.99993172757860416,8.5801599263642599e-17,0.9999999999340522,0.95460845047350429,0.9999267382489091,2.1342085558708061e-17
C,1,5.0000000000000002e-05,171,0.0085500000000000003,0.58464658336226838,0.99996579941516006,0.99996579941718389,0.99996579941718389,0.99993132597650713,0.999897308485175,0.99993132597650713,1.8383666373230593e-16,0.99999999993327426,0.95460844068239725,0.99992630730005883,2.1099836285493828e-17
C,1,5.0000000000000002e-05,172,0.0086,0.58464658336226838,0.99996559940829965,0.99996559941032692,0.99996559941032692,0.99993092437441533,0.99989670796029095,0.99993092437441533,8.8360664389667105e-17,0.99999999993249156,0.95460843089129443,0.9999258763512392,4.2016456693440342e-18
C,1,5.0000000000000002e-05,173,0.0086499999999999997,0.58464658336226838,0.99996539940139928,0.99996539940343043,0.99996539940343043,0.99993052277232763,0.99989610743552682,0.99993052277232763,8.9601338946520927e-17,0.99999999993170452,0.95460842110019617,0.99992544540245032,1.5173383840801273e-17
C,1,5.0000000000000002e-05,174,0.0087000000000000011,0.58464658336226838,0.99996519939445894,0.9999651993964932,0.9999651993964932,0.9999301211702446,0.99989550691088125,0.9999301211702446,1.0127577781160788e-16,0.99999999993091282,0.95460841130910223,0.99992501445369231,5.0888127714194369e-18
C,1,5.0000000000000002e-05,175,0.0087500000000000008,0.58464658336226838,0.99996499938747851,0.99996499938951611,0.99996499938951611,0.99992971956816556,0.99989490638635692,0.99992971956816556,5.5402237068672133e-17,0.99999999993011635,0.95460840151801274,0.9999245835049646,4.5371573489863186e-17
C,1,5.0000000000000002e-05,176,0.0088000000000000005,0.58464658336226838,0.99996479938045812,0.99996479938249894,0.99996479938249894,0.9999293179660913,0.9998943058619516,0.9999293179660913,1.0563093500276559e-16,0.99999999992931543,0.9546083917269278,0.99992415255626799,1.8386768236299921e-17
C,1,5.0000000000000002e-05,177,0.0088500000000000002,0.58464658336226838,0.99996459937339777,0.99996459937544102,0.99996459937544102,0.99992891636402159,0.99989370533766575,0.99992891636402159,1.1568992045627917e-16,0.9999999999285103,0.95460838193584707,0.99992372160760223,2.3659690826397686e-17
C,1,5.0000000000000002e-05,178,0.0088999999999999999,0.58464658336226838,0.99996439936629744,0.99996439936834403,0.99996439936834403,0.99992851476195621,0.99989310481350002,0.9999285147619561,9.9496660868963628e-17,0.99999999992770017,0.95460837214477079,0.9999232906589669,2.7834511944679321e-17
C,1,5.0000000000000002e-05,179,0.0089499999999999996,0.58464658336226838,0.99996419935915704,0.99996419936120651,0.99996419936120651,0.9999281131598956,0.99989250428945353,0.99992811315989572,3.5096089369375713e-17,0.99999999992688549,0.95460836235369939,0.99992285971036243,1.9142971812738958e-17
C,1,5.0000000000000002e-05,180,0.0090000000000000011,0.58464658336226838,0.99996399935197666,0.99996399935402847,0.99996399935402847,0.99992771155783877,0.99989190376552695,0.99992771155783866,5.3789159428858608e-17,0.99999999992606636,0.9546083525626321,0.9999224287617885,1.9400538329104857e-17
C,1,5.0000000000000002e-05,181,0.0090500000000000008,0.58464658336226838,0.99996379934475632,0.99996379934681145,0.99996379934681145,0.99992730995578694,0.99989130324171971,0.99992730995578694,1.3589846682679402e-16,0.99999999992524291,0.95460834277156936,0.99992199781324553,6.6926610365773528e-18
C,1,5.0000000000000002e-05,182,0.0091000000000000004,0.58464658336226838,0.9999635993374959,0.99996359933955326,0.99996359933955326,0.99992690835373976,0.99989070271803226,0.99992690835373965,8.8926376840585151e-17,0.99999999992441457,0.95460833298051073,0.99992156686473277,2.5769699843539574e-17
C,1,5.0000000000000002e-05,183,0.0091500000000000001,0.58464658336226838,0.99996339933019551,0.99996339933225542,0.99996339933225542,0.99992650675169614,0.99989010219446428,0.99992650675169614,7.3666805911736831e-17,0.99999999992358168,0.95460832318945688,0.99992113591625109,2.1309057820891103e-17
C,1,5.0000000000000002e-05,184,0.0091999999999999998,0.58464658336226838,0.99996319932285505,0.9999631993249174,0.9999631993249174,0.99992610514965774,0.99988950167101609,0.99992610514965763,1.4496900809246304e-16,0.99999999992274446,0.95460831339840768,0.99992070496780039,4.3808201019604829e-17
C,1,5.0000000000000002e-05,185,0.0092500000000000013,0.58464658336226838,0.99996299931547461,0.99996299931753874,0.99996299931753874,0.999925703547624,0.99988890114768758,0.999925703547624,1.1497424600601375e-16,0.99999999992190247,0.95460830360736237,0.99992027401938,1.7883597250669892e-18
C,1,5.0000000000000002e-05,186,0.009300000000000001,0.58464658336226838,0.99996279930805421,0.99996279931012133,0.99996279931012133,0.99992530194559426,0.99988830062447898,0.99992530194559426,1.5694718138694015e-16,0.99999999992105604,0.95460829381632162,0.99991984307099058,1.4294480524325113e-17
C,1,5.0000000000000002e-05,187,0.0093500000000000007,0.58464658336226838,0.99996259930059384,0.9999625993026624,0.9999625993026624,0.99992490034356862,0.99988770010138994,0.99992490034356862,7.5703555923425344e-17,0.99999999992020483,0.95460828402528564,0.99991941212263202,4.0715071379678865e-17
C,1,5.0000000000000002e-05,188,0.0094000000000000004,0.58464658336226838,0.99996239929309338,0.99996239929516406,0.99996239929516406,0.99992449874154798,0.99988709957842015,0.99992449874154798,8.3011578180071678e-17,0.99999999991934951,0.95460827423425387,0.99991898117430378,4.1879039783033246e-17
C,1,5.0000000000000002e-05,189,0.0094500000000000001,0.58464658336226838,0.99996219928555297,0.99996219928762564,0.99996219928762564,0.99992409713953234,0.99988649905557048,0.99992409713953223,4.6060017927532942e-17,0.99999999991848931,0.95460826444322655,0.99991855022600651,3.6570284078549431e-17
C,1,5.0000000000000002e-05,190,0.0094999999999999998,0.58464658336226838,0.99996199927797258,0.9999619992800467,0.9999619992800467,0.99992369553752058,0.99988589853284016,0.99992369553752058,3.9402699870772046e-17,0.99999999991762456,0.95460825465220334,0.99991811927773966,2.0324997148203381e-17
C,1,5.0000000000000002e-05,191,0.0095500000000000012,0.58464658336226838,0.99996179927035211,0.99996179927242823,0.99996179927242823,0.99992329393551316,0.99988529801022974,0.99992329393551316,1.3237798083636901e-16,0.99999999991675526,0.95460824486118523,0.9999176883295039,3.938209907394725e-17
C,1,5.0000000000000002e-05,192,0.0096000000000000009,0.58464658336226838,0.99996159926269168,0.99996159926476935,0.99996159926476935,0.99992289233351039,0.99988469748773889,0.99992289233351039,9.7002437463475916e-17,0.9999999999158814,0.95460823507017101,0.99991725738129866,3.3608487961515351e-17
C,1,5.0000000000000002e-05,193,0.0096500000000000006,0.58464658336226838,0.99996139925499128,0.99996139925707017,0.99996139925707017,0.99992249073151207,0.99988409696536751,0.99992249073151207,6.0707048789078067e-17,0.99999999991500321,0.95460822527916178,0.99991682643312407,1.0954367074361308e-17
C,1,5.0000000000000002e-05,194,0.0097000000000000003,0.58464658336226838,0.9999611992472508,0.99996119924933158,0.99996119924933158,0.9999220891295183,0.99988349644311603,0.9999220891295183,5.6634286505894226e-17,0.99999999991412003,0.95460821548815655,0.99991639548498046,1.9207692776251294e-17
C,1,5.0000000000000002e-05,195,0.00975,0.58464658336226838,0.99996099923947035,0.99996099924155224,0.99996099924155224,0.99992168752752886,0.99988289592098467,0.99992168752752886,9.7791373876679962e-17,0.99999999991323241,0.95460820569715588,0.99991596453686749,5.8660339553255664e-18
C,1,5.0000000000000002e-05,196,0.0097999999999999997,0.58464658336226838,0.99996079923164982,0.99996079923373238,0.99996079923373238,0.99992128592554363,0.99988229539897189,0.99992128592554352,3.965350899485716e-17,0.99999999991234045,0.95460819590615964,0.99991553358878493,3.5437290671080438e-17
C,1,5.0000000000000002e-05,197,0.0098500000000000011,0.58464658336226838,0.99996059922378944,0.9999605992258731,0.9999605992258731,0.99992088432356352,0.99988169487707967,0.99992088432356352,2.6098091534289862e-17,0.99999999991144373,0.95460818611516762,0.99991510264073336,4.5379548052196981e-17
C,1,5.0000000000000002e-05,198,0.0099000000000000008,0.58464658336226838,0.99996039921588897,0.99996039921797419,0.99996039921797419,0.99992048272158729,0.99988109435530725,0.99992048272158729,4.0297283651824842e-17,0.99999999991054256,0.95460817632418049,0.99991467169271253,2.305439004390082e-17
C,1,5.0000000000000002e-05,199,0.0099500000000000005,0.58464658336226838,0.99996019920794854,0.99996019921003465,0.99996019921003465,0.9999200811196155,0.99988049383365352,0.9999200811196155,4.6799238711918509e-17,0.99999999990963684,0.95460816653319736,0.99991424074472235,1.8299760263236043e-17
C,1,5.0000000000000002e-05,200,0.01,0.58464658336226838,0.99995999919996803,0.99995999920205492,0.99995999920205492,0.99991967951764871,0.99987989331212024,0.99991967951764871,1.4591133892843042e-16,0.99999999990872623,0.95460815674221899,0.99991380979676281,4.2742886837408156e-17
C,1,5.0000000000000002e-05,201,0.01005,0.58464658336226838,0.99995979919194755,0.9999597991940351,0.9999597991940351,0.99991927791568591,0.99987929279070564,0.9999192779156858,1.3298312476937853e-16,0.99999999990781174,0.95460814695124485,0.99991337884883402,4.6012322936156586e-17
C,1,5.0000000000000002e-05,202,0.010100000000000001,0.58464658336226838,0.99995959918388699,0.99995959918597521,0.99995959918597521,0.99991887631372811,0.99987869226941128,0.99991887631372811,5.4648585781796409e-17,0.99999999990689215,0.95460813716027526,0.9999129479009361,4.0897945752987452e-17
C,1,5.0000000000000002e-05,203,0.010150000000000001,0.58464658336226838,0.99995939917578658,0.99995939917787557,0.99995939917787557,0.99991847471177486,0.99987809174823694,0.99991847471177486,5.368331184387079e-17,0.999999999905968,0.95460812736931011,0.99991251695306926,1.7701324566974585e-17
C,1,5.0000000000000002e-05,204,0.010200000000000001,0.58464658336226838,0.99995919916764608,0.99995919916973519,0.99995919916973519,0.9999180731098255,0.99987749122718272,0.9999180731098255,1.3472677890256914e-16,0.99999999990503941,0.9546081175783494,0.99991208600523251,8.5171895530409923e-17
C,1,5.0000000000000002e-05,205,0.01025,0.58464658336226838,0.99995899915946551,0.99995899916155506,0.99995899916155506,0.9999176715078808,0.99987689070624652,0.9999176715078808,5.8875059479599144e-17,0.99999999990410626,0.95460810778739313,0.99991165505742674,1.9217009925268301e-17
C,1,5.0000000000000002e-05,206,0.0103,0.58464658336226838,0.99995879915124497,0.99995879915333497,0.99995879915333497,0.99991726990594054,0.99987629018543145,0.99991726990594054,5.9673290250709305e-17,0.99999999990316868,0.95460809799644131,0.99991122410965161,2.4506940884291756e-17
C,1,5.0000000000000002e-05,207,0.01035,0.58464658336226838,0.99995859914298446,0.99995859914507423,0.99995859914507423,0.99991686830400439,0.99987568966473495,0.99991686830400439,6.9654328449206158e-17,0.99999999990222632,0.95460808820549392,0.99991079316190734,6.9323200843492988e-17
C,1,5.0000000000000002e-05,208,0.010400000000000001,0.58464658336226838,0.99995839913468398,0.99995839913677409,0.99995839913677409,0.99991646670207335,0.99987508914415923,0.99991646670207324,4.619591314826646e-17,0.99999999990127963,0.95460807841455064,0.99991036221419394,4.9172893437867778e-17
C,1,5.0000000000000002e-05,209,0.010450000000000001,0.58464658336226838,0.99995819912634354,0.99995819912843342,0.99995819912843342,0.99991606510014652,0.99987448862370243,0.99991606510014652,6.5747449761337713e-17,0.99999999990032817,0.95460806862361225,0.99990993126651084,4.0259810506195973e-17
C,1,5.0000000000000002e-05,210,0.010500000000000001,0.58464658336226838,0.99995799911796301,0.99995799912005279,0.99995799912005279,0.99991566349822414,0.99987388810336553,0.99991566349822414,6.3352557334958458e-17,0.99999999989937216,0.95460805883267819,0.99990950031885883,9.3037115035629402e-18
C,1,5.0000000000000002e-05,211,0.01055,0.58464658336226838,0.99995779910954241,0.99995779911163152,0.99995779911163152,0.99991526189630608,0.9998732875831482,0.99991526189630608,9.9773804166705848e-17,0.99999999989841171,0.95460804904174834,0.99990906937123736,0
C,1,5.0000000000000002e-05,212,0.0106,0.58464658336226838,0.99995759910108184,0.99995759910317139,0.99995759910317139,0.99991486029439247,0.99987268706305032,0.99991486029439247,6.7006878031773822e-17,0.99999999989744659,0.95460803925082327,0.99990863842364663,1.2365400234019868e-17
C,1,5.0000000000000002e-05,213,0.01065,0.58464658336226838,0.9999573990925813,0.99995739909467019,0.99995739909467019,0.99991445869248363,0.99987208654307214,0.99991445869248374,1.0190897940893167e-16,0.99999999989647714,0.95460802945990242,0.99990820747608655,6.1739776790287712e-17
C,1,5.0000000000000002e-05,214,0.010700000000000001,0.58464658336226838,0.99995719908404079,0.99995719908612901,0.99995719908612901,0.99991405709057923,0.99987148602321363,0.99991405709057912,3.2152477079364568e-17,0.99999999989550303,0.9546080196689859,0.99990777652855722,2.6814134560524631e-17
C,1,5.0000000000000002e-05,215,0.010750000000000001,0.58464658336226838,0.99995699907546021,0.99995699907754809,0.99995699907754809,0.99991365548867939,0.99987088550347536,0.99991365548867939,5.2137560360391139e-17,0.99999999989452415,0.95460800987807415,0.99990734558105865,4.4251880694434944e-17
C,1,5.0000000000000002e-05,216,0.010800000000000001,0.58464658336226838,0.99995679906683965,0.99995679906892676,0.99995679906892676,0.99991325388678365,0.99987028498385655,0.99991325388678365,1.2144540980712165e-16,0.99999999989354071,0.95460800008716695,0.9999069146335906,7.2105782888897355e-17
C,1,5.0000000000000002e-05,217,0.01085,0.58464658336226838,0.99995659905817913,0.99995659906026513,0.99995659906026513,0.99991285228489279,0.99986968446435687,0.99991285228489279,8.4385963726284402e-17,0.99999999989255273,0.95460799029626353,0.99990648368615365,9.9842558811944076e-18
C,1,5.0000000000000002e-05,218,0.0109,0.58464658336226838,0.99995639904947853,0.99995639905156386,0.99995639905156386,0.99991245068300605,0.99986908394497687,0.99991245068300605,2.5184847188268754e-17,0.99999999989156052,0.95460798050536499,0.99990605273874711,1.9075976897837453e-17
C,1,5.0000000000000002e-05,219,0.01095,0.58464658336226838,0.99995619904073796,0.99995619904282285,0.99995619904282285,0.99991204908112397,0.99986848342571688,0.99991204908112385,9.0081641333569917e-17,0.99999999989056354,0.95460797071447101,0.99990562179137144,1.0333468965313064e-17
C,1,5.0000000000000002e-05,220,0.011000000000000001,0.58464658336226838,0.99995599903195742,0.99995599903404064,0.99995599903404064,0.99991164747924599,0.99986788290657647,0.99991164747924599,8.5606515793792591e-17,0.99999999988956201,0.95460796092358124,0.99990519084402607,1.4528716562787702e-17
C,1,5.0000000000000002e-05,221,0.011050000000000001,0.58464658336226838,0.9999557990231368,0.99995579902521814,0.99995579902521814,0.9999112458773729,0.99986728238755607,0.99991124587737279,9.7284460825177434e-17,0.9999999998885557,0.95460795113269603,0.9999047598967119,2.368083338514151e-17
C,1,5.0000000000000002e-05,222,0.0111,0.58464658336226838,0.99995559901427622,0.99995559901635678,0.99995559901635678,0.99991084427550436,0.99986668186865491,0.99991084427550436,3.3046999788488038e-17,0.99999999988754529,0.95460794134181493,0.99990432894942816,1.2148148168739877e-17
C,1,5.0000000000000002e-05,223,0.01115,0.58464658336226838,0.99995539900537567,0.99995539900745511,0.99995539900745511,0.99991044267363993,0.99986608134987354,0.99991044267363993,5.8494005379474768e-17,0.99999999988652977,0.95460793155093859,0.99990389800217516,4.3745134233175101e-17
C,1,5.0000000000000002e-05,224,0.0112,0.58464658336226838,0.99995519899643504,0.99995519899851282,0.99995519899851282,0.99991004107178005,0.99986548083121163,0.99991004107177994,1.1983804343964952e-16,0.99999999988551014,0.9546079217600667,0.99990346705495303,1.9727274041413409e-17
C,1,5.0000000000000002e-05,225,0.011250000000000001,0.58464658336226838,0.99995499898745444,0.99995499898953066,0.99995499898953066,0.99990963946992495,0.9998648803126694,0.99990963946992495,7.8632478209753298e-17,0.99999999988448574,0.95460791196919903,0.99990303610776166,4.6966618945306972e-17
C,1,5.0000000000000002e-05,226,0.011300000000000001,0.58464658336226838,0.99995479897843376,0.99995479898050821,0.99995479898050821,0.9999092378680744,0.99986427979424686,0.99990923786807429,7.1446073822896368e-17,0.99999999988345678,0.95460790217833591,0.99990260516060092,3.0141780434368664e-17
C,1,5.0000000000000002e-05,227,0.011350000000000001,0.58464658336226838,0.99995459896937322,0.99995459897144634,0.99995459897144634,0.99990883626622773,0.99986367927594388,0.99990883626622762,7.8076390746110906e-17,0.99999999988242327,0.95460789238747723,0.99990217421347072,4.268936850965662e-17
C,1,5.0000000000000002e-05,228,0.0114,0.58464658336226838,0.99995439896027261,0.99995439896234362,0.99995439896234362,0.99990843466438639,0.99986307875776104,0.99990843466438639,5.7325819663450269e-17,0.9999999998813851,0.95460788259662321,0.99990174326637171,9.9845775764399186e-18
C,1,5.0000000000000002e-05,229,0.01145,0.58464658336226838,0.99995419895113202,0.99995419895320048,0.99995419895320048,0.99990803306254805,0.99986247823969687,0.99990803306254794,8.4989492706768523e-17,0.9999999998803426,0.95460787280577342,0.99990131231930313,2.0154284244905993e-17
C,1,5.0000000000000002e-05,230,0.0115,0.58464658336226838,0.99995399894195136,0.99995399894401793,0.99995399894401793,0.99990763146071526,0.99986187772175372,0.99990763146071526,8.6108814328604612e-17,0.99999999987929555,0.95460786301492784,0.99990088137226518,1.6772639168939759e-17
C,1,5.0000000000000002e-05,231,0.011550000000000001,0.58464658336226838,0.99995379893273073,0.99995379893479519,0.99995379893479519,0.99990722985888691,0.99986127720392992,0.9999072298588868,8.1540091728577331e-17,0.99999999987824384,0.95460785322408714,0.99990045042525799,1.0402219856295979e-17
C,1,5.0000000000000002e-05,232,0.011600000000000001,0.58464658336226838,0.99995359892347002,0.99995359892553259,0.99995359892553259,0.99990682825706267,0.99986067668622491,0.99990682825706267,2.8748677330244384e-17,0.99999999987718757,0.95460784343325078,0.99990001947828167,3.0376332319013764e-17
C,1,5.0000000000000002e-05,233,0.011650000000000001,0.58464658336226838,0.99995339891416934,0.99995339891622925,0.99995339891622925,0.99990642665524332,0.99986007616864014,0.99990642665524332,1.3717983315966407e-16,0.99999999987612653,0.95460783364241875,0.99989958853133598,3.768417191236787e-17
C,1,5.0000000000000002e-05,234,0.0117,0.58464658336226838,0.9999531989048287,0.99995319890688628,0.99995319890688628,0.99990602505342796,0.9998594756511755,0.99990602505342796,6.746971323282282e-17,0.99999999987506105,0.95460782385159093,0.99989915758442105,1.4294949987105726e-17
C,1,5.0000000000000002e-05,235,0.01175,0.58464658336226838,0.99995299889544809,0.99995299889750278,0.99995299889750278,0.9999056234516176,0.99985887513382921,0.9999056234516176,4.0973914553279749e-17,0.99999999987399135,0.95460781406076789,0.99989872663753676,1.6092633204189879e-17
C,1,5.0000000000000002e-05,236,0.0118,0.58464658336226838,0.99995279888602739,0.99995279888807953,0.99995279888807953,0.99990522184981123,0.99985827461660337,0.99990522184981123,3.936267999622366e-17,0.99999999987291677,0.95460780426994907,0.99989829569068323,2.0632854111717697e-17
C,1,5.0000000000000002e-05,237,0.011850000000000001,0.58464658336226838,0.99995259887656673,0.99995259887861676,0.99995259887861676,0.99990482024800997,0.99985767409949677,0.99990482024800997,5.4476339555820077e-17,0.99999999987183752,0.9546077944791348,0.99989786474386033,1.8835017646031238e-18
C,1,5.0000000000000002e-05,238,0.011900000000000001,0.58464658336226838,0.99995239886706611,0.99995239886911258,0.99995239886911258,0.99990441864621216,0.99985707358251097,0.99990441864621216,1.0484469135354279e-16,0.99999999987075394,0.95460778468832497,0.99989743379706808,7.1721639224839591e-18
C,1,5.0000000000000002e-05,239,0.011950000000000001,0.58464658336226838,0.9999521988575254,0.99995219885956943,0.99995219885956943,0.99990401704441934,0.99985647306564418,0.99990401704441934,5.5253435301812977e-17,0.99999999986966581,0.95460777489751958,0.99989700285030658,2.89901420150322e-17
C,1,5.0000000000000002e-05,240,0.012,0.58464658336226838,0.99995199884794472,0.99995199884998542,0.99995199884998542,0.99990361544263129,0.99985587254889674,0.99990361544263118,5.6809404264321744e-17,0.99999999986857302,0.95460776510671852,0.99989657190357595,9.782725309002175e-18
C,1,5.0000000000000002e-05,241,0.01205,0.58464658336226838,0.99995179883832397,0.99995179884036145,0.99995179884036145,0.99990321384084768,0.99985527203226876,0.99990321384084768,1.0633512357855829e-16,0.99999999986747579,0.95460775531592212,0.99989614095687607,2.1442194439305386e-17
C,1,5.0000000000000002e-05,242,0.012100000000000001,0.58464658336226838,0.99995159882866336,0.99995159883069773,0.99995159883069773,0.99990281223906774,0.99985467151576124,0.99990281223906763,5.2189820578382436e-17,0.999999999866374,0.95460774552512995,0.9998957100102065,2.7911493238775772e-17
C,1,5.0000000000000002e-05,243,0.012150000000000001,0.58464658336226838,0.99995139881896256,0.99995139882099338,0.99995139882099338,0.9999024106372929,0.99985407099937307,0.99990241063729279,8.3898242893346078e-17,0.99999999986526733,0.95460773573434254,0.99989527906356812,2.0579111134449183e-17
C,1,5.0000000000000002e-05,244,0.012200000000000001,0.58464658336226838,0.9999511988092219,0.99995119881124872,0.99995119881124872,0.99990200903552195,0.9998534704831048,0.99990200903552195,4.9377263203352211e-17,0.99999999986415633,0.95460772594355914,0.99989484811696039,2.383213324742988e-17
C,1,5.0000000000000002e-05,245,0.01225,0.58464658336226838,0.99995099879944116,0.99995099880146532,0.99995099880146532,0.99990160743375645,0.99985286996695533,0.99990160743375645,5.5248625603847803e-17,0.99999999986304067,0.95460771615278028,0.9998944171703833,2.0880751697175197e-17
C,1,5.0000000000000002e-05,246,0.0123,0.58464658336226838,0.99995079878962045,0.99995079879164084,0.99995079879164084,0.99990120583199527,0.9998522694509262,0.99990120583199515,1.1534947213962316e-16,0.99999999986192045,0.95460770636200609,0.99989398622383674,7.1725733896685808e-18
C,1,5.0000000000000002e-05,247,0.01235,0.58464658336226838,0.99995059877975978,0.99995059878177639,0.99995059878177639,0.99990080423023797,0.99985166893501654,0.99990080423023786,9.8142952539935185e-17,0.9999999998607958,0.95460769657123612,0.99989355527732127,4.5329617281111803e-17
C,1,5.0000000000000002e-05,248,0.012400000000000001,0.58464658336226838,0.99995039876985903,0.99995039877187175,0.99995039877187175,0.99990040262848578,0.99985106841922677,0.99990040262848578,7.3923242204869604e-17,0.9999999998596667,0.9546076867804707,0.9998931243308361,1.9355872864521863e-17
C,1,5.0000000000000002e-05,249,0.012450000000000001,0.58464658336226838,0.99995019875991831,0.99995019876192714,0.99995019876192714,0.99990000102673771,0.99985046790355636,0.99990000102673771,5.221927964898102e-17,0.99999999985853272,0.95460767698970961,0.99989269338438203,6.0327548647783073e-17
C,1,5.0000000000000002e-05,250,0.012500000000000001,0.58464658336226838,0.99994999874993751,0.9999499987519429,0.9999499987519429,0.99989959942499429,0.99984986738800541,0.99989959942499418,1.1144977994846508e-16,0.99999999985739441,0.95460766719895285,0.99989226243795815,3.3950263917816806e-17
C,1,5.0000000000000002e-05,251,0.01255,0.58464658336226838,0.99994979873991674,0.99994979874191747,0.99994979874191747,0.99989919782325509,0.99984926687257492,0.99989919782325509,8.4282310491986639e-17,0.99999999985625154,0.95460765740820075,0.9998918314915658,2.6643545570304218e-17
C,1,5.0000000000000002e-05,252,0.0126,0.58464658336226838,0.999949598729856,0.99994959873185241,0.99994959873185241,0.99989879622152,0.99984866635726299,0.99989879622152,3.3127894329385245e-17,0.99999999985510402,0.95460764761745331,0.99989140054520353,3.3772511468702191e-17
C,1,5.0000000000000002e-05,253,0.01265,0.58464658336226838,0.99994939871975519,0.99994939872174682,0.99994939872174682,0.99989839461978924,0.99984806584207198,0.99989839461978913,1.1359473219823901e-16,0.99999999985395216,0.95460763782670988,0.99989096959887214,4.0303524757080407e-17
C,1,5.0000000000000002e-05,254,0.012700000000000001,0.58464658336226838,0.99994919870961441,0.99994919871160193,0.99994919871160193,0.99989799301806404,0.99984746532699953,0.99989799301806392,5.2272288383957568e-17,0.99999999985279531,0.9546076280359711,0.99989053865257149,8.9544358343492202e-18
C,1,5.0000000000000002e-05,255,0.012750000000000001,0.58464658336226838,0.99994899869943366,0.99994899870141718,0.99994899870141718,0.99989759141634249,0.99984686481204765,0.99989759141634249,8.2903894634784459e-17,0.99999999985163412,0.95460761824523666,0.9998901077063016,2.1351253426811964e-17
C,1,5.0000000000000002e-05,256,0.012800000000000001,0.58464658336226838,0.99994879868921294,0.99994879869119146,0.99994879869119146,0.99989718981462605,0.99984626429721468,0.99989718981462605,1.3599784217396289e-16,0.9999999998504685,0.95460760845450643,0.99988967676006224,2.8892179821215912e-17
C,1,5.0000000000000002e-05,257,0.01285,0.58464658336226838,0.99994859867895214,0.99994859868092623,0.99994859868092623,0.99989678821291328,0.99984566378250184,0.99989678821291328,6.8919625742553414e-17,0.9999999998492981,0.95460759866378109,0.99988924581385386,2.7886229352697722e-17
C,1,5.0000000000000002e-05,258,0.0129,0.58464658336226838,0.99994839866865126,0.99994839867062046,0.99994839867062046,0.99989638661120572,0.99984506326790834,0.99989638661120572,8.874094320843935e-17,0.99999999984812327,0.95460758887305996,0.99988881486767589,2.1018450406624451e-17
C,1,5.0000000000000002e-05,259,0.012950000000000001,0.58464658336226838,0.99994819865831053,0.99994819866027485,0.99994819866027485,0.99989598500950205,0.99984446275343486,0.99989598500950205,1.1831110445369476e-16,0.99999999984694388,0.95460757908234317,0.99988838392152879,1.8607789211180401e-17
C,1,5.0000000000000002e-05,260,0.013000000000000001,0.58464658336226838,0.99994799864792971,0.99994799864988926,0.99994799864988926,0.99989558340780316,0.99984386223908073,0.99989558340780316,8.4766746981958163e-17,0.99999999984575993,0.95460756929163104,0.99988795297541244,1.2620983932010075e-17
C,1,5.0000000000000002e-05,261,0.013050000000000001,0.58464658336226838,0.99994779863750882,0.99994779863946315,0.99994779863946315,0.99989518180610837,0.99984326172484672,0.99989518180610837,1.1728273752930505e-16,0.99999999984457122,0.95460755950092313,0.99988752202932674,1.4589872537502169e-17
C,1,5.0000000000000002e-05,262,0.013100000000000001,0.58464658336226838,0.99994759862704807,0.9999475986289974,0.9999475986289974,0.99989478020441847,0.9998426612107314,0.99989478020441847,6.8808947611701602e-17,0.99999999984337828,0.95460754971021988,0.99988709108327178,2.9081949617747898e-17
C,1,5.0000000000000002e-05,263,0.01315,0.58464658336226838,0.99994739861654724,0.99994739861849069,0.99994739861849069,0.99989437860273334,0.99984206069673665,0.99989437860273334,1.2325366120484049e-16,0.99999999984218058,0.95460753991952108,0.99988666013724747,1.8997119352055474e-17
C,1,5.0000000000000002e-05,264,0.0132,0.58464658336226838,0.99994719860600634,0.99994719860794523,0.99994719860794523,0.99989397700105198,0.99984146018286124,0.99989397700105187,9.5547110349430151e-17,0.99999999984097832,0.95460753012882638,0.99988622919125392,1.1837987536211722e-17
C,1,5.0000000000000002e-05,265,0.013250000000000001,0.58464658336226838,0.99994699859542557,0.99994699859735858,0.99994699859735858,0.99989357539937607,0.99984085966910552,0.99989357539937607,6.1825251774714002e-17,0.9999999998397715,0.95460752033813667,0.99988579824529111,7.1474670435461826e-18
C,1,5.0000000000000002e-05,266,0.013300000000000001,0.58464658336226838,0.99994679858480473,0.9999467985867323,0.9999467985867323,0.99989317379770337,0.99984025915546926,0.99989317379770326,6.2731407468044271e-17,0.99999999983856025,0.95460751054745108,0.99988536729935917,2.157436427904134e-17
C,1,5.0000000000000002e-05,267,0.013350000000000001,0.58464658336226838,0.99994659857414392,0.99994659857606571,0.99994659857606571,0.99989277219603589,0.99983965864195312,0.99989277219603578,5.8138300121835923e-17,0.99999999983734433,0.9546075007567697,0.99988493635345777,1.0143089633020073e-17
C,1,5.0000000000000002e-05,268,0.0134,0.58464658336226838,0.99994639856344303,0.99994639856535916,0.99994639856535916,0.99989237059437253,0.99983905812855578,0.99989237059437253,9.3558622008824422e-17,0.99999999983612387,0.95460749096609321,0.99988450540758722,4.0949079277890051e-18
C,1,5.0000000000000002e-05,269,0.01345,0.58464658336226838,0.99994619855270217,0.99994619855461253,0.99994619855461253,0.99989196899271382,0.99983845761527868,0.99989196899271382,1.0352599305822085e-16,0.99999999983489896,0.95460748117542082,0.99988407446174732,7.5341038903214669e-18
C,1,5.0000000000000002e-05,270,0.0135,0.58464658336226838,0.99994599854192123,0.99994599854382549,0.99994599854382549,0.99989156739105978,0.99983785710212225,0.99989156739105978,5.6690137871084302e-17,0.99999999983366927,0.9546074713847531,0.99988364351593806,2.1442444191827586e-17
C,1,5.0000000000000002e-05,271,0.013550000000000001,0.58464658336226838,0.99994579853110033,0.99994579853299881,0.99994579853299881,0.99989116578940984,0.99983725658908373,0.99989116578940973,1.4364443293546664e-17,0.99999999983243515,0.95460746159408982,0.99988321257015944,1.2746903590149687e-17
C,1,5.0000000000000002e-05,272,0.013600000000000001,0.58464658336226838,0.99994559852023945,0.9999455985221315,0.9999455985221315,0.99989076418776468,0.99983665607616579,0.99989076418776468,2.7222781193426692e-17,0.99999999983119636,0.95460745180343065,0.99988278162441158,1.1912478564639416e-17
C,1,5.0000000000000002e-05,273,0.013650000000000001,0.58464658336226838,0.99994539850933861,0.99994539851122466,0.99994539851122466,0.9998903625861234,0.99983605556336752,0.9998903625861234,4.7819565409747214e-17,0.99999999982995313,0.95460744201277625,0.99988235067869458,3.9293141689845792e-17
C,1,5.0000000000000002e-05,274,0.0137,0.58464658336226838,0.99994519849839769,0.99994519850027774,0.99994519850027774,0.9998899609844869,0.99983545505068883,0.99988996098448679,1.0786773184435222e-16,0.99999999982870524,0.95460743222212618,0.999881919733008,3.2895865372385982e-17
C,1,5.0000000000000002e-05,275,0.01375,0.58464658336226838,0.9999449984874168,0.99994499848928964,0.99994499848928964,0.99988955938285573,0.99983485453812926,0.99988955938285573,1.0694434042405058e-16,0.99999999982745291,0.95460742243148056,0.99988148878735261,3.9383357382564309e-17
C,1,5.0000000000000002e-05,276,0.013800000000000002,0.58464658336226838,0.99994479847639595,0.99994479847826279,0.99994479847826279,0.99988915778122767,0.99983425402569015,0.99988915778122756,6.1725396001861741e-17,0.99999999982619592,0.95460741264083937,0.99988105784172754,1.1565182994792105e-17
C,1,5.0000000000000002e-05,277,0.013850000000000001,0.58464658336226838,0.99994459846533501,0.99994459846719463,0.99994459846719463,0.99988875617960515,0.9998336535133705,0.99988875617960515,6.7758223953837963e-17,0.9999999998249347,0.9546074028502024,0.99988062689613344,2.7275468806330794e-17
C,1,5.0000000000000002e-05,278,0.013900000000000001,0.58464658336226838,0.99994439845423411,0.99994439845608718,0.99994439845608718,0.99988835457798664,0.99983305300117042,0.99988835457798664,9.7301128078842644e-17,0.99999999982366861,0.9546073930595701,0.99988019595056998,2.7656622070375239e-17
C,1,5.0000000000000002e-05,279,0.013950000000000001,0.58464658336226838,0.99994419844309312,0.99994419844493965,0.99994419844493965,0.99988795297637245,0.99983245248908958,0.99988795297637245,7.3635531656974515e-17,0.99999999982239784,0.95460738326894234,0.99987976500503717,3.8236194736994015e-17
C,1,5.0000000000000002e-05,280,0.014,0.58464658336226838,0.99994399843191217,0.99994399843375148,0.99994399843375148,0.9998875513747626,0.99983185197712887,0.9998875513747626,7.1802105764644583e-17,0.99999999982112275,0.9546073734783187,0.99987933405953522,8.2961079963520461e-18
C,1,5.0000000000000002e-05,281,0.01405,0.58464658336226838,0.99994379842069125,0.99994379842252401,0.99994379842252401,0.99988714977315762,0.99983125146528773,0.99988714977315751,6.4317304414656859e-17,0.999999999819843,0.95460736368769972,0.99987890311406369,4.0017917428323747e-17
C,1,5.0000000000000002e-05,282,0.014100000000000001,0.58464658336226838,0.99994359840943026,0.99994359841125591,0.99994359841125591,0.99988674817155687,0.99983065095356594,0.99988674817155687,1.0063613544198245e-16,0.99999999981855858,0.9546073538970854,0.99987847216862313,7.5576507532822731e-18
C,1,5.0000000000000002e-05,283,0.014150000000000001,0.58464658336226838,0.99994339839812929,0.99994339839994784,0.99994339839994784,0.99988634656996056,0.99983005044196394,0.99988634656996056,6.6438299867292443e-17,0.99999999981726972,0.95460734410647496,0.99987804122321333,2.275703207041896e-17
C,1,5.0000000000000002e-05,284,0.014200000000000001,0.58464658336226838,0.99994319838678836,0.99994319838859946,0.99994319838859946,0.99988594496836869,0.99982944993048206,0.99988594496836869,9.6279459990756801e-17,0.99999999981597643,0.95460733431586953,0.99987761027783395,1.8627031847504615e-17
C,1,5.0000000000000002e-05,285,0.014250000000000001,0.58464658336226838,0.99994299837540745,0.99994299837721123,0.99994299837721123,0.9998855433667817,0.99982884941911943,0.9998855433667817,9.3513874816811085e-17,0.99999999981467824,0.9546073245252682,0.99987717933248565,2.0011345568149641e-17
C,1,5.0000000000000002e-05,286,0.0143,0.58464658336226838,0.99994279836398647,0.9999427983657827,0.9999427983657827,0.99988514176519927,0.99982824890787647,0.99988514176519927,1.5221589262933524e-16,0.99999999981337595,0.9546073147346712,0.99987674838716778,5.3583286682357387e-17
C,1,5.0000000000000002e-05,287,0.01435,0.58464658336226838,0.99994259835252541,0.99994259835431443,0.99994259835431443,0.99988474016362083,0.99982764839675342,0.99988474016362083,3.9053460265877082e-17,0.99999999981206877,0.95460730494407864,0.99987631744188066,6.8732421739979472e-17
C,1,5.0000000000000002e-05,288,0.014400000000000001,0.58464658336226838,0.9999423983410245,0.99994239834280552,0.99994239834280552,0.99988433856204695,0.99982704788575016,0.99988433856204695,1.0289060237100923e-16,0.99999999981075716,0.95460729515349096,0.9998758864966244,1.8854229458739813e-17
C,1,5.0000000000000002e-05,289,0.014450000000000001,0.58464658336226838,0.9999421983294835,0.99994219833125664,0.99994219833125664,0.9998839369604775,0.99982644737486637,0.99988393696047739,9.9053633353775198e-17,0.99999999980944088,0.9546072853629074,0.99987545555139856,3.3044019841538762e-17
C,1,5.0000000000000002e-05,290,0.014500000000000001,0.58464658336226838,0.99994199831790243,0.99994199831966768,0.99994199831966768,0.99988353535891261,0.99982584686410203,0.99988353535891261,5.1620421536779719e-17,0.99999999980811993,0.95460727557232838,0.99987502460620381,3.0234000584611983e-18
C,1,5.0000000000000002e-05,291,0.01455,0.58464658336226838,0.99994179830628138,0.99994179830803875,0.99994179830803875,0.99988313375735249,0.99982524635345682,0.99988313375735238,1.4853479743414635e-16,0.99999999980679488,0.9546072657817537,0.99987459366103981,3.8679179358560731e-17
C,1,5.0000000000000002e-05,292,0.0146,0.58464658336226838,0.99994159829462037,0.99994159829636997,0.99994159829636997,0.99988273215579615,0.9998246458429324,0.99988273215579604,1.4629008391292043e-16,0.99999999980546483,0.95460725599118357,0.99987416271590612,2.1648461319432712e-17
C,1,5.0000000000000002e-05,293,0.014650000000000002,0.58464658336226838,0.99994139828291939,0.99994139828466022,0.99994139828466022,0.99988233055424447,0.99982404533252656,0.99988233055424447,6.6957550863766495e-17,0.99999999980413046,0.95460724620061788,0.99987373177080341,3.1613255628600617e-17
C,1,5.0000000000000002e-05,294,0.014700000000000001,0.58464658336226838,0.99994119827117833,0.99994119827291139,0.99994119827291139,0.99988192895269745,0.99982344482224139,0.99988192895269745,1.5380660436448525e-16,0.99999999980279131,0.95460723641005618,0.99987330082573134,1.7679253707979602e-17
C,1,5.0000000000000002e-05,295,0.014750000000000001,0.58464658336226838,0.99994099825939731,0.99994099826112193,0.99994099826112193,0.99988152735115454,0.99982284431207502,0.99988152735115454,8.7347346947122916e-17,0.99999999980144794,0.95460722661949926,0.99987286988069013,1.7601485856408522e-17
C,1,5.0000000000000002e-05,296,0.014800000000000001,0.58464658336226838,0.99994079824757631,0.99994079824929238,0.99994079824929238,0.99988112574961674,0.99982224380202922,0.99988112574961674,5.4445453838286602e-17,0.99999999980009979,0.95460721682894711,0.99987243893567934,1.3850991455363626e-17
C,1,5.0000000000000002e-05,297,0.01485,0.58464658336226838,0.99994059823571524,0.99994059823742243,0.99994059823742243,0.99988072414808371,0.99982164329210277,0.99988072414808371,1.0061640801269483e-16,0.99999999979874699,0.95460720703839896,0.99987200799069942,2.419460127967812e-17
C,1,5.0000000000000002e-05,298,0.0149,0.58464658336226838,0.9999403982238142,0.99994039822551273,0.99994039822551273,0.99988032254655468,0.99982104278229567,0.99988032254655457,2.7086947681580565e-17,0.99999999979738996,0.95460719724785548,0.99987157704575025,2.0949046677942317e-17
C,1,5.0000000000000002e-05,299,0.014950000000000001,0.58464658336226838,0.99994019821187308,0.99994019821356306,0.99994019821356306,0.99987992094502953,0.99982044227260847,0.99987992094502953,3.8699576735211704e-17,0.99999999979602794,0.9546071874573161,0.99987114610083172,2.2960880281977652e-17
C,1,5.0000000000000002e-05,300,0.015000000000000001,0.58464658336226838,0.99993999819989199,0.9999399982015732,0.9999399982015732,0.99987951934350872,0.99981984176304084,0.99987951934350872,9.7382427100403814e-17,0.99999999979466148,0.95460717766678127,0.99987071515594395,1.7201251509272458e-17
C,1,5.0000000000000002e-05,301,0.015050000000000001,0.58464658336226838,0.99993979818787093,0.99993979818954315,0.99993979818954315,0.99987911774199345,0.99981924125359267,0.99987911774199345,9.2325968689754766e-17,0.99999999979329046,0.95460716787625122,0.99987028421108692,4.2889558476014659e-17
C,1,5.0000000000000002e-05,302,0.015100000000000001,0.58464658336226838,0.9999395981758098,0.99993959817747313,0.99993959817747313,0.99987871614048263,0.99981864074426507,0.99987871614048252,1.1671014067893477e-16,0.99999999979191523,0.95460715808572583,0.99986985326626054,3.2672958669122023e-17
C,1,5.0000000000000002e-05,303,0.01515,0.58464658336226838,0.99993939816370869,0.9999393981653627,0.9999393981653627,0.99987831453897535,0.99981804023505594,0.99987831453897535,9.3826692724617621e-17,0.99999999979053511,0.9546071482952041,0.99986942232146481,2.7835809840691977e-17
C,1,5.0000000000000002e-05,304,0.0152,0.58464658336226838,0.99993919815156762,0.99993919815321253,0.99993919815321253,0.99987791293747319,0.99981743972596726,0.99987791293747308,5.5223484793255329e-17,0.99999999978915066,0.95460713850468737,0.99986899137669993,2.9189366203779588e-18
C,1,5.0000000000000002e-05,305,0.015250000000000001,0.58464658336226838,0.99993899813938647,0.99993899814102172,0.99993899814102172,0.99987751133597491,0.9998168392169976,0.9998775113359748,7.4457076179551593e-17,0.99999999978776155,0.95460712871417464,0.9998685604319657,2.3585816860112358e-17
C,1,5.0000000000000002e-05,306,0.015300000000000001,0.58464658336226838,0.99993879812716535,0.99993879812879138,0.99993879812879138,0.99987710973448152,0.99981623870814851,0.99987710973448152,3.8143647322925796e-17,0.99999999978636755,0.95460711892366668,0.99986812948726245,3.4094733134529847e-18
C,1,5.0000000000000002e-05,307,0.015350000000000001,0.58464658336226838,0.99993859811490426,0.99993859811652042,0.99993859811652042,0.99987670813299256,0.99981563819941821,0.99987670813299256,3.762458377135936e-17,0.99999999978496934,0.95460710913316249,0.99986769854258961,1.0282207732764182e-17
C,1,5.0000000000000002e-05,308,0.0154,0.58464658336226838,0.9999383981026031,0.99993839810421004,0.99993839810421004,0.9998763065315085,0.99981503769080782,0.99987630653150839,4.6519964744462742e-17,0.99999999978356624,0.95460709934266386,0.99986726759794764,3.745158013308859e-17
C,1,5.0000000000000002e-05,309,0.01545,0.58464658336226838,0.99993819809026196,0.99993819809185935,0.99993819809185935,0.9998759049300282,0.99981443718231722,0.99987590493002809,9.2386827090783546e-17,0.99999999978215903,0.954607089552169,0.9998668366533362,8.9344916978981688e-18
C,1,5.0000000000000002e-05,310,0.0155,0.58464658336226838,0.99993799807788086,0.99993799807946859,0.99993799807946859,0.99987550332855279,0.99981383667394619,0.99987550332855279,1.3336309319842912e-16,0.99999999978074716,0.95460707976167869,0.99986640570875551,5.3011338699603193e-17
C,1,5.0000000000000002e-05,311,0.015550000000000001,0.58464658336226838,0.99993779806545968,0.9999377980670372,0.9999377980670372,0.99987510172708183,0.99981323616569495,0.99987510172708183,6.075994030583389e-17,0.99999999977933063,0.95460706997119282,0.99986597476420558,1.1912665166672842e-17
C,1,5.0000000000000002e-05,312,0.015600000000000001,0.58464658336226838,0.99993759805299853,0.99993759805456606,0.99993759805456606,0.99987470012561452,0.99981263565756273,0.99987470012561452,7.7443229259053241e-17,0.99999999977790943,0.95460706018071118,0.99986554381968651,5.7431597187612252e-17
C,1,5.0000000000000002e-05,313,0.015650000000000001,0.58464658336226838,0.99993739804049731,0.99993739804205484,0.99993739804205484,0.99987429852415266,0.9998120351495513,0.99987429852415266,6.2249797817914766e-17,0.99999999977648379,0.95460705039023397,0.99986511287519808,1.1912674736163287e-18
C,1,5.0000000000000002e-05,314,0.015700000000000002,0.58464658336226838,0.99993719802795622,0.99993719802950309,0.99993719802950309,0.99987389692269479,0.99981143464165922,0.99987389692269479,1.0489159705632765e-16,0.99999999977505383,0.95460704059976165,0.9998646819307403,1.3583360670982723e-17
C,1,5.0000000000000002e-05,315,0.01575,0.58464658336226838,0.99993699801537494,0.99993699801691205,0.99993699801691205,0.99987349532124137,0.99981083413388583,0.99987349532124126,4.8765856171494956e-17,0.99999999977361886,0.95460703080929343,0.99986425098631315,1.0671664256883301e-17
C,1,5.0000000000000002e-05,316,0.015800000000000002,0.58464658336226838,0.99993679800275381,0.99993679800428048,0.99993679800428048,0.99987309371979294,0.99981023362623311,0.99987309371979294,6.1629623910909983e-17,0.99999999977217968,0.95460702101882988,0.99986382004191676,3.8495684758891817e-17
C,1,5.0000000000000002e-05,317,0.01585,0.58464658336226838,0.9999365979900926,0.99993659799160872,0.99993659799160872,0.99987269211834851,0.99980963311869997,0.99987269211834839,9.3886613745873828e-17,0.99999999977073561,0.95460701122837066,0.99986338909755113,1.0934652963967856e-17
C,1,5.0000000000000002e-05,318,0.015900000000000001,0.58464658336226838,0.99993639797739131,0.99993639797889688,0.99993639797889688,0.99987229051690885,0.99980903261128573,0.99987229051690885,6.1154423915720766e-17,0.99999999976928733,0.95460700143791588,0.99986295815321624,1.6794535340743918e-17
C,1,5.0000000000000002e-05,319,0.015950000000000002,0.58464658336226838,0.99993619796465016,0.9999361979661453,0.9999361979661453,0.99987188891547352,0.99980843210399206,0.99987188891547341,1.4704166065068306e-16,0.99999999976783427,0.95460699164746554,0.999862527208912,1.0402321078178077e-17
C,1,5.0000000000000002e-05,320,0.016,0.58464658336226838,0.99993599795186894,0.99993599795335286,0.99993599795335286,0.99987148731404263,0.99980783159681774,0.99987148731404263,9.4018010921024416e-17,0.99999999976637677,0.95460698185701931,0.99986209626463862,2.3825416458998537e-18
C,1,5.0000000000000002e-05,321,0.016050000000000002,0.58464658336226838,0.99993579793904763,0.99993579794052123,0.99993579794052123,0.99987108571261651,0.99980723108976277,0.99987108571261651,7.2162430032800804e-17,0.99999999976491449,0.95460697206657796,0.99986166532039578,6.256163900018243e-17
C,1,5.0000000000000002e-05,322,0.0161,0.58464658336226838,0.99993559792618647,0.99993559792764941,0.99993559792764941,0.99987068411119451,0.99980663058282804,0.99987068411119451,1.0823217702995331e-16,0.99999999976344789,0.95460696227614084,0.99986123437618357,1.7639429041845554e-17
C,1,5.0000000000000002e-05,323,0.016150000000000001,0.58464658336226838,0.99993539791328512,0.99993539791473662,0.99993539791473662,0.99987028250977683,0.99980603007601232,0.99987028250977683,1.457257116610668e-16,0.99999999976197651,0.95460695248570804,0.99986080343200234,2.9912652042860854e-17
C,1,5.0000000000000002e-05,324,0.016199999999999999,0.58464658336226838,0.99993519790034402,0.99993519790178387,0.99993519790178387,0.99986988090836426,0.99980542956931662,0.99986988090836426,1.2125522390637459e-16,0.9999999997605008,0.95460694269527968,0.99986037248785176,7.5239035721521709e-17
C,1,5.0000000000000002e-05,325,0.016250000000000001,0.58464658336226838,0.99993499788736273,0.99993499788879148,0.99993499788879148,0.99986947930695524,0.9998048290627406,0.99986947930695524,8.2581303670388529e-17,0.99999999975902054,0.9546069329048561,0.99985994154373181,2.7373374458709723e-17
C,1,5.0000000000000002e-05,326,0.016300000000000002,0.58464658336226838,0.99993479787434136,0.99993479787575867,0.99993479787575867,0.99986907770555067,0.99980422855628392,0.99986907770555078,3.9411400361993629e-17,0.9999999997575354,0.95460692311443673,0.99985951059964262,2.4558736343240749e-18
C,1,5.0000000000000002e-05,327,0.01635,0.58464658336226838,0.99993459786128014,0.99993459786268613,0.99993459786268613,0.99986867610415187,0.9998036280499476,0.99986867610415187,4.1400777195440687e-17,0.99999999975604614,0.95460691332402203,0.99985907965558418,6.7388643638976362e-18
C,1,5.0000000000000002e-05,328,0.016400000000000001,0.58464658336226838,0.99993439784817884,0.9999343978495735,0.9999343978495735,0.99986827450275639,0.99980302754373029,0.99986827450275628,1.0450468386900808e-16,0.99999999975455223,0.95460690353361133,0.9998586487115565,5.2446534516727609e-17
C,1,5.0000000000000002e-05,329,0.016449999999999999,0.58464658336226838,0.99993419783503756,0.99993419783642068,0.99993419783642068,0.99986787290136603,0.999802427037633,0.99986787290136592,6.2619878882556456e-17,0.99999999975305365,0.9546068937432054,0.99985821776755945,2.7536664271117656e-17
C,1,5.0000000000000002e-05,330,0.016500000000000001,0.58464658336226838,0.99993399782185621,0.99993399782322734,0.99993399782322734,0.99986747129997955,0.99980182653165528,0.99986747129997944,5.1381158858822903e-17,0.99999999975155041,0.9546068839528038,0.99985778682359294,4.0573385185167286e-17
C,1,5.0000000000000002e-05,331,0.016550000000000002,0.58464658336226838,0.99993379780863489,0.99993379780999403,0.99993379780999403,0.99986706969859795,0.99980122602579669,0.99986706969859784,6.8438196054043279e-17,0.9999999997500425,0.95460687416240664,0.99985735587965752,5.7543122500000874e-17
C,1,5.0000000000000002e-05,332,0.0166,0.58464658336226838,0.99993359779537361,0.99993359779672064,0.99993359779672064,0.99986666809722069,0.99980062552005855,0.99986666809722069,7.3090776246292924e-17,0.99999999974853049,0.95460686437201414,0.99985692493575251,4.2952087373128425e-17
C,1,5.0000000000000002e-05,333,0.016650000000000002,0.58464658336226838,0.99993339778207224,0.99993339778340762,0.99993339778340762,0.99986626649584742,0.99980002501443943,0.99986626649584742,7.0234439353897045e-17,0.99999999974701359,0.95460685458162575,0.99985649399187826,2.0443643661150636e-17
C,1,5.0000000000000002e-05,334,0.0167,0.58464658336226838,0.99993319776873102,0.99993319777005418,0.99993319777005418,0.99986586489447937,0.99979942450894077,0.99986586489447937,7.3626876685568657e-17,0.99999999974549214,0.9546068447912418,0.99985606304803465,2.0365271629839927e-17
C,1,5.0000000000000002e-05,335,0.016750000000000001,0.58464658336226838,0.99993299775534961,0.99993299775666067,0.99993299775666067,0.9998654632931151,0.99979882400356113,0.9998654632931151,7.399734183359876e-17,0.99999999974396614,0.95460683500086252,0.99985563210422201,2.068304968037642e-17
C,1,5.0000000000000002e-05,336,0.016800000000000002,0.58464658336226838,0.99993279774192823,0.99993279774322719,0.99993279774322719,0.99986506169175648,0.9997982234983015,0.99986506169175648,6.189799919225164e-17,0.9999999997424357,0.95460682521048745,0.99985520116044002,8.2542824482560411e-17
C,1,5.0000000000000002e-05,337,0.01685,0.58464658336226838,0.99993259772846688,0.99993259772975351,0.99993259772975351,0.99986466009040131,0.99979762299316133,0.99986466009040131,3.5903360815588604e-17,0.99999999974090081,0.95460681542011694,0.99985477021668867,2.3892494615873404e-17
C,1,5.0000000000000002e-05,338,0.016900000000000002,0.58464658336226838,0.99993239771496556,0.99993239771623943,0.99993239771623943,0.99986425848905058,0.99979702248814062,0.99986425848905047,5.8331294433425286e-17,0.99999999973936116,0.95460680562975087,0.99985433927296807,1.9438307724641638e-17
C,1,5.0000000000000002e-05,339,0.01695,0.58464658336226838,0.99993219770142416,0.99993219770268527,0.99993219770268527,0.99986385688770485,0.9997964219832397,0.99986385688770474,8.3939389278749233e-17,0.99999999973781672,0.95460679583938945,0.99985390832927801,2.1443167715407804e-17
C,1,5.0000000000000002e-05,340,0.017000000000000001,0.58464658336226838,0.9999319976878428,0.99993199768909069,0.99993199768909069,0.99986345528636322,0.99979582147845858,0.99986345528636322,7.9535673162188909e-17,0.99999999973626819,0.95460678604903215,0.99985347738561892,4.109917354390072e-17
C,1,5.0000000000000002e-05,341,0.017049999999999999,0.58464658336226838,0.99993179767422136,0.99993179767545748,0.99993179767545748,0.99986305368502604,0.99979522097379692,0.99986305368502593,8.1465846164809127e-17,0.99999999973471498,0.95460677625867929,0.99985304644199036,2.5355089135867457e-17
C,1,5.0000000000000002e-05,342,0.017100000000000001,0.58464658336226838,0.99993159766055995,0.99993159766178297,0.99993159766178297,0.99986265208369351,0.99979462046925527,0.9998626520836934,7.4144000671234252e-17,0.9999999997331569,0.95460676646833109,0.99985261549839266,4.7340378791674223e-17
C,1,5.0000000000000002e-05,343,0.017150000000000002,0.58464658336226838,0.99993139764685857,0.99993139764806849,0.99993139764806849,0.99986225048236588,0.99979401996483375,0.99986225048236588,6.2814889519296365e-17,0.9999999997315947,0.95460675667798689,0.99985218455482561,2.3825752896510898e-17
C,1,5.0000000000000002e-05,344,0.0172,0.58464658336226838,0.99993119763311722,0.99993119763431426,0.99993119763431426,0.99986184888104179,0.9997934194605308,0.99986184888104179,1.0608945400010379e-16,0.99999999973002762,0.95460674688764757,0.99985175361128931,1.0126173333871325e-17
C,1,5.0000000000000002e-05,345,0.017250000000000001,0.58464658336226838,0.99993099761933579,0.99993099762051951,0.99993099762051951,0.99986144727972226,0.99979281895634831,0.99986144727972215,8.0681271341725792e-17,0.99999999972845621,0.95460673709731259,0.99985132266778354,1.1441897511474641e-17
C,1,5.0000000000000002e-05,346,0.017299999999999999,0.58464658336226838,0.99993079760551429,0.99993079760668468,0.99993079760668468,0.9998610456784075,0.99979221845228472,0.9998610456784075,7.6558295548000881e-17,0.99999999972688003,0.95460672730698226,0.99985089172430852,2.2390228556922482e-17
C,1,5.0000000000000002e-05,347,0.017350000000000001,0.58464658336226838,0.99993059759165281,0.99993059759280956,0.99993059759280956,0.99986064407709729,0.99979161794834071,0.99986064407709718,1.1682323214281626e-16,0.9999999997252994,0.95460671751665571,0.99985046078086426,7.9694929116826269e-18
C,1,5.0000000000000002e-05,348,0.017400000000000002,0.58464658336226838,0.99993039757775137,0.99993039757889468,0.99993039757889468,0.99986024247579175,0.99979101744451726,0.99986024247579164,1.3057327562376866e-16,0.99999999972371423,0.95460670772633416,0.99985002983745086,2.6711182589228566e-17
C,1,5.0000000000000002e-05,349,0.01745,0.58464658336226838,0.99993019756380996,0.99993019756494006,0.99993019756494006,0.99985984087449087,0.99979041694081305,0.99985984087449087,3.783983507051865e-17,0.99999999972212439,0.95460669793601716,0.9998495988940681,3.3778751073919603e-17
C,1,5.0000000000000002e-05,350,0.017500000000000002,0.58464658336226838,0.99992999754982848,0.99992999755094469,0.99992999755094469,0.99985943927319354,0.99978981643722853,0.99985943927319354,9.3582829399927332e-17,0.99999999972053,0.95460668814570415,0.99984916795071588,2.4710195282833512e-17
C,1,5.0000000000000002e-05,351,0.01755,0.58464658336226838,0.99992979753580702,0.9999297975369088,0.9999297975369088,0.99985903767190132,0.99978921593376413,0.99985903767190121,4.259109320852066e-17,0.99999999971893117,0.9546066783553957,0.99984873700739441,2.2798540482158598e-17
C,1,5.0000000000000002e-05,352,0.017600000000000001,0.58464658336226838,0.99992959752174548,0.99992959752283428,0.99992959752283428,0.99985863607061298,0.99978861543041886,0.99985863607061298,5.2075339421211146e-17,0.99999999971732789,0.95460666856509169,0.99984830606410391,7.463386240336615e-18
C,1,5.0000000000000002e-05,353,0.017650000000000002,0.58464658336226838,0.99992939750764409,0.99992939750871856,0.99992939750871856,0.99985823446932964,0.99978801492719271,0.99985823446932964,4.7034316946901839e-17,0.99999999971571962,0.95460665877479223,0.99984787512084383,2.2127166763249105e-17
C,1,5.0000000000000002e-05,354,0.0177,0.58464658336226838,0.99992919749350251,0.99992919749456277,0.99992919749456277,0.99985783286805086,0.99978741442408703,0.99985783286805074,6.1957095768713194e-17,0.99999999971410714,0.9546066489844971,0.99984744417761462,2.0847524099602906e-17
C,1,5.0000000000000002e-05,355,0.017750000000000002,0.58464658336226838,0.99992899747932107,0.99992899748036801,0.99992899748036801,0.99985743126677595,0.99978681392110058,0.99985743126677584,7.1777102434602614e-17,0.99999999971249021,0.9546066391942063,0.99984701323441594,9.5488962852626887e-18
C,1,5.0000000000000002e-05,356,0.0178,0.58464658336226838,0.99992879746509955,0.99992879746613172,0.99992879746613172,0.99985702966550605,0.99978621341823426,0.99985702966550594,4.3404727559748361e-17,0.99999999971086817,0.95460662940392016,0.99984658229124823,5.6825696428363135e-18
C,1,5.0000000000000002e-05,357,0.017850000000000001,0.58464658336226838,0.99992859745083795,0.99992859745185603,0.99992859745185603,0.99985662806424003,0.9997856129154874,0.99985662806424003,4.1813865216166453e-17,0.99999999970924225,0.95460661961363846,0.99984615134811095,7.627968440234051e-18
C,1,5.0000000000000002e-05,358,0.017899999999999999,0.58464658336226838,0.9999283974365365,0.99992839743754003,0.99992839743754003,0.99985622646297967,0.99978501241286033,0.99985622646297967,1.7097641129624335e-16,0.99999999970761133,0.95460660982336143,0.99984572040500463,1.1912890053706818e-17
C,1,5.0000000000000002e-05,359,0.017950000000000001,0.58464658336226838,0.99992819742219485,0.99992819742318417,0.99992819742318417,0.99985582486172264,0.9997844119103525,0.99985582486172264,5.3172217345531055e-17,0.99999999970597597,0.95460660003308806,0.99984528946192908,7.6393615185798336e-17
C,1,5.0000000000000002e-05,360,0.018000000000000002,0.58464658336226838,0.99992799740781335,0.99992799740878757,0.99992799740878757,0.99985542326047105,0.99978381140796491,0.99985542326047105,6.7051311703390186e-17,0.99999999970433606,0.95460659024281969,0.99984485851888405,3.9456773565080194e-17
C,1,5.0000000000000002e-05,361,0.01805,0.58464658336226838,0.99992779739339177,0.99992779739435134,0.99992779739435134,0.99985502165922302,0.99978321090569666,0.99985502165922291,1.2806343498621764e-16,0.9999999997026916,0.95460658045255586,0.99984442757586989,2.4363273004081606e-17
C,1,5.0000000000000002e-05,362,0.018100000000000002,0.58464658336226838,0.99992759737893022,0.99992759737987513,0.99992759737987513,0.99985462005797998,0.99978261040354777,0.99985462005797998,4.672181033325798e-17,0.9999999997010427,0.95460657066229637,0.99984399663288648,1.3686890632818834e-17
C,1,5.0000000000000002e-05,363,0.018149999999999999,0.58464658336226838,0.99992739736442871,0.99992739736535852,0.99992739736535852,0.99985421845674138,0.99978200990151922,0.99985421845674127,8.5507842867062614e-17,0.99999999969938924,0.9546065608720411,0.99984356568993371,3.6128824072285398e-17
C,1,5.0000000000000002e-05,364,0.018200000000000001,0.58464658336226838,0.99992719734988711,0.99992719735080193,0.99992719735080193,0.99985381685550667,0.99978140939961013,0.99985381685550667,7.9927681675316857e-17,0.9999999996977309,0.95460655108179004,0.9998431347470117,2.3811058131328118e-17
C,1,5.0000000000000002e-05,365,0.018250000000000002,0.58464658336226838,0.99992699733530543,0.99992699733620549,0.99992699733620549,0.99985341525427662,0.99978080889782039,0.99985341525427662,2.4940906407995393e-17,0.99999999969606823,0.95460654129154399,0.99984270380412021,1.3791009979427275e-17
C,1,5.0000000000000002e-05,366,0.0183,0.58464658336226838,0.9999267973206839,0.99992679732156842,0.99992679732156842,0.99985301365305157,0.99978020839615045,0.99985301365305146,1.5440968967960544e-16,0.99999999969440101,0.95460653150130248,0.99984227286125971,2.3291222069165509e-17
C,1,5.0000000000000002e-05,367,0.018350000000000002,0.58464658336226838,0.99992659730602229,0.99992659730689082,0.99992659730689082,0.99985261205183062,0.99977960789460008,0.99985261205183051,3.3963765127121127e-17,0.99999999969272912,0.9546065217110653,0.99984184191842951,4.2687548595898593e-17
C,1,5.0000000000000002e-05,368,0.0184,0.58464658336226838,0.9999263972913206,0.99992639729217436,0.99992639729217436,0.99985221045061423,0.99977900739316961,0.99985221045061423,3.2620246890804328e-17,0.99999999969105291,0.95460651192083179,0.99984141097563017,3.9957208444572043e-17
C,1,5.0000000000000002e-05,369,0.018450000000000001,0.58464658336226838,0.99992619727657894,0.99992619727741727,0.99992619727741727,0.99985180884940172,0.99977840689185904,0.99985180884940161,4.8286706797163587e-17,0.99999999968937181,0.95460650213060327,0.99984098003286193,3.1321072485091386e-17
C,1,5.0000000000000002e-05,370,0.018500000000000003,0.58464658336226838,0.99992599726179732,0.99992599726261988,0.99992599726261988,0.99985140724819466,0.99977780639066782,0.99985140724819466,1.501877602052718e-16,0.99999999968768638,0.95460649234037931,0.9998405490901241,4.6227054950130384e-17
C,1,5.0000000000000002e-05,371,0.018550000000000001,0.58464658336226838,0.99992579724697572,0.9999257972477833,0.9999257972477833,0.99985100564699125,0.99977720588959607,0.99985100564699125,9.2638332283060741e-17,0.99999999968599629,0.95460648255015967,0.99984011814741691,4.1992100583316155e-17
C,1,5.0000000000000002e-05,372,0.018600000000000002,0.58464658336226838,0.99992559723211405,0.99992559723290508,0.99992559723290508,0.99985060404579273,0.9997766053886441,0.99985060404579273,5.7392149558244058e-17,0.99999999968430164,0.95460647275994426,0.9998396872047407,2.1310545408861395e-17
C,1,5.0000000000000002e-05,373,0.01865,0.58464658336226838,0.99992539721721241,0.99992539721798779,0.99992539721798779,0.99985020244459899,0.99977600488781138,0.99985020244459899,8.3397542329709295e-17,0.99999999968260267,0.9546064629697335,0.99983925626209502,4.3948981284902901e-17
C,1,5.0000000000000002e-05,374,0.018700000000000001,0.58464658336226838,0.99992519720227069,0.99992519720303008,0.99992519720303008,0.99984980084340924,0.99977540438709922,0.99984980084340924,1.0837942938840844e-16,0.9999999996808987,0.9546064531795273,0.9998388253194801,4.7651866451621635e-18
C,1,5.0000000000000002e-05,375,0.018749999999999999,0.58464658336226838,0.999924997187289,0.99992499718803252,0.99992499718803252,0.99984939924222416,0.99977480388650619,0.99984939924222416,8.4149292740177652e-17,0.9999999996791904,0.9546064433893251,0.99983839437689592,2.0356894448282381e-17
C,1,5.0000000000000002e-05,376,0.018800000000000001,0.58464658336226838,0.99992479717226734,0.99992479717299443,0.99992479717299443,0.99984899764104351,0.99977420338603262,0.9998489976410434,6.6282193097291262e-17,0.99999999967747766,0.95460643359912778,0.99983796343434228,1.214912775906388e-17
C,1,5.0000000000000002e-05,377,0.018850000000000002,0.58464658336226838,0.99992459715720561,0.99992459715791648,0.99992459715791648,0.99984859603986709,0.99977360288567907,0.99984859603986709,9.6168570732854817e-17,0.99999999967576025,0.9546064238089349,0.99983753249181961,1.7437365197927321e-17
C,1,5.0000000000000002e-05,378,0.0189,0.58464658336226838,0.9999243971421039,0.99992439714279868,0.99992439714279868,0.99984819443869521,0.99977300238544553,0.99984819443869521,3.5573793287488767e-17,0.9999999996740383,0.95460641401874602,0.99983710154932759,1.9854123092920172e-17
C,1,5.0000000000000002e-05,379,0.018950000000000002,0.58464658336226838,0.99992419712696223,0.99992419712764014,0.99992419712764014,0.99984779283752756,0.99977240188533112,0.99984779283752745,5.843410732429099e-17,0.99999999967231168,0.95460640422856236,0.99983667060686621,5.6502045777069513e-17
C,1,5.0000000000000002e-05,380,0.019,0.58464658336226838,0.99992399711178048,0.99992399711244229,0.99992399711244229,0.99984739123636501,0.99977180138533606,0.9998473912363649,1.2407567589789524e-16,0.99999999967058073,0.95460639443838247,0.99983623966443536,2.9037926099459245e-18
C,1,5.0000000000000002e-05,381,0.019050000000000001,0.58464658336226838,0.99992379709655876,0.99992379709720358,0.99992379709720358,0.99984698963520624,0.99977120088546112,0.99984698963520624,4.4848089942109605e-17,0.99999999966884512,0.95460638464820724,0.99983580872203526,7.1517699623087482e-17
C,1,5.0000000000000002e-05,382,0.019100000000000002,0.58464658336226838,0.99992359708129708,0.9999235970819248,0.9999235970819248,0.99984658803405291,0.99977060038570642,0.9998465880340528,3.0522294611468188e-17,0.99999999966710496,0.95460637485803623,0.99983537777966625,1.593868818069618e-17
C,1,5.0000000000000002e-05,383,0.01915,0.58464658336226838,0.99992339706599531,0.99992339706660671,0.99992339706660671,0.99984618643290302,0.99976999988607074,0.99984618643290302,1.0310668093976597e-16,0.99999999966536024,0.95460636506786967,0.99983494683732776,2.9089462095873873e-17
C,1,5.0000000000000002e-05,384,0.019200000000000002,0.58464658336226838,0.99992319705065347,0.99992319705124744,0.99992319705124744,0.99984578483175812,0.99976939938655418,0.99984578483175801,8.0736426985936988e-17,0.99999999966361075,0.9546063552777081,0.99983451589501982,2.5612981095229272e-17
C,1,5.0000000000000002e-05,385,0.01925,0.58464658336226838,0.99992299703527177,0.99992299703584897,0.99992299703584897,0.99984538323061745,0.99976879888715819,0.99984538323061734,5.7769575155012354e-17,0.99999999966185693,0.9546063454875503,0.99983408495274295,5.6198531913526234e-18
C,1,5.0000000000000002e-05,386,0.019300000000000001,0.58464658336226838,0.99992279701984987,0.99992279702040943,0.99992279702040943,0.99984498162948143,0.99976819838788133,0.99984498162948132,1.8690926148238974e-16,0.99999999966009856,0.95460633569739728,0.99983365401049618,2.1517770841813074e-17
C,1,5.0000000000000002e-05,387,0.019350000000000003,0.58464658336226838,0.99992259700438813,0.9999225970049308,0.9999225970049308,0.9998445800283503,0.99976759788872438,0.99984458002835019,5.0300048765060978e-17,0.99999999965833586,0.9546063259072487,0.99983322306828049,2.5833698961675927e-17
C,1,5.0000000000000002e-05,388,0.019400000000000001,0.58464658336226838,0.9999223969888863,0.9999223969894121,0.9999223969894121,0.99984417842722295,0.99976699738968666,0.99984417842722295,4.4229952170256316e-17,0.99999999965656783,0.95460631611710445,0.99983279212609566,7.4033574942243452e-17
C,1,5.0000000000000002e-05,389,0.019450000000000002,0.58464658336226838,0.9999221969733445,0.99992219697385254,0.99992219697385254,0.99984377682610048,0.99976639689076985,0.99984377682610048,5.4092978070229647e-17,0.99999999965479602,0.9546063063269643,0.99983236118394125,3.013786812737024e-17
C,1,5.0000000000000002e-05,390,0.0195,0.58464658336226838,0.99992199695776263,0.99992199695825323,0.99992199695825323,0.99984337522498246,0.99976579639197183,0.99984337522498246,6.1484414027551992e-17,0.99999999965301922,0.95460629653682938,0.99983193024181771,5.0105642120565008e-17
C,1,5.0000000000000002e-05,391,0.019550000000000001,0.58464658336226838,0.99992179694214089,0.99992179694261341,0.99992179694261341,0.99984297362386843,0.99976519589329305,0.99984297362386831,8.2616959944252794e-17,0.99999999965123787,0.95460628674669845,0.99983149929972492,2.3944930049505238e-17
C,1,5.0000000000000002e-05,392,0.019599999999999999,0.58464658336226838,0.99992159692647908,0.99992159692693416,0.99992159692693416,0.99984257202275928,0.99976459539473417,0.99984257202275928,9.2223618383497651e-17,0.99999999964945241,0.95460627695657185,0.99983106835766256,5.6335690353765628e-17
C,1,5.0000000000000002e-05,393,0.019650000000000001,0.58464658336226838,0.99992139691077719,0.99992139691121407,0.99992139691121407,0.99984217042165446,0.99976399489629519,0.99984217042165446,6.934765848151533e-17,0.99999999964766206,0.95460626716644981,0.99983063741563105,3.9222806246052299e-17
C,1,5.0000000000000002e-05,394,0.019700000000000002,0.58464658336226838,0.99992119689503534,0.99992119689545489,0.99992119689545489,0.99984176882055442,0.99976339439797601,0.99984176882055431,8.6536153968282237e-17,0.99999999964586728,0.95460625737633231,0.9998302064736303,6.2078265008961688e-17
C,1,5.0000000000000002e-05,395,0.01975,0.58464658336226838,0.99992099687925351,0.99992099687965463,0.99992099687965463,0.99984136721945904,0.9997627938997764,0.99984136721945893,8.6641141218295476e-17,0.99999999964406749,0.95460624758621915,0.99982977553166053,2.851690436661846e-17
C,1,5.0000000000000002e-05,396,0.019800000000000002,0.58464658336226838,0.9999207968634316,0.9999207968638153,0.9999207968638153,0.99984096561836677,0.99976219340169648,0.99984096561836666,8.8564933107368049e-17,0.99999999964226349,0.95460623779611042,0.99982934458972106,1.0935760377380204e-17
C,1,5.0000000000000002e-05,397,0.01985,0.58464658336226838,0.99992059684756973,0.99992059684793455,0.99992059684793455,0.99984056401727972,0.99976159290373601,0.99984056401727961,1.118170407999819e-16,0.99999999964045505,0.95460622800600636,0.99982891364781223,2.0548033872786072e-17
C,1,5.0000000000000002e-05,398,0.019900000000000001,0.58464658336226838,0.99992039683166778,0.99992039683201461,0.99992039683201461,0.99984016241619744,0.99976099240589544,0.99984016241619744,1.2155508345194271e-16,0.99999999963864217,0.95460621821590641,0.99982848270593461,1.6269100025034377e-17
C,1,5.0000000000000002e-05,399,0.019950000000000002,0.58464658336226838,0.99992019681572586,0.99992019681605449,0.99992019681605449,0.99983976081511938,0.99976039190817501,0.99983976081511938,1.4906924903489059e-16,0.99999999963682418,0.9546062084258109,0.99982805176408729,3.9335740779817094e-17
C,1,5.0000000000000002e-05,400,0.02,0.58464658336226838,0.99991999679974397,0.99991999680005383,0.99991999680005383,0.9998393592140461,0.99975979141057258,0.99983935921404599,9.1379626911607409e-17,0.99999999963500208,0.95460619863571994,0.99982762082227061,3.020864640256568e-17
C,4,0.00040000000000000002,0,0,0.075875218725294305,1,0.99999999999999989,0.99999999999999989,1,1,1,0,0.99999999999999978,0.93750343228680921,1,1.8268620098632432e-17
C,4,0.00040000000000000002,1,0.00040000000000000002,0.075875218725294305,0.99999839999871998,0.99999840000000195,0.99999840000000195,0.9999967997310043,0.99999519998074471,0.9999967997310043,7.7279212890108944e-16,0.99999999998853728,0.937503422242846,0.99999678690983107,6.4322729792642024e-17
C,4,0.00040000000000000002,2,0.00080000000000000004,0.075875218725294305,0.99999679999488,0.99999679999743807,0.99999679999743807,0.99999359946239685,0.99999039996917016,0.99999359946239685,5.6378094564684858e-16,0.99999999995420186,0.93750341218004674,0.99999357381699094,1.9228307874665222e-17
C,4,0.00040000000000000002,3,0.0012000000000000001,0.075875218725294305,0.99999519998847997,0.99999519999232211,0.99999519999232211,0.99999039919419164,0.99998559996527103,0.99999039919419141,7.2914145570432705e-16,0.99999999989707067,0.93750340209843241,0.99999036072148328,1.4377833568069568e-17
C,4,0.00040000000000000002,4,0.0016000000000000001,0.075875218725294305,0.99999359997951986,0.9999935999846431,0.9999935999846431,0.99998719892637788,0.99998079996904732,0.99998719892637788,5.193962543808924e-16,0.99999999981722187,0.93750339199802457,0.99998714762330798,9.1937274326336225e-18
C,4,0.00040000000000000002,5,0.002,0.075875218725294305,0.9999919999679997,0.99999199997439958,0.99999199997439958,0.99998399865895859,0.99997599998050746,0.99998399865895848,5.2361143294036649e-16,0.99999999971473241,0.93750338187884197,0.99998393452246559,1.8962632516933246e-17
C,4,0.00040000000000000002,6,0.0024000000000000002,0.075875218725294305,0.99999039995391958,0.99999039996159622,0.99999039996159622,0.9999807983919301,0.9999711999996399,0.99998079839192999,5.0867576454145487e-16,0.99999999958967967,0.93750337174090759,0.99998072141895888,1.259313122273327e-19
C,4,0.00040000000000000002,7,0.0028,0.075875218725294305,0.99998879993727929,0.99998879994624101,0.99998879994624101,0.99997759812529652,0.99996640002645198,0.99997759812529641,6.8937483604083325e-16,0.99999999944214046,0.93750336158424097,0.99997750831278931,8.1911110240489535e-18
C,4,0.00040000000000000002,8,0.0032000000000000002,0.075875218725294305,0.99998719991807894,0.9999871999283152,0.9999871999283152,0.99997439785906272,0.99996160006094692,0.99997439785906272,6.6031967996024615e-16,0.9999999992721913,0.93750335140886276,0.99997429520395897,4.1835091460079922e-17
C,4,0.00040000000000000002,9,0.0036000000000000003,0.075875218725294305,0.99998559989631852,0.99998559990783742,0.99998559990783742,0.99997119759320985,0.99995680010311616,0.99997119759320985,5.172484277243803e-16,0.99999999907990933,0.93750334121479395,0.99997108209246821,2.2874061015439453e-17
C,4,0.00040000000000000002,10,0.0040000000000000001,0.075875218725294305,0.99998399987199793,0.9999839998847937,0.9999839998847937,0.99996799732774655,0.9999520001529667,0.99996799732774644,4.0385032295334242e-16,0.99999999886537017,0.93750333100205485,0.99996786897831869,3.6774252233396072e-17
C,4,0.00040000000000000002,11,0.0044000000000000003,0.075875218725294305,0.99998239984511728,0.99998239985919446,0.99998239985919446,0.99996479706268238,0.99994720021049033,0.99996479706268238,1.0624473817308938e-15,0.99999999862865008,0.93750332077066612,0.99996465586151495,4.4240478867369991e-17
C,4,0.00040000000000000002,12,0.0048000000000000004,0.075875218725294305,0.99998079981567645,0.99998079983103316,0.99998079983103316,0.99996159679800367,0.9999424002757008,0.99996159679800345,2.3698944222891893e-16,0.99999999836982523,0.93750331052064839,0.99996144274205634,2.3015746434181951e-17
C,4,0.00040000000000000002,13,0.0052000000000000006,0.075875218725294305,0.99997919978367555,0.99997919980031347,0.99997919980031347,0.99995839653371665,0.99993760034858781,0.99995839653371643,6.8922094001774564e-16,0.99999999808897078,0.93750330025202244,0.99995822961994296,1.3814399078811594e-17
C,4,0.00040000000000000002,14,0.0055999999999999999,0.075875218725294305,0.99997759974911438,0.99997759976702838,0.99997759976702838,0.99995519626981666,0.99993280042914379,0.99995519626981666,1.1306671808979266e-15,0.99999999778616244,0.93750328996480892,0.99995501649517793,3.6128892004679332e-17
C,4,0.00040000000000000002,15,0.0060000000000000001,0.075875218725294305,0.99997599971199302,0.99997599973118323,0.99997599973118323,0.99995199600630313,0.99992800051739061,0.99995199600630302,4.6749530626794487e-16,0.99999999746147561,0.93750327965902891,0.99995180336776202,5.0843924984458515e-17
C,4,0.00040000000000000002,16,0.0064000000000000003,0.075875218725294305,0.99997439967231161,0.99997439969278157,0.99997439969278157,0.99994879574318019,0.9999232006133093,0.99994879574318019,4.706698646932429e-16,0.99999999711498511,0.93750326933470129,0.99994859023769678,3.6881805569627076e-17
C,4,0.00040000000000000002,17,0.0068000000000000005,0.075875218725294305,0.99997279963006991,0.99997279965182195,0.99997279965182195,0.99994559548044026,0.99991840071690474,0.99994559548044026,5.9036944422255142e-16,0.99999999674676565,0.93750325899184761,0.99994537710498343,1.657191315485145e-17
C,4,0.00040000000000000002,18,0.0072000000000000007,0.075875218725294305,0.99997119958526803,0.99997119960829506,0.99997119960829506,0.99994239521808714,0.99991360082818403,0.99994239521808692,6.4495864313134716e-16,0.9999999963568923,0.93750324863048851,0.99994216396962465,4.9944536233083877e-17
C,4,0.00040000000000000002,19,0.0076,0.075875218725294305,0.99996959953790598,0.99996959956221643,0.99996959956221643,0.99993919495611461,0.99990880094714107,0.99993919495611439,4.432786349616287e-16,0.99999999594543909,0.93750323825064408,0.99993895083162154,8.7057280235871583e-18
C,4,0.00040000000000000002,20,0.0080000000000000002,0.075875218725294305,0.99996799948798365,0.99996799951357151,0.99996799951357151,0.9999359946945281,0.99990400107376676,0.99993599469452799,5.9376598275453654e-16,0.99999999551248042,0.93750322785233475,0.99993573769097455,6.6478811568958921e-18
C,4,0.00040000000000000002,21,0.0084000000000000012,0.075875218725294305,0.99996639943550103,0.99996639946236532,0.99996639946236532,0.99993279443332628,0.99989920120808362,0.99993279443332617,8.1199816311540914e-16,0.99999999505809023,0.93750321743558096,0.99993252454768755,1.9423106579044559e-17
C,4,0.00040000000000000002,22,0.0088000000000000005,0.075875218725294305,0.99996479938045812,0.99996479940859562,0.99996479940859562,0.99992959417250393,0.99989440135007013,0.99992959417250382,5.9662916113478454e-16,0.99999999458234257,0.93750320700040291,0.99992931140175934,3.6474141634402746e-17
C,4,0.00040000000000000002,23,0.0091999999999999998,0.075875218725294305,0.99996319932285505,0.99996319935227096,0.99996319935227096,0.99992639391206872,0.99988960149974171,0.99992639391206861,9.1697456032354593e-16,0.99999999408531093,0.93750319654682102,0.99992609825319267,7.0771627294999362e-17
C,4,0.00040000000000000002,24,0.0096000000000000009,0.075875218725294305,0.99996159926269168,0.9999615992933899,0.9999615992933899,0.99992319365200621,0.99988480165708893,0.9999231936520061,6.2497117117319361e-16,0.99999999356706837,0.93750318607485661,0.99992288510198901,4.0301482217708265e-17
C,4,0.00040000000000000002,25,0.01,0.075875218725294305,0.99995999919996803,0.9999599992319449,0.9999599992319449,0.9999199933923304,0.99988000182211456,0.9999199933923304,4.9326638532017427e-16,0.99999999302768872,0.93750317558452811,0.99991967194815012,3.2067039444236318e-17
C,4,0.00040000000000000002,26,0.010400000000000001,0.075875218725294305,0.99995839913468398,0.99995839916793583,0.99995839916793583,0.99991679313303583,0.99987520199482316,0.99991679313303583,6.1334656784622575e-16,0.99999999246724447,0.93750316507585707,0.99991645879167745,2.0699861141579977e-17
C,4,0.00040000000000000002,27,0.010800000000000001,0.075875218725294305,0.99995679906683965,0.9999567991013667,0.9999567991013667,0.99991359287411496,0.99987040217520162,0.99991359287411485,6.1195912647873924e-16,0.99999999188580879,0.93750315454886379,0.99991324563257233,2.4631997729277677e-17
C,4,0.00040000000000000002,28,0.0112,0.075875218725294305,0.99995519899643504,0.99995519903224206,0.99995519903224206,0.99991039261557668,0.99986560236326438,0.99991039261557668,4.5241245230201489e-16,0.99999999128345429,0.93750314400356882,0.99991003247083643,1.5084711700161489e-18
C,4,0.00040000000000000002,29,0.011600000000000001,0.075875218725294305,0.99995359892347002,0.99995359896055158,0.99995359896055158,0.99990719235741621,0.99986080255900378,0.99990719235741621,4.5703942168970163e-16,0.99999999066025291,0.93750313343999103,0.99990681930647096,5.6065409430876132e-17
C,4,0.00040000000000000002,30,0.012,0.075875218725294305,0.99995199884794472,0.99995199888630482,0.99995199888630482,0.99990399209963454,0.99985600276242592,0.99990399209963454,4.8916299489693493e-16,0.99999999001627737,0.93750312285815163,0.9999036061394776,2.5057932882260055e-17
C,4,0.00040000000000000002,31,0.012400000000000001,0.075875218725294305,0.99995039876985903,0.99995039880949765,0.99995039880949765,0.99990079184222758,0.99985120297352303,0.99990079184222747,3.2951244429004753e-16,0.99999998935159951,0.93750311225807115,0.99990039296985689,4.2361223201882897e-17
C,4,0.00040000000000000002,32,0.012800000000000001,0.075875218725294305,0.99994879868921294,0.9999487987301241,0.9999487987301241,0.99989759158519353,0.9998464031923,0.99989759158519342,3.0935704785100292e-16,0.99999998866629114,0.93750310163976913,0.99989717979760995,5.0996220252551408e-17
C,4,0.00040000000000000002,33,0.0132,0.075875218725294305,0.99994719860600634,0.99994719864819648,0.99994719864819648,0.99989439132853619,0.99984160341875761,0.99989439132853608,7.5437733580258485e-16,0.999999987960424,0.93750309100326579,0.99989396662274133,2.1824610446679239e-17
C,4,0.00040000000000000002,34,0.013600000000000001,0.075875218725294305,0.99994559852023945,0.99994559856370802,0.99994559856370802,0.99989119107225266,0.99983680365288985,0.99989119107225266,9.261919332246011e-16,0.99999998723406924,0.9375030803485811,0.99989075344524914,4.4019182632539168e-17
C,4,0.00040000000000000002,35,0.014,0.075875218725294305,0.99994399843191217,0.99994399847665794,0.99994399847665794,0.99988799081634905,0.99983200389470639,0.99988799081634916,5.8754214702030146e-16,0.99999998648729826,0.93750306967573549,0.99988754026513627,1.329711741424624e-17
C,4,0.00040000000000000002,36,0.014400000000000001,0.075875218725294305,0.9999423983410245,0.99994239838704913,0.99994239838704913,0.99988479056081203,0.99982720414419546,0.99988479056081203,6.2658095077710958e-16,0.99999998572018223,0.93750305898474917,0.99988432708240393,3.3546449628967811e-17
C,4,0.00040000000000000002,37,0.014800000000000001,0.075875218725294305,0.99994079824757631,0.99994079829487148,0.99994079829487148,0.99988159030564927,0.9998224044013666,0.99988159030564905,3.5171127952986929e-16,0.99999998493279185,0.93750304827564179,0.99988111389705436,3.5940083598690903e-17
C,4,0.00040000000000000002,38,0.0152,0.075875218725294305,0.99993919815156762,0.99993919820014188,0.99993919820014188,0.99987839005085921,0.99981760466621916,0.99987839005085899,4.4118016544267164e-16,0.99999998412519753,0.93750303754843345,0.99987790070908789,5.0658403612048415e-19
C,4,0.00040000000000000002,39,0.015600000000000001,0.075875218725294305,0.99993759805299853,0.99993759810284955,0.99993759810284955,0.99987518979643597,0.99981280493874713,0.99987518979643586,3.0514713391160463e-16,0.99999998329747031,0.93750302680314423,0.99987468751850572,5.8391754942138029e-17
C,4,0.00040000000000000002,40,0.016,0.075875218725294305,0.99993599795186894,0.99993599800299526,0.99993599800299526,0.99987198954239265,0.99980800521895075,0.99987198954239254,3.9107523338514568e-16,0.9999999824496798,0.93750301603979469,0.99987147432531021,8.9707836780133685e-18
C,4,0.00040000000000000002,41,0.016400000000000001,0.075875218725294305,0.99993439784817884,0.99993439790058325,0.99993439790058325,0.99986878928871059,0.99980320550683632,0.99986878928871037,6.8753636232718374e-16,0.99999998158189651,0.93750300525840402,0.99986826112950122,2.2076778758204043e-17
C,4,0.00040000000000000002,42,0.016800000000000002,0.075875218725294305,0.99993279774192823,0.99993279779560562,0.99993279779560562,0.99986558903539846,0.99979840580240265,0.99986558903539846,5.8296354702909615e-16,0.99999998069419016,0.9375029944589931,0.99986504793108266,2.7149922080740785e-17
C,4,0.00040000000000000002,43,0.0172,0.075875218725294305,0.99993119763311722,0.99993119768807115,0.99993119768807115,0.99986238878245548,0.99979360610564461,0.99986238878245537,5.5306226034902554e-16,0.99999997978663036,0.93750298364158091,0.99986183473005497,9.2827715894827208e-18
C,4,0.00040000000000000002,44,0.017600000000000001,0.075875218725294305,0.99992959752174548,0.9999295975779765,0.9999295975779765,0.99985918852988032,0.99978880641656942,0.99985918852988021,4.4572156473472332e-16,0.9999999788592866,0.93750297280618766,0.99985862152642013,3.6944771275335038e-17
C,4,0.00040000000000000002,45,0.018000000000000002,0.075875218725294305,0.99992799740781335,0.99992799746532179,0.99992799746532179,0.99985598827767197,0.99978400673517154,0.99985598827767197,1.0608151243159328e-15,0.9999999779122285,0.93750296195283378,0.99985540832017961,4.06829273645668e-17
C,4,0.00040000000000000002,46,0.0184,0.075875218725294305,0.9999263972913206,0.99992639735010358,0.99992639735010358,0.99985278802583,0.99977920706144974,0.99985278802582989,7.5373365440649049e-16,0.99999997694552467,0.93750295108153814,0.9998521951113325,1.3475482701101109e-17
C,4,0.00040000000000000002,47,0.018800000000000001,0.075875218725294305,0.99992479717226734,0.99992479723232641,0.99992479723232641,0.99984958777435784,0.99977440739540946,0.99984958777435784,3.524156283976862e-16,0.99999997595924439,0.93750294019232183,0.99984898189988225,1.7350013299272213e-17
C,4,0.00040000000000000002,48,0.019200000000000002,0.075875218725294305,0.99992319705065347,0.99992319711199007,0.99992319711199007,0.99984638752324417,0.99976960773704682,0.99984638752324428,3.2926098291625426e-16,0.99999997495345605,0.93750292928520385,0.99984576868582942,6.9606500941377378e-18
C,4,0.00040000000000000002,49,0.019599999999999999,0.075875218725294305,0.99992159692647908,0.99992159698908833,0.99992159698908833,0.99984318727250043,0.99976480808636459,0.99984318727250043,3.8152536481847152e-16,0.99999997392822859,0.93750291836020472,0.99984255546917633,4.3741682341039119e-17
C,4,0.00040000000000000002,50,0.02,0.075875218725294305,0.99991999679974397,0.99991999686362831,0.99991999686362831,0.99983998702211607,0.99976000844335933,0.99983998702211585,3.2257032407712171e-16,0.99999997288363007,0.93750290741734332,0.99983934224992388,1.9119212744321457e-17
C,4,0.00020000000000000001,0,0,0.075875218725294305,1,0.99999999999999989,0.99999999999999989,1,1,1,0,0.99999999999999978,0.93750343228680921,1,1.8268620098632432e-17
C,4,0.00020000000000000001,1,0.00020000000000000001,0.075875218725294305,0.99999919999968001,0.99999920000000164,0.99999920000000164,0.99999839986483896,0.9999975999884535,0.99999839986483896,4.7207434282978705e-16,0.99999999999713407,0.93750342726483193,0.99999839345426988,2.0071176772730898e-17
C,4,0.00020000000000000001,2,0.00040000000000000002,0.075875218725294305,0.99999839999871998,0.99999839999935836,0.99999839999935836,0.99999679972977262,0.99999519997882558,0.99999679972977251,5.7044793759600911e-16,0.99999999998854383,0.93750342223814542,0.99999678690787175,1.1259386905853852e-17
C,4,0.00020000000000000001,3,0.00060000000000000006,0.075875218725294305,0.99999759999712001,0.99999759999808246,0.99999759999808246,0.99999519959480665,0.99999279997111856,0.99999519959480665,3.7506702987263302e-16,0.99999999997423838,0.93750341720675279,0.99999518036080459,1.9377994703559092e-17
C,4,0.00020000000000000001,4,0.00080000000000000004,0.075875218725294305,0.99999679999488,0.99999679999615931,0.99999679999615931,0.99999359945993638,0.99999039996533035,0.99999359945993638,1.1582176842189113e-15,0.99999999995422773,0.93750341217065636,0.99999357381307197,9.3151313344310458e-18
C,4,0.00020000000000000001,5,0.001,0.075875218725294305,0.99999599999199995,0.99999599999359867,0.99999599999359867,0.99999199932516902,0.99998799996145937,0.99999199932516891,4.3081227221802254e-16,0.99999999992852129,0.93750340712985869,0.99999196726467177,1.4713618815750214e-17
C,4,0.00020000000000000001,6,0.0012000000000000001,0.075875218725294305,0.99999519998847997,0.99999519999040232,0.99999519999040232,0.99999039919049415,0.9999855999595112,0.99999039919049393,7.5961704074949078e-16,0.99999999989712895,0.93750340208436234,0.99999036071560521,4.8553433577876006e-18
C,4,0.00020000000000000001,7,0.0014,0.075875218725294305,0.99999439998431994,0.99999439998656059,0.99999439998656059,0.99998879905592641,0.99998319995947826,0.99998879905592641,3.0034098643653413e-16,0.99999999986006072,0.93750339703417018,0.99998875416587074,8.8851617782455307e-18
C,4,0.00020000000000000001,8,0.0016000000000000001,0.075875218725294305,0.99999359997951986,0.99999359998207837,0.99999359998207837,0.99998719892144772,0.99998079996136602,0.99998719892144761,2.910080193094452e-16,0.99999999981732546,0.93750339197928434,0.99998714761547036,3.3189265665789538e-17
C,4,0.00020000000000000001,9,0.0018000000000000002,0.075875218725294305,0.99999279997407986,0.999992799976957,0.999992799976957,0.99998559878707627,0.99997839996517734,0.99998559878707616,2.3027897523889563e-16,0.9999999997689335,0.93750338691970825,0.99998554106440429,1.8893111260505453e-17
C,4,0.00020000000000000001,10,0.002,0.075875218725294305,0.9999919999679997,0.99999199997119914,0.99999199997119914,0.99998399865280496,0.99997599997090469,0.99998399865280496,1.0576021957345317e-15,0.99999999971489417,0.93750338185544357,0.9999839345126722,1.9748996916186205e-17
C,4,0.00020000000000000001,11,0.0022000000000000001,0.075875218725294305,0.99999119996127972,0.99999119996479768,0.99999119996479768,0.9999823985186207,0.9999735999785514,0.9999823985186207,7.8473373130395114e-16,0.99999999965521713,0.93750337678649331,0.99998232796027442,1.8184764670946363e-17
C,4,0.00020000000000000001,12,0.0024000000000000002,0.075875218725294305,0.99999039995391958,0.99999039995775874,0.99999039995775874,0.9999807983845419,0.99997119998811956,0.9999807983845419,3.4910511046838809e-16,0.99999999958991226,0.93750337171286013,0.99998072140721117,3.9018509116389154e-17
C,4,0.00020000000000000001,13,0.0026000000000000003,0.075875218725294305,0.99998959994591941,0.99998959995007541,0.99998959995007541,0.99997919825055914,0.99996879999960531,0.99997919825055903,7.8881257413827716e-16,0.99999999951898855,0.93750336663454681,0.99997911485348168,1.0154640620915491e-16
C,4,0.00020000000000000001,14,0.0028,0.075875218725294305,0.99998879993727929,0.99998879994175605,0.99998879994175605,0.99997759811667686,0.99996640001301029,0.99997759811667686,8.6822633098087091e-16,0.99999999944245621,0.93750336155155611,0.99997750829908694,2.5268818721901732e-17
C,4,0.00020000000000000001,15,0.0030000000000000001,0.075875218725294305,0.99998799992799914,0.99998799993279675,0.99998799993279675,0.99997599798289249,0.99996400002834096,0.99997599798289249,7.0000793377881185e-16,0.9999999993603248,0.93750335646388971,0.99997590174402684,4.345117790044275e-17
C,4,0.00020000000000000001,16,0.0032000000000000002,0.075875218725294305,0.99998719991807894,0.99998719992319651,0.99998719992319651,0.99997439784920994,0.99996160004558465,0.99997439784920983,5.0508947685886334e-16,0.9999999992726033,0.93750335137154994,0.99997429518830117,3.6694317939948883e-17
C,4,0.00020000000000000001,17,0.0034000000000000002,0.075875218725294305,0.9999863999075187,0.99998639991295379,0.99998639991295379,0.99997279771561898,0.99995920006474781,0.99997279771561887,5.5677234242466067e-16,0.99999999917930182,0.93750334627454124,0.99997268863191113,4.3543954487006882e-17
C,4,0.00020000000000000001,18,0.0036000000000000003,0.075875218725294305,0.99998559989631852,0.99998559990207381,0.99998559990207381,0.99997119758212405,0.9999568000858341,0.99997119758212405,7.7128350940632038e-16,0.99999999908042958,0.93750334117286427,0.99997108207485763,3.6619801370181828e-17
C,4,0.00020000000000000001,19,0.0038,0.075875218725294305,0.9999847998844783,0.99998479989055511,0.99998479989055511,0.99996959744872782,0.99995440010883918,0.99996959744872771,6.8551887822113399e-16,0.99999999897599623,0.93750333606652292,0.99996947551713877,2.6664187463055951e-17
C,4,0.00020000000000000001,20,0.0040000000000000001,0.075875218725294305,0.99998399987199793,0.99998399987839448,0.99998399987839448,0.99996799731543651,0.99995200013376073,0.9999679973154364,9.700965120933538e-16,0.99999999886601143,0.93750333095551908,0.99996786895875645,2.6505555134478798e-17
C,4,0.00020000000000000001,21,0.0042000000000000006,0.075875218725294305,0.99998319985887762,0.99998319986559248,0.99998319986559248,0.99996639718223612,0.99994960016060441,0.99996639718223612,1.184935739094908e-15,0.9999999987504844,0.93750332583985529,0.99996626239970898,9.932798172748563e-18
C,4,0.00020000000000000001,22,0.0044000000000000003,0.075875218725294305,0.99998239984511728,0.99998239985215165,0.99998239985215165,0.99996479704913488,0.99994720018937056,0.99996479704913477,1.0902138903438549e-15,0.99999999862942457,0.93750332071953446,0.99996465583999872,1.8000797854233002e-17
C,4,0.00020000000000000001,23,0.0045999999999999999,0.075875218725294305,0.99998159983071688,0.99998159983807289,0.99998159983807289,0.99996319691613023,0.9999448002200525,0.99996319691613,8.20723197540039e-16,0.99999999850284171,0.93750331559455868,0.99996304927962398,1.9340734364078585e-17
C,4,0.00020000000000000001,24,0.0048000000000000004,0.075875218725294305,0.99998079981567645,0.99998079982335075,0.99998079982335075,0.99996159678322449,0.99994240025265513,0.99996159678322438,6.5681595570376217e-16,0.99999999837074516,0.93750331046493096,0.99996144271858567,2.2670604223772554e-17
C,4,0.00020000000000000001,25,0.0050000000000000001,0.075875218725294305,0.99997999979999597,0.99997999980798513,0.99997999980798513,0.99995999665041835,0.999940000287176,0.99995999665041824,5.3448773186456716e-16,0.99999999823314423,0.93750330533065362,0.99995983615688533,2.0633129599692234e-17
C,4,0.00020000000000000001,26,0.0052000000000000006,0.075875218725294305,0.99997919978367555,0.99997919979198613,0.99997919979198613,0.99995839651770246,0.99993760032361467,0.99995839651770235,4.0774926189301754e-16,0.99999999809004847,0.93750330019172901,0.99995822959452174,3.7942660669368818e-17
C,4,0.00020000000000000001,27,0.0054000000000000003,0.075875218725294305,0.99997839976671499,0.99997839977534841,0.99997839977534841,0.99995679638509027,0.99993520036198258,0.99995679638509016,9.6578597192968719e-17,0.99999999794146732,0.93750329504816043,0.99995662303149591,7.9668366875352757e-18
C,4,0.00020000000000000001,28,0.0055999999999999999,0.075875218725294305,0.99997759974911438,0.99997759975806555,0.99997759975806555,0.99995519625257145,0.99993280040226273,0.99995519625257145,6.6661582931579701e-16,0.99999999778741022,0.93750328989995024,0.9999550164678056,1.1204248708301837e-16
C,4,0.00020000000000000001,29,0.0058000000000000005,0.075875218725294305,0.99997679973087372,0.99997679974014086,0.99997679974014086,0.99995359612015033,0.99993040044446135,0.99995359612015033,7.7388517620311644e-16,0.99999999762788661,0.93750328474710065,0.99995340990345538,2.7688050053523873e-17
C,4,0.00020000000000000001,30,0.0060000000000000001,0.075875218725294305,0.99997599971199302,0.99997599972158102,0.99997599972158102,0.9999519959878268,0.99992800048857944,0.99995199598782669,5.260547310427251e-16,0.99999999746290535,0.93750327958961399,0.99995180333844214,1.2631102353103872e-17
C,4,0.00020000000000000001,31,0.0062000000000000006,0.075875218725294305,0.99997519969247239,0.99997519970238324,0.99997519970238324,0.99995039585559964,0.99992560053462387,0.99995039585559953,4.1654059681331606e-16,0.99999999729247635,0.93750327442749393,0.99995019677276609,1.159092505787901e-18
C,4,0.00020000000000000001,32,0.0064000000000000003,0.075875218725294305,0.99997439967231161,0.99997439968253721,0.99997439968253721,0.99994879572346529,0.99992320058258044,0.99994879572346518,1.3643716290516909e-16,0.99999999711660881,0.93750326926074212,0.9999485902064289,2.7126393777393107e-17
C,4,0.00020000000000000001,33,0.0066,0.075875218725294305,0.99997359965151078,0.99997359966205857,0.99997359966205857,0.99994719559143075,0.99992080063246258,0.99994719559143064,7.2758441715897126e-16,0.99999999693531239,0.93750326408936113,0.99994698363942891,2.6374593138372344e-17
C,4,0.00020000000000000001,34,0.0068000000000000005,0.075875218725294305,0.99997279963006991,0.99997279964093766,0.99997279964093766,0.99994559545949202,0.9999184006842553,0.99994559545949202,8.0048270281405751e-16,0.99999999674859585,0.93750325891335351,0.99994537707176778,2.3922991067405078e-17
C,4,0.00020000000000000001,35,0.0070000000000000001,0.075875218725294305,0.9999719996079891,0.9999719996191746,0.9999719996191746,0.9999439953276501,0.9999160007379746,0.99994399532764999,2.5411812328961429e-16,0.99999999655646865,0.93750325373272214,0.99994377050344496,1.8445151106875139e-17
C,4,0.00020000000000000001,36,0.0072000000000000007,0.075875218725294305,0.99997119958526803,0.99997119959677017,0.99997119959677017,0.99994239519590378,0.99991360079361713,0.99994239519590378,5.8906047683494506e-16,0.99999999635894021,0.9375032485474698,0.99994216393446234,1.9740598205188119e-17
C,4,0.00020000000000000001,37,0.0074000000000000003,0.075875218725294305,0.99997039956190703,0.99997039957373168,0.99997039957373168,0.99994079506425404,0.99991120085117158,0.99994079506425404,4.7411214590463505e-16,0.99999999615601998,0.9375032433575986,0.99994055736481846,3.1158152055476212e-17
C,4,0.00020000000000000001,38,0.0076,0.075875218725294305,0.99996959953790598,0.99996959955004994,0.99996959955004994,0.99993919493269712,0.9999088009106486,0.99993919493269712,2.5865845768424968e-16,0.99999999594771716,0.93750323816311087,0.99993895079451345,1.2505821259033689e-17
C,4,0.00020000000000000001,39,0.0078000000000000005,0.075875218725294305,0.99996879951326478,0.99996879952572837,0.99996879952572837,0.9999375948012369,0.99990640097204686,0.99993759480123678,1.1313334064140596e-15,0.99999999573404064,0.93750323296400961,0.99993734422354863,1.9925307893612831e-17
C,4,0.00020000000000000001,40,0.0080000000000000002,0.075875218725294305,0.99996799948798365,0.99996799950076198,0.99996799950076198,0.99993599466987793,0.99990400103536103,0.99993599466987781,1.3877016916311495e-15,0.99999999551500007,0.93750322776029738,0.99993573765192223,3.5473707354905126e-17
C,4,0.00020000000000000001,41,0.0082000000000000007,0.075875218725294305,0.99996719946206236,0.99996719947516322,0.99996719947516322,0.99993439453861133,0.99990160110059989,0.99993439453861133,4.2888005045014284e-16,0.99999999529060446,0.93750322255197649,0.99993413107963558,3.3188459495454312e-17
C,4,0.00020000000000000001,42,0.0084000000000000012,0.075875218725294305,0.99996639943550103,0.9999663994489183,0.9999663994489183,0.99993279440743377,0.99989920116775477,0.99993279440743366,5.1134468885482649e-16,0.99999999506086323,0.93750321733904951,0.99993252450668824,1.334709135516062e-18
C,4,0.00020000000000000001,43,0.0086,0.075875218725294305,0.99996559940829965,0.99996559942204,0.99996559942204,0.99993119427636723,0.99989680123682811,0.99993119427636723,8.8399719705365577e-16,0.99999999482578572,0.93750321212151899,0.99993091793308109,5.268910371405304e-18
C,4,0.00020000000000000001,44,0.0088000000000000005,0.075875218725294305,0.99996479938045812,0.99996479939451433,0.99996479939451433,0.99992959414539195,0.99989440130782425,0.99992959414539184,9.1295416890683069e-16,0.99999999458538069,0.93750320689938738,0.99992931135881424,6.6719168464603552e-17
C,4,0.00020000000000000001,45,0.0090000000000000011,0.075875218725294305,0.99996399935197666,0.99996399936635139,0.99996399936635139,0.9999279940145015,0.99989200138073608,0.9999279940145015,4.6903904864615425e-16,0.99999999433965769,0.93750320167265777,0.99992770478388926,2.8577612789077819e-17
C,4,0.00020000000000000001,46,0.0091999999999999998,0.075875218725294305,0.99996319932285505,0.9999631993375504,0.9999631993375504,0.99992639388371241,0.99988960145557459,0.99992639388371241,4.8075109452947659e-16,0.9999999940886255,0.93750319644133218,0.99992609820830347,3.5467757173376385e-17
C,4,0.00020000000000000001,47,0.0094000000000000004,0.075875218725294305,0.99996239929309338,0.99996239930810848,0.99996239930810848,0.9999247937530199,0.99988720153232791,0.9999247937530199,9.0942252370897887e-16,0.99999999383229377,0.93750319120541348,0.99992449163205999,3.3658495121295124e-17
C,4,0.00020000000000000001,48,0.0096000000000000009,0.075875218725294305,0.99996159926269168,0.99996159927802519,0.99996159927802519,0.99992319362242565,0.99988480161100102,0.99992319362242554,3.4616220215955627e-16,0.99999999357067126,0.93750318596490356,0.99992288505515725,2.4914814056070275e-17
C,4,0.00020000000000000001,49,0.0097999999999999997,0.075875218725294305,0.99996079923164982,0.99996079924730252,0.99996079924730252,0.99992159349191778,0.99988240169159304,0.99992159349191756,5.0433001741682009e-16,0.99999999330376732,0.93750318071980565,0.99992127847759527,2.319692608501166e-17
C,4,0.00020000000000000001,50,0.01,0.075875218725294305,0.99995999919996803,0.99995999921593959,0.99995999921593959,0.99991999336151016,0.99988000177410974,0.99991999336151016,4.424385939556485e-16,0.99999999303159104,0.93750317547012219,0.99991967189937536,4.4604836088866755e-18
C,4,0.00020000000000000001,51,0.010200000000000001,0.075875218725294305,0.99995919916764608,0.99995919918393605,0.99995919918393605,0.99991839323119602,0.99987760185853991,0.99991839323119602,5.6768955629855857e-16,0.99999999275415141,0.9375031702158555,0.99991806532049754,2.6959338136907298e-17
C,4,0.00020000000000000001,52,0.010400000000000001,0.075875218725294305,0.99995839913468398,0.99995839915129348,0.99995839915129348,0.99991679310098158,0.99987520194488999,0.99991679310098169,4.507150133729214e-16,0.99999999247145788,0.93750316495700803,0.99991645874096102,4.8150651337145301e-17
C,4,0.00020000000000000001,53,0.0106,0.075875218725294305,0.99995759910108184,0.9999575991180073,0.9999575991180073,0.99991519297085674,0.99987280203316298,0.99991519297085663,2.5228890291123625e-16,0.9999999921835192,0.93750315969358211,0.99991485216076748,2.8541738644380965e-17
C,4,0.00020000000000000001,54,0.010800000000000001,0.075875218725294305,0.99995679906683965,0.99995679908408364,0.99995679908408364,0.99991359284082593,0.99987040212335387,0.99991359284082582,3.895715351369473e-16,0.9999999918903445,0.93750315442558141,0.9999132455799159,1.8179616654412839e-17
C,4,0.00020000000000000001,55,0.011000000000000001,0.075875218725294305,0.99995599903195742,0.99995599904951882,0.99995599904951882,0.99991199271089259,0.99986800221546102,0.99991199271089248,4.3898991484327318e-16,0.99999999159194286,0.93750314915300725,0.99991163899840529,2.6621262912809219e-17
C,4,0.00020000000000000001,56,0.0112,0.075875218725294305,0.99995519899643504,0.99995519901431884,0.99995519901431884,0.99991039258105041,0.99986560230949628,0.9999103925810503,2.724238637877459e-16,0.9999999912883234,0.93750314387586264,0.99991003241623821,2.5636513416310895e-17
C,4,0.00020000000000000001,57,0.0114,0.075875218725294305,0.99995439896027261,0.99995439897847005,0.99995439897847005,0.99990879245130704,0.99986320240544491,0.99990879245130704,2.7072913038646978e-16,0.99999999097949499,0.93750313859415024,0.99990842583341444,1.2710904448752188e-17
C,4,0.00020000000000000001,58,0.011600000000000001,0.075875218725294305,0.99995359892347002,0.99995359894199098,0.99995359894199098,0.9999071923216547,0.9998608025033171,0.99990719232165459,5.6318434926435813e-16,0.99999999066546685,0.93750313330787205,0.99990681924993263,4.148830173457778e-17
C,4,0.00020000000000000001,59,0.0118,0.075875218725294305,0.99995279888602739,0.99995279890486499,0.99995279890486499,0.99990559219210029,0.99985840260310743,0.99990559219210029,1.5553152227666569e-16,0.99999999034624809,0.93750312801703095,0.99990521266579524,1.0923396760634721e-17
C,4,0.00020000000000000001,60,0.012,0.075875218725294305,0.99995199884794472,0.99995199886710251,0.99995199886710251,0.99990399206263603,0.9998560027048139,0.99990399206263603,5.3501420858263529e-16,0.99999999002184736,0.93750312272162939,0.99990360608100126,1.0163254369945621e-17
C,4,0.00020000000000000001,61,0.012200000000000001,0.075875218725294305,0.9999511988092219,0.9999511988286951,0.9999511988286951,0.99990239193326591,0.9998536028084446,0.9999023919332658,7.7467079832270568e-16,0.99999998969227366,0.93750311742167014,0.99990199949554937,3.1272291680324531e-17
C,4,0.00020000000000000001,62,0.012400000000000001,0.075875218725294305,0.99995039876985903,0.99995039878965031,0.99995039878965031,0.99990079180399394,0.99985120291399321,0.99990079180399394,6.4517013479794034e-16,0.99999998935753642,0.93750311211715565,0.99990039290944133,2.663239240475288e-17
C,4,0.00020000000000000001,63,0.0126,0.075875218725294305,0.999949598729856,0.99994959874996792,0.99994959874996792,0.99989919167481223,0.99984880302146117,0.999899191674812,7.4801330032461192e-16,0.9999999890176442,0.93750310680808802,0.99989878632267937,2.0297447716137012e-17
C,4,0.00020000000000000001,64,0.012800000000000001,0.075875218725294305,0.99994879868921294,0.99994879870964148,0.99994879870964148,0.99989759154572444,0.99984640313085205,0.99989759154572433,7.5943494936327772e-16,0.9999999886726062,0.93750310149447025,0.99989717973526138,1.959339985780514e-17
C,4,0.00020000000000000001,65,0.013000000000000001,0.075875218725294305,0.99994799864792971,0.99994799866868256,0.99994799866868256,0.99989599141673224,0.99984400324215794,0.99989599141673224,7.7661847373254504e-16,0.99999998832243131,0.93750309617630467,0.99989557314718658,1.7181295034189522e-17
C,4,0.00020000000000000001,66,0.0132,0.075875218725294305,0.99994719860600634,0.99994719862707204,0.99994719862707204,0.99989439128782931,0.99984160335538697,0.99989439128782931,2.6653341508872475e-16,0.99999998796712797,0.93750309085359362,0.99989396655845586,1.973820567922364e-17
C,4,0.00020000000000000001,67,0.0134,0.075875218725294305,0.99994639856344303,0.99994639858482937,0.99994639858482937,0.9998927911590243,0.99983920347053035,0.99989279115902419,1.024220811471999e-15,0.99999998760670572,0.93750308552633954,0.999892359969069,1.6729926011544399e-17
C,4,0.00020000000000000001,68,0.013600000000000001,0.075875218725294305,0.99994559852023945,0.9999455985419452,0.9999455985419452,0.9998911910303121,0.99983680358759808,0.9998911910303121,3.8128241131011023e-16,0.99999998724117312,0.93750308019454553,0.99989075337902711,1.8811164122694504e-17
C,4,0.00020000000000000001,69,0.013800000000000002,0.075875218725294305,0.99994479847639595,0.99994479849841633,0.99994479849841633,0.9998895909016966,0.99983440370658627,0.9998895909016966,4.5322032232483623e-16,0.99999998687053915,0.93750307485821349,0.99988914678833185,4.4534123319665162e-17
C,4,0.00020000000000000001,70,0.014,0.075875218725294305,0.99994399843191217,0.99994399845425086,0.99994399845425086,0.99988799077316715,0.99983200382749438,0.99988799077316703,6.5554848949694996e-16,0.99999998649481314,0.93750306951734652,0.9998875401969799,6.0281783508797263e-17
C,4,0.00020000000000000001,71,0.014200000000000001,0.075875218725294305,0.99994319838678836,0.99994319840944612,0.99994319840944612,0.99988639064473461,0.99982960395031661,0.99988639064473461,4.2730838409756115e-16,0.99999998611400298,0.93750306417194706,0.99988593360497391,2.3197940648454777e-17
C,4,0.00020000000000000001,72,0.014400000000000001,0.075875218725294305,0.9999423983410245,0.99994239836400145,0.99994239836400145,0.99988479051639523,0.99982720407506431,0.99988479051639512,9.332675136332572e-16,0.99999998572811843,0.93750305882201712,0.99988432701231345,1.8113934562523334e-17
C,4,0.00020000000000000001,73,0.0146,0.075875218725294305,0.99994159829462037,0.99994159831791718,0.99994159831791718,0.99988319038814788,0.99982480420172837,0.99988319038814777,6.2744152156397829e-16,0.99999998533716794,0.93750305346755947,0.99988272041899895,8.2514576359641249e-17
C,4,0.00020000000000000001,74,0.014800000000000001,0.075875218725294305,0.99994079824757631,0.99994079827118809,0.99994079827118809,0.99988159025999745,0.99982240433031011,0.99988159025999734,4.226146711408446e-16,0.99999998494116027,0.9375030481085761,0.99988111382502987,1.6994214714812089e-17
C,4,0.00020000000000000001,75,0.015000000000000001,0.075875218725294305,0.99993999819989199,0.99993999822382251,0.99993999822382251,0.99987999013193407,0.99982000446081631,0.99987999013193407,5.2688364954264875e-16,0.99999998454010441,0.93750304274507046,0.99987950723040719,4.9575232032165707e-18
C,4,0.00020000000000000001,76,0.0152,0.075875218725294305,0.99993919815156762,0.999939198175817,0.999939198175817,0.99987839000396694,0.99981760459324065,0.99987839000396694,4.4931959249801803e-16,0.99999998413400903,0.93750303737704455,0.9998779006351316,2.9883427389029227e-17
C,4,0.00020000000000000001,77,0.0154,0.075875218725294305,0.9999383981026031,0.99993839812717233,0.99993839812717233,0.99987678987609052,0.99981520472758678,0.99987678987609041,6.7199171457939592e-16,0.99999998372288301,0.93750303200450091,0.99987629403920042,8.8772928772808796e-18
C,4,0.00020000000000000001,78,0.015600000000000001,0.075875218725294305,0.99993759805299853,0.99993759807788229,0.99993759807788229,0.99987518974830725,0.99981280486384749,0.99987518974830725,4.9370360864719235e-16,0.99999998330673501,0.93750302662744234,0.99987468744261732,1.7963772830661681e-17
C,4,0.00020000000000000001,79,0.015800000000000002,0.075875218725294305,0.99993679800275381,0.99993679802795787,0.99993679802795787,0.99987358962061967,0.99981040500203266,0.99987358962061967,7.1977611171592417e-16,0.99999998288557401,0.93750302124587093,0.99987308084537996,7.9392161861541145e-17
C,4,0.00020000000000000001,80,0.016,0.075875218725294305,0.99993599795186894,0.99993599797739019,0.99993599797739019,0.99987198949302059,0.9998080051421363,0.99987198949302059,9.954880992049614e-16,0.9999999824594088,0.93750301585978946,0.99987147424749045,2.1327601585989252e-17
C,4,0.00020000000000000001,81,0.016199999999999999,0.075875218725294305,0.99993519790034402,0.99993519792618224,0.99993519792618224,0.99987038936551809,0.99980560528415985,0.99987038936551798,5.9665997892323654e-16,0.99999998202824769,0.93750301046919959,0.99986986764894692,3.7542971635947089e-17
C,4,0.00020000000000000001,82,0.016400000000000001,0.075875218725294305,0.99993439784817884,0.99993439787433558,0.99993439787433558,0.99986878923810452,0.99980320542810242,0.99986878923810441,5.2461676433248989e-16,0.99999998159210002,0.93750300507410511,0.99986826104975168,2.8345229299356606e-17
C,4,0.00020000000000000001,83,0.0166,0.075875218725294305,0.99993359779537361,0.99993359782184821,0.99993359782184821,0.99986718911078565,0.99980080557396378,0.99986718911078565,4.8559431321416601e-16,0.9999999811509741,0.93750299967450756,0.99986665444990352,8.5990563572699003e-17
C,4,0.00020000000000000001,84,0.016800000000000002,0.075875218725294305,0.99993279774192823,0.99993279776872079,0.99993279776872079,0.99986558898355649,0.99979840572174539,0.99986558898355649,8.1137349057499053e-16,0.99999998070487839,0.93750299427040984,0.99986504784940322,3.5660698390527487e-17
C,4,0.00020000000000000001,85,0.017000000000000001,0.075875218725294305,0.9999319976878428,0.99993199771495034,0.99993199771495034,0.99986398885642336,0.99979600587144646,0.99986398885642325,5.4827327341236776e-16,0.99999998025382231,0.93750298886181394,0.99986344124825155,2.1889468519015352e-17
C,4,0.00020000000000000001,86,0.0172,0.075875218725294305,0.99993119763311722,0.99993119766054384,0.99993119766054384,0.99986238872937427,0.99979360602306966,0.99986238872937427,5.069110351561208e-16,0.9999999797978143,0.93750298344872329,0.99986183464644718,2.0008655889046469e-18
C,4,0.00020000000000000001,87,0.017400000000000002,0.075875218725294305,0.99993039757775137,0.9999303976054994,0.9999303976054994,0.999860788602423,0.99979120617660844,0.99986078860242289,3.9472300995738414e-16,0.99999997933686247,0.93750297803113958,0.99986022804399077,3.9606690910150003e-17
C,4,0.00020000000000000001,88,0.017600000000000001,0.075875218725294305,0.99992959752174548,0.99992959754981214,0.99992959754981214,0.99985918847556043,0.99978880633206968,0.99985918847556032,1.2883634324627702e-15,0.99999997887097591,0.93750297260906568,0.99985862144088367,9.9596231238942429e-18
C,4,0.00020000000000000001,89,0.0178,0.075875218725294305,0.99992879746509955,0.99992879749348218,0.99992879749348218,0.99985758834879779,0.99978640648945349,0.99985758834879779,6.5734476324912044e-16,0.99999997840016341,0.93750296718250392,0.99985701483712497,2.5025545713413796e-17
C,4,0.00020000000000000001,90,0.018000000000000002,0.075875218725294305,0.99992799740781335,0.9999279974365145,0.9999279974365145,0.99985598822211774,0.99978400664875222,0.99985598822211774,8.1323007027260784e-16,0.99999997792443363,0.93750296175145664,0.99985540823271535,3.8707852724452119e-17
C,4,0.00020000000000000001,91,0.018200000000000001,0.075875218725294305,0.99992719734988711,0.99992719737890523,0.99992719737890523,0.9998543880955304,0.9997816068099713,0.99985438809553029,3.8737453475193741e-16,0.99999997744379487,0.93750295631592673,0.99985380162765469,6.1946053500175217e-17
C,4,0.00020000000000000001,92,0.0184,0.075875218725294305,0.9999263972913206,0.99992639732065602,0.99992639732065602,0.9998527879690382,0.99977920697311318,0.9998527879690382,8.8206676263939472e-16,0.9999999769582556,0.9375029508759164,0.99985219502194167,7.1009702558799287e-17
C,4,0.00020000000000000001,93,0.018600000000000002,0.075875218725294305,0.99992559723211405,0.99992559726176689,0.99992559726176689,0.99985118784263438,0.99977680713817274,0.99985118784263427,1.2695891836736674e-15,0.99999997646782524,0.93750294543142887,0.99985058841557939,1.4521809168165102e-17
C,4,0.00020000000000000001,94,0.018800000000000001,0.075875218725294305,0.99992479717226734,0.99992479720223626,0.99992479720223626,0.99984958771632448,0.99977440730515188,0.99984958771632437,4.5496109312986875e-16,0.99999997597251178,0.93750293998246526,0.99984898180856541,2.0565001292402889e-17
C,4,0.00020000000000000001,95,0.019,0.075875218725294305,0.99992399711178048,0.99992399714207036,0.99992399714207036,0.99984798759010352,0.99977200747404649,0.9998479875901034,2.8190367159184255e-16,0.99999997547232344,0.93750293452902866,0.99984737520090128,3.539509147541912e-17
C,4,0.00020000000000000001,96,0.019200000000000002,0.075875218725294305,0.99992319705065347,0.99992319708126054,0.99992319708126054,0.99984638746397536,0.99976960764487044,0.99984638746397525,5.821945014293621e-16,0.99999997496726967,0.9375029290711222,0.99984576859258723,1.6726534359862518e-17
C,4,0.00020000000000000001,97,0.019400000000000001,0.075875218725294305,0.9999223969888863,0.99992239701981311,0.99992239701981311,0.99984478733793658,0.99976720781760764,0.99984478733793647,6.4148500345235914e-16,0.99999997445735855,0.93750292360874732,0.99984416198362303,7.0864696280670973e-17
C,4,0.00020000000000000001,98,0.019599999999999999,0.075875218725294305,0.99992159692647908,0.99992159695772354,0.99992159695772354,0.99984318721198817,0.99976480799226741,0.99984318721198817,1.2103186239954767e-15,0.99999997394259832,0.93750291814190756,0.99984255537400968,4.4955610648047608e-18
C,4,0.00020000000000000001,99,0.019800000000000002,0.075875218725294305,0.9999207968634316,0.99992079689498847,0.99992079689498847,0.9998415870861328,0.99976240816884454,0.99984158708613269,1.1766771616635333e-15,0.99999997342299818,0.93750291267060393,0.99984094876374541,1.874326413306842e-17
C,4,0.00020000000000000001,100,0.02,0.075875218725294305,0.99991999679974397,0.99991999683161858,0.99991999683161858,0.99983998696036536,0.99976000834733836,0.99983998696036525,1.1994584404012092e-15,0.9999999728985659,0.93750290719484031,0.99983934215283188,1.8060643114618503e-17
C,4,0.0001,0,0,0.075875218725294305,1,0.99999999999999989,0.99999999999999989,1,1,1,0,0.99999999999999978,0.93750343228680921,1,1.8268620098632432e-17
C,4,0.0001,1,0.0001,0.075875218725294305,0.99999959999991994,0.99999960000000176,0.99999960000000176,0.99999919993225339,0.99999879999374774,0.99999919993225317,4.5285783277181467e-16,0.99999999999928357,0.93750342977582146,0.99999919672697246,4.5842971570133829e-17
C,4,0.0001,2,0.00020000000000000001,0.075875218725294305,0.99999919999968001,0.9999991999998411,0.9999991999998411,0.99999839986453198,0.99999759998797277,0.99999839986453198,5.1292845638771294e-16,0.99999999999713518,0.93750342726365665,0.99999839345377928,4.3199865208502375e-17
C,4,0.0001,3,0.00030000000000000003,0.075875218725294305,0.99999879999927999,0.99999879999951846,0.99999879999951846,0.99999759979683589,0.99999639998267853,0.99999759979683578,9.2614559571789998e-16,0.99999999999355615,0.93750342475031478,0.999997590180419,1.8942990704364245e-17
C,4,0.0001,4,0.00040000000000000002,0.075875218725294305,0.99999839999871998,0.99999839999903806,0.99999839999903806,0.99999679972915678,0.99999519997786779,0.99999679972915656,2.4658591570817224e-16,0.99999999998854716,0.9375034222357963,0.9999967869068922,1.3880580086191846e-17
C,4,0.0001,5,0.00050000000000000001,0.075875218725294305,0.99999799999799999,0.99999799999840044,0.99999799999840044,0.99999599966150776,0.99999399997352978,0.99999599966150776,5.2359168379209607e-16,0.99999999998210987,0.93750341972010154,0.99999598363319642,2.6617928313164852e-17
C,4,0.0001,6,0.00060000000000000006,0.075875218725294305,0.99999759999712001,0.99999759999760007,0.99999759999760007,0.99999519959388217,0.99999279996967805,0.99999519959388206,7.5788749348029815e-16,0.9999999999742456,0.93750341720323116,0.99999518035933466,3.7838373101396338e-17
C,4,0.0001,7,0.00069999999999999999,0.075875218725294305,0.99999719999607994,0.99999719999663927,0.99999719999663927,0.99999439952628077,0.99999159996630271,0.99999439952628077,4.2911018138589692e-16,0.99999999996495548,0.93750341468518494,0.99999437708530559,4.5353425554527875e-17
C,4,0.0001,8,0.00080000000000000004,0.075875218725294305,0.99999679999488,0.9999967999955186,0.9999967999955186,0.99999359945870625,0.99999039996340844,0.99999359945870614,2.9261562892218561e-16,0.99999999995424094,0.93750341216596345,0.99999357381111098,4.3055306375627553e-18
C,4,0.0001,9,0.00090000000000000008,0.075875218725294305,0.99999639999351997,0.99999639999423751,0.99999639999423751,0.9999927993911536,0.99998919996098601,0.99999279939115349,3.7050378280367981e-16,0.9999999999421022,0.93750340964556722,0.99999277053674962,2.3545938543591838e-17
C,4,0.0001,10,0.001,0.075875218725294305,0.99999599999199995,0.99999599999279931,0.99999599999279931,0.99999199932362826,0.99998799995905552,0.99999199932362826,3.9986330894627717e-16,0.99999999992854161,0.93750340712399594,0.99999196726222206,4.0247272646413199e-17
C,4,0.0001,11,0.0011000000000000001,0.075875218725294305,0.99999559999031995,0.99999559999119914,0.99999559999119914,0.99999119925612578,0.9999867999576042,0.99999119925612556,8.0913393496438665e-16,0.99999999991355992,0.93750340460125081,0.99999116398752685,3.982194708264692e-17
C,4,0.0001,12,0.0012000000000000001,0.075875218725294305,0.99999519998847997,0.99999519998943665,0.99999519998943665,0.99999039918864918,0.99998559995662584,0.99999039918864896,6.5617525203464515e-16,0.99999999989715838,0.93750340207733163,0.99999036071266434,3.1051290013622237e-17
C,4,0.0001,13,0.0013000000000000002,0.075875218725294305,0.99999479998648,0.9999947999875205,0.9999947999875205,0.99998959912119567,0.99998439995613098,0.99998959912119556,8.7750407215640918e-16,0.99999999987933808,0.93750339955223883,0.99998955743763684,5.3097731639374789e-17
C,4,0.0001,14,0.0014,0.075875218725294305,0.99999439998431994,0.99999439998543771,0.99999439998543771,0.99998879905376836,0.99998319995611906,0.99998879905376825,9.7557924381099956e-16,0.99999999986010013,0.93750339702597252,0.99998875416244171,3.3802511508316614e-17
C,4,0.0001,15,0.0015,0.075875218725294305,0.99999399998199989,0.99999399998319793,0.99999399998319793,0.99998799898636548,0.99998199995658132,0.99998799898636537,9.8958921869665182e-16,0.99999999983944632,0.93750339449853326,0.99998795088708026,3.6478330403171304e-17
C,4,0.0001,16,0.0016000000000000001,0.075875218725294305,0.99999359997951986,0.99999359998080073,0.99999359998080073,0.99998719891898891,0.99998079995752565,0.99998719891898891,7.2772937253387478e-16,0.99999999981737742,0.93750339196992072,0.99998714761155205,9.539502114221318e-18
C,4,0.0001,17,0.0017000000000000001,0.075875218725294305,0.99999319997687985,0.99999319997823954,0.99999319997823954,0.99998639885163698,0.99997959995894958,0.99998639885163676,3.485526937886544e-16,0.99999999979389453,0.93750338944013634,0.99998634433585709,3.1219036049278897e-17
C,4,0.0001,18,0.0018000000000000002,0.075875218725294305,0.99999279997407986,0.9999927999755216,0.9999927999755216,0.9999855987843107,0.99997839996085691,0.99998559878431059,7.2128584071748279e-16,0.99999999976899911,0.93750338690917989,0.99998554105999649,1.0090378883766251e-17
C,4,0.0001,19,0.0019,0.075875218725294305,0.99999239997111977,0.99999239997264078,0.99999239997264078,0.9999847987170003,0.99997719996323864,0.9999847987170003,5.1761183334490228e-16,0.99999999974269216,0.93750338437705161,0.99998473778396935,1.3256989810014106e-17
C,4,0.0001,20,0.002,0.075875218725294305,0.9999919999679997,0.99999199996959698,0.99999199996959698,0.99998399864972287,0.99997599996609976,0.99998399864972265,5.2558030411475617e-16,0.99999999971497477,0.93750338184375204,0.9999839345077749,8.2506448010852262e-18
C,4,0.0001,21,0.0021000000000000003,0.075875218725294305,0.99999159996471965,0.99999159996639531,0.99999159996639531,0.99998319858246543,0.99997479996944516,0.99998319858246543,5.1302210769974482e-16,0.99999999968584885,0.93750337930928151,0.99998313123141391,3.7737580360479317e-17
C,4,0.0001,22,0.0022000000000000001,0.075875218725294305,0.99999119996127972,0.99999119996303476,0.99999119996303476,0.99998239851523685,0.9999735999732714,0.99998239851523674,4.032721258203336e-16,0.99999999965531483,0.93750337677364004,0.99998232795488651,6.0339923983550097e-17
C,4,0.0001,23,0.0023,0.075875218725294305,0.99999079995767959,0.99999079995951923,0.99999079995951923,0.99998159844802736,0.99997239997757292,0.99998159844802725,8.8271163231671705e-16,0.99999999962337416,0.93750337423682795,0.99998152467819368,5.7697133049012645e-17
C,4,0.0001,24,0.0024000000000000002,0.075875218725294305,0.99999039995391958,0.99999039995583905,0.99999039995583905,0.99998079838084986,0.99997119998235884,0.99998079838084963,9.896255488429279e-16,0.99999999959002828,0.93750337169884579,0.9999807214013342,3.4739311211614927e-17
C,4,0.0001,25,0.0025000000000000001,0.075875218725294305,0.99998999994999949,0.99998999995199855,0.99998999995199855,0.99997999831369433,0.99996999998762193,0.99997999831369422,5.2951371793867048e-16,0.99999999955527819,0.93750336915969423,0.99997991812430898,1.3520069427384728e-17
C,4,0.0001,26,0.0026000000000000003,0.075875218725294305,0.99998959994591941,0.99998959994799774,0.99998959994799774,0.99997919824655934,0.99996879999336574,0.99997919824655923,1.0235633121759064e-15,0.99999999951912466,0.93750336661937261,0.99997911484711566,5.8070600483457465e-18
C,4,0.0001,27,0.0027000000000000001,0.075875218725294305,0.99998919994167934,0.99998919994383739,0.99998919994383739,0.99997839817945433,0.99996759999958573,0.99997839817945411,3.1269888955126484e-16,0.99999999948156992,0.93750336407788226,0.99997831156975647,2.1068812135565432e-17
C,4,0.0001,28,0.0028,0.075875218725294305,0.99998879993727929,0.99998879993951861,0.99998879993951861,0.99997759811236486,0.99996640000629122,0.99997759811236475,3.0881512067819343e-16,0.9999999994426142,0.93750336153522318,0.99997750829223231,3.6687872444830297e-17
C,4,0.0001,29,0.0029000000000000002,0.075875218725294305,0.99998839993271926,0.99998839993503763,0.99998839993503763,0.9999767980453097,0.99996520001347688,0.9999767980453097,9.4811483463246246e-16,0.99999999940225903,0.93750335899139559,0.99997670501453961,3.911073698921949e-17
C,4,0.0001,30,0.0030000000000000001,0.075875218725294305,0.99998799992799914,0.99998799993039866,0.99998799993039866,0.99997599797827486,0.99996400002113184,0.99997599797827463,5.3708890382887181e-16,0.99999999936050565,0.9375033564463997,0.99997590173668216,2.8098659075348527e-17
C,4,0.0001,31,0.0031000000000000003,0.075875218725294305,0.99998759992311903,0.99998759992559771,0.99998759992559771,0.99997519791126765,0.99996280002927762,0.99997519791126754,3.4349454733045358e-16,0.99999999931735528,0.93750335390023609,0.99997509845865806,1.2753492391882441e-17
C,4,0.0001,32,0.0032000000000000002,0.075875218725294305,0.99998719991807894,0.99998719992063534,0.99998719992063534,0.99997439784428099,0.99996160003790402,0.99997439784428099,5.7747962041647107e-16,0.99999999927280903,0.93750335135290475,0.99997429518046821,4.4057942118016998e-17
C,4,0.0001,33,0.0033,0.075875218725294305,0.99998679991287887,0.99998679991551365,0.99998679991551365,0.9999735977773192,0.99996040004700426,0.99997359777731898,8.1197498362290331e-16,0.99999999922686822,0.93750334880440678,0.99997349190211271,3.5110172309680132e-17
C,4,0.0001,34,0.0034000000000000002,0.075875218725294305,0.9999863999075187,0.99998639991023386,0.99998639991023386,0.99997279771038139,0.99995920005658567,0.99997279771038128,9.6697776002366898e-16,0.99999999917953375,0.9375033462547413,0.99997268862359046,5.3620216118728918e-17
C,4,0.0001,35,0.0035000000000000001,0.075875218725294305,0.99998599990199866,0.99998599990479342,0.99998599990479342,0.999971997643474,0.99995800006665014,0.99997199764347389,2.2473322851718399e-16,0.99999999913080717,0.93750334370390964,0.99997188534490211,2.6025218929573772e-17
C,4,0.0001,36,0.0036000000000000003,0.075875218725294305,0.99998559989631852,0.99998559989919789,0.99998559989919789,0.99997119757658581,0.99995680007719356,0.99997119757658581,5.8345728061050785e-16,0.99999999908068959,0.9375033411519117,0.9999710820660469,2.7838254120510791e-17
C,4,0.0001,37,0.0037000000000000002,0.075875218725294305,0.9999851998904784,0.99998519989343237,0.99998519989343237,0.99997039750972216,0.99995560008821571,0.99997039750972216,6.2860261409133156e-16,0.99999999902918202,0.93750333859874802,0.99997027878702616,7.6860862582823515e-17
C,4,0.0001,38,0.0038,0.075875218725294305,0.9999847998844783,0.99998479988751132,0.99998479988751132,0.99996959744288572,0.99995440009971648,0.9999695974428856,4.5161610220098557e-16,0.99999999897628578,0.93750333604441871,0.99996947550783943,2.2140279842333813e-17
C,4,0.0001,39,0.0039000000000000003,0.075875218725294305,0.99998439987831811,0.99998439988143339,0.99998439988143339,0.99996879737606958,0.99995320011170008,0.99996879737606947,4.1721164668334775e-16,0.99999999892200186,0.93750333348892412,0.99996867222848707,4.1547614512679847e-17
C,4,0.0001,40,0.0040000000000000001,0.075875218725294305,0.99998399987199793,0.99998399987519093,0.99998399987519093,0.99996799730927854,0.99995200012416208,0.99996799730927843,1.4811815400036014e-16,0.99999999886633173,0.93750333093226446,0.99996786894896894,3.7453457438855709e-17
C,4,0.0001,41,0.0041000000000000003,0.075875218725294305,0.99998359986551777,0.99998359986878838,0.99998359986878838,0.99996719724251126,0.99995080013709936,0.99996719724251126,3.3544099438232492e-16,0.99999999880927648,0.93750332837444006,0.99996706566928506,7.2599483446382727e-17
C,4,0.0001,42,0.0042000000000000006,0.075875218725294305,0.99998319985887762,0.99998319986223028,0.99998319986223028,0.99996639717577362,0.9999496001505227,0.99996639717577351,7.7967116419397367e-16,0.99999999875083734,0.93750332581545159,0.99996626238943409,4.7877487087440085e-17
C,4,0.0001,43,0.0043,0.075875218725294305,0.9999827998520775,0.99998279985551164,0.99998279985551164,0.9999655971090573,0.99994840016442454,0.99996559710905719,8.2578607923351185e-16,0.99999999869101508,0.93750332325529884,0.99996545910941792,1.7546621562548531e-17
C,4,0.0001,44,0.0044000000000000003,0.075875218725294305,0.99998239984511728,0.9999823998486288,0.9999823998486288,0.99996479704236185,0.99994720017881034,0.99996479704236185,3.6979935975713175e-16,0.99999999862981148,0.93750332069398257,0.99996465582923566,2.6571729667958041e-17
C,4,0.0001,45,0.0045000000000000005,0.075875218725294305,0.99998199983799707,0.99998199984158787,0.99998199984158787,0.9999639969756916,0.9999460001936703,0.99996399697569149,1.0505084182375418e-15,0.99999999856722743,0.93750331813150334,0.99996385254888831,1.4765919762470159e-17
C,4,0.0001,46,0.0045999999999999999,0.075875218725294305,0.99998159983071688,0.99998159983438883,0.99998159983438883,0.99996319690905011,0.99994480020901066,0.99996319690905,4.4638558800728819e-16,0.99999999850326415,0.93750331556786082,0.99996304926837465,2.1537008277449774e-17
C,4,0.0001,47,0.0047000000000000002,0.075875218725294305,0.99998119982327671,0.99998119982702838,0.99998119982702838,0.99996239684242649,0.99994360022482998,0.99996239684242649,4.1968257400329957e-16,0.99999999843792287,0.93750331300305512,0.99996224598769545,3.4358440338717135e-17
C,4,0.0001,48,0.0048000000000000004,0.075875218725294305,0.99998079981567645,0.9999807998195106,0.9999807998195106,0.99996159677583729,0.99994240024113379,0.99996159677583718,5.4965947002546121e-16,0.99999999837120479,0.93750331043708734,0.99996144270684983,3.0039032088745183e-17
C,4,0.0001,49,0.0048999999999999998,0.075875218725294305,0.9999803998079162,0.99998039981182885,0.99998039981182885,0.9999607967092663,0.99994120025791366,0.9999607967092663,3.0398515822890685e-16,0.99999999830311082,0.93750330786995728,0.99996063942583724,3.0464488252598121e-17
C,4,0.0001,50,0.0050000000000000001,0.075875218725294305,0.99997999979999597,0.99997999980399199,0.99997999980399199,0.99995999664271928,0.99994000027517405,0.99995999664271917,1.8359121030756323e-16,0.99999999823364261,0.93750330530166559,0.99995983614466011,4.3577521002297577e-17
C,4,0.0001,51,0.0051000000000000004,0.075875218725294305,0.99997959979191575,0.99997959979598572,0.99997959979598572,0.99995919657619803,0.99993880029291882,0.99995919657619792,3.0803159049774397e-16,0.99999999816280061,0.93750330273221272,0.999959032863317,8.3677266504876568e-18
C,4,0.0001,52,0.0052000000000000006,0.075875218725294305,0.99997919978367555,0.99997919978782923,0.99997919978782923,0.99995839650969698,0.99993760031113865,0.99995839650969676,1.0576533466753835e-15,0.99999999809058704,0.93750330016159922,0.99995822958180836,4.2606471108072717e-17
C,4,0.0001,53,0.0053,0.075875218725294305,0.99997879977527526,0.99997879977950266,0.99997879977950266,0.99995759644322346,0.99993640032983788,0.99995759644322346,5.3302478310686296e-16,0.99999999801700223,0.93750329758982442,0.9999574263001344,4.4467597374808507e-18
C,4,0.0001,54,0.0054000000000000003,0.075875218725294305,0.99997839976671499,0.99997839977102509,0.99997839977102509,0.99995679637677604,0.99993520034901928,0.99995679637677604,6.4287589530396552e-16,0.99999999794204752,0.93750329501688978,0.99995662301829491,3.5443386914047767e-17
C,4,0.0001,55,0.0055000000000000005,0.075875218725294305,0.99997799975799462,0.99997799976238555,0.99997799976238555,0.99995599631034859,0.99993400036867752,0.99995599631034859,5.9350820823611814e-16,0.99999999786572435,0.93750329244279418,0.99995581973628955,3.6336989855726118e-17
C,4,0.0001,56,0.0055999999999999999,0.075875218725294305,0.99997759974911438,0.99997759975358302,0.99997759975358302,0.99995519624394502,0.9999328003888156,0.99995519624394491,3.0686691002870217e-16,0.99999999778803372,0.93750328986753928,0.99995501645411755,2.3845501879407795e-17
C,4,0.0001,57,0.0057000000000000002,0.075875218725294305,0.99997719974007404,0.99997719974462329,0.99997719974462329,0.99995439617756998,0.99993160040943863,0.99995439617756987,1.0461284223145863e-16,0.99999999770897674,0.93750328729112464,0.9999542131717809,1.3353170001201153e-17
C,4,0.0001,58,0.0058000000000000005,0.075875218725294305,0.99997679973087372,0.99997679973550291,0.99997679973550291,0.99995359611121659,0.99993040043053805,0.99995359611121637,5.9730833447482812e-16,0.99999999762855463,0.93750328471355093,0.99995340988927961,8.8566028322072482e-18
C,4,0.0001,59,0.0058999999999999999,0.075875218725294305,0.99997639972151342,0.9999763997262201,0.9999763997262201,0.99995279604488974,0.99992920045211653,0.99995279604488951,7.9174026476853458e-16,0.99999999754676849,0.93750328213481804,0.99995260660661234,6.304646307180171e-18
C,4,0.0001,60,0.0060000000000000001,0.075875218725294305,0.99997599971199302,0.99997599971678053,0.99997599971678053,0.99995199597858919,0.9999280004741814,0.99995199597858919,9.6004883497560872e-16,0.99999999746361978,0.93750327955492707,0.99995180332378009,3.4386786813277146e-17
C,4,0.0001,61,0.0061000000000000004,0.075875218725294305,0.99997559970231276,0.99997559970718197,0.99997559970718197,0.9999511959123043,0.99992680049672023,0.9999511959123043,6.573879716042368e-16,0.99999999737910927,0.93750327697387748,0.9999510000407803,3.1488070883124632e-18
C,4,0.0001,62,0.0062000000000000006,0.075875218725294305,0.99997519969247239,0.99997519969742055,0.99997519969742055,0.99995039584604895,0.99992560051973645,0.99995039584604883,5.2418293395655843e-16,0.99999999729323852,0.93750327439167047,0.99995019675761621,2.6630828339564678e-17
C,4,0.0001,63,0.0063,0.075875218725294305,0.99997479968247205,0.99997479968749914,0.99997479968749914,0.99994959577981823,0.99992440054323795,0.99994959577981812,6.2948020621542569e-16,0.99999999720600863,0.93750327180830562,0.99994939347428746,2.3416532775148754e-17
C,4,0.0001,64,0.0064000000000000003,0.075875218725294305,0.99997439967231161,0.99997439967741997,0.99997439967741997,0.99994879571360995,0.99992320056721817,0.99994879571360984,2.0729612035961104e-16,0.99999999711742027,0.93750326922378313,0.99994859019079185,1.8266098667882611e-17
C,4,0.0001,65,0.0065000000000000006,0.075875218725294305,0.99997399966199119,0.99997399966717748,0.99997399966717748,0.99994799564742565,0.99992200059167535,0.99994799564742554,3.3358562585793225e-16,0.99999999702747533,0.93750326663810435,0.99994778690713193,3.4292219463939488e-17
C,4,0.0001,66,0.0066,0.075875218725294305,0.99997359965151078,0.99997359965677701,0.99997359965677701,0.9999471955812651,0.99992080061661726,0.99994719558126499,6.871230420544027e-16,0.99999999693617425,0.9375032640512686,0.99994698362330603,2.9560207110425023e-17
C,4,0.0001,67,0.0067000000000000002,0.075875218725294305,0.99997319964087039,0.99997319964621545,0.99997319964621545,0.99994639551512954,0.99991960064203733,0.99994639551512932,4.7748324231823563e-16,0.99999999684351903,0.93750326146327656,0.99994618033931393,1.9780542856286614e-17
C,4,0.0001,68,0.0068000000000000005,0.075875218725294305,0.99997279963006991,0.99997279963549535,0.99997279963549535,0.99994559544902117,0.99991840066793969,0.99994559544902117,7.3246680442880074e-16,0.99999999674951001,0.93750325887412878,0.99994537705515629,1.2851589673289003e-17
C,4,0.0001,69,0.0069000000000000008,0.075875218725294305,0.99997239961910944,0.99997239962461171,0.99997239962461171,0.99994479538293135,0.99991720069431522,0.99994479538293113,7.2058555615467075e-16,0.99999999665414907,0.93750325628382492,0.99994457377083379,7.4112620018634134e-17
C,4,0.0001,70,0.0070000000000000001,0.075875218725294305,0.9999719996079891,0.99997199961357075,0.99997199961357075,0.99994399531686962,0.99991600072117259,0.99994399531686939,2.9594825483764713e-16,0.99999999655743688,0.93750325369236598,0.99994377048634697,2.0552028021852752e-17
C,4,0.0001,71,0.0071000000000000004,0.075875218725294305,0.99997159959670856,0.99997159960237147,0.99997159960237147,0.99994319525083186,0.99991480074851036,0.99994319525083175,4.9070842205179667e-16,0.99999999645937465,0.9375032510997523,0.9999429672016944,4.1673866146715441e-17
C,4,0.0001,72,0.0072000000000000007,0.075875218725294305,0.99997119958526803,0.99997119959100911,0.99997119959100911,0.99994239518481498,0.99991360077632996,0.99994239518481487,5.814379964098533e-16,0.99999999635996351,0.93750324850598354,0.99994216391687718,5.2358240297004397e-17
C,4,0.0001,73,0.0073000000000000001,0.075875218725294305,0.99997079957366752,0.99997079957949164,0.99997079957949164,0.99994159511881964,0.99991240080463084,0.99994159511881953,3.8974995284801711e-16,0.99999999625920499,0.9375032459110606,0.99994136063189332,5.2401015807585117e-17
C,4,0.0001,74,0.0074000000000000003,0.075875218725294305,0.99997039956190703,0.99997039956780664,0.99997039956780664,0.99994079505285716,0.99991120083340945,0.99994079505285705,7.4069749039913359e-16,0.99999999615709967,0.93750324331498358,0.99994055734674403,5.1586459077825139e-17
C,4,0.0001,75,0.0075000000000000006,0.075875218725294305,0.99996999954998655,0.99996999955596866,0.99996999955596866,0.99993999498691355,0.99991000086266579,0.99993999498691344,7.7743978633175321e-16,0.99999999605364953,0.93750324071775226,0.99993975406143065,8.0113541037681157e-17
C,4,0.0001,76,0.0076,0.075875218725294305,0.99996959953790598,0.99996959954396814,0.99996959954396814,0.99993919492099226,0.99990880089240208,0.99993919492099215,9.8978514307304231e-16,0.99999999594885514,0.93750323811936831,0.99993895077595196,4.764581676350202e-17
C,4,0.0001,77,0.0077000000000000002,0.075875218725294305,0.99996919952566543,0.99996919953180685,0.99996919953180685,0.99993839485509772,0.99990760092262043,0.99993839485509772,9.293847629635081e-16,0.99999999584271748,0.93750323551983106,0.99993814749030796,1.3470580256768532e-17
C,4,0.0001,78,0.0078000000000000005,0.075875218725294305,0.99996879951326478,0.99996879951948536,0.99996879951948536,0.99993759478922695,0.99990640095332306,0.99993759478922684,7.1083564484040143e-16,0.99999999573523846,0.93750323291914095,0.9999373442044992,1.5570493446727053e-17
C,4,0.0001,79,0.0079000000000000008,0.075875218725294305,0.99996839950070415,0.99996839950700322,0.99996839950700322,0.9999367947233786,0.99990520098449853,0.99993679472337849,4.1624168147325358e-16,0.99999999562641828,0.93750323031729876,0.99993654091852491,1.2585100927030684e-17
C,4,0.0001,80,0.0080000000000000002,0.075875218725294305,0.99996799948798365,0.99996799949435988,0.99996799949435988,0.99993599465755656,0.99990400101615573,0.99993599465755645,7.3690265356905051e-16,0.99999999551625895,0.93750322771430439,0.99993573763238663,3.1031668930619088e-17
C,4,0.0001,81,0.0080999999999999996,0.075875218725294305,0.99996759947510305,0.99996759948156311,0.99996759948156311,0.99993519459175673,0.99990280104829732,0.99993519459175662,1.0672223061739627e-15,0.99999999540476092,0.93750322511015771,0.99993493434608205,3.2538695779800692e-17
C,4,0.0001,82,0.0082000000000000007,0.075875218725294305,0.99996719946206236,0.99996719946860269,0.99996719946860269,0.99993439452598187,0.99990160108091419,0.99993439452598187,6.6008358910399257e-16,0.99999999529192596,0.93750322250486051,0.99993413105961459,1.0586769396044298e-17
C,4,0.0001,83,0.0083000000000000001,0.075875218725294305,0.99996679944886169,0.99996679945547784,0.99996679945547784,0.99993359446022689,0.99990040111401113,0.99993359446022689,3.6175773168670911e-16,0.99999999517775473,0.93750321989841123,0.99993332777298127,7.3658080778814205e-17
C,4,0.0001,84,0.0084000000000000012,0.075875218725294305,0.99996639943550103,0.99996639944219623,0.99996639944219623,0.999932794394499,0.99989920114759001,0.99993279439449878,8.0049951847963358e-16,0.99999999506224879,0.93750321729081088,0.99993252448618164,3.1954322966719976e-17
C,4,0.0001,85,0.0085000000000000006,0.075875218725294305,0.99996599942198039,0.99996599942876119,0.99996599942876119,0.99993199432879776,0.99989800118164796,0.99993199432879754,8.7160237221041495e-16,0.99999999494540892,0.93750321468206055,0.99993172119921736,2.4923081370030018e-17
C,4,0.0001,86,0.0086,0.075875218725294305,0.99996559940829965,0.99996559941515961,0.99996559941515961,0.99993119426311838,0.99989680121618696,0.99993119426311838,4.7052280977054865e-16,0.99999999482723667,0.9375032120721597,0.9999309179120891,1.8814506642572053e-17
C,4,0.0001,87,0.0087000000000000011,0.075875218725294305,0.99996519939445894,0.99996519940139372,0.99996519940139372,0.9999303941974621,0.99989560125120136,0.99993039419746199,4.2704561559256215e-16,0.99999999470773249,0.93750320946110877,0.99993011462479486,8.9149787626545275e-18
C,4,0.0001,88,0.0088000000000000005,0.075875218725294305,0.99996479938045812,0.99996479938747429,0.99996479938747429,0.99992959413183247,0.99989440128669815,0.99992959413183236,6.9233174599040878e-16,0.99999999458689848,0.93750320684890842,0.99992931133733676,2.3724427265743423e-17
C,4,0.0001,89,0.0088999999999999999,0.075875218725294305,0.99996439936629744,0.99996439937339276,0.99996439937339276,0.99992879406621826,0.99989320132267756,0.99992879406621826,3.6928902834583196e-16,0.9999999944647352,0.937503204235559,0.99992850804971289,1.3048404706773599e-17
C,4,0.0001,90,0.0090000000000000011,0.075875218725294305,0.99996399935197666,0.99996399935915259,0.99996399935915259,0.99992799400063803,0.99989200135913636,0.99992799400063792,3.0617691696742713e-16,0.99999999434124376,0.93750320162106038,0.99992770476192483,4.2297511098057584e-17
C,4,0.0001,91,0.0091000000000000004,0.075875218725294305,0.9999635993374959,0.9999635993447511,0.9999635993447511,0.99992719393507412,0.99989080139607345,0.99992719393507412,5.314654488735059e-16,0.9999999942164256,0.9375031990054129,0.99992690147397123,1.7701295329422158e-17
C,4,0.0001,92,0.0091999999999999998,0.075875218725294305,0.99996319932285505,0.99996319933018962,0.99996319933018962,0.99992639386953808,0.99988960143348959,0.99992639386953808,7.4972398735893743e-16,0.9999999940902814,0.93750319638861723,0.9999260981858541,9.5808935903717594e-18
C,4,0.0001,93,0.009300000000000001,0.075875218725294305,0.99996279930805421,0.99996279931546384,0.99996279931546384,0.99992559380402657,0.99988840147138514,0.99992559380402657,1.4104528985602342e-16,0.99999999396281292,0.93750319377067348,0.99992529489757143,2.3798483500347373e-17
C,4,0.0001,94,0.0094000000000000004,0.075875218725294305,0.99996239929309338,0.99996239930058595,0.99996239930058595,0.99992479373853549,0.99988720150976418,0.99992479373853538,7.1896187741401585e-16,0.99999999383402105,0.93750319115158198,0.99992449160912455,4.313817208369269e-17
C,4,0.0001,95,0.0094999999999999998,0.075875218725294305,0.99996199927797258,0.99996199928554108,0.99996199928554108,0.99992399367307117,0.99988600154861662,0.99992399367307117,3.7054490619834909e-16,0.99999999370390658,0.9375031885313434,0.99992368832051415,8.5504896994513718e-18
C,4,0.0001,96,0.0096000000000000009,0.075875218725294305,0.99996159926269168,0.99996159927034045,0.99996159927034045,0.99992319360762649,0.99988480158795856,0.99992319360762638,7.2940847906937392e-16,0.99999999357247116,0.93750318590995785,0.99992288503173765,3.5683943045945999e-17
C,4,0.0001,97,0.0097000000000000003,0.075875218725294305,0.9999611992472508,0.99996119925498317,0.99996119925498317,0.9999223935422149,0.99988360162777301,0.99992239354221479,1.1044867570450272e-15,0.9999999934397158,0.93750318328742555,0.99992208174279651,1.7231796683799516e-17
C,4,0.0001,98,0.0097999999999999997,0.075875218725294305,0.99996079923164982,0.99996079923946291,0.99996079923946291,0.99992159347681597,0.9998824016680673,0.99992159347681608,4.2784184633045166e-16,0.99999999330564138,0.9375031806637466,0.99992127845369061,3.4503527433765178e-19
C,4,0.0001,99,0.0099000000000000008,0.075875218725294305,0.99996039921588897,0.99996039922377911,0.99996039922377911,0.99992079341144691,0.9998812017088432,0.99992079341144691,3.5302052231223535e-16,0.99999999317024924,0.93750317803892169,0.99992047516442006,3.9326459073719826e-17
C,4,0.0001,100,0.01,0.075875218725294305,0.99995999919996803,0.99995999920793543,0.99995999920793543,0.99991999334610171,0.99988000175010017,0.99991999334610171,8.0933223595730339e-16,0.9999999930335407,0.93750317541295058,0.99991967187498521,8.902866022592249e-19
C,4,0.0001,101,0.010100000000000001,0.075875218725294305,0.99995959918388699,0.99995959919193322,0.99995959919193322,0.99991919328077905,0.99987880179184019,0.99991919328077894,3.5374631982781928e-16,0.99999999289551655,0.93750317278583462,0.99991886858538614,2.0745842009459549e-17
C,4,0.0001,102,0.010200000000000001,0.075875218725294305,0.99995919916764608,0.9999591991757758,0.9999591991757758,0.99991839321547693,0.99987760183405339,0.99991839321547682,6.3337345949002573e-16,0.99999999275617812,0.9375031701575729,0.99991806529562277,2.8710244964516224e-17
C,4,0.0001,103,0.0103,0.075875218725294305,0.99995879915124497,0.99995879915945229,0.99995879915945229,0.99991759315020434,0.99987640187675186,0.99991759315020434,3.1819214091787305e-16,0.99999999261552663,0.93750316752816654,0.99991726200569486,1.8037664382665886e-17
C,4,0.0001,104,0.010400000000000001,0.075875218725294305,0.99995839913468398,0.99995839914296947,0.99995839914296947,0.99991679308495174,0.9998752019199254,0.99991679308495152,4.6566073019561406e-16,0.99999999247356286,0.93750316489761587,0.99991645871560242,2.2458591807681926e-17
C,4,0.0001,105,0.010500000000000001,0.075875218725294305,0.99995799911796301,0.99995799912632599,0.99995799912632599,0.99991599301972478,0.99987400196358134,0.99991599301972467,4.7367016759979932e-16,0.99999999233028825,0.93750316226592101,0.99991565542534588,5.5251078224819483e-17
C,4,0.0001,106,0.0106,0.075875218725294305,0.99995759910108184,0.99995759910952686,0.99995759910952686,0.99991519295451969,0.99987280200771533,0.99991519295451958,8.2902186929281427e-16,0.9999999921857039,0.93750315963308162,0.99991485213492337,4.7639341244083054e-17
C,4,0.0001,107,0.010700000000000001,0.075875218725294305,0.99995719908404079,0.9999571990925632,0.9999571990925632,0.99991439288934425,0.99987160205233472,0.99991439288934414,5.7148353188116517e-16,0.99999999203981116,0.93750315699909881,0.9999140488443361,3.536731345282618e-17
C,4,0.0001,108,0.010800000000000001,0.075875218725294305,0.99995679906683965,0.99995679907544088,0.99995679907544088,0.99991359282417969,0.99987040209743105,0.99991359282417958,8.7683709500679337e-16,0.99999999189261046,0.93750315436397369,0.99991324555358596,1.7809919196186899e-20
C,4,0.0001,109,0.0109,0.075875218725294305,0.99995639904947853,0.99995639905816114,0.99995639905816114,0.9999127927590481,0.99986920214300368,0.99991279275904799,3.4054840256916912e-16,0.9999999917441037,0.93750315172770504,0.99991244226267006,9.6130726170054199e-18
C,4,0.0001,110,0.011000000000000001,0.075875218725294305,0.99995599903195742,0.99995599904072074,0.99995599904072074,0.99991199269393871,0.99986800218906113,0.99991199269393849,9.2911217048988659e-16,0.99999999159429143,0.9375031490902932,0.9999116389715913,4.3910275358771941e-18
C,4,0.0001,111,0.0111,0.075875218725294305,0.99995559901427622,0.99995559902311637,0.99995559902311637,0.99991119262885175,0.99986680223559465,0.99991119262885175,8.3870692498505536e-16,0.9999999914431752,0.93750314645174004,0.99991083568034833,3.8489644358213995e-17
C,4,0.0001,112,0.0112,0.075875218725294305,0.99995519899643504,0.9999551990053569,0.9999551990053569,0.99991039256379155,0.9998656022826099,0.99991039256379133,6.3747023771604104e-16,0.9999999912907559,0.93750314381204436,0.99991003238894094,1.1520922324317277e-17
C,4,0.0001,113,0.011300000000000001,0.075875218725294305,0.99995479897843376,0.999954798987432,0.999954798987432,0.99990959249875189,0.9998644023301051,0.99990959249875178,4.3154518517881116e-16,0.99999999113703497,0.93750314117120714,0.99990922909736868,7.7530360432039932e-18
C,4,0.0001,114,0.0114,0.075875218725294305,0.99995439896027261,0.99995439896935234,0.99995439896935234,0.99990879243373243,0.99986320237807746,0.99990879243373221,5.981049603469776e-16,0.99999999098201309,0.93750313852922873,0.99990842580563277,1.8912755069786456e-17
C,4,0.0001,115,0.0115,0.075875218725294305,0.99995399894195136,0.99995399895110959,0.99995399895110959,0.99990799236874017,0.99986200242653878,0.99990799236874017,4.0633309473635295e-16,0.99999999082569169,0.93750313588610845,0.99990762251373244,3.8319452584219985e-17
C,4,0.0001,116,0.011600000000000001,0.075875218725294305,0.99995359892347002,0.99995359893270586,0.99995359893270586,0.99990719230377301,0.99986080247546916,0.99990719230377301,6.1742978733313087e-16,0.99999999066807188,0.93750313324184842,0.99990681922166713,5.1725865145516195e-17
C,4,0.0001,117,0.0117,0.075875218725294305,0.9999531989048287,0.99995319891414602,0.99995319891414602,0.99990639223882871,0.99985960252488837,0.99990639223882849,4.3136474575539812e-16,0.99999999050915467,0.93750313059644752,0.99990601592943829,5.7948649517123936e-17
C,4,0.0001,118,0.0118,0.075875218725294305,0.99995279888602739,0.9999527988954231,0.9999527988954231,0.99990559217390484,0.99985840257478364,0.99990559217390473,7.4878931244427695e-16,0.99999999034894105,0.93750312794990642,0.99990521263704324,1.3408672265899609e-17
C,4,0.0001,119,0.011900000000000001,0.075875218725294305,0.99995239886706611,0.99995239887654297,0.99995239887654297,0.99990479210901018,0.99985720262515398,0.99990479210900995,1.6139043137258686e-16,0.99999999018743246,0.93750312530222579,0.99990440934448577,2.9172643793187589e-17
C,4,0.0001,120,0.012,0.075875218725294305,0.99995199884794472,0.99995199885749841,0.99995199885749841,0.99990399204413571,0.99985600267600805,0.9999039920441356,5.5279268070895508e-16,0.99999999002463014,0.93750312265340563,0.99990360605176543,4.4938430596509914e-17
C,4,0.0001,121,0.012100000000000001,0.075875218725294305,0.99995159882866336,0.9999515988382951,0.9999515988382951,0.99990319197928601,0.99985480272734184,0.9999031919792859,4.4630036430475707e-16,0.99999998986053451,0.9375031200034456,0.99990280275887999,1.7142585815493197e-17
C,4,0.0001,122,0.012200000000000001,0.075875218725294305,0.9999511988092219,0.99995119881893502,0.99995119881893502,0.99990239191445851,0.99985360277915869,0.9999023919144584,7.2516078008692162e-16,0.99999998969514758,0.93750311735234726,0.99990199946583047,9.7168511688280793e-18
C,4,0.0001,123,0.0123,0.075875218725294305,0.99995079878962045,0.9999507987994134,0.9999507987994134,0.99990159184965688,0.99985240283145116,0.99990159184965688,4.7134872426909965e-16,0.9999999895284698,0.93750311470011038,0.99990119617261664,7.1320822325442541e-17
C,4,0.0001,124,0.012400000000000001,0.075875218725294305,0.99995039876985903,0.99995039877972669,0.99995039877972669,0.99990079178487501,0.99985120288422635,0.9999007917848749,6.5408767427313022e-16,0.99999998936050238,0.93750311204673564,0.99990039287923982,1.3291087640642571e-17
C,4,0.0001,125,0.012500000000000001,0.075875218725294305,0.99994999874993751,0.99994999875988622,0.99994999875988622,0.99989999172011745,0.99985000293748016,0.99989999172011745,7.7213853010901242e-16,0.999999989191247,0.93750310939222248,0.99989958958569791,9.4024635862765516e-18
C,4,0.0001,126,0.0126,0.075875218725294305,0.999949598729856,0.99994959873988765,0.99994959873988765,0.99989919165538765,0.99984880299121537,0.99989919165538765,6.112912968799063e-16,0.99999998902070419,0.93750310673657211,0.99989878629199258,9.1574912434492367e-18
C,4,0.0001,127,0.012700000000000001,0.075875218725294305,0.99994919870961441,0.99994919871972554,0.99994919871972554,0.99989839159067995,0.99984760304542986,0.99989839159067995,5.2616499229399464e-16,0.99999998884887509,0.93750310407978421,0.99989798299812216,1.7617825670706894e-17
C,4,0.0001,128,0.012800000000000001,0.075875218725294305,0.99994879868921294,0.99994879869939912,0.99994879869939912,0.99989759152599067,0.99984640310012618,0.99989759152599056,5.1127672299987699e-16,0.99999998867576101,0.93750310142185977,0.99989717970408776,3.0695086930606351e-17
C,4,0.0001,129,0.0129,0.075875218725294305,0.99994839866865126,0.99994839867892094,0.99994839867892094,0.99989679146132437,0.99984520315529413,0.99989679146132426,6.6855676731541459e-16,0.99999998850136329,0.93750309876279825,0.99989637640989038,9.3178756894674096e-18
C,4,0.0001,130,0.013000000000000001,0.075875218725294305,0.99994799864792971,0.99994799865827544,0.99994799865827544,0.99989599139668206,0.99984400321095246,0.99989599139668206,7.5016273411601119e-16,0.9999999883256826,0.93750309610260074,0.99989557311552868,2.5143721047205616e-17
C,4,0.0001,131,0.013100000000000001,0.075875218725294305,0.99994759862704807,0.99994759863747684,0.99994759863747684,0.99989519133207494,0.99984280326708508,0.99989519133207494,4.9906098270720555e-16,0.99999998814872026,0.93750309344126714,0.99989476982100334,1.446419114660074e-17
C,4,0.0001,132,0.0132,0.075875218725294305,0.99994719860600634,0.99994719861650982,0.99994719861650982,0.99989439126747637,0.99984160332369776,0.99989439126747626,2.9427078579115935e-16,0.99999998797047707,0.93750309077879812,0.99989396652631368,3.4350489879963903e-17
C,4,0.0001,133,0.013300000000000001,0.075875218725294305,0.99994679858480473,0.99994679859538815,0.99994679859538815,0.99989359120290633,0.99984040338079394,0.99989359120290633,2.3964723879111929e-16,0.999999987790955,0.93750308811519356,0.99989316323146105,2.5539014659623809e-17
C,4,0.0001,134,0.0134,0.075875218725294305,0.99994639856344303,0.99994639857410283,0.99994639857410283,0.99989279113836271,0.99983920343836841,0.9998927911383626,1.7879321920643162e-16,0.99999998761015418,0.93750308545045358,0.9998923599364441,6.4309118034822453e-17
C,4,0.0001,135,0.0135,0.075875218725294305,0.99994599854192123,0.99994599855266408,0.99994599855266408,0.99989199107384263,0.99983800349642227,0.99989199107384263,5.3413183503972726e-16,0.99999998742807628,0.93750308278457917,0.99989155664126395,1.9898876909798487e-17
C,4,0.0001,136,0.013600000000000001,0.075875218725294305,0.99994559852023945,0.99994559853106202,0.99994559853106202,0.99989119100934076,0.99983680355495308,0.99989119100934054,5.4302901562716754e-16,0.99999998724472239,0.93750308011756955,0.99989075334591937,6.1549527820852689e-17
C,4,0.0001,137,0.0137,0.075875218725294305,0.99994519849839769,0.99994519850929797,0.99994519850929797,0.99989039094486387,0.99983560361396706,0.99989039094486376,3.050356481689195e-16,0.9999999870600933,0.9375030774494264,0.99988995005041026,3.0597126130805774e-17
C,4,0.0001,138,0.013800000000000002,0.075875218725294305,0.99994479847639595,0.99994479848737372,0.99994479848737372,0.99988959088041229,0.99983440367345799,0.99988959088041218,6.8376378518266124e-16,0.99999998687419034,0.93750307478014905,0.99988914675473795,7.1897609294501299e-18
C,4,0.0001,139,0.013900000000000001,0.075875218725294305,0.99994439845423411,0.99994439846529115,0.99994439846529115,0.99988879081598447,0.99983320373343465,0.99988879081598436,4.1193084993400154e-16,0.99999998668701462,0.93750307210973871,0.99988834345890221,9.480492176717254e-18
C,4,0.0001,140,0.014,0.075875218725294305,0.99994399843191217,0.99994399844305126,0.99994399844305126,0.99988799075157686,0.99983200379388693,0.99988799075157686,2.372491062228567e-16,0.99999998649856725,0.93750306943819517,0.99988754016290293,2.5627189966708009e-17
C,4,0.0001,141,0.014100000000000001,0.075875218725294305,0.99994359840943026,0.99994359842064684,0.99994359842064684,0.99988719068719689,0.9998308038548207,0.99988719068719689,2.8510523424147285e-16,0.99999998630884945,0.93750306676551864,0.99988673686674046,4.4371270192718676e-17
C,4,0.0001,142,0.014200000000000001,0.075875218725294305,0.99994319838678836,0.99994319839808332,0.99994319839808332,0.99988639062283569,0.99982960391623099,0.99988639062283546,1.101712670805908e-15,0.99999998611786201,0.93750306409170914,0.99988593357041311,7.2748163849672628e-19
C,4,0.0001,143,0.0143,0.075875218725294305,0.99994279836398647,0.99994279837536149,0.99994279837536149,0.99988559055849968,0.99982840397812345,0.99988559055849968,6.1839965444514907e-16,0.99999998592560635,0.93750306141676787,0.99988513027392267,1.8384756851366867e-17
C,4,0.0001,144,0.014400000000000001,0.075875218725294305,0.9999423983410245,0.999942398352478,0.999942398352478,0.99988479049418788,0.99982720404049397,0.99988479049418788,3.9991405417021189e-16,0.99999998573208349,0.93750305874069417,0.99988432697726881,2.3509770558533144e-17
C,4,0.0001,145,0.014500000000000001,0.075875218725294305,0.99994199831790243,0.99994199832943442,0.99994199832943442,0.99988399042989984,0.99982600410334821,0.99988399042989973,3.6372102858383585e-16,0.9999999855372943,0.93750305606348949,0.99988352368045075,4.1254675380913322e-17
C,4,0.0001,146,0.0146,0.075875218725294305,0.99994159829462037,0.9999415983062333,0.9999415983062333,0.99988319036563278,0.99982480416668251,0.99988319036563278,7.1316933981051751e-16,0.99999998534124024,0.9375030533851535,0.99988272038346959,3.5121578528480657e-17
C,4,0.0001,147,0.014700000000000001,0.075875218725294305,0.99994119827117833,0.99994119828286609,0.99994119828286609,0.99988239030138693,0.99982360423049743,0.99988239030138681,8.711143869156693e-16,0.99999998514392197,0.93750305070568607,0.99988191708632479,3.741945462560389e-19
C,4,0.0001,148,0.014800000000000001,0.075875218725294305,0.99994079824757631,0.99994079825934601,0.99994079825934601,0.99988159023716694,0.99982240429478675,0.99988159023716672,6.9228120270313233e-16,0.99999998494534115,0.93750304802508855,0.99988111378901723,2.1756050493911881e-17
C,4,0.0001,149,0.0149,0.075875218725294305,0.9999403982238142,0.99994039823566383,0.99994039823566383,0.99988079017297227,0.99982120435955835,0.99988079017297204,5.974090431851293e-16,0.99999998474549845,0.93750304534336037,0.99988031049154702,4.0166287471145728e-17
C,4,0.0001,150,0.015000000000000001,0.075875218725294305,0.99993999819989199,0.99993999821181989,0.99993999821181989,0.99987999010879958,0.99982000442480878,0.99987999010879958,8.5026446266964683e-16,0.99999998454439532,0.93750304266050188,0.99987950719391405,7.1996562771073144e-17
C,4,0.0001,151,0.015100000000000001,0.075875218725294305,0.9999395981758098,0.99993959818781841,0.99993959818781841,0.99987919004464831,0.99981880449054206,0.9998791900446482,7.4392864858446275e-16,0.9999999843420323,0.93750303997651341,0.99987870389611588,4.285104522599925e-17
C,4,0.0001,152,0.0152,0.075875218725294305,0.99993919815156762,0.9999391981636504,0.9999391981636504,0.9998783899805187,0.99981760455675328,0.99987838998051859,5.1276376049540444e-16,0.99999998413841118,0.93750303729139572,0.99987790059815496,4.4237447003272705e-17
C,4,0.0001,153,0.015300000000000001,0.075875218725294305,0.99993879812716535,0.99993879813933007,0.99993879813933007,0.9998775899164174,0.99981640462344834,0.99987758991641729,8.5154578628317394e-16,0.99999998393353262,0.93750303460514894,0.99987709730002949,4.2200608611659012e-17
C,4,0.0001,154,0.0154,0.075875218725294305,0.9999383981026031,0.99993839811484353,0.99993839811484353,0.99987678985233652,0.99981520469062024,0.99987678985233652,7.1149054777955924e-16,0.99999998372739773,0.93750303191777351,0.99987629400174138,4.4326089906629915e-18
C,4,0.0001,155,0.0155,0.075875218725294305,0.99993799807788086,0.999937998090205,0.999937998090205,0.99987598978827874,0.99981400475827076,0.99987598978827874,3.5674856509666706e-16,0.99999998352000796,0.93750302922926987,0.99987549070329018,2.2175829039156077e-17
C,4,0.0001,156,0.015600000000000001,0.075875218725294305,0.99993759805299853,0.9999375980654005,0.9999375980654005,0.99987518972424694,0.99981280482640211,0.99987518972424694,3.6258631433731618e-16,0.99999998331136386,0.93750302653963813,0.99987468740467444,4.8284669622968276e-18
C,4,0.0001,157,0.015700000000000002,0.075875218725294305,0.99993719802795622,0.99993719804043912,0.99993719804043912,0.9998743896602339,0.99981160489501186,0.99987438966023379,5.8509331288565803e-16,0.99999998310146687,0.93750302384887818,0.99987388410589684,2.4478383600399516e-17
C,4,0.0001,158,0.015800000000000002,0.075875218725294305,0.99993679800275381,0.99993679801531854,0.99993679801531854,0.99987358959624562,0.99981040496410656,0.9998735895962455,3.3884229198422404e-16,0.99999998289031833,0.93750302115699058,0.99987308080695514,3.1782104139427262e-17
C,4,0.0001,159,0.015900000000000001,0.075875218725294305,0.99993639797739131,0.99993639799003098,0.99993639799003098,0.99987278953228242,0.99980920503367798,0.99987278953228242,6.9353179970817365e-16,0.99999998267791845,0.93750301846397566,0.99987227750785046,4.078719116952208e-17
C,4,0.0001,160,0.016,0.075875218725294305,0.99993599795186894,0.9999359979645871,0.9999359979645871,0.99987198946833944,0.9998080051037298,0.99987198946833944,2.7208090001929353e-16,0.99999998246426947,0.93750301576983386,0.99987147420858291,9.0002391623642041e-17
C,4,0.0001,161,0.0161,0.075875218725294305,0.99993559792618647,0.99993559793898079,0.99993559793898079,0.99987118940441888,0.99980680517426146,0.99987118940441877,6.3137890274605214e-16,0.9999999822493717,0.93750301307456529,0.99987067090915205,2.6532475653851461e-17
C,4,0.0001,162,0.016199999999999999,0.075875218725294305,0.99993519790034402,0.99993519791321961,0.99993519791321961,0.99987038934052797,0.99980560524526862,0.99987038934052797,8.0885382760113021e-16,0.99999998203322626,0.93750301037817063,0.99986986760955765,2.7949350689153851e-17
C,4,0.0001,163,0.016300000000000002,0.075875218725294305,0.99993479787434136,0.99993479788729667,0.99993479788729667,0.99986958927665082,0.99980440531676229,0.99986958927665082,8.2343198839496653e-16,0.99999998181583483,0.93750300768064943,0.99986906430980083,3.0446346310820461e-18
C,4,0.0001,164,0.016400000000000001,0.075875218725294305,0.99993439784817884,0.9999343978612143,0.9999343978612143,0.99986878921280264,0.99980320538873269,0.99986878921280253,1.1909609215431256e-16,0.99999998159719761,0.93750300498200334,0.99986826100988102,9.2160599294869401e-18
C,4,0.0001,165,0.016500000000000001,0.075875218725294305,0.99993399782185621,0.99993399783496817,0.99993399783496817,0.99986798914897568,0.99980200546118325,0.99986798914897568,6.8571479269465861e-16,0.99999998137731649,0.93750300228223182,0.99986745770979624,3.6463017619108528e-17
C,4,0.0001,166,0.0166,0.075875218725294305,0.99993359779537361,0.99993359780856528,0.99993359780856528,0.99986718908517358,0.99980080553411754,0.99986718908517347,5.1383395148404545e-16,0.99999998115619215,0.93750299958133476,0.99986665440954881,5.3852131433457893e-17
C,4,0.0001,167,0.0167,0.075875218725294305,0.99993319776873102,0.99993319778200107,0.99993319778200107,0.9998663890213928,0.9997996056075229,0.99986638902139258,7.3313580882498309e-16,0.99999998093382592,0.93750299687931293,0.9998658511091385,1.8252567492546143e-17
C,4,0.0001,168,0.016800000000000002,0.075875218725294305,0.99993279774192823,0.9999327977552781,0.9999327977552781,0.99986558895763844,0.99979840568141665,0.99986558895763833,9.6420683759075147e-16,0.99999998071021845,0.93750299417616723,0.99986504780856444,2.9792028880560292e-17
C,4,0.0001,169,0.016900000000000002,0.075875218725294305,0.99993239771496556,0.99993239772839759,0.99993239772839759,0.99986478889389918,0.99979720575578979,0.99986478889389918,4.6375711992413514e-16,0.99999998048537131,0.93750299147189708,0.99986424450782896,2.123969025379753e-17
C,4,0.0001,170,0.017000000000000001,0.075875218725294305,0.9999319976878428,0.99993199770135399,0.99993199770135399,0.99986398883018979,0.99979600583064254,0.99986398883018968,2.6901340853254525e-16,0.99999998025928549,0.93750298876650295,0.99986344120692949,1.8079527275247258e-17
C,4,0.0001,171,0.017100000000000001,0.075875218725294305,0.99993159766055995,0.99993159767414652,0.99993159767414652,0.99986318876650138,0.99979480590597003,0.99986318876650127,5.6994162560533838e-16,0.99999998003196178,0.93750298605998583,0.99986263790586838,1.3862543150015582e-17
C,4,0.0001,172,0.0172,0.075875218725294305,0.99993119763311722,0.99993119764678051,0.99993119764678051,0.99986238870283772,0.99979360598178135,0.99986238870283761,6.5081869726381083e-16,0.9999999798034015,0.93750298335234517,0.99986183460464395,4.3925465182989552e-17
C,4,0.0001,173,0.017299999999999999,0.075875218725294305,0.99993079760551429,0.99993079761925718,0.99993079761925718,0.99986158863919039,0.99979240605807429,0.99986158863919028,9.7955931266611144e-16,0.99999997957360576,0.93750298064358162,0.99986103130325521,4.7613922582061374e-18
C,4,0.0001,174,0.017400000000000002,0.075875218725294305,0.99993039757775137,0.99993039759157798,0.99993039759157798,0.99986078857557603,0.99979120613484496,0.99986078857557592,4.3595700100882406e-16,0.99999997934257567,0.93750297793369575,0.99986022800170438,2.6506102138377786e-17
C,4,0.0001,175,0.017500000000000002,0.075875218725294305,0.99992999754982848,0.99992999756373291,0.99992999756373291,0.99985998851197788,0.99979000621209668,0.99985998851197788,2.6505153437712658e-16,0.99999997911031191,0.93750297522268766,0.99985942469999078,1.7809759265084026e-17
C,4,0.0001,176,0.017600000000000001,0.075875218725294305,0.99992959752174548,0.99992959753572674,0.99992959753572674,0.99985918844840327,0.99978880628982381,0.99985918844840316,9.5688053838147493e-16,0.99999997887681613,0.93750297251055703,0.99985862139811388,3.929301465647339e-18
C,4,0.0001,177,0.0177,0.075875218725294305,0.99992919749350251,0.99992919750756304,0.99992919750756304,0.99985838838485241,0.99978760636803332,0.99985838838485241,5.0089572042123821e-16,0.99999997864208889,0.93750296979730541,0.99985781809607488,3.7730134367678871e-17
C,4,0.0001,178,0.0178,0.075875218725294305,0.99992879746509955,0.99992879747923735,0.99992879747923735,0.99985758832132632,0.99978640644672667,0.99985758832132632,5.0372522207308798e-16,0.99999997840613186,0.93750296708293146,0.99985701479387201,2.5891513957092817e-17
C,4,0.0001,179,0.017899999999999999,0.075875218725294305,0.9999283974365365,0.99992839745075346,0.99992839745075346,0.99985678825782331,0.99978520652589231,0.9998567882578232,5.3785376729555867e-16,0.99999997816894548,0.93750296436743763,0.99985621149150716,3.9609612067613795e-17
C,4,0.0001,180,0.018000000000000002,0.075875218725294305,0.99992799740781335,0.9999279974221098,0.9999279974221098,0.99985598819433874,0.99978400660554667,0.99985598819433863,4.2722480311782471e-16,0.99999997793053141,0.9375029616508227,0.99985540818898011,1.2578574366105459e-17
C,4,0.0001,181,0.018100000000000002,0.075875218725294305,0.99992759737893022,0.99992759739330217,0.99992759739330217,0.99985518813087915,0.99978280668567354,0.99985518813087904,7.0159963572474926e-16,0.99999997769089033,0.93750295893308733,0.99985460488628974,2.1035188124631182e-17
C,4,0.0001,182,0.018200000000000001,0.075875218725294305,0.99992719734988711,0.99992719736434188,0.99992719736434188,0.99985438806744564,0.9997816067662838,0.99985438806744553,8.1288417261720249e-16,0.99999997745002334,0.93750295621423174,0.99985380158343651,1.566009761571665e-17
C,4,0.0001,183,0.0183,0.075875218725294305,0.9999267973206839,0.99992679733521728,0.99992679733521728,0.99985358800402757,0.99978040684737346,0.99985358800402735,6.4924668531877431e-16,0.99999997720793166,0.93750295349425661,0.9998529982804204,1.8427240260140259e-17
C,4,0.0001,184,0.0184,0.075875218725294305,0.9999263972913206,0.99992639730593136,0.99992639730593136,0.99985278794064003,0.99977920692894073,0.99985278794063981,4.500236990240412e-16,0.9999999769646164,0.93750295077316204,0.99985219497724354,1.9022452371623828e-17
C,4,0.0001,185,0.018500000000000003,0.075875218725294305,0.99992599726179732,0.99992599727648668,0.99992599727648668,0.99985198787727281,0.99977800701099406,0.9998519878772727,4.8543927605918272e-16,0.99999997672007868,0.93750294805094836,0.99985139167390136,2.4654250233504464e-17
C,4,0.0001,186,0.018600000000000002,0.075875218725294305,0.99992559723211405,0.99992559724688135,0.99992559724688135,0.99985118781392712,0.99977680709352579,0.99985118781392701,1.4774779880175264e-16,0.99999997647431904,0.93750294532761502,0.99985058837039797,1.8236400120949898e-17
C,4,0.0001,187,0.018700000000000001,0.075875218725294305,0.99992519720227069,0.99992519721711626,0.99992519721711626,0.99985038775060331,0.99977560717653302,0.99985038775060331,3.6083855167700274e-16,0.99999997622733927,0.93750294260316358,0.99984978506673272,2.9664661238033205e-17
C,4,0.0001,188,0.018800000000000001,0.075875218725294305,0.99992479717226734,0.99992479718719052,0.99992479718719052,0.9998495876873067,0.9997744072600212,0.9998495876873067,8.5481189697321331e-16,0.99999997597914025,0.93750293987759403,0.99984898176290415,3.5496150832150363e-17
C,4,0.0001,189,0.0189,0.075875218725294305,0.9999243971421039,0.99992439715710812,0.99992439715710812,0.99984878762402818,0.99977320734399133,0.99984878762402818,9.0860076581649024e-16,0.99999997572972255,0.93750293715090649,0.9998481784589125,5.4070991008722667e-17
C,4,0.0001,190,0.019,0.075875218725294305,0.99992399711178048,0.99992399712686708,0.99992399712686708,0.99984798756077642,0.99977200742844174,0.99984798756077631,1.0023425444552937e-15,0.99999997547908792,0.93750293442310129,0.99984737515475763,9.3372639258962518e-18
C,4,0.0001,191,0.019100000000000002,0.075875218725294305,0.99992359708129708,0.99992359709646395,0.99992359709646395,0.99984718749754897,0.99977080751336833,0.99984718749754897,5.3455842550997209e-16,0.99999997522723683,0.93750293169417886,0.99984657185044024,7.7237179366345704e-17
C,4,0.0001,192,0.019200000000000002,0.075875218725294305,0.99992319705065347,0.9999231970658945,0.9999231970658945,0.99984638743433829,0.9997696075987802,0.9998463874343384,1.4468094125823383e-16,0.99999997497417104,0.93750292896413923,0.99984576854596152,2.1819480854537952e-17
C,4,0.0001,193,0.019300000000000001,0.075875218725294305,0.99992279701984987,0.99992279703517051,0.99992279703517051,0.99984558737115192,0.99976840768466924,0.99984558737115192,4.376609668042599e-16,0.99999997471989099,0.93750292623298292,0.99984496524131916,2.3370427602062875e-17
C,4,0.0001,194,0.019400000000000001,0.075875218725294305,0.9999223969888863,0.99992239700428709,0.99992239700428709,0.9998447873079892,0.99976720777104111,0.99984478730798909,6.3129686491459486e-16,0.99999997446439792,0.93750292350071074,0.99984416193651471,1.010373614959654e-17
C,4,0.0001,195,0.0195,0.075875218725294305,0.99992199695776263,0.99992199697324446,0.99992199697324446,0.99984398724485013,0.99976600785788983,0.99984398724485013,9.7125237940185107e-16,0.99999997420769327,0.937502920767322,0.99984335863154838,3.6776892709218536e-17
C,4,0.0001,196,0.019599999999999999,0.075875218725294305,0.99992159692647908,0.99992159694203742,0.99992159694203742,0.9998431871817316,0.99976480794521616,0.99984318718173137,6.4560885863174685e-16,0.99999997394977758,0.9375029180328176,0.99984255532641975,3.9437364541843841e-17
C,4,0.0001,197,0.019700000000000002,0.075875218725294305,0.99992119689503534,0.99992119691067383,0.99992119691067383,0.99984238711863938,0.99976360803302433,0.99984238711863938,1.077016611366034e-16,0.99999997369065208,0.93750291529719787,0.99984175202112879,6.0082852823557468e-18
C,4,0.0001,198,0.019800000000000002,0.075875218725294305,0.9999207968634316,0.99992079687914504,0.99992079687914504,0.99984158705556525,0.99976240812131367,0.99984158705556525,4.9175019688984293e-16,0.9999999734303181,0.93750291256046336,0.9998409487156753,8.2290029246889171e-17
C,4,0.0001,199,0.019900000000000001,0.075875218725294305,0.99992039683166778,0.99992039684745992,0.99992039684745992,0.99984078699251799,0.9997612082100833,0.99984078699251788,3.564026931201733e-16,0.99999997316877642,0.93750290982261342,0.99984014541005983,3.9383716423229745e-17
C,4,0.0001,200,0.02,0.075875218725294305,0.99991999679974397,0.99991999681561727,0.99991999681561727,0.9998399869294915,0.99976000829933287,0.99983998692949128,8.1256038265129747e-16,0.99999997290602805,0.93750290708364914,0.9998393421042806,5.450934452019876e-17
C,4,5.0000000000000002e-05,0,0,0.075875218725294305,1,0.99999999999999989,0.99999999999999989,1,1,1,0,0.99999999999999978,0.93750343228680921,1,1.8268620098632432e-17
C,4,5.0000000000000002e-05,1,5.0000000000000002e-05,0.075875218725294305,0.99999979999998001,0.99999979999999788,0.99999979999999788,0.99999959996609111,0.99999939999675591,0.999999599966091,4.4083159529794814e-16,0.99999999999982092,0.93750343103131573,0.99999959836344576,6.2125445640042165e-17
C,4,5.0000000000000002e-05,2,0.0001,0.075875218725294305,0.99999959999991994,0.99999959999996235,0.99999959999996235,0.9999991999321779,0.99999879999362795,0.99999919993217778,3.1338002887172949e-16,0.99999999999928368,0.93750342977552747,0.99999919672685056,4.0422265014728111e-18
C,4,5.0000000000000002e-05,3,0.00015000000000000001,0.075875218725294305,0.99999939999982002,0.9999993999998793,0.9999993999998793,0.99999879989827278,0.99999819999062056,0.99999879989827267,7.457243471445039e-16,0.99999999999838862,0.93750342851944501,0.99999879509021361,4.3733230635299228e-17
C,4,5.0000000000000002e-05,4,0.00020000000000000001,0.075875218725294305,0.99999919999968001,0.99999919999976172,0.99999919999976172,0.99999839986437855,0.99999759998773563,0.99999839986437855,6.9854113103136533e-16,0.99999999999713562,0.93750342726306846,0.99999839345353447,1.2706267965972688e-17
C,4,5.0000000000000002e-05,5,0.00025000000000000001,0.075875218725294305,0.99999899999950004,0.99999899999959951,0.99999899999959951,0.99999799983048676,0.99999699998496849,0.99999799983048676,6.254380342846219e-16,0.99999999999552502,0.9375034260063978,0.99999799181681415,1.9344754355622838e-17
C,4,5.0000000000000002e-05,6,0.00030000000000000003,0.075875218725294305,0.99999879999927999,0.99999879999940477,0.99999879999940477,0.99999759979660041,0.99999639998231837,0.9999975997966003,7.8345545755955036e-16,0.99999999999355693,0.93750342474943293,0.99999759018005008,5.315589653574655e-17
C,4,5.0000000000000002e-05,7,0.00035,0.075875218725294305,0.99999859999901997,0.99999859999916152,0.99999859999916152,0.99999719976271761,0.99999579997979171,0.99999719976271761,1.11976662182599e-15,0.99999999999123157,0.93750342349217408,0.99999718854324593,1.9276201990953819e-17
C,4,5.0000000000000002e-05,8,0.00040000000000000002,0.075875218725294305,0.99999839999871998,0.99999839999887796,0.99999839999887796,0.99999679972884958,0.99999519997738728,0.99999679972884947,9.0351978829956829e-16,0.99999999998854894,0.93750342223462135,0.99999678690639915,2.3605378303740921e-18
C,4,5.0000000000000002e-05,9,0.00045000000000000004,0.075875218725294305,0.99999819999838002,0.99999819999856154,0.99999819999856154,0.99999639969498166,0.99999459997509654,0.99999639969498155,4.0805842815418574e-16,0.99999999998550915,0.9375034209767743,0.99999638526951207,9.7975961812295719e-19
C,4,5.0000000000000002e-05,10,0.00050000000000000001,0.075875218725294305,0.99999799999799999,0.99999799999819949,0.99999799999819949,0.99999599966112329,0.99999399997292948,0.99999599966112318,7.1130799512234333e-16,0.99999999998211264,0.93750341971863371,0.99999598363258302,1.8999453364055814e-17
C,4,5.0000000000000002e-05,11,0.00055000000000000003,0.075875218725294305,0.99999779999757998,0.99999779999779781,0.99999779999779781,0.99999559962726792,0.99999339997088432,0.99999559962726792,2.9205104289224111e-16,0.99999999997835942,0.93750341846019902,0.99999558199561267,3.639967517888653e-17
C,4,5.0000000000000002e-05,12,0.00060000000000000006,0.075875218725294305,0.99999759999712001,0.99999759999735993,0.99999759999735993,0.99999519959341743,0.99999279996895807,0.99999519959341721,6.5822459905018932e-16,0.99999999997424938,0.93750341720147035,0.99999518035860013,1.3247668048951164e-17
C,4,5.0000000000000002e-05,13,0.00065000000000000008,0.075875218725294305,0.99999739999661996,0.99999739999688164,0.99999739999688164,0.99999479955958248,0.99999219996715027,0.99999479955958226,1.0674062498992895e-15,0.99999999996978328,0.93750341594244746,0.99999477872154519,3.9964115523527674e-17
C,4,5.0000000000000002e-05,14,0.00069999999999999999,0.075875218725294305,0.99999719999607994,0.9999971999963585,0.9999971999963585,0.99999439952573954,0.99999159996545994,0.99999439952573943,1.0745623166114778e-15,0.9999999999649607,0.93750341468313125,0.99999437708444905,2.4053885561032854e-17
C,4,5.0000000000000002e-05,15,0.00075000000000000002,0.075875218725294305,0.99999699999549996,0.99999699999579905,0.99999699999579905,0.99999399949191381,0.99999099996389362,0.99999399949191381,4.2049730287016866e-16,0.99999999995978184,0.93750341342352084,0.99999397544731206,3.6686363266702203e-17
C,4,5.0000000000000002e-05,16,0.00080000000000000004,0.075875218725294305,0.99999679999488,0.99999679999520052,0.99999679999520052,0.99999359945808997,0.99999039996244599,0.99999359945808985,4.1949731683385603e-16,0.99999999995424727,0.93750341216361643,0.99999357381013132,1.6311071104350671e-17
C,4,5.0000000000000002e-05,17,0.00085000000000000006,0.075875218725294305,0.99999659999421997,0.99999659999456092,0.99999659999456092,0.99999319942427356,0.99998979996111714,0.99999319942427356,6.4951342415157798e-16,0.99999999994835687,0.93750341090341904,0.9999931721729105,1.7657414268888089e-17
C,4,5.0000000000000002e-05,18,0.00090000000000000008,0.075875218725294305,0.99999639999351997,0.9999963999938809,0.9999963999938809,0.99999279939046004,0.99998919995991542,0.99999279939046004,3.4146937073926904e-16,0.99999999994211064,0.937503409642928,0.99999277053564861,2.5074051171945456e-17
C,4,5.0000000000000002e-05,19,0.00095,0.075875218725294305,0.99999619999278,0.99999619999316025,0.99999619999316025,0.99999239935665796,0.99998859995882339,0.99999239935665785,9.6809133558782747e-16,0.99999999993550892,0.93750340838214286,0.99999236889834442,5.9585996112917315e-17
C,4,5.0000000000000002e-05,20,0.001,0.075875218725294305,0.99999599999199995,0.99999599999239863,0.99999599999239863,0.99999199932285832,0.99998799995785848,0.9999919993228582,3.1256713084922946e-16,0.99999999992855182,0.93750340712106406,0.99999196726099859,2.1106482815965011e-17
C,4,5.0000000000000002e-05,21,0.0010500000000000002,0.075875218725294305,0.99999579999117993,0.99999579999159716,0.99999579999159716,0.99999159928906522,0.99998739995700625,0.99999159928906511,5.9817125220293361e-16,0.99999999992123956,0.93750340585969205,0.99999156562361213,2.667575535722927e-17
C,4,5.0000000000000002e-05,22,0.0011000000000000001,0.075875218725294305,0.99999559999031995,0.99999559999075605,0.99999559999075605,0.99999119925527902,0.99998679995628525,0.9999911992552788,3.9861246740375284e-16,0.99999999991357225,0.93750340459802672,0.9999911639861826,1.9075610769916311e-17
C,4,5.0000000000000002e-05,23,0.00115,0.075875218725294305,0.99999539998941989,0.99999539998988085,0.99999539998988085,0.99999079922150247,0.99998619995567728,0.99999079922150247,3.2148148439588857e-16,0.99999999990555,0.93750340333606785,0.99999076234871043,3.2118696719272447e-17
C,4,5.0000000000000002e-05,24,0.0012000000000000001,0.075875218725294305,0.99999519998847997,0.99999519998895858,0.99999519998895858,0.99999039918772603,0.99998559995518799,0.99999039918772592,6.5911633856042599e-16,0.99999999989717281,0.93750340207381522,0.99999036071119884,2.0353345251878624e-17
C,4,5.0000000000000002e-05,25,0.00125,0.075875218725294305,0.99999499998749997,0.99999499998799835,0.99999499998799835,0.99998999915396192,0.99998499995481638,0.9999899991539617,2.484107802715515e-16,0.99999999988844113,0.93750340081126915,0.99998995907364341,7.2645290436143105e-17
C,4,5.0000000000000002e-05,26,0.0013000000000000002,0.075875218725294305,0.99999479998648,0.99999479998700036,0.99999479998700036,0.99998959912019469,0.99998439995457056,0.99998959912019469,8.3123814343589581e-16,0.99999999987935517,0.93750339954843009,0.99998955743604834,9.2693143881512921e-18
C,4,5.0000000000000002e-05,27,0.0013500000000000001,0.075875218725294305,0.99999459998541995,0.99999459998595985,0.99999459998595985,0.99998919908644035,0.99998379995444697,0.99998919908644024,5.8270442591188039e-16,0.99999999986991472,0.93750339828529772,0.99998915579841074,3.1866255387940429e-17
C,4,5.0000000000000002e-05,28,0.0014,0.075875218725294305,0.99999439998431994,0.99999439998488027,0.99999439998488027,0.99998879905269356,0.99998319995443619,0.99998879905269356,3.6125138879287735e-16,0.99999999986012023,0.93750339702187235,0.99998875416073008,2.0812386226322125e-17
C,4,5.0000000000000002e-05,29,0.0014500000000000001,0.075875218725294305,0.99999419998317995,0.99999419998375749,0.99999419998375749,0.99998839901895131,0.99998259995454652,0.99998839901895131,7.3498973867650714e-16,0.99999999984997179,0.93750339575815345,0.99998835252300944,2.1780148022149324e-17
C,4,5.0000000000000002e-05,30,0.0015,0.075875218725294305,0.99999399998199989,0.99999399998260208,0.99999399998260208,0.99998799898521351,0.99998199995478165,0.9999879989852134,3.1086629250094051e-16,0.99999999983946886,0.93750339449414122,0.99998795088524695,1.8580030887535691e-17
C,4,5.0000000000000002e-05,31,0.0015500000000000002,0.075875218725294305,0.99999379998077986,0.99999379998139948,0.99999379998139948,0.99998759895148204,0.99998139995512958,0.99998759895148193,5.1441980593904012e-16,0.99999999982861298,0.93750339322983622,0.99998754924744215,5.1933338194538656e-18
C,4,5.0000000000000002e-05,32,0.0016000000000000001,0.075875218725294305,0.99999359997951986,0.99999359998016146,0.99999359998016146,0.99998719891775945,0.99998079995560418,0.99998719891775933,6.2651266149952125e-16,0.9999999998174034,0.93750339196523758,0.99998714760959739,2.2174910761351417e-17
C,4,5.0000000000000002e-05,33,0.00165,0.075875218725294305,0.99999339997821979,0.9999933999788776,0.9999933999788776,0.99998679888403896,0.99998019995620158,0.99998679888403896,6.6197423301708976e-16,0.99999999980583998,0.93750339070034638,0.99998674597170922,7.217793692416695e-17
C,4,5.0000000000000002e-05,34,0.0017000000000000001,0.075875218725294305,0.99999319997687985,0.99999319997756053,0.99999319997756053,0.99998639885033036,0.99997959995691199,0.99998639885033025,1.7021947452886796e-16,0.99999999979392351,0.9375033894351622,0.99998634433377875,4.448894407379284e-18
C,4,5.0000000000000002e-05,35,0.00175,0.075875218725294305,0.99999299997549984,0.99999299997619873,0.99999299997619873,0.99998599881662065,0.99997899995773942,0.99998599881662054,5.9252739014209422e-16,0.9999999997816541,0.93750338816968481,0.99998594269580876,3.387699987621867e-17
C,4,5.0000000000000002e-05,36,0.0018000000000000002,0.075875218725294305,0.99999279997407986,0.99999279997479651,0.99999279997479651,0.99998559878292093,0.99997839995869253,0.99998559878292093,6.5097682623913547e-16,0.99999999976903153,0.93750338690391477,0.99998554105779613,1.7646375832033148e-18
C,4,5.0000000000000002e-05,37,0.0018500000000000001,0.075875218725294305,0.9999925999726198,0.99999259997336176,0.99999259997336176,0.99998519874922742,0.99997779995976688,0.99998519874922731,8.6137658994849382e-16,0.99999999975605625,0.93750338563785163,0.99998513941974188,2.7298472160656649e-17
C,4,5.0000000000000002e-05,38,0.0019,0.075875218725294305,0.99999239997111977,0.99999239997187939,0.99999239997187939,0.99998479871554102,0.99997719996095868,0.99998479871554091,3.255300334616481e-16,0.99999999974272846,0.93750338437149561,0.99998473778164676,7.3183259466481148e-17
C,4,5.0000000000000002e-05,39,0.0019500000000000001,0.075875218725294305,0.99999219996957978,0.9999921999703596,0.9999921999703596,0.99998439868185851,0.99997659996226707,0.9999843986818584,2.9457123466348209e-16,0.99999999972904807,0.93750338310484704,0.99998433614351023,1.9942892793033782e-17
C,4,5.0000000000000002e-05,40,0.002,0.075875218725294305,0.9999919999679997,0.99999199996879939,0.99999199996879939,0.99998399864818144,0.99997599996370035,0.99998399864818133,4.2039906011984307e-16,0.99999999971501541,0.93750338183790549,0.99998393450533118,2.5571573802076553e-17
C,4,5.0000000000000002e-05,41,0.0020500000000000002,0.075875218725294305,0.99999179996637966,0.99999179996720455,0.99999179996720455,0.99998359861451436,0.99997539996525464,0.99998359861451425,4.2589528758093544e-16,0.99999999970063047,0.93750338057067117,0.99998353286711017,7.5403829459120728e-17
C,4,5.0000000000000002e-05,42,0.0021000000000000003,0.075875218725294305,0.99999159996471965,0.99999159996555853,0.99999159996555853,0.99998319858085016,0.99997479996692507,0.99998319858085005,6.9565612593734608e-16,0.99999999968589315,0.93750337930314476,0.99998313122884797,1.8780681899115343e-17
C,4,5.0000000000000002e-05,43,0.00215,0.075875218725294305,0.99999139996301967,0.99999139996388053,0.99999139996388053,0.99998279854719352,0.99997419996871817,0.99998279854719352,4.1707056426521589e-16,0.99999999967080433,0.93750337803532491,0.99998272959054413,7.3439342209872464e-17
C,4,5.0000000000000002e-05,44,0.0022000000000000001,0.075875218725294305,0.99999119996127972,0.99999119996215746,0.99999119996215746,0.99998239851354354,0.99997359997062596,0.99998239851354354,4.375532079244077e-16,0.99999999965536368,0.93750337676721229,0.99998232795219821,1.8936600238032795e-17
C,4,5.0000000000000002e-05,45,0.0022500000000000003,0.075875218725294305,0.99999099995949969,0.99999099996039809,0.99999099996039809,0.99998199847989933,0.99997299997266198,0.99998199847989921,4.0054602157672789e-16,0.99999999963957131,0.93750337549880769,0.99998192631380967,8.463328842754419e-18
C,4,5.0000000000000002e-05,46,0.0023,0.075875218725294305,0.99999079995767959,0.9999907999585983,0.9999907999585983,0.99998159844626044,0.99997239997481391,0.99998159844626033,8.3076734234921059e-16,0.99999999962342767,0.93750337423011043,0.99998152467538182,1.7980851076166499e-17
C,4,5.0000000000000002e-05,47,0.0023500000000000001,0.075875218725294305,0.99999059995581963,0.99999059995675899,0.99999059995675899,0.99998119841262878,0.99997179997708352,0.99998119841262867,5.879042520674845e-16,0.99999999960693253,0.93750337296112063,0.99998112303691244,7.1295888912867442e-17
C,4,5.0000000000000002e-05,48,0.0024000000000000002,0.075875218725294305,0.99999039995391958,0.99999039995487704,0.99999039995487704,0.99998079837900233,0.99997119997947814,0.99998079837900222,1.9726949603628428e-16,0.99999999959008634,0.93750337169183862,0.999980721398401,2.2472999122336844e-17
C,4,5.0000000000000002e-05,49,0.0024499999999999999,0.075875218725294305,0.99999019995197957,0.99999019995295646,0.99999019995295646,0.99998039834538432,0.9999705999819869,0.99998039834538421,5.4971596406392643e-16,0.9999999995728891,0.93750337042226384,0.99998031975984736,1.9892956077932386e-17
C,4,5.0000000000000002e-05,50,0.0025000000000000001,0.075875218725294305,0.99998999994999949,0.99998999995099958,0.99998999995099958,0.99997999831176865,0.99996999998462011,0.99997999831176865,5.36647359639703e-16,0.99999999955534113,0.93750336915239718,0.9999799181212522,3.1129321403455619e-17
C,4,5.0000000000000002e-05,51,0.0025500000000000002,0.075875218725294305,0.99998979994797943,0.9999897999489985,0.9999897999489985,0.99997959827816085,0.99996939998737167,0.99997959827816085,1.6473298874437741e-16,0.99999999953744212,0.93750336788223765,0.99997951648261663,1.6448730505470984e-17
C,4,5.0000000000000002e-05,52,0.0026000000000000003,0.075875218725294305,0.99998959994591941,0.99998959994695669,0.99998959994695669,0.99997919824455872,0.99996879999024446,0.99997919824455861,7.1025193502150573e-16,0.99999999951919294,0.93750336661178568,0.99997911484393864,1.1443880929277959e-17
C,4,5.0000000000000002e-05,53,0.00265,0.075875218725294305,0.99998939994381941,0.99998939994487634,0.99998939994487634,0.99997879821096181,0.99996819999323527,0.99997879821096181,8.6450135745472283e-16,0.99999999950059304,0.93750336534104228,0.99997871320521958,2.7876598296790935e-17
C,4,5.0000000000000002e-05,54,0.0027000000000000001,0.075875218725294305,0.99998919994167934,0.99998919994275837,0.99998919994275837,0.99997839817737511,0.99996759999634555,0.99997839817737499,6.8374077254807881e-16,0.99999999948164309,0.93750336407000623,0.99997831156645922,7.2071491328035127e-17
C,4,5.0000000000000002e-05,55,0.0027500000000000003,0.075875218725294305,0.9999889999394993,0.99998899994059642,0.99998899994059642,0.9999779981437914,0.99996699999957595,0.99997799814379129,6.0593414760524954e-16,0.99999999946234308,0.93750336279867774,0.99997790992765601,1.8845409453434176e-17
C,4,5.0000000000000002e-05,56,0.0028,0.075875218725294305,0.99998879993727929,0.99998879993839607,0.99998879993839607,0.99997759811021658,0.99996640000293091,0.99997759811021658,4.2615991919501756e-16,0.9999999994426928,0.93750336152705782,0.99997750828881071,4.8659940478928213e-17
C,4,5.0000000000000002e-05,57,0.0028500000000000001,0.075875218725294305,0.99998859993501932,0.99998859993615796,0.99998859993615796,0.9999771980766442,0.99996580000640267,0.9999771980766442,6.2477852021875393e-16,0.99999999942269302,0.93750336025514547,0.99997710664992401,1.602641781113817e-17
C,4,5.0000000000000002e-05,58,0.0029000000000000002,0.075875218725294305,0.99998839993271926,0.99998839993387445,0.99998839993387445,0.99997679804307704,0.99996520000999389,0.99997679804307704,5.3040039177237899e-16,0.99999999940234374,0.93750335898294113,0.99997670501099689,7.2093674892974287e-17
C,4,5.0000000000000002e-05,59,0.0029499999999999999,0.075875218725294305,0.99998819993037913,0.99998819993155708,0.99998819993155708,0.99997639800952132,0.9999646000137058,0.99997639800952143,1.2493477915990732e-15,0.99999999938164452,0.93750335771044468,0.99997630337202836,1.8825028707521467e-18
C,4,5.0000000000000002e-05,60,0.0030000000000000001,0.075875218725294305,0.99998799992799914,0.99998799992919585,0.99998799992919585,0.99997599797596437,0.99996400001753538,0.99997599797596415,8.6828815006749414e-16,0.99999999936059625,0.93750335643765637,0.99997590173301876,5.3599126269264114e-17
C,4,5.0000000000000002e-05,61,0.0030500000000000002,0.075875218725294305,0.99998779992557907,0.99998779992679676,0.99998779992679676,0.99997559794242252,0.99996340002148731,0.99997559794242252,4.1743469515884592e-16,0.9999999993391987,0.93750335516457617,0.99997550009396763,2.3909149372523521e-17
C,4,5.0000000000000002e-05,62,0.0031000000000000003,0.075875218725294305,0.99998759992311903,0.99998759992435293,0.99998759992435293,0.99997519790888056,0.99996280002556026,0.99997519790888056,4.0216310760571539e-16,0.99999999931745176,0.93750335389120421,0.9999750984548732,1.6818048841013821e-17
C,4,5.0000000000000002e-05,63,0.00315,0.075875218725294305,0.99998739992061902,0.99998739992187469,0.99998739992187469,0.99997479787534649,0.99996220002974945,0.99997479787534638,9.6162618922441277e-16,0.99999999929535621,0.93750335261754014,0.99997469681573792,2.9643543831150567e-17
C,4,5.0000000000000002e-05,64,0.0032000000000000002,0.075875218725294305,0.99998719991807894,0.99998719991935514,0.99998719991935514,0.99997439784182096,0.99996160003406043,0.99997439784182085,4.878946490693287e-16,0.99999999927291194,0.93750335134358487,0.99997429517656156,2.0238457294846162e-17
C,4,5.0000000000000002e-05,65,0.0032500000000000003,0.075875218725294305,0.99998699991549889,0.99998699991679363,0.99998699991679363,0.99997399780829865,0.99996100003849464,0.99997399780829854,1.5210990424320532e-16,0.99999999925011884,0.93750335006933705,0.99997389353734345,7.0215273332293751e-19
C,4,5.0000000000000002e-05,66,0.0033,0.075875218725294305,0.99998679991287887,0.99998679991419626,0.99998679991419626,0.99997359777478079,0.9999604000430472,0.99997359777478079,6.3662869368055874e-16,0.99999999922697758,0.93750334879479724,0.99997349189808327,3.657528939678822e-17
C,4,5.0000000000000002e-05,67,0.0033500000000000001,0.075875218725294305,0.99998659991021877,0.99998659991155481,0.99998659991155481,0.99997319774127158,0.99995980004771479,0.99997319774127158,8.7967737126069371e-16,0.99999999920348792,0.93750334751996656,0.99997309025878134,2.9993755150911325e-17
C,4,5.0000000000000002e-05,68,0.0034000000000000002,0.075875218725294305,0.9999863999075187,0.99998639990887728,0.99998639990887728,0.99997279770776826,0.99995920005250916,0.99997279770776804,1.0024784202715746e-15,0.99999999917964977,0.9375033462448441,0.99997268861943833,1.8341037429515303e-17
C,4,5.0000000000000002e-05,69,0.0034500000000000004,0.075875218725294305,0.99998619990477866,0.99998619990615512,0.99998619990615512,0.99997239767427315,0.9999586000574211,0.99997239767427304,6.7035201631527486e-16,0.99999999915546378,0.93750334496942977,0.99997228698005292,3.7003272425853946e-17
C,4,5.0000000000000002e-05,70,0.0035000000000000001,0.075875218725294305,0.99998599990199866,0.99998599990339165,0.99998599990339165,0.99997199764077438,0.99995800006244973,0.99997199764077427,4.2505154568810507e-16,0.99999999913093007,0.9375033436937239,0.99997188534062587,3.0961015497901366e-17
C,4,5.0000000000000002e-05,71,0.0035500000000000002,0.075875218725294305,0.99998579989917857,0.999985799900592,0.999985799900592,0.99997159760729171,0.99995740006760159,0.9999715976072916,4.1120962932452937e-16,0.99999999910604875,0.93750334241772659,0.99997148370115851,1.7839139738502053e-17
C,4,5.0000000000000002e-05,72,0.0036000000000000003,0.075875218725294305,0.99998559989631852,0.9999855998977546,0.9999855998977546,0.99997119757381481,0.99995680007287246,0.9999711975738147,4.7904670177122315e-16,0.99999999908081949,0.93750334114143818,0.99997108206164909,3.6418870395919725e-17
C,4,5.0000000000000002e-05,73,0.00365,0.075875218725294305,0.9999853998934185,0.99998539989487456,0.99998539989487456,0.99997079754034046,0.99995620007826269,0.99997079754034035,5.7779173655625893e-16,0.99999999905524295,0.93750333986485757,0.99997068042209758,7.9186898207794258e-17
C,4,5.0000000000000002e-05,74,0.0037000000000000002,0.075875218725294305,0.9999851998904784,0.99998519989195378,0.99998519989195378,0.99997039750687255,0.99995560008377204,0.99997039750687255,7.3633181020932695e-16,0.99999999902931913,0.93750333858798551,0.99997027878250455,7.2082089268453308e-18
C,4,5.0000000000000002e-05,75,0.0037500000000000003,0.075875218725294305,0.99998499988749834,0.99998499988898937,0.99998499988898937,0.99996999747341153,0.9999550000894033,0.99996999747341153,3.7157186608355627e-16,0.99999999900304803,0.93750333731082292,0.99996987714287056,4.4234660100635179e-18
C,4,5.0000000000000002e-05,76,0.0038,0.075875218725294305,0.9999847998844783,0.99998479988599398,0.99998479988599398,0.99996959743996028,0.99995440009515679,0.99996959743996006,6.5817149612957617e-16,0.99999999897643033,0.93750333603336855,0.99996947550319548,1.0015752788913062e-17
C,4,5.0000000000000002e-05,77,0.0038500000000000001,0.075875218725294305,0.99998459988141819,0.99998459988295385,0.99998459988295385,0.99996919740651058,0.99995380010102908,0.99996919740651036,7.4090538097637836e-16,0.99999999894946545,0.93750333475562264,0.99996907386347889,2.5674331579022713e-17
C,4,5.0000000000000002e-05,78,0.0039000000000000003,0.075875218725294305,0.99998439987831811,0.99998439987987364,0.99998439987987364,0.99996879737306466,0.99995320010701749,0.99996879737306466,3.5453795120821242e-16,0.99999999892215408,0.93750333347758574,0.99996867222372099,4.4389230358563001e-17
C,4,5.0000000000000002e-05,79,0.0039500000000000004,0.075875218725294305,0.99998419987517806,0.99998419987675258,0.99998419987675258,0.99996839733963183,0.99995260011312948,0.99996839733963172,4.3187064236652329e-16,0.99999999889449609,0.93750333219925797,0.99996827058392102,9.7791413343858386e-18
C,4,5.0000000000000002e-05,80,0.0040000000000000001,0.075875218725294305,0.99998399987199793,0.99998399987359465,0.99998399987359465,0.99996799730620001,0.99995200011935836,0.9999679973061999,2.9167146832588703e-16,0.99999999886649171,0.93750333092063876,0.99996786894407996,2.9221274804394514e-17
C,4,5.0000000000000002e-05,81,0.0040499999999999998,0.075875218725294305,0.99998379986877783,0.99998379987039177,0.99998379987039177,0.99996759727277817,0.99995140012571038,0.99996759727277806,4.6480294629960559e-16,0.99999999883814128,0.93750332964172844,0.99996746730419817,1.5430567926860603e-19
C,4,5.0000000000000002e-05,82,0.0041000000000000003,0.075875218725294305,0.99998359986551777,0.99998359986715057,0.99998359986715057,0.99996719723935557,0.99995080013218174,0.99996719723935557,2.1480849391393832e-16,0.99999999880944446,0.93750332836252737,0.99996706566427407,1.4957073156950032e-17
C,4,5.0000000000000002e-05,83,0.00415,0.075875218725294305,0.99998339986221774,0.99998339986387297,0.99998339986387297,0.99996679720594506,0.99995020013877167,0.99996679720594506,4.251748303510845e-16,0.9999999987804018,0.93750332708303485,0.99996666402430912,2.5046564934988374e-17
C,4,5.0000000000000002e-05,84,0.0042000000000000006,0.075875218725294305,0.99998319985887762,0.99998319986055428,0.99998319986055428,0.99996639717253877,0.99994960014548329,0.99996639717253866,8.0923681272978541e-16,0.99999999875101342,0.9375033258032518,0.99996626238430308,3.5452911550237085e-17
C,4,5.0000000000000002e-05,85,0.0042500000000000003,0.075875218725294305,0.99998299985549755,0.99998299985719186,0.99998299985719186,0.99996599713914058,0.99994900015231569,0.99996599713914047,3.8411215451317535e-16,0.99999999872127954,0.93750332452317742,0.99996586074425531,9.1588985635985133e-17
C,4,5.0000000000000002e-05,86,0.0043,0.075875218725294305,0.9999827998520775,0.99998279985379124,0.99998279985379124,0.99996559710574773,0.99994840015926745,0.99996559710574762,4.5257934699923817e-16,0.99999999869119993,0.93750332324281238,0.99996545910416657,4.5677085437699424e-18
C,4,5.0000000000000002e-05,87,0.0043500000000000006,0.075875218725294305,0.99998259984861737,0.99998259985035176,0.99998259985035176,0.99996519707235521,0.99994780016633478,0.99996519707235509,5.5396378722954795e-16,0.99999999866077494,0.93750332196215624,0.99996505746403397,3.4800265862617558e-17
C,4,5.0000000000000002e-05,88,0.0044000000000000003,0.075875218725294305,0.99998239984511728,0.99998239984687365,0.99998239984687365,0.99996479703897312,0.99994720017352989,0.99996479703897312,5.9702838518588438e-16,0.99999999863000488,0.93750332068120878,0.99996465582386074,4.0538480973475537e-17
C,4,5.0000000000000002e-05,89,0.00445,0.075875218725294305,0.99998219984157721,0.99998219984334935,0.99998219984334935,0.99996439700560158,0.99994660018083814,0.99996439700560147,6.6830579289668854e-16,0.99999999859888966,0.93750331939997122,0.99996425418364543,2.5335532137085529e-18
C,4,5.0000000000000002e-05,90,0.0045000000000000005,0.075875218725294305,0.99998199983799707,0.99998199983979053,0.99998199983979053,0.99996399697223015,0.99994600018826763,0.99996399697223004,7.090752705547646e-16,0.9999999985674296,0.93750331811844245,0.9999638525433896,9.5043287264721704e-17
C,4,5.0000000000000002e-05,91,0.0045500000000000002,0.075875218725294305,0.99998179983437696,0.99998179983618918,0.99998179983618918,0.99996359693886594,0.99994540019582079,0.99996359693886594,6.0805214079978811e-16,0.99999999853562482,0.93750331683662325,0.99996345090309313,4.5350843887977045e-18
C,4,5.0000000000000002e-05,92,0.0045999999999999999,0.075875218725294305,0.99998159983071688,0.99998159983255308,0.99998159983255308,0.99996319690550928,0.99994480020349086,0.99996319690550928,4.1983679483659103e-16,0.99999999850347532,0.93750331555451294,0.99996304926275459,1.7571050556062549e-17
C,4,5.0000000000000002e-05,93,0.0046500000000000005,0.075875218725294305,0.99998139982701684,0.99998139982887091,0.99998139982887091,0.99996279687215994,0.99994420021128205,0.99996279687215972,4.8341094051832069e-16,0.99999999847098153,0.93750331427211242,0.99996264762237563,3.5522828753729776e-17
C,4,5.0000000000000002e-05,94,0.0047000000000000002,0.075875218725294305,0.99998119982327671,0.9999811998251501,0.9999811998251501,0.99996239683881294,0.99994360021918904,0.99996239683881283,6.8984776947583907e-16,0.99999999843814324,0.93750331298942147,0.99996224598195316,2.2651455386414968e-18
C,4,5.0000000000000002e-05,95,0.0047499999999999999,0.075875218725294305,0.99998099981949662,0.99998099982138799,0.99998099982138799,0.99996199680547437,0.99994300022722116,0.99996199680547415,6.7986729112751735e-16,0.9999999984049609,0.93750331170643952,0.99996184434148871,1.9079629797212232e-17
C,4,5.0000000000000002e-05,96,0.0048000000000000004,0.075875218725294305,0.99998079981567645,0.99998079981758936,0.99998079981758936,0.9999615967721408,0.99994240023537129,0.9999615967721408,6.6206134730006518e-16,0.9999999983714345,0.93750331042316759,0.99996144270098464,4.9765075300173036e-17
C,4,5.0000000000000002e-05,97,0.0048500000000000001,0.075875218725294305,0.99998059981181631,0.99998059981374898,0.99998059981374898,0.99996119673881401,0.99994180024364365,0.99996119673881401,7.1041885141883647e-16,0.99999999833756403,0.93750330913960489,0.99996104106043948,4.5680262885657216e-18
C,4,5.0000000000000002e-05,98,0.0048999999999999998,0.075875218725294305,0.9999803998079162,0.99998039980986808,0.99998039980986808,0.99996079670549232,0.99994120025203237,0.99996079670549209,5.1725045478622983e-16,0.99999999830335018,0.93750330785575176,0.99996063941985369,1.838093425040718e-17
C,4,5.0000000000000002e-05,99,0.0049500000000000004,0.075875218725294305,0.99998019980397612,0.99998019980594688,0.99998019980594688,0.99996039667217851,0.99994060026054432,0.9999603966721784,6.0241815069855859e-16,0.9999999982687926,0.93750330657160774,0.99996023777922383,4.4622226424508159e-17
C,4,5.0000000000000002e-05,100,0.0050000000000000001,0.075875218725294305,0.99997999979999597,0.99997999980198593,0.99997999980198593,0.99995999663886936,0.99994000026917518,0.99995999663886936,1.0640847942387299e-15,0.99999999823389152,0.93750330528717407,0.99995983613855288,3.7093123038985831e-17
C,4,5.0000000000000002e-05,101,0.0050500000000000007,0.075875218725294305,0.99997979979597584,0.99997979979798757,0.99997979979798757,0.99995959660556555,0.99993940027792627,0.99995959660556533,4.727494506139696e-16,0.99999999819864716,0.93750330400245008,0.99995943449784119,4.6524928543809918e-17
C,4,5.0000000000000002e-05,102,0.0051000000000000004,0.075875218725294305,0.99997959979191575,0.99997959979394579,0.99997959979394579,0.99995919657227161,0.99993880028679571,0.99995919657227161,1.0699198638129628e-15,0.99999999816305973,0.93750330271743565,0.99995903285708809,3.6495931897996867e-17
C,4,5.0000000000000002e-05,103,0.0051500000000000001,0.075875218725294305,0.99997939978781569,0.99997939978986761,0.99997939978986761,0.99995879653897912,0.99993820029578373,0.99995879653897912,9.4501746150674778e-16,0.99999999812712936,0.93750330143213134,0.9999586312162918,3.3179792898484428e-18
C,4,5.0000000000000002e-05,104,0.0052000000000000006,0.075875218725294305,0.99997919978367555,0.99997919978574923,0.99997919978574923,0.99995839650569662,0.99993760030489354,0.99995839650569651,3.9756740386931456e-16,0.99999999809085605,0.93750330014653682,0.99995822957545444,2.0318792863456521e-17
C,4,5.0000000000000002e-05,105,0.0052500000000000003,0.075875218725294305,0.99997899977949534,0.99997899978158766,0.99997899978158766,0.99995799647241768,0.9999370003141238,0.99995799647241757,3.8725535085936101e-16,0.99999999805424011,0.93750329886065198,0.99995782793457699,3.5174703850857245e-17
C,4,5.0000000000000002e-05,106,0.0053,0.075875218725294305,0.99997879977527526,0.99997879977738302,0.99997879977738302,0.99995759643914639,0.99993640032347475,0.99995759643914628,8.5152837484631594e-16,0.99999999801728168,0.93750329757447681,0.99995742629365847,4.5007585180473373e-17
C,4,5.0000000000000002e-05,107,0.0053500000000000006,0.075875218725294305,0.99997859977101511,0.9999785997731464,0.9999785997731464,0.99995719640588077,0.99993580033294416,0.99995719640588077,3.8024206397179082e-16,0.99999999797998085,0.93750329628801143,0.99995702465269765,7.1790948905256785e-20
C,4,5.0000000000000002e-05,108,0.0054000000000000003,0.075875218725294305,0.99997839976671499,0.99997839976886815,0.99997839976886815,0.99995679637261525,0.99993520034253358,0.99995679637261503,3.0307933663841308e-16,0.9999999979423374,0.9375032950012564,0.99995662301169597,7.3072807569065669e-17
C,4,5.0000000000000002e-05,109,0.00545,0.075875218725294305,0.99997819976237479,0.99997819976454227,0.99997819976454227,0.99995639633936328,0.99993460035224324,0.99995639633936328,6.0216118923465503e-16,0.99999999790435223,0.93750329371421104,0.99995622137065332,4.9297599062689347e-18
C,4,5.0000000000000002e-05,110,0.0055000000000000005,0.075875218725294305,0.99997799975799462,0.99997799976018542,0.99997799976018542,0.99995599630611598,0.99993400036207469,0.99995599630611598,3.033823602281492e-16,0.99999999786602511,0.93750329242687624,0.99995581972956749,8.8814303506539775e-18
C,4,5.0000000000000002e-05,111,0.0055500000000000002,0.075875218725294305,0.99997779975357448,0.99997779975578505,0.99997779975578505,0.99995559627287178,0.99993340037202605,0.99995559627287167,6.2614743841950307e-16,0.99999999782735582,0.93750329113925113,0.99995541808844102,3.0979069889824772e-17
C,4,5.0000000000000002e-05,112,0.0055999999999999999,0.075875218725294305,0.99997759974911438,0.99997759975134493,0.99997759975134493,0.99995519623963869,0.99993280038209487,0.99995519623963869,9.6254656581161605e-16,0.99999999778834525,0.93750328985133602,0.99995501644727325,9.9485997708816082e-18
C,4,5.0000000000000002e-05,113,0.0056500000000000005,0.075875218725294305,0.99997739974461419,0.99997739974686672,0.99997739974686672,0.99995479620640626,0.99993220039228803,0.99995479620640615,8.0104282231245067e-16,0.99999999774899306,0.93750328856313114,0.99995461480606507,2.2332730104725495e-18
C,4,5.0000000000000002e-05,114,0.0057000000000000002,0.075875218725294305,0.99997719974007404,0.99997719974234378,0.99997719974234378,0.99995439617317983,0.99993160040259654,0.99995439617317972,4.733875548571249e-16,0.99999999770929937,0.9375032872746365,0.99995421316481437,4.3711126728680483e-17
C,4,5.0000000000000002e-05,115,0.0057499999999999999,0.075875218725294305,0.99997699973549392,0.99997699973778265,0.99997699973778265,0.99995399613996128,0.99993100041302874,0.99995399613996117,5.2253850794299981e-16,0.99999999766926428,0.93750328598585198,0.99995381152352347,1.9203096625604943e-17
C,4,5.0000000000000002e-05,116,0.0058000000000000005,0.075875218725294305,0.99997679973087372,0.99997679973318576,0.99997679973318576,0.99995359610675183,0.99993040042357784,0.99995359610675183,7.2116916306681904e-16,0.99999999762888847,0.93750328469677757,0.99995340988219061,6.5320770270309797e-18
C,4,5.0000000000000002e-05,117,0.0058500000000000002,0.075875218725294305,0.99997659972621356,0.99997659972854258,0.99997659972854258,0.99995319607354571,0.99992980043424895,0.9999531960735456,5.0258165794513387e-16,0.9999999975881716,0.93750328340741396,0.9999530082408159,1.9853356307668883e-17
C,4,5.0000000000000002e-05,118,0.0058999999999999999,0.075875218725294305,0.99997639972151342,0.9999763997238631,0.9999763997238631,0.99995279604034815,0.99992920044503242,0.99995279604034815,5.726918448045891e-16,0.99999999754711388,0.93750328211776068,0.99995260659940011,4.7434953776410809e-18
C,4,5.0000000000000002e-05,119,0.0059500000000000004,0.075875218725294305,0.99997619971677321,0.99997619971914076,0.99997619971914076,0.99995239600715213,0.99992860045594789,0.99995239600715213,9.4852444992526496e-16,0.99999999750571555,0.93750328082781764,0.99995220495794213,3.5427199560189192e-17
C,4,5.0000000000000002e-05,120,0.0060000000000000001,0.075875218725294305,0.99997599971199302,0.99997599971437867,0.99997599971437867,0.99995199597396667,0.9999280004669775,0.99995199597396667,3.6195073160282998e-16,0.99999999746397694,0.93750327953758494,0.99995180331644418,8.5878715094564636e-18
C,4,5.0000000000000002e-05,121,0.0060500000000000007,0.075875218725294305,0.99997579970717299,0.99997579970958006,0.99997579970958006,0.99995159594078342,0.99992740047812601,0.99995159594078342,7.0613336978576666e-16,0.99999999742189782,0.93750327824706292,0.99995140167490459,3.6175793222829133e-17
C,4,5.0000000000000002e-05,122,0.0061000000000000004,0.075875218725294305,0.99997559970231276,0.99997559970473904,0.99997559970473904,0.99995119590760917,0.99992680048939508,0.99995119590760906,3.0076625658186061e-16,0.99999999737947831,0.93750327695625146,0.99995100003332293,1.1009356813969922e-17
C,4,5.0000000000000002e-05,123,0.0061500000000000001,0.075875218725294305,0.99997539969741256,0.99997539969985727,0.99997539969985727,0.99995079587443625,0.99992620050078662,0.99995079587443625,3.6095258934811119e-16,0.99999999733671885,0.93750327566515035,0.99995059839170031,4.7648572154386762e-17
C,4,5.0000000000000002e-05,124,0.0062000000000000006,0.075875218725294305,0.99997519969247239,0.99997519969494131,0.99997519969494131,0.99995039584127421,0.99992560051229662,0.99995039584127421,6.9062416187966898e-16,0.99999999729361944,0.93750327437375991,0.99995019675003705,1.9904344604629599e-17
C,4,5.0000000000000002e-05,125,0.0062500000000000003,0.075875218725294305,0.99997499968749215,0.99997499968998149,0.99997499968998149,0.9999499958081195,0.99992500052392674,0.9999499958081195,5.5434735577110651e-16,0.99999999725018029,0.93750327308208037,0.99994979510833193,1.2602998585139511e-17
C,4,5.0000000000000002e-05,126,0.0063,0.075875218725294305,0.99997479968247205,0.99997479968498182,0.99997479968498182,0.99994959577496567,0.99992440053567355,0.99994959577496567,7.8553757166725277e-16,0.99999999720640154,0.93750327179011106,0.99994939346658429,1.0125834650701878e-17
C,4,5.0000000000000002e-05,127,0.0063500000000000006,0.075875218725294305,0.99997459967741176,0.99997459967993851,0.99997459967993851,0.99994919574181984,0.99992380054754315,0.99994919574181984,6.8831643538819467e-16,0.99999999716228349,0.93750327049785287,0.99994899182479624,2.0106348341511331e-17
C,4,5.0000000000000002e-05,128,0.0064000000000000003,0.075875218725294305,0.99997439967231161,0.99997439967486001,0.99997439967486001,0.99994879570868089,0.99992320055953499,0.99994879570868078,1.0217061943776007e-15,0.99999999711782583,0.93750326920530547,0.99994859018296733,2.7716268089377248e-17
C,4,5.0000000000000002e-05,129,0.00645,0.075875218725294305,0.99997419966717138,0.99997419966973966,0.99997419966973966,0.99994839567555061,0.99992260057164828,0.99994839567555061,9.1585512069588078e-16,0.99999999707302911,0.93750326791246874,0.99994818854109613,3.2010429098951313e-17
C,4,5.0000000000000002e-05,130,0.0065000000000000006,0.075875218725294305,0.99997399966199119,0.99997399966458056,0.99997399966458056,0.99994799564242098,0.99992200058387604,0.99994799564242087,7.4835976546983228e-16,0.99999999702789333,0.9375032666193428,0.99994778689918451,9.8892244444259349e-18
C,4,5.0000000000000002e-05,131,0.0065500000000000003,0.075875218725294305,0.99997379965677102,0.99997379965937672,0.99997379965937672,0.99994759560929736,0.99992140059622592,0.99994759560929736,1.0915389878843014e-15,0.99999999698241882,0.93750326532592776,0.99994738525723093,3.6460074237845146e-17
C,4,5.0000000000000002e-05,132,0.0066,0.075875218725294305,0.99997359965151078,0.9999735996541379,0.9999735996541379,0.99994719557618339,0.9999208006086947,0.99994719557618339,5.8978700553960996e-16,0.99999999693660524,0.93750326403222339,0.99994698361523648,9.3447457689152602e-18
C,4,5.0000000000000002e-05,133,0.0066500000000000005,0.075875218725294305,0.99997339964621057,0.99997339964885601,0.99997339964885601,0.99994679554307198,0.99992020062128517,0.99994679554307198,9.8622950264275576e-16,0.99999999689045316,0.9375032627382307,0.99994658197319997,3.0026417357404242e-17
C,4,5.0000000000000002e-05,134,0.0067000000000000002,0.075875218725294305,0.99997319964087039,0.99997319964353548,0.99997319964353548,0.99994639550996933,0.99991960063399465,0.99994639550996922,7.9136937992563723e-16,0.9999999968439629,0.93750326144394824,0.99994618033112292,8.8411826762485103e-18
C,4,5.0000000000000002e-05,135,0.0067499999999999999,0.075875218725294305,0.99997299963549013,0.99997299963817776,0.99997299963817776,0.99994599547687102,0.99991900064682049,0.99994599547687091,6.9607991010649305e-16,0.99999999679713403,0.93750326014937779,0.99994577868900436,9.10550221795517e-17
C,4,5.0000000000000002e-05,136,0.0068000000000000005,0.075875218725294305,0.99997279963006991,0.99997279963277652,0.99997279963277652,0.9999455954437837,0.99991840065977089,0.9999455954437837,6.4696217295164857e-16,0.99999999674996709,0.93750325885451735,0.99994537704684527,1.6339517718635088e-17
C,4,5.0000000000000002e-05,137,0.0068500000000000002,0.075875218725294305,0.99997259962460971,0.99997259962733664,0.99997259962733664,0.99994519541069671,0.99991780067284031,0.9999451954106966,9.0390595112852476e-16,0.99999999670246231,0.93750325755936836,0.99994497540464355,4.3576223757203452e-17
C,4,5.0000000000000002e-05,138,0.0069000000000000008,0.075875218725294305,0.99997239961910944,0.99997239962185525,0.99997239962185525,0.99994479537761538,0.99991720068603518,0.99994479537761538,6.5184956872695097e-16,0.99999999665461925,0.93750325626393072,0.99994457376240165,2.2553747961040765e-18
C,4,5.0000000000000002e-05,139,0.0069500000000000004,0.075875218725294305,0.9999721996135692,0.99997219961633144,0.99997219961633144,0.99994439534454616,0.99991660069934296,0.99994439534454593,5.4051871116331778e-16,0.99999999660643857,0.93750325496820419,0.99994417212011866,8.1579679695115424e-18
C,4,5.0000000000000002e-05,140,0.0070000000000000001,0.075875218725294305,0.9999719996079891,0.99997199961077343,0.99997199961077343,0.99994399531147793,0.99991600071277154,0.99994399531147793,1.0722701995925994e-15,0.99999999655792049,0.93750325367218901,0.99994377047779415,1.9189190193334322e-17
C,4,5.0000000000000002e-05,141,0.0070500000000000007,0.075875218725294305,0.99997179960236882,0.99997179960517268,0.99997179960517268,0.99994359527841792,0.99991540072632124,0.99994359527841792,5.4851777145656697e-16,0.99999999650906501,0.93750325237588572,0.99994336883542767,1.5040086773393908e-17
C,4,5.0000000000000002e-05,142,0.0071000000000000004,0.075875218725294305,0.99997159959670856,0.99997159959953252,0.99997159959953252,0.99994319524535746,0.99991480073998973,0.99994319524535735,5.332680082547156e-16,0.99999999645987203,0.93750325107929278,0.99994296719301967,1.7422426508672386e-17
C,4,5.0000000000000002e-05,143,0.0071500000000000001,0.075875218725294305,0.99997139959100834,0.99997139959385206,0.99997139959385206,0.99994279521230833,0.9999142007537819,0.99994279521230822,3.9210918252879295e-16,0.9999999964103421,0.93750324978241195,0.99994256555057071,4.4361687911807911e-17
C,4,5.0000000000000002e-05,144,0.0072000000000000007,0.075875218725294305,0.99997119958526803,0.99997119958813163,0.99997119958813163,0.99994239517926764,0.99991360076768843,0.99994239517926753,5.4195900277683133e-16,0.99999999636047521,0.93750324848524202,0.99994216390808033,4.7615168988009416e-18
C,4,5.0000000000000002e-05,145,0.0072500000000000004,0.075875218725294305,0.99997099957948776,0.99997099958236968,0.99997099958236968,0.99994199514623017,0.99991300078171774,0.99994199514623006,3.9053367436143567e-16,0.99999999631027103,0.93750324718778366,0.99994176226554954,4.3731304810370476e-17
C,4,5.0000000000000002e-05,146,0.0073000000000000001,0.075875218725294305,0.99997079957366752,0.99997079957657053,0.99997079957657053,0.99994159511320135,0.99991240079586774,0.99994159511320124,4.7261761826736288e-16,0.99999999625973057,0.93750324589003708,0.99994136062297567,1.3282252203082115e-17
C,4,5.0000000000000002e-05,147,0.0073500000000000006,0.075875218725294305,0.99997059956780732,0.99997059957072731,0.99997059957072731,0.99994119508017332,0.99991180081013764,0.99994119508017321,1.1264566498786335e-15,0.99999999620885338,0.93750324459200229,0.99994095898036128,1.8233297843611112e-17
C,4,5.0000000000000002e-05,148,0.0074000000000000003,0.075875218725294305,0.99997039956190703,0.99997039956484957,0.99997039956484957,0.99994079504715516,0.99991120082452367,0.99994079504715516,9.0076112808332838e-16,0.9999999961576399,0.9375032432936784,0.99994055733770648,2.8345269996972206e-17
C,4,5.0000000000000002e-05,149,0.00745,0.075875218725294305,0.99997019955596678,0.99997019955893029,0.99997019955893029,0.99994039501414189,0.99991060083903649,0.99994039501414178,5.9866763149921709e-16,0.99999999610608992,0.93750324199506663,0.99994015569500982,4.4091107353114974e-18
C,4,5.0000000000000002e-05,150,0.0075000000000000006,0.075875218725294305,0.99996999954998655,0.99996999955296639,0.99996999955296639,0.99993999498113406,0.99991000085366777,0.99993999498113384,5.8335181415337483e-16,0.99999999605420364,0.9375032406961662,0.99993975405227209,4.8478590100347399e-17
C,4,5.0000000000000002e-05,151,0.0075500000000000003,0.075875218725294305,0.99996979954396625,0.99996979954696696,0.99996979954696696,0.99993959494813389,0.99990940086841518,0.999939594948134,4.6512778226392502e-16,0.99999999600198186,0.93750323939697711,0.99993935240949294,9.329723621051537e-18
C,4,5.0000000000000002e-05,152,0.0076,0.075875218725294305,0.99996959953790598,0.99996959954092701,0.99996959954092701,0.99993919491513805,0.99990880088328371,0.99993919491513805,2.9639052139530362e-16,0.99999999594942401,0.93750323809750002,0.99993895076667216,1.7692424546059691e-17
C,4,5.0000000000000002e-05,153,0.0076500000000000005,0.075875218725294305,0.99996939953180564,0.9999693995348462,0.9999693995348462,0.99993879488214865,0.99990820089827248,0.99993879488214854,8.7954321746104684e-16,0.99999999589653044,0.93750323679773495,0.99993854912381175,2.7550930634500709e-17
C,4,5.0000000000000002e-05,154,0.0077000000000000002,0.075875218725294305,0.99996919952566543,0.99996919952872698,0.99996919952872698,0.9999383948491668,0.99990760091338304,0.99993839484916669,1.0929574603433763e-15,0.99999999584330113,0.93750323549768133,0.9999381474809087,2.2469169751021206e-17
C,4,5.0000000000000002e-05,155,0.0077499999999999999,0.075875218725294305,0.99996899951948515,0.99996899952256213,0.99996899952256213,0.9999379948161895,0.99990700092860785,0.99993799481618939,5.8048474377272644e-16,0.99999999578973675,0.93750323419734016,0.99993774583796424,1.4119065207212773e-17
C,4,5.0000000000000002e-05,156,0.0078000000000000005,0.075875218725294305,0.99996879951326478,0.99996879951636441,0.99996879951636441,0.99993759478321576,0.99990640094396055,0.99993759478321553,4.1608408126504999e-16,0.99999999573583709,0.93750323289671078,0.99993734419497848,1.0590299706224986e-17
C,4,5.0000000000000002e-05,157,0.0078500000000000011,0.075875218725294305,0.99996859950700445,0.9999685995101234,0.9999685995101234,0.999937194750254,0.99990580095943205,0.99993719475025389,5.9896838492159131e-16,0.99999999568160203,0.93750323159579285,0.99993694255195165,2.5336513620277073e-18
C,4,5.0000000000000002e-05,158,0.0079000000000000008,0.075875218725294305,0.99996839950070415,0.99996839950384331,0.99996839950384331,0.99993679471729269,0.99990520097501656,0.99993679471729269,6.9336328950312481e-16,0.99999999562703212,0.93750323029458715,0.9999365409088824,3.5203543436895061e-17
C,4,5.0000000000000002e-05,159,0.0079500000000000005,0.075875218725294305,0.99996819949436389,0.99996819949752447,0.99996819949752447,0.99993639468434015,0.99990460099072465,0.99993639468434015,5.0622851710715162e-16,0.99999999557212749,0.93750322899309291,0.99993613926577185,4.8329588619340224e-17
C,4,5.0000000000000002e-05,160,0.0080000000000000002,0.075875218725294305,0.99996799948798365,0.9999679994911651,0.9999679994911651,0.99993599465139404,0.99990400100655452,0.99993599465139393,7.8212361873245171e-16,0.9999999955168879,0.93750322769131089,0.99993573762262122,1.544779492595701e-17
C,4,5.0000000000000002e-05,161,0.0080499999999999999,0.075875218725294305,0.99996779948156334,0.99996779948476078,0.99996779948476078,0.99993559461845238,0.99990340102250275,0.99993559461845216,6.1373625607920597e-16,0.99999999546131424,0.93750322638924122,0.9999353359794283,4.093636169087252e-17
C,4,5.0000000000000002e-05,162,0.0080999999999999996,0.075875218725294305,0.99996759947510305,0.99996759947832237,0.99996759947832237,0.99993519458551527,0.99990280103857176,0.99993519458551505,6.2038664016218411e-16,0.99999999540540574,0.93750322508688322,0.99993493433619407,1.8112337735533289e-17
C,4,5.0000000000000002e-05,163,0.008150000000000001,0.075875218725294305,0.99996739946860269,0.99996739947184043,0.99996739947184043,0.99993479455258383,0.99990220105476157,0.99993479455258372,4.4807332820290257e-16,0.99999999534916306,0.93750322378423767,0.99993453269291932,3.0704937897337353e-17
C,4,5.0000000000000002e-05,164,0.0082000000000000007,0.075875218725294305,0.99996719946206236,0.99996719946531942,0.99996719946531942,0.99993439451966737,0.9999016010710734,0.99993439451966715,5.5777288666921771e-16,0.99999999529258621,0.93750322248130447,0.99993413104960327,2.252812465269548e-17
C,4,5.0000000000000002e-05,165,0.0082500000000000004,0.075875218725294305,0.99996699945548206,0.99996699945876,0.99996699945876,0.99993399448674414,0.99990100108750257,0.99993399448674403,3.5552692878598477e-16,0.99999999523567573,0.93750322117808371,0.99993372940624636,2.4058291215088411e-17
C,4,5.0000000000000002e-05,166,0.0083000000000000001,0.075875218725294305,0.99996679944886169,0.99996679945216005,0.99996679945216005,0.9999335944538329,0.99990040110404987,0.99993359445383279,9.079629729409213e-16,0.99999999517843108,0.93750321987457463,0.99993332776284682,2.5190756530500885e-17
C,4,5.0000000000000002e-05,167,0.0083499999999999998,0.075875218725294305,0.99996659944220134,0.99996659944551869,0.99996659944551869,0.99993319442093032,0.99989980112071852,0.9999331944209302,4.3199849935882948e-16,0.9999999951208528,0.93750321857077812,0.99993292611940798,3.3550576654832636e-17
C,4,5.0000000000000002e-05,168,0.0084000000000000012,0.075875218725294305,0.99996639943550103,0.9999663994388398,0.9999663994388398,0.99993279438803084,0.99989920113750874,0.99993279438803084,4.3593226186120263e-16,0.99999999506294102,0.9375032172666945,0.99993252447592706,2.490822269889126e-17
C,4,5.0000000000000002e-05,169,0.0084500000000000009,0.075875218725294305,0.99996619942876075,0.9999661994321164,0.9999661994321164,0.99993239435513803,0.99989860115441798,0.99993239435513803,4.5951955041195135e-16,0.99999999500469594,0.93750321596232267,0.99993212283240629,7.9801517090040064e-17
C,4,5.0000000000000002e-05,170,0.0085000000000000006,0.075875218725294305,0.99996599942198039,0.99996599942535502,0.99996599942535502,0.99993199432224955,0.99989800117144445,0.99993199432224933,4.971246214458527e-16,0.99999999494611758,0.93750321465766351,0.99993172118884266,5.3531436358201423e-17
C,4,5.0000000000000002e-05,171,0.0085500000000000003,0.075875218725294305,0.99996579941516006,0.99996579941855646,0.99996579941855646,0.99993159428936451,0.99989740118859272,0.9999315942893644,5.5135267558987773e-16,0.99999999488720603,0.9375032133527168,0.99993131954523806,4.9809464060160689e-17
C,4,5.0000000000000002e-05,172,0.0086,0.075875218725294305,0.99996559940829965,0.99996559941171514,0.99996559941171514,0.99993119425649191,0.99989680120586144,0.99993119425649191,5.1488150336434239e-16,0.99999999482796176,0.93750321204748244,0.99993091790159305,3.5441518651965291e-17
C,4,5.0000000000000002e-05,173,0.0086499999999999997,0.075875218725294305,0.99996539940139928,0.99996539940483442,0.99996539940483442,0.99993079422362441,0.99989620122325207,0.99993079422362441,5.4267132377808715e-16,0.9999999947683843,0.93750321074196075,0.99993051625790708,6.8773013306213103e-17
C,4,5.0000000000000002e-05,174,0.0087000000000000011,0.075875218725294305,0.99996519939445894,0.99996519939791384,0.99996519939791384,0.9999303941907598,0.99989560124076304,0.99993039419075969,7.0190108186091866e-16,0.99999999470847445,0.93750320943615184,0.99993011461417824,2.8108358595727633e-17
C,4,5.0000000000000002e-05,175,0.0087500000000000008,0.075875218725294305,0.99996499938747851,0.99996499939095129,0.99996499939095129,0.99992999415789985,0.99989500125838648,0.99992999415789974,6.1286434147039933e-16,0.99999999464823186,0.93750320813005517,0.99992971297040867,1.2299328552709658e-17
C,4,5.0000000000000002e-05,176,0.0088000000000000005,0.075875218725294305,0.99996479938045812,0.99996479938395544,0.99996479938395544,0.99992959412504911,0.99989440127613738,0.99992959412504911,3.1023272845441413e-16,0.99999999458765698,0.93750320682367116,0.99992931132659746,8.3319535076927778e-18
C,4,5.0000000000000002e-05,177,0.0088500000000000002,0.075875218725294305,0.99996459937339777,0.99996459937691129,0.99996459937691129,0.99992919409220449,0.99989380129400862,0.99992919409220438,5.8959545044369234e-16,0.99999999452674981,0.9375032055170005,0.9999289096827445,3.8933607885792403e-17
C,4,5.0000000000000002e-05,178,0.0088999999999999999,0.075875218725294305,0.99996439936629744,0.99996439936983139,0.99996439936983139,0.99992879405936064,0.99989320131199422,0.99992879405936064,7.3710035042054729e-16,0.99999999446551069,0.93750320421004218,0.99992850803885214,1.0085838410816877e-17
C,4,5.0000000000000002e-05,179,0.0089499999999999996,0.075875218725294305,0.99996419935915704,0.99996419936270875,0.99996419936270875,0.99992839402653144,0.99989260133010316,0.99992839402653144,4.9264393274892164e-16,0.9999999944039395,0.93750320290279621,0.99992810639491947,3.7613293657157051e-17
C,4,5.0000000000000002e-05,180,0.0090000000000000011,0.075875218725294305,0.99996399935197666,0.99996399935555269,0.99996399935555269,0.99992799399370447,0.99989200134833167,0.99992799399370447,5.6471252739874872e-16,0.99999999434203635,0.93750320159526368,0.99992770475094406,2.8268429579784341e-17
C,4,5.0000000000000002e-05,181,0.0090500000000000008,0.075875218725294305,0.99996379934475632,0.99996379934834967,0.99996379934834967,0.99992759396088271,0.99989140136668353,0.9999275939608826,3.2584486094247983e-16,0.99999999427980168,0.93750320028744394,0.99992730310692668,4.9455002211965882e-18
C,4,5.0000000000000002e-05,182,0.0091000000000000004,0.075875218725294305,0.9999635993374959,0.99996359934110957,0.99996359934110957,0.99992719392806273,0.9998908013851483,0.99992719392806262,5.1280953731107711e-16,0.99999999421723562,0.93750319897933732,0.99992690146286856,4.5554281002119727e-17
C,4,5.0000000000000002e-05,183,0.0091500000000000001,0.075875218725294305,0.99996339933019551,0.99996339933382938,0.99996339933382938,0.99992679389525418,0.99989020140373441,0.99992679389525407,8.2397198862336563e-16,0.99999999415433805,0.93750319767094359,0.99992649981876891,3.0835527159837807e-17
C,4,5.0000000000000002e-05,184,0.0091999999999999998,0.075875218725294305,0.99996319932285505,0.99996319932650513,0.99996319932650513,0.99992639386244908,0.99988960142244909,0.99992639386244897,2.3095633322986084e-16,0.99999999409110918,0.93750319636226276,0.99992609817462841,3.6390848344848674e-17
C,4,5.0000000000000002e-05,185,0.0092500000000000013,0.075875218725294305,0.99996299931547461,0.99996299931914556,0.99996299931914556,0.99992599382965164,0.99988900144127546,0.99992599382965164,6.0736018062574354e-16,0.99999999402754913,0.93750319505329516,0.99992569653044583,4.2672492023450711e-17
C,4,5.0000000000000002e-05,186,0.009300000000000001,0.075875218725294305,0.99996279930805421,0.99996279931174548,0.99996279931174548,0.99992559379685864,0.99988840146022306,0.99992559379685841,9.2365813938486347e-16,0.99999999396365802,0.93750319374404001,0.99992529488622295,1.61801011077226e-18
C,4,5.0000000000000002e-05,187,0.0093500000000000007,0.075875218725294305,0.99996259930059384,0.99996259930430653,0.99996259930430653,0.99992519376407341,0.99988780147929412,0.99992519376407329,8.7188967060262535e-16,0.9999999938994365,0.93750319243449887,0.99992489324195888,5.9468502732155891e-17
C,4,5.0000000000000002e-05,188,0.0094000000000000004,0.075875218725294305,0.99996239929309338,0.99996239929682396,0.99996239929682396,0.99992479373129539,0.99988720149848309,0.99992479373129539,2.6086080263423984e-16,0.99999999383488414,0.93750319112466984,0.99992449159765462,3.8443291903422025e-17
C,4,5.0000000000000002e-05,189,0.0094500000000000001,0.075875218725294305,0.99996219928555297,0.9999621992893043,0.9999621992893043,0.99992439369851838,0.99988660151778763,0.99992439369851815,6.4596318840226515e-16,0.99999999377000115,0.93750318981455472,0.99992408995330884,1.9037207774176712e-18
C,4,5.0000000000000002e-05,190,0.0094999999999999998,0.075875218725294305,0.99996199927797258,0.9999619992817439,0.9999619992817439,0.9999239936657518,0.99988600153721463,0.9999239936657518,4.893553124579891e-16,0.99999999370478776,0.93750318850415304,0.99992368830892175,4.0754961732298276e-17
C,4,5.0000000000000002e-05,191,0.0095500000000000012,0.075875218725294305,0.99996179927035211,0.99996179927413997,0.99996179927413997,0.99992359363298622,0.99988540155676631,0.99992359363298611,6.907054964126048e-16,0.99999999363924441,0.93750318719346426,0.99992328666449393,1.992190830953532e-17
C,4,5.0000000000000002e-05,192,0.0096000000000000009,0.075875218725294305,0.99996159926269168,0.99996159926650086,0.99996159926650086,0.99992319360023618,0.999884801576433,0.99992319360023607,8.416382357042625e-16,0.99999999357337066,0.93750318588248838,0.9999228850200248,1.5340649230998163e-17
C,4,5.0000000000000002e-05,193,0.0096500000000000006,0.075875218725294305,0.99996139925499128,0.99996139925882221,0.99996139925882221,0.99992279356748326,0.99988420159621849,0.99992279356748315,4.510107950081553e-16,0.99999999350716706,0.93750318457122628,0.99992248337551426,4.592926878355407e-18
C,4,5.0000000000000002e-05,194,0.0097000000000000003,0.075875218725294305,0.9999611992472508,0.99996119925110183,0.99996119925110183,0.99992239353473877,0.9998836016161291,0.99992239353473866,5.837996087871027e-16,0.99999999344063373,0.93750318325967741,0.99992208173096164,1.711329728271786e-17
C,4,5.0000000000000002e-05,195,0.00975,0.075875218725294305,0.99996099923947035,0.99996099924334081,0.99996099924334081,0.99992199350199917,0.99988300163616006,0.99992199350199906,3.2194092913672811e-16,0.99999999337377066,0.93750318194784177,0.99992168008636939,3.2175970675764196e-17
C,4,5.0000000000000002e-05,196,0.0097999999999999997,0.075875218725294305,0.99996079923164982,0.99996079923553982,0.99996079923553982,0.9999215934692649,0.99988240165630982,0.9999215934692649,4.5454916258638492e-16,0.99999999330657785,0.93750318063572002,0.99992127844173606,4.091531776237677e-17
C,4,5.0000000000000002e-05,197,0.0098500000000000011,0.075875218725294305,0.99996059922378944,0.99996059922769842,0.99996059922769842,0.99992119343654107,0.99988180167657492,0.99992119343654107,5.718015902837757e-16,0.99999999323905586,0.9375031793233114,0.99992087679706132,3.8555552208002665e-17
C,4,5.0000000000000002e-05,198,0.0099000000000000008,0.075875218725294305,0.99996039921588897,0.99996039921981861,0.99996039921981861,0.99992079340381945,0.99988120169696215,0.99992079340381934,4.4653165296038394e-16,0.99999999317120469,0.93750317801061744,0.99992047515234617,3.6995039157250012e-17
C,4,5.0000000000000002e-05,199,0.0099500000000000005,0.075875218725294305,0.99996019920794854,0.99996019921189461,0.99996019921189461,0.99992039337110283,0.99988060171747317,0.99992039337110272,1.2667182826008875e-15,0.99999999310302423,0.93750317669763605,0.99992007350758838,3.6669533410458339e-17
C,4,5.0000000000000002e-05,200,0.01,0.075875218725294305,0.99995999919996803,0.99995999920394041,0.99995999920394041,0.99991999333839432,0.99988000173809977,0.99991999333839421,1.9595205042775762e-16,0.99999999303451481,0.937503175384369,0.99991967186278985,8.901587261048041e-18
C,4,5.0000000000000002e-05,201,0.01005,0.075875218725294305,0.99995979919194755,0.9999597991959297,0.9999597991959297,0.99991959330569591,0.99987940175884471,0.99991959330569591,6.715879864248381e-16,0.99999999296567688,0.93750317407081507,0.9999192702179508,2.1019214762448223e-17
C,4,5.0000000000000002e-05,202,0.010100000000000001,0.075875218725294305,0.99995959918388699,0.99995959918789179,0.99995959918789179,0.99991919327299672,0.99987880177971644,0.99991919327299661,1.702923143219164e-16,0.99999999289650998,0.93750317275697448,0.99991886857307111,8.8463892261010186e-18
C,4,5.0000000000000002e-05,203,0.010150000000000001,0.075875218725294305,0.99995939917578658,0.99995939917981214,0.99995939917981214,0.99991879324030331,0.99987820180070408,0.99991879324030319,4.9204410913676021e-16,0.99999999282701457,0.937503171442848,0.9999184669281489,7.3533948742006879e-17
C,4,5.0000000000000002e-05,204,0.010200000000000001,0.075875218725294305,0.99995919916764608,0.99995919917169218,0.99995919917169218,0.99991839320761988,0.99987760182181284,0.99991839320761966,4.7813602102582155e-16,0.99999999275719098,0.93750317012843531,0.9999180652831845,2.1782118339279336e-17
C,4,5.0000000000000002e-05,205,0.01025,0.075875218725294305,0.99995899915946551,0.99995899916353015,0.99995899916353015,0.99991799317494146,0.99987700184303829,0.99991799317494134,5.8141649461005366e-16,0.99999999268703887,0.93750316881373685,0.99991766363817969,1.9641048206171426e-17
C,4,5.0000000000000002e-05,206,0.0103,0.075875218725294305,0.99995879915124497,0.9999587991553317,0.9999587991553317,0.99991759314226625,0.99987640186438564,0.99991759314226603,2.4543508549128817e-16,0.99999999261655881,0.93750316749875184,0.99991726199313447,1.3361999004113037e-17
C,4,5.0000000000000002e-05,207,0.01035,0.075875218725294305,0.99995859914298446,0.99995859914708796,0.99995859914708796,0.99991719310959781,0.99987580188585734,0.99991719310959781,8.2464986304372931e-16,0.99999999254575078,0.93750316618348051,0.99991686034804828,3.5981940657229106e-17
C,4,5.0000000000000002e-05,208,0.010400000000000001,0.075875218725294305,0.99995839913468398,0.99995839913880724,0.99995839913880724,0.9999167930769346,0.9998752019074415,0.99991679307693448,6.3120252512054063e-16,0.99999999247461491,0.93750316486792362,0.99991645870292001,2.657372431705214e-17
C,4,5.0000000000000002e-05,209,0.010450000000000001,0.075875218725294305,0.99995819912634354,0.999958199130488,0.999958199130488,0.99991639304428526,0.9998746019291529,0.99991639304428515,7.0550413713308834e-16,0.99999999240315129,0.93750316355208085,0.99991605705775077,8.7814632128253109e-18
C,4,5.0000000000000002e-05,210,0.010500000000000001,0.075875218725294305,0.99995799911796301,0.99995799912212868,0.99995799912212868,0.99991599301163236,0.99987400195098108,0.99991599301163214,6.6408901609078281e-16,0.99999999233136028,0.93750316223595165,0.99991565541254213,3.9806910112639768e-17
C,4,5.0000000000000002e-05,211,0.01055,0.075875218725294305,0.99995779910954241,0.99995779911372518,0.99995779911372518,0.9999155929789878,0.99987340197292873,0.99991559297898769,3.4728724572135342e-16,0.99999999225924163,0.93750316091953656,0.99991525376729162,4.4165291386736997e-17
C,4,5.0000000000000002e-05,212,0.0106,0.075875218725294305,0.99995759910108184,0.99995759910528503,0.99995759910528503,0.99991519294635345,0.99987280199499484,0.99991519294635334,7.9778954389707234e-16,0.99999999218679592,0.93750315960283548,0.99991485212200037,7.2198872103664665e-18
C,4,5.0000000000000002e-05,213,0.01065,0.075875218725294305,0.9999573990925813,0.99995739909680648,0.99995739909680648,0.99991479291371854,0.99987220201718063,0.99991479291371843,3.0922439595911856e-16,0.99999999211402291,0.93750315828584896,0.99991445047666738,2.487614654366717e-17
C,4,5.0000000000000002e-05,214,0.010700000000000001,0.075875218725294305,0.99995719908404079,0.99995719908828262,0.99995719908828262,0.9999143928810923,0.99987160203949343,0.9999143928810923,7.1921657297709588e-16,0.99999999204092316,0.93750315696857678,0.99991404883129276,1.7504921240969345e-17
C,4,5.0000000000000002e-05,215,0.010750000000000001,0.075875218725294305,0.99995699907546021,0.99995699907972213,0.99995699907972213,0.99991399284847493,0.99987100206191548,0.99991399284847471,1.019244473970528e-16,0.99999999196749623,0.93750315565101827,0.99991364718587694,3.8832589644116277e-17
C,4,5.0000000000000002e-05,216,0.010800000000000001,0.075875218725294305,0.99995679906683965,0.99995679907112534,0.99995679907112534,0.99991359281585868,0.99987040208446609,0.99991359281585857,2.3390621331811722e-16,0.999999991893743,0.9375031543331741,0.99991324554042049,2.2124470871646229e-17
C,4,5.0000000000000002e-05,217,0.01085,0.075875218725294305,0.99995659905817913,0.99995659906247913,0.99995659906247913,0.99991319278324919,0.99986980210713294,0.99991319278324908,6.5021552749981823e-16,0.99999999181966315,0.93750315301504428,0.9999128438949233,1.7692852066780796e-17
C,4,5.0000000000000002e-05,218,0.0109,0.075875218725294305,0.99995639904947853,0.99995639905379829,0.99995639905379829,0.99991279275065115,0.99986920212991881,0.99991279275065104,5.9404423511156467e-16,0.99999999174525678,0.9375031516966289,0.99991244224938536,1.7587148020435447e-17
C,4,5.0000000000000002e-05,219,0.01095,0.075875218725294305,0.99995619904073796,0.99995619904507826,0.99995619904507826,0.99991239271804933,0.99986860215282958,0.99991239271804921,5.3746379260310951e-16,0.999999991670524,0.93750315037792786,0.99991204060380512,5.3912090422891799e-17
C,4,5.0000000000000002e-05,220,0.011000000000000001,0.075875218725294305,0.99995599903195742,0.99995599903631838,0.99995599903631838,0.99991199268546016,0.99986800217585725,0.99991199268546016,4.2055229421966804e-16,0.99999999159546527,0.9375031490589415,0.9999116389581838,4.5875262705456144e-17
C,4,5.0000000000000002e-05,221,0.011050000000000001,0.075875218725294305,0.9999557990231368,0.99995579902751741,0.99995579902751741,0.99991159265287266,0.99986740219900927,0.99991159265287244,6.8728358285358131e-16,0.99999999152008057,0.93750314773966947,0.99991123731252207,3.2705777086768726e-17
C,4,5.0000000000000002e-05,222,0.0111,0.075875218725294305,0.99995559901427622,0.99995559901867248,0.99995559901867248,0.99991119262029593,0.99986680222227287,0.99991119262029582,8.5974009524773726e-16,0.99999999144437013,0.93750314642011201,0.9999108356668186,4.2747498452799364e-17
C,4,5.0000000000000002e-05,223,0.01115,0.075875218725294305,0.99995539900537567,0.99995539900979791,0.99995539900979791,0.99991079258772386,0.99986620224566047,0.99991079258772375,4.3383146936160014e-16,0.99999999136833373,0.93750314510026878,0.9999104340210756,1.3282213601825725e-17
C,4,5.0000000000000002e-05,224,0.0112,0.075875218725294305,0.99995519899643504,0.99995519900087482,0.99995519900087482,0.99991039255515402,0.99986560226916787,0.99991039255515402,8.5699090378845439e-16,0.99999999129197181,0.93750314378014099,0.99991003237528975,1.787503768239017e-17
C,4,5.0000000000000002e-05,225,0.011250000000000001,0.075875218725294305,0.99995499898745444,0.99995499899191154,0.99995499899191154,0.99990999252259538,0.99986500229279696,0.99990999252259527,6.0893660282182676e-16,0.9999999912152846,0.93750314245972677,0.99990963072946348,6.7605696510748631e-17
C,4,5.0000000000000002e-05,226,0.011300000000000001,0.075875218725294305,0.99995479897843376,0.99995479898291595,0.99995479898291595,0.99990959249004185,0.99986440231654261,0.99990959249004185,7.1754067726114879e-16,0.9999999911382722,0.93750314113902755,0.99990922908359681,9.5060485433644053e-18
C,4,5.0000000000000002e-05,227,0.011350000000000001,0.075875218725294305,0.99995459896937322,0.99995459897387173,0.99995459897387173,0.99990919245748966,0.99986380234041061,0.99990919245748955,4.7951732745305946e-16,0.99999999106093429,0.93750313981804301,0.99990882743768861,1.333408737599849e-17
C,4,5.0000000000000002e-05,228,0.0114,0.075875218725294305,0.99995439896027261,0.99995439896478899,0.99995439896478899,0.99990879242494624,0.99986320236439818,0.99990879242494601,5.1110517978899945e-16,0.99999999098327164,0.93750313849677291,0.99990842579173866,5.6861180061733287e-18
C,4,5.0000000000000002e-05,229,0.01145,0.075875218725294305,0.99995419895113202,0.99995419895566928,0.99995419895566928,0.99990839239241014,0.99986260238850599,0.99990839239241014,4.5117810649076726e-16,0.99999999090528413,0.93750313717521772,0.99990802414574786,2.1923143081685819e-17
C,4,5.0000000000000002e-05,230,0.0115,0.075875218725294305,0.99995399894195136,0.99995399894650772,0.99995399894650772,0.9999079923598797,0.99986200241273371,0.9999079923598797,6.3111333255429168e-16,0.99999999082697189,0.9375031358533773,0.99990762249971699,4.8458043895598082e-17
C,4,5.0000000000000002e-05,231,0.011550000000000001,0.075875218725294305,0.99995379893273073,0.9999537989373104,0.9999537989373104,0.99990759232735194,0.99986140243708066,0.99990759232735194,5.009993718238877e-16,0.99999999074833501,0.937503134531252,0.99990722085364359,7.2815942698136082e-18
C,4,5.0000000000000002e-05,232,0.011600000000000001,0.075875218725294305,0.99995359892347002,0.99995359892807023,0.99995359892807023,0.99990719229483371,0.99986080246154496,0.9999071922948336,4.8302840473654291e-16,0.99999999066937373,0.93750313320884138,0.99990681920753011,1.5833005829805517e-17
C,4,5.0000000000000002e-05,233,0.011650000000000001,0.075875218725294305,0.99995339891416934,0.99995339891878476,0.99995339891878476,0.99990679226231938,0.99986020248613217,0.99990679226231938,5.7959042464146788e-16,0.99999999059008826,0.93750313188614587,0.99990641756137444,4.2077312469730213e-17
C,4,5.0000000000000002e-05,234,0.0117,0.075875218725294305,0.9999531989048287,0.99995319890946521,0.99995319890946521,0.99990639222981226,0.99985960251084016,0.99990639222981215,4.5206600273763892e-16,0.9999999905104785,0.93750313056316525,0.9999060159151798,9.6266609392220701e-18
C,4,5.0000000000000002e-05,235,0.01175,0.075875218725294305,0.99995299889544809,0.99995299890010658,0.99995299890010658,0.99990599219730902,0.99985900253566817,0.99990599219730891,4.0960251674999496e-16,0.99999999043054477,0.93750312923989942,0.99990561426894287,2.2116770923896776e-17
C,4,5.0000000000000002e-05,236,0.0118,0.075875218725294305,0.99995279888602739,0.99995279889070254,0.99995279889070254,0.99990559216481423,0.99985840256061997,0.99990559216481412,1.5223166996860992e-16,0.9999999903502873,0.93750312791634915,0.99990521262266407,8.9972028884834719e-18
C,4,5.0000000000000002e-05,237,0.011850000000000001,0.075875218725294305,0.99995259887656673,0.99995259888126298,0.99995259888126298,0.99990519213232354,0.99985780258568535,0.99990519213232343,1.0138413617439408e-15,0.99999999026970576,0.93750312659251389,0.9999048109763462,3.7547720805674383e-17
C,4,5.0000000000000002e-05,238,0.011900000000000001,0.075875218725294305,0.99995239886706611,0.99995239887177712,0.99995239887177712,0.99990479209983618,0.99985720261087485,0.99990479209983618,1.2933226565892451e-15,0.99999999018880092,0.93750312526839374,0.99990440932998659,3.968091330183437e-17
C,4,5.0000000000000002e-05,239,0.011950000000000001,0.075875218725294305,0.9999521988575254,0.99995219886225906,0.99995219886225906,0.99990439206736093,0.99985660263618237,0.99990439206736081,6.5597780751318962e-16,0.99999999010757246,0.93750312394398894,0.99990400768358667,3.174610691811355e-17
C,4,5.0000000000000002e-05,240,0.012,0.075875218725294305,0.99995199884794472,0.99995199885269581,0.99995199885269581,0.99990399203488656,0.99985600266160812,0.99990399203488656,4.2804347337973903e-16,0.99999999002602091,0.9375031226192988,0.99990360603714523,3.7074149246775482e-17
C,4,5.0000000000000002e-05,241,0.01205,0.075875218725294305,0.99995179883832397,0.99995179884309793,0.99995179884309793,0.99990359200241952,0.99985540268715745,0.99990359200241941,7.6085267142697349e-16,0.99999998994414607,0.93750312129432423,0.99990320439066238,4.4254799376203684e-18
C,4,5.0000000000000002e-05,242,0.012100000000000001,0.075875218725294305,0.99995159882866336,0.99995159883345608,0.99995159883345608,0.9999031919699567,0.99985480271282334,0.99990319196995658,8.3385317495949402e-16,0.99999998986194816,0.9375031199690651,0.99990280274413923,2.7686483249517592e-18
C,4,5.0000000000000002e-05,243,0.012150000000000001,0.075875218725294305,0.99995139881896256,0.99995139882377559,0.99995139882377559,0.99990279193750264,0.9998542027386107,0.99990279193750242,1.6882136130237922e-15,0.99999998977942739,0.93750311864352098,0.99990240109757378,3.1824795653330495e-17
C,4,5.0000000000000002e-05,244,0.012200000000000001,0.075875218725294305,0.9999511988092219,0.99995119881405492,0.99995119881405492,0.99990239190505514,0.9998536027645174,0.99990239190505514,4.0115813209456616e-16,0.99999998969658377,0.93750311731769265,0.99990199945096769,4.9543432248788876e-17
C,4,5.0000000000000002e-05,245,0.01225,0.075875218725294305,0.99995099879944116,0.99995099880429461,0.99995099880429461,0.9999019918726102,0.9998530027905399,0.99990199187261009,7.2638240080155362e-16,0.99999998961341774,0.93750311599157898,0.99990159780432208,8.851108694038285e-18
C,4,5.0000000000000002e-05,246,0.0123,0.075875218725294305,0.99995079878962045,0.99995079879449444,0.99995079879449444,0.99990159184017269,0.99985240281669108,0.99990159184017258,4.9646687053132161e-16,0.99999998952992919,0.93750311466518133,0.99990119615763329,7.0803576914326623e-17
C,4,5.0000000000000002e-05,247,0.01235,0.075875218725294305,0.99995059877975978,0.99995059878465231,0.99995059878465231,0.99990119180773995,0.99985180284295716,0.99990119180773995,6.9224602185954275e-16,0.99999998944611823,0.93750311333849834,0.99990079451090497,9.989007331466861e-18
C,4,5.0000000000000002e-05,248,0.012400000000000001,0.075875218725294305,0.99995039876985903,0.99995039877476899,0.99995039877476899,0.99990079177531743,0.99985120286934481,0.99990079177531743,5.2453158400764264e-16,0.99999998936198498,0.93750311201153191,0.9999003928641349,3.9593800973100719e-17
C,4,5.0000000000000002e-05,249,0.012450000000000001,0.075875218725294305,0.99995019875991831,0.99995019876484659,0.99995019876484659,0.99990039174289791,0.99985060289585248,0.99990039174289802,6.5379533642460494e-16,0.99999998927752987,0.93750311068428094,0.99989999121732398,2.7862754195388533e-17
C,4,5.0000000000000002e-05,250,0.012500000000000001,0.075875218725294305,0.99994999874993751,0.99994999875488633,0.99994999875488633,0.99989999171048394,0.99985000292247705,0.99989999171048383,8.7509567113797894e-16,0.99999998919275279,0.93750310935674541,0.99989958957047143,1.8866948688756136e-17
C,4,5.0000000000000002e-05,251,0.01255,0.075875218725294305,0.99994979873991674,0.99994979874489032,0.99994979874489032,0.99989959167807352,0.99984940294922486,0.9998995916780733,4.9884123502794432e-16,0.99999998910765409,0.937503108028925,0.99989918792357779,3.9814708719646207e-17
C,4,5.0000000000000002e-05,252,0.0126,0.075875218725294305,0.999949598729856,0.99994959873484279,0.99994959873484279,0.99989919164567065,0.99984880297609291,0.99989919164567043,5.2543143467963814e-16,0.99999998902223342,0.93750310670082115,0.99989878627664452,1.9644150339666858e-17
C,4,5.0000000000000002e-05,253,0.01265,0.075875218725294305,0.99994939871975519,0.99994939872476385,0.99994939872476385,0.99989879161327833,0.99984820300307842,0.99989879161327821,6.0918856433312688e-16,0.99999998893649145,0.93750310537243253,0.99989838462966918,2.8136399305414457e-17
C,4,5.0000000000000002e-05,254,0.012700000000000001,0.075875218725294305,0.99994919870961441,0.9999491987146446,0.9999491987146446,0.99989839158088456,0.99984760303018472,0.99989839158088445,3.6519265439132497e-16,0.99999998885042807,0.93750310404375969,0.99989798298265387,1.3278520868156063e-17
C,4,5.0000000000000002e-05,255,0.012750000000000001,0.075875218725294305,0.99994899869943366,0.99994899870447818,0.99994899870447818,0.99989799154850278,0.99984700305741558,0.99989799154850267,2.016440969042245e-16,0.99999998876404361,0.93750310271480275,0.99989758133559725,1.6225034341200966e-17
C,4,5.0000000000000002e-05,256,0.012800000000000001,0.075875218725294305,0.99994879868921294,0.99994879869427966,0.99994879869427966,0.99989759151612145,0.99984640308475925,0.99989759151612134,6.1335834808326292e-16,0.99999998867733797,0.93750310138556137,0.99989717968849934,8.9093420182806731e-18
C,4,5.0000000000000002e-05,257,0.01285,0.075875218725294305,0.99994859867895214,0.99994859868404018,0.99994859868404018,0.999897191483752,0.99984580311222515,0.99989719148375189,4.4292313640153449e-16,0.99999998859031147,0.93750310005603632,0.99989677804136068,2.5290925055150514e-17
C,4,5.0000000000000002e-05,258,0.0129,0.075875218725294305,0.99994839866865126,0.99994839867375829,0.99994839867375829,0.99989679145137988,0.99984520313981617,0.99989679145137977,5.1561514710120327e-16,0.99999998850296423,0.93750309872622684,0.99989637639418183,9.9558811943283601e-18
C,4,5.0000000000000002e-05,259,0.012950000000000001,0.075875218725294305,0.99994819865831053,0.99994819866343809,0.99994819866343809,0.99989639141901998,0.99984460316752222,0.99989639141901987,1.1498643591794201e-15,0.99999998841529603,0.93750309739613369,0.99989597474696101,2.1033663177492391e-18
C,4,5.0000000000000002e-05,260,0.013000000000000001,0.075875218725294305,0.99994799864792971,0.99994799865307604,0.99994799865307604,0.99989599138666285,0.99984400319534872,0.99989599138666274,7.4532987297791101e-16,0.99999998832730774,0.93750309606575588,0.9998955730996999,1.2856338300309959e-17
C,4,5.0000000000000002e-05,261,0.013050000000000001,0.075875218725294305,0.99994779863750882,0.9999477986426728,0.9999477986426728,0.99989559135431538,0.99984340322329801,0.99989559135431527,1.0862951183878056e-15,0.99999998823899872,0.93750309473509452,0.99989517145239726,6.8183211141908461e-17
C,4,5.0000000000000002e-05,262,0.013100000000000001,0.075875218725294305,0.99994759862704807,0.99994759863223481,0.99994759863223481,0.99989519132196736,0.99984280325136132,0.99989519132196725,8.7388811585141918e-16,0.99999998815036972,0.9375030934041495,0.99989476980505487,6.7166542904160184e-18
C,4,5.0000000000000002e-05,263,0.01315,0.075875218725294305,0.99994739861654724,0.99994739862175486,0.99994739862175486,0.99989479128963488,0.99984220327955353,0.99989479128963477,7.4488510079006348e-16,0.99999998806142054,0.93750309207292015,0.99989436815767041,2.6780937417420982e-17
C,4,5.0000000000000002e-05,264,0.0132,0.075875218725294305,0.99994719860600634,0.99994719861123071,0.99994719861123071,0.99989439125730306,0.99984160330785665,0.99989439125730295,5.2051826897161582e-16,0.99999998797215128,0.93750309074140747,0.99989396651024409,1.3160612868533589e-18
C,4,5.0000000000000002e-05,265,0.013250000000000001,0.075875218725294305,0.99994699859542557,0.99994699860066905,0.99994699860066905,0.99989399122497169,0.99984100333627901,0.99989399122497147,5.2385429721297812e-16,0.99999998788256217,0.93750308940961014,0.99989356486277781,5.6103547231263406e-17
C,4,5.0000000000000002e-05,266,0.013300000000000001,0.075875218725294305,0.99994679858480473,0.9999467985900693,0.9999467985900693,0.99989359119265531,0.9998404033648296,0.9998935911926552,9.0674850837860612e-16,0.99999998779265353,0.9375030880775298,0.99989316321526944,3.8754729515870539e-18
C,4,5.0000000000000002e-05,267,0.013350000000000001,0.075875218725294305,0.99994659857414392,0.99994659857942525,0.99994659857942525,0.99989319116033737,0.99983980339349698,0.99989319116033726,6.9006279972315775e-16,0.99999998770242537,0.93750308674516536,0.99989276156772133,3.0776647292247414e-17
C,4,5.0000000000000002e-05,268,0.0134,0.075875218725294305,0.99994639856344303,0.99994639856874712,0.99994639856874712,0.99989279112802931,0.99983920342228083,0.99989279112802931,6.0580646948527824e-16,0.99999998761187769,0.93750308541251737,0.99989235992013104,1.8225668197622796e-17
C,4,5.0000000000000002e-05,269,0.01345,0.075875218725294305,0.99994619855270217,0.99994619855802425,0.99994619855802425,0.99989239109572747,0.99983860345118925,0.99989239109572747,5.9846952605686134e-16,0.99999998752101082,0.93750308407958571,0.9998919582725011,7.3136634580679315e-17
C,4,5.0000000000000002e-05,270,0.0135,0.075875218725294305,0.99994599854192123,0.9999459985472634,0.9999459985472634,0.99989199106342941,0.99983800348021556,0.9998919910634293,3.9457539948836265e-16,0.99999998742982499,0.93750308274636995,0.99989155662482898,1.7958639061109563e-17
C,4,5.0000000000000002e-05,271,0.013550000000000001,0.075875218725294305,0.99994579853110033,0.99994579853646182,0.99994579853646182,0.99989159103114034,0.99983740350936212,0.99989159103114034,1.4921953633829264e-16,0.99999998733831996,0.93750308141287142,0.99989115497711645,3.5692395615437663e-17
C,4,5.0000000000000002e-05,272,0.013600000000000001,0.075875218725294305,0.99994559852023945,0.99994559852561815,0.99994559852561815,0.99989119099885426,0.99983680353862936,0.99989119099885426,3.5426321847412062e-16,0.99999998724649619,0.93750308007908956,0.99989075332936395,2.9388907636895212e-17
C,4,5.0000000000000002e-05,273,0.013650000000000001,0.075875218725294305,0.99994539850933861,0.99994539851473863,0.99994539851473863,0.99989079096657663,0.99983620356801761,0.99989079096657663,7.2660316381966937e-16,0.99999998715435356,0.93750307874502314,0.99989035168156915,7.8220092566528128e-17
C,4,5.0000000000000002e-05,274,0.0137,0.075875218725294305,0.99994519849839769,0.99994519850381891,0.99994519850381891,0.9998903909343011,0.99983560359752299,0.99989039093430121,3.3839984883981903e-16,0.99999998706189264,0.93750307741067396,0.99988995003373404,1.8710056310483062e-17
C,4,5.0000000000000002e-05,275,0.01375,0.075875218725294305,0.9999449984874168,0.9999449984928559,0.9999449984928559,0.99988999090203023,0.99983500362715194,0.99988999090203012,8.7896741943929861e-16,0.99999998696911296,0.93750307607604089,0.99988954838585853,1.2814038243910776e-17
C,4,5.0000000000000002e-05,276,0.013800000000000002,0.075875218725294305,0.99994479847639595,0.99994479848185336,0.99994479848185336,0.99988959086976992,0.99983440365689269,0.9998895908697697,3.8657077472017422e-16,0.99999998687601521,0.93750307474112526,0.99988914673794027,5.4331539990369919e-17
C,4,5.0000000000000002e-05,277,0.013850000000000001,0.075875218725294305,0.99994459846533501,0.99994459847081052,0.99994459847081052,0.99988919083751826,0.99983380368676011,0.99988919083751815,6.9138125680352494e-16,0.99999998678259916,0.93750307340592554,0.99988874508998271,3.8757653696079499e-17
C,4,5.0000000000000002e-05,278,0.013900000000000001,0.075875218725294305,0.99994439845423411,0.99994439845973204,0.99994439845973204,0.99988879080526372,0.99983320371674655,0.99988879080526372,6.4046259323137157e-16,0.99999998668886536,0.93750307207044237,0.99988834344198396,4.8302859122140381e-17
C,4,5.0000000000000002e-05,279,0.013950000000000001,0.075875218725294305,0.99994419844309312,0.99994419844860627,0.99994419844860627,0.99988839077301672,0.99983260374685279,0.99988839077301661,5.4730833202368432e-16,0.99999998659481326,0.93750307073467631,0.99988794179394391,1.9723366780494504e-17
C,4,5.0000000000000002e-05,280,0.014,0.075875218725294305,0.99994399843191217,0.99994399843744575,0.99994399843744575,0.99988799074078427,0.99983200377707848,0.99988799074078427,4.4691205068663235e-16,0.99999998650044386,0.93750306939862726,0.99988754014586367,4.7986893619215148e-17
C,4,5.0000000000000002e-05,281,0.01405,0.075875218725294305,0.99994379842069125,0.99994379842624526,0.99994379842624526,0.99988759070854771,0.99983140380742985,0.99988759070854771,6.1962216123285924e-16,0.9999999864057566,0.93750306806229478,0.99988713849774224,2.1448465229834611e-17
C,4,5.0000000000000002e-05,282,0.014100000000000001,0.075875218725294305,0.99994359840943026,0.9999435984150038,0.9999435984150038,0.99988719067631981,0.99983080383789358,0.99988719067631981,4.8658620259773807e-16,0.99999998631075182,0.93750306672567896,0.99988673684958007,1.7693363713735305e-17
C,4,5.0000000000000002e-05,283,0.014150000000000001,0.075875218725294305,0.99994339839812929,0.99994339840372559,0.99994339840372559,0.9998867906441008,0.99983020386848109,0.99988679064410069,3.5951934496411387e-16,0.99999998621542996,0.93750306538878037,0.99988633520137626,1.7833799566134457e-17
C,4,5.0000000000000002e-05,284,0.014200000000000001,0.075875218725294305,0.99994319838678836,0.99994319839240231,0.99994319839240231,0.99988639061188767,0.9998296038991894,0.99988639061188767,6.4588661309546016e-16,0.99999998611979091,0.93750306405159878,0.99988593355313249,1.002175062606629e-18
C,4,5.0000000000000002e-05,285,0.014250000000000001,0.075875218725294305,0.99994299837540745,0.99994299838103951,0.99994299838103951,0.99988599057967353,0.99982900393001528,0.99988599057967342,1.2598755353417801e-16,0.99999998602383455,0.93750306271413408,0.99988553190484686,1.8313232567187246e-17
C,4,5.0000000000000002e-05,286,0.0143,0.075875218725294305,0.99994279836398647,0.99994279836964317,0.99994279836964317,0.99988559054747272,0.99982840396095818,0.9998855905474725,9.1747480187730517e-16,0.99999998592756156,0.93750306137638661,0.99988513025652026,3.7961468633130336e-17
C,4,5.0000000000000002e-05,287,0.01435,0.075875218725294305,0.99994259835252541,0.99994259835819799,0.99994259835819799,0.99988519051527591,0.99982780399202753,0.9998851905152758,4.8726385834992175e-16,0.99999998583097149,0.9375030600383556,0.99988472860815392,8.2085274071162648e-18
C,4,5.0000000000000002e-05,288,0.014400000000000001,0.075875218725294305,0.9999423983410245,0.99994239834671728,0.99994239834671728,0.99988479048308476,0.99982720402321013,0.99988479048308487,8.3349613798466415e-16,0.99999998573406523,0.93750305870004191,0.99988432695974661,4.1734321796693686e-17
C,4,5.0000000000000002e-05,289,0.014450000000000001,0.075875218725294305,0.9999421983294835,0.99994219833519538,0.99994219833519538,0.99988439045089428,0.99982660405451707,0.99988439045089428,3.9712831402815538e-16,0.99999998563684211,0.93750305736144568,0.99988392531129844,9.703997801783163e-19
C,4,5.0000000000000002e-05,290,0.014500000000000001,0.075875218725294305,0.99994199831790243,0.99994199832363173,0.99994199832363173,0.99988399041871856,0.99982600408594369,0.99988399041871856,1.833073812210486e-16,0.99999998553930269,0.93750305602256634,0.99988352366280786,1.0559911865904948e-17
C,4,5.0000000000000002e-05,291,0.01455,0.075875218725294305,0.99994179830628138,0.99994179831203067,0.99994179831203067,0.99988359038654062,0.99982540411749221,0.99988359038654062,3.5442629368151884e-16,0.99999998544144719,0.93750305468340445,0.99988312201427787,3.1275677388681602e-17
C,4,5.0000000000000002e-05,292,0.0146,0.075875218725294305,0.99994159829462037,0.99994159830039087,0.99994159830039087,0.99988319035437234,0.99982480414915809,0.99988319035437223,9.1106947409138402e-16,0.9999999853432755,0.93750305334395945,0.99988272036570658,1.0166741121345064e-17
C,4,5.0000000000000002e-05,293,0.014650000000000002,0.075875218725294305,0.99994139828291939,0.99994139828870776,0.99994139828870776,0.99988279032220762,0.99982420418094275,0.99988279032220762,7.4642925954364033e-16,0.99999998524478795,0.93750305200423212,0.99988231871709454,9.2103247808115242e-18
C,4,5.0000000000000002e-05,294,0.014700000000000001,0.075875218725294305,0.99994119827117833,0.99994119827698724,0.99994119827698724,0.99988239029005233,0.99982360421285066,0.99988239029005221,3.4418477501615275e-16,0.99999998514598454,0.9375030506642219,0.9998819170684411,1.7919468457896249e-17
C,4,5.0000000000000002e-05,295,0.014750000000000001,0.075875218725294305,0.99994099825939731,0.99994099826522731,0.99994099826522731,0.9998819902578987,0.99982300424487436,0.99988199025789859,2.239034508368318e-16,0.99999998504686549,0.93750304932392914,0.9998815154197459,1.6926536429688715e-17
C,4,5.0000000000000002e-05,296,0.014800000000000001,0.075875218725294305,0.99994079824757631,0.9999407982534293,0.9999407982534293,0.99988159022575529,0.99982240427702185,0.99988159022575518,1.0773895887855974e-15,0.9999999849474307,0.93750304798335349,0.9998811137710113,1.9603854113509718e-17
C,4,5.0000000000000002e-05,297,0.01485,0.075875218725294305,0.99994059823571524,0.99994059824158454,0.99994059824158454,0.99988119019361343,0.9998218043092878,0.99988119019361332,4.7769578373961546e-16,0.99999998484768071,0.93750304664249517,0.99988071212223595,1.840624210764074e-17
C,4,5.0000000000000002e-05,298,0.0149,0.075875218725294305,0.9999403982238142,0.99994039822969982,0.99994039822969982,0.99988079016148168,0.99982120434167232,0.99988079016148157,4.7616306171278562e-16,0.99999998474761564,0.93750304530135431,0.99988031047341919,1.2450506807791518e-17
C,4,5.0000000000000002e-05,299,0.014950000000000001,0.075875218725294305,0.99994019821187308,0.99994019821777946,0.99994019821777946,0.9998803901293507,0.99982060437417841,0.99988039012935048,5.8146276099278981e-16,0.99999998464723505,0.937503043959931,0.99987990882456135,6.3689488176444022e-17
C,4,5.0000000000000002e-05,300,0.015000000000000001,0.075875218725294305,0.99993999819989199,0.99993999820581914,0.99993999820581914,0.9998799900972315,0.99982000440680696,0.99987999009723139,6.576353436635524e-16,0.99999998454653982,0.93750304261822559,0.99987950717566243,1.8572865642556945e-18
C,4,5.0000000000000002e-05,301,0.015050000000000001,0.075875218725294305,0.99993979818787093,0.99993979819381595,0.99993979819381595,0.9998795900651124,0.99981940443955408,0.99987959006511229,7.7967807765150737e-16,0.99999998444552962,0.93750304127623829,0.99987910552672243,3.5603691236912739e-17
C,4,5.0000000000000002e-05,302,0.015100000000000001,0.075875218725294305,0.9999395981758098,0.99993959818177636,0.99993959818177636,0.99987919003300429,0.99981880447241589,0.99987919003300429,4.1936679308836706e-16,0.99999998434420478,0.93750303993396833,0.99987870387774225,3.5408817367043043e-17
C,4,5.0000000000000002e-05,303,0.01515,0.075875218725294305,0.99993939816370869,0.99993939816969835,0.99993939816969835,0.99987879000089952,0.99981820450540615,0.99987879000089952,6.581666506818689e-16,0.99999998424256542,0.93750303859141548,0.99987830222872265,4.1398065528774342e-17
C,4,5.0000000000000002e-05,304,0.0152,0.075875218725294305,0.99993919815156762,0.99993919815757293,0.99993919815757293,0.99987838996879752,0.99981760453851232,0.99987838996879741,7.9485358985077292e-17,0.99999998414061142,0.93750303724858086,0.99987790057966097,2.0509307999192411e-17
C,4,5.0000000000000002e-05,305,0.015250000000000001,0.075875218725294305,0.99993899813938647,0.99993899814541032,0.99993899814541032,0.99987798993670585,0.99981700457173805,0.99987798993670574,1.3179469755001836e-15,0.99999998403834334,0.9375030359054638,0.99987749893055888,3.6245618876452459e-17
C,4,5.0000000000000002e-05,306,0.015300000000000001,0.075875218725294305,0.99993879812716535,0.99993879813321163,0.99993879813321163,0.9998775899046155,0.99981640460508203,0.99987758990461539,2.8748041314456756e-16,0.99999998393576095,0.93750303456206452,0.99987709728141538,1.1465666251153395e-17
C,4,5.0000000000000002e-05,307,0.015350000000000001,0.075875218725294305,0.99993859811490426,0.99993859812096575,0.99993859812096575,0.99987718987253593,0.99981580463854725,0.99987718987253593,8.2112880778013487e-16,0.99999998383286459,0.9375030332183838,0.99987669563223081,1.8319639815563696e-17
C,4,5.0000000000000002e-05,308,0.0154,0.075875218725294305,0.9999383981026031,0.99993839810868701,0.99993839810868701,0.99987678984046158,0.99981520467213769,0.99987678984046147,5.9692840796855676e-16,0.99999998372965437,0.93750303187442008,0.99987629398300581,2.4890097799486494e-19
C,4,5.0000000000000002e-05,309,0.01545,0.075875218725294305,0.99993819809026196,0.99993819809636497,0.99993819809636497,0.99987638980838722,0.99981460470584027,0.99987638980838722,7.2043643257622455e-16,0.9999999836261303,0.9375030305301747,0.9998758923337403,2.5767396191889885e-17
C,4,5.0000000000000002e-05,310,0.0155,0.075875218725294305,0.99993799807788086,0.9999379980840033,0.9999379980840033,0.99987598977632908,0.99981400473966819,0.99987598977632897,8.79862670353343e-16,0.9999999835222928,0.93750302918564721,0.99987549068443382,4.3945645008543924e-17
C,4,5.0000000000000002e-05,311,0.015550000000000001,0.075875218725294305,0.99993779806545968,0.9999377980716021,0.9999377980716021,0.99987558974426516,0.99981340477361613,0.99987558974426516,6.8075364652350311e-16,0.999999983418142,0.93750302784083772,0.99987508903508526,1.5247603255233634e-17
C,4,5.0000000000000002e-05,312,0.015600000000000001,0.075875218725294305,0.99993759805299853,0.99993759805915772,0.99993759805915772,0.99987518971221423,0.9998128048076812,0.99987518971221412,6.1219749068949601e-16,0.99999998331367734,0.93750302649574579,0.99987468738569829,1.9678837889165379e-17
C,4,5.0000000000000002e-05,313,0.015650000000000001,0.075875218725294305,0.99993739804049731,0.99993739804667614,0.99993739804667614,0.99987478968016719,0.99981220484186606,0.99987478968016719,3.6510102996457765e-16,0.99999998320889982,0.93750302515037265,0.99987428573626924,5.8229034522923635e-17
C,4,5.0000000000000002e-05,314,0.015700000000000002,0.075875218725294305,0.99993719802795622,0.99993719803415604,0.99993719803415604,0.99987438964812281,0.99981160487617171,0.99987438964812281,3.286468853490103e-16,0.99999998310380922,0.93750302380471706,0.99987388408679967,8.1016645683056525e-18
C,4,5.0000000000000002e-05,315,0.01575,0.075875218725294305,0.99993699801537494,0.99993699802159275,0.99993699802159275,0.99987398961608853,0.99981100491059383,0.99987398961608864,6.2579465390580073e-16,0.99999998299840565,0.93750302245877959,0.99987348243729002,1.3393929820322923e-18
C,4,5.0000000000000002e-05,316,0.015800000000000002,0.075875218725294305,0.99993679800275381,0.99993679800899105,0.99993679800899105,0.99987358958405614,0.99981040494513995,0.99987358958405592,1.2524910843592424e-15,0.9999999828926891,0.9375030211125609,0.99987308078773929,3.5489299992968064e-17
C,4,5.0000000000000002e-05,317,0.01585,0.075875218725294305,0.9999365979900926,0.99993659799635115,0.99993659799635115,0.99987318955203242,0.99980980497980743,0.99987318955203242,6.0064679809920779e-16,0.99999998278666025,0.93750301976606021,0.99987267913814681,1.8712293040258709e-17
C,4,5.0000000000000002e-05,318,0.015900000000000001,0.075875218725294305,0.99993639797739131,0.99993639798366984,0.99993639798366984,0.99987278952001846,0.99980920501459469,0.99987278952001835,7.1445923322944244e-16,0.99999998268031853,0.93750301841927752,0.99987227748851359,1.3643521231592041e-17
C,4,5.0000000000000002e-05,319,0.015950000000000002,0.075875218725294305,0.99993619796465016,0.99993619797094668,0.99993619797094668,0.99987238948800305,0.99980860504949931,0.99987238948800294,6.082510410082296e-16,0.99999998257366474,0.93750301707221328,0.99987187583884052,2.8643147875962943e-17
C,4,5.0000000000000002e-05,320,0.016,0.075875218725294305,0.99993599795186894,0.99993599795818477,0.99993599795818477,0.99987198945599942,0.99980800508452827,0.99987198945599931,4.2754027109174409e-16,0.99999998246669874,0.93750301572486738,0.9998714741891267,2.501919586033196e-17
C,4,5.0000000000000002e-05,321,0.016050000000000002,0.075875218725294305,0.99993579793904763,0.99993579794538789,0.99993579794538789,0.99987158942399834,0.99980740511966948,0.99987158942399823,9.2327026929849367e-16,0.99999998235942067,0.93750301437723937,0.99987107253937213,1.0018639911257849e-17
C,4,5.0000000000000002e-05,322,0.0161,0.075875218725294305,0.99993559792618647,0.99993559793253883,0.99993559793253883,0.99987118939200248,0.99980680515493647,0.99987118939200237,5.9534798174450295e-16,0.9999999822518304,0.93750301302933048,0.99987067088957671,3.6356764394574989e-17
C,4,5.0000000000000002e-05,323,0.016150000000000001,0.075875218725294305,0.99993539791328512,0.99993539791965957,0.99993539791965957,0.99987078936001372,0.99980620519032204,0.99987078936001372,6.6420566663073809e-16,0.99999998214392838,0.93750301168114003,0.99987026923973943,5.397792320978798e-17
C,4,5.0000000000000002e-05,324,0.016199999999999999,0.075875218725294305,0.99993519790034402,0.99993519790673935,0.99993519790673935,0.99987038932802697,0.99980560522582662,0.99987038932802685,1.014331470730884e-15,0.99999998203571483,0.93750301033266747,0.99986986758986141,7.1499061216149473e-17
C,4,5.0000000000000002e-05,325,0.016250000000000001,0.075875218725294305,0.99993499788736273,0.99993499789377549,0.99993499789377549,0.99986998929605131,0.99980500526145166,0.9998699892960512,7.6446543395212136e-16,0.9999999819271892,0.93750300898391414,0.99986946593994341,3.6917496686788251e-17
C,4,5.0000000000000002e-05,326,0.016300000000000002,0.075875218725294305,0.99993479787434136,0.99993479788077433,0.99993479788077433,0.99986958926408098,0.99980440529719705,0.99986958926408098,5.269744181106981e-16,0.99999998181835259,0.93750300763487904,0.99986906428998479,3.9826122550434546e-17
C,4,5.0000000000000002e-05,327,0.01635,0.075875218725294305,0.99993459786128014,0.9999345978677372,0.9999345978677372,0.99986918923210977,0.99980380533306379,0.99986918923210977,5.4355507479508579e-16,0.99999998170920457,0.93750300628556282,0.9998686626399852,1.9498991427979148e-17
C,4,5.0000000000000002e-05,328,0.016400000000000001,0.075875218725294305,0.99993439784817884,0.9999343978546511,0.9999343978546511,0.99986878920015465,0.99980320536905054,0.99986878920015454,7.1492211909305668e-16,0.99999998159974535,0.93750300493596528,0.99986826098994341,3.6727583948587695e-17
C,4,5.0000000000000002e-05,329,0.016449999999999999,0.075875218725294305,0.99993419783503756,0.99993419784152948,0.99993419784152948,0.9998683891682002,0.9998026054051542,0.9998683891682002,2.5446442233843043e-16,0.99999998148997526,0.93750300358608607,0.99986785933986111,4.7558036843630969e-17
C,4,5.0000000000000002e-05,330,0.016500000000000001,0.075875218725294305,0.99993399782185621,0.99993399782837034,0.99993399782837034,0.99986798913624908,0.99980200544138231,0.99986798913624897,5.5117416871701554e-16,0.99999998137989432,0.93750300223592553,0.99986745768973839,7.9283283630902259e-17
C,4,5.0000000000000002e-05,331,0.016550000000000002,0.075875218725294305,0.99993379780863489,0.99993379781516778,0.99993379781516778,0.9998675891043024,0.99980140547772456,0.99986758910430229,5.5100885457642209e-16,0.99999998126950251,0.93750300088548377,0.99986705603957504,1.8256350527793709e-17
C,4,5.0000000000000002e-05,332,0.0166,0.075875218725294305,0.99993359779537361,0.99993359780192148,0.99993359780192148,0.99986718907236993,0.99980080551419459,0.99986718907236993,3.4099964511882206e-16,0.99999998115880029,0.93750299953476079,0.99986665438937117,2.3889001944732733e-17
C,4,5.0000000000000002e-05,333,0.016650000000000002,0.075875218725294305,0.99993339778207224,0.99993339778864387,0.99993339778864387,0.99986678904043558,0.99980020555077975,0.99986678904043547,5.6397019997110564e-16,0.99999998104778753,0.9375029981837566,0.99986625273912688,1.7693663699102344e-17
C,4,5.0000000000000002e-05,334,0.0167,0.075875218725294305,0.99993319776873102,0.99993319777531897,0.99993319777531897,0.99986638900850855,0.99979960558748371,0.99986638900850855,7.7888293868694133e-16,0.99999998093646425,0.9375029968324714,0.99986585108884174,4.8213925346920382e-18
C,4,5.0000000000000002e-05,335,0.016750000000000001,0.075875218725294305,0.99993299775534961,0.99993299776195632,0.99993299776195632,0.99986598897658874,0.9997990056243069,0.99986598897658863,5.1071370872258816e-16,0.99999998082483077,0.9375029954809051,0.99986544943851585,3.6238720075794169e-17
C,4,5.0000000000000002e-05,336,0.016800000000000002,0.075875218725294305,0.99993279774192823,0.9999327977485537,0.9999327977485537,0.99986558894467914,0.99979840566125566,0.99986558894467914,3.5395016406406676e-16,0.99999998071288754,0.93750299412905824,0.99986504778814933,2.9924395920229368e-17
C,4,5.0000000000000002e-05,337,0.01685,0.075875218725294305,0.99993259772846688,0.99993259773511245,0.99993259773511245,0.99986518891277021,0.99979780569831878,0.99986518891277021,4.191711367790516e-16,0.99999998060063411,0.93750299277693017,0.99986464613774162,3.0080364873181096e-17
C,4,5.0000000000000002e-05,338,0.016900000000000002,0.075875218725294305,0.99993239771496556,0.99993239772163234,0.99993239772163234,0.99986478888085939,0.99979720573550346,0.99986478888085939,5.5771429510583748e-16,0.99999998048807093,0.93750299142452098,0.99986424448729272,5.3102524695229152e-17
C,4,5.0000000000000002e-05,339,0.01695,0.075875218725294305,0.99993219770142416,0.99993219770811337,0.99993219770811337,0.999864388848965,0.99979660577280904,0.99986438884896489,7.9645664992450743e-16,0.99999998037519822,0.93750299007183102,0.99986384283680219,2.6516851728486236e-17
C,4,5.0000000000000002e-05,340,0.017000000000000001,0.075875218725294305,0.9999319976878428,0.99993199769454666,0.99993199769454666,0.99986398881707617,0.99979600581023576,0.99986398881707605,3.0173994094635729e-16,0.99999998026201575,0.93750298871886029,0.99986344118627124,1.2535816523402281e-17
C,4,5.0000000000000002e-05,341,0.017049999999999999,0.075875218725294305,0.99993179767422136,0.99993179768094442,0.99993179768094442,0.99986358878518522,0.99979540584778182,0.99986358878518511,1.0938642376229335e-15,0.9999999801485242,0.93750298736560822,0.99986303953570022,3.5322944402989574e-17
C,4,5.0000000000000002e-05,342,0.017100000000000001,0.075875218725294305,0.99993159766055995,0.999931597667304,0.999931597667304,0.99986318875330893,0.99979480588544445,0.99986318875330882,7.2474390239688356e-16,0.99999998003472323,0.93750298601207593,0.99986263788508911,1.2830811884562708e-18
C,4,5.0000000000000002e-05,343,0.017150000000000002,0.075875218725294305,0.99993139764685857,0.99993139765362227,0.99993139765362227,0.99986278872143419,0.99979420592323409,0.99986278872143408,1.1744870509636321e-15,0.99999997992061318,0.93750298465826276,0.99986223623443871,1.88442619007081e-17
C,4,5.0000000000000002e-05,344,0.0172,0.075875218725294305,0.99993119763311722,0.99993119763990279,0.99993119763990279,0.9998623886895649,0.9997936059611372,0.9998623886895649,6.2129055006174639e-16,0.99999997980619404,0.93750298330416848,0.99986183458374522,4.8835833513792267e-17
C,4,5.0000000000000002e-05,345,0.017250000000000001,0.075875218725294305,0.99993099761933579,0.99993099762614113,0.99993099762614113,0.99986198865770126,0.99979300599916276,0.99986198865770126,7.6932484015063354e-16,0.99999997969146626,0.93750298194979353,0.99986143293301155,4.1875541062028058e-17
C,4,5.0000000000000002e-05,346,0.017299999999999999,0.075875218725294305,0.99993079760551429,0.99993079761233583,0.99993079761233583,0.99986158862584151,0.99979240603730812,0.99986158862584151,3.5615739796888554e-16,0.99999997957642983,0.93750298059513837,0.99986103128223669,3.6725779917235225e-17
C,4,5.0000000000000002e-05,347,0.017350000000000001,0.075875218725294305,0.99993059759165281,0.99993059759849479,0.99993059759849479,0.99986118859399375,0.99979180607557261,0.99986118859399375,3.7778077898547888e-16,0.99999997946108454,0.93750297924020254,0.99986062963142086,1.639982640722937e-17
C,4,5.0000000000000002e-05,348,0.017400000000000002,0.075875218725294305,0.99993039757775137,0.99993039758461255,0.99993039758461255,0.99986078856215066,0.999791206113959,0.99986078856215066,2.9663908442975118e-16,0.99999997934543106,0.93750297788498593,0.99986022798056629,3.6059460076515871e-17
C,4,5.0000000000000002e-05,349,0.01745,0.075875218725294305,0.99993019756380996,0.99993019757069024,0.99993019757069024,0.99986038853031045,0.99979060615246662,0.99986038853031034,1.1879771794294865e-15,0.99999997922946904,0.93750297652948855,0.99985982632966974,2.1301649662285649e-17
C,4,5.0000000000000002e-05,350,0.017500000000000002,0.075875218725294305,0.99992999754982848,0.99992999755672962,0.99992999755672962,0.99985998849847746,0.99979000619109037,0.99985998849847746,7.0260136437735176e-16,0.99999997911319882,0.93750297517371117,0.99985942467873223,3.6888191838623484e-17
C,4,5.0000000000000002e-05,351,0.01755,0.075875218725294305,0.99992979753580702,0.99992979754272582,0.99992979754272582,0.99985958846664202,0.99978940622983403,0.9998595884666418,5.5564014704151953e-16,0.99999997899662085,0.93750297381765302,0.99985902302775342,7.9093750267553766e-18
C,4,5.0000000000000002e-05,352,0.017600000000000001,0.075875218725294305,0.99992959752174548,0.99992959752868549,0.99992959752868549,0.99985918843482535,0.99978880626870004,0.99985918843482524,5.218449243292517e-16,0.99999997887973491,0.93750297246131475,0.9998586213767362,3.716026586060645e-19
C,4,5.0000000000000002e-05,353,0.017650000000000002,0.075875218725294305,0.99992939750764409,0.99992939751460297,0.99992939751460297,0.99985878840300801,0.99978820630768417,0.99985878840300801,4.2376315580506794e-16,0.99999997876254121,0.93750297110469571,0.99985821972567612,1.9805030736445116e-17
C,4,5.0000000000000002e-05,354,0.0177,0.075875218725294305,0.99992919749350251,0.99992919750048226,0.99992919750048226,0.99985838837119545,0.99978760634679009,0.99985838837119545,1.9226636939798583e-16,0.99999997864503987,0.93750296974779657,0.99985781807457597,1.8185187017179418e-17
C,4,5.0000000000000002e-05,355,0.017750000000000002,0.075875218725294305,0.99992899747932107,0.99992899748631725,0.99992899748631725,0.99985798833939143,0.99978700638601525,0.99985798833939143,3.8099749465905139e-16,0.99999997852723088,0.93750296839061698,0.99985741642343673,1.0641272221212095e-17
C,4,5.0000000000000002e-05,356,0.0178,0.075875218725294305,0.99992879746509955,0.99992879747211494,0.99992879747211494,0.99985758830759153,0.99978640642536132,0.99985758830759142,8.0545615469667034e-16,0.9999999784091147,0.93750296703315705,0.9998570147722543,2.8942482264311822e-17
C,4,5.0000000000000002e-05,357,0.017850000000000001,0.075875218725294305,0.99992859745083795,0.99992859745787332,0.99992859745787332,0.99985718827579617,0.99978580646482229,0.99985718827579606,3.3880767078158983e-16,0.9999999782906912,0.93750296567541713,0.99985661312103224,9.1024799804412412e-18
C,4,5.0000000000000002e-05,358,0.017899999999999999,0.075875218725294305,0.9999283974365365,0.9999283974435893,0.9999283974435893,0.99985678824400925,0.99978520650441149,0.99985678824400914,6.7658857629851906e-16,0.99999997817196085,0.9375029643173971,0.99985621146977,1.9104796357754333e-17
C,4,5.0000000000000002e-05,359,0.017950000000000001,0.075875218725294305,0.99992819742219485,0.99992819742927086,0.99992819742927086,0.999856388212225,0.99978460654411772,0.999856388212225,6.1182384287238213e-16,0.9999999780529234,0.93750296295909707,0.99985580981846711,7.4432880639895513e-17
C,4,5.0000000000000002e-05,360,0.018000000000000002,0.075875218725294305,0.99992799740781335,0.99992799741490768,0.99992799741490768,0.99985598818044863,0.99978400658393818,0.99985598818044852,4.3846153133748255e-16,0.99999997793357887,0.93750296160051672,0.9998554081671216,7.7259467491062718e-17
C,4,5.0000000000000002e-05,361,0.01805,0.075875218725294305,0.99992779739339177,0.99992779740050797,0.99992779740050797,0.99985558814867814,0.99978340662388576,0.99985558814867814,3.8445553917502347e-16,0.99999997781392813,0.93750296024165625,0.99985500651573678,4.3779685018367666e-17
C,4,5.0000000000000002e-05,362,0.018100000000000002,0.075875218725294305,0.99992759737893022,0.99992759738606085,0.99992759738606085,0.99985518811691154,0.99978280666395203,0.99985518811691154,3.0599264487983137e-16,0.99999997769397053,0.93750295888251589,0.99985460486431188,2.5404869453627269e-17
C,4,5.0000000000000002e-05,363,0.018149999999999999,0.075875218725294305,0.99992739736442871,0.99992739737158565,0.99992739737158565,0.9998547880851516,0.99978220670413598,0.9998547880851516,4.6019501613405911e-16,0.99999997757370651,0.93750295752309543,0.99985420321284468,7.3325794325722527e-17
C,4,5.0000000000000002e-05,364,0.018200000000000001,0.075875218725294305,0.99992719734988711,0.99992719735705837,0.99992719735705837,0.99985438805340088,0.99978160674444239,0.99985438805340088,4.1466331538579086e-16,0.99999997745313629,0.93750295616339518,0.99985380156133785,1.6172733569072209e-17
C,4,5.0000000000000002e-05,365,0.018250000000000002,0.075875218725294305,0.99992699733530543,0.9999269973424969,0.9999269973424969,0.9998539880216486,0.99978100678486437,0.9998539880216486,1.0223345710020744e-15,0.99999997733225998,0.93750295480341528,0.99985339990979072,1.7702532327352293e-17
C,4,5.0000000000000002e-05,366,0.0183,0.075875218725294305,0.9999267973206839,0.99992679732789724,0.99992679732789724,0.99985358798991186,0.99978040682540836,0.99985358798991164,8.6931749166756671e-16,0.99999997721107758,0.93750295344315526,0.99985299825820206,1.1260787506861258e-17
C,4,5.0000000000000002e-05,367,0.018350000000000002,0.075875218725294305,0.99992659730602229,0.99992659731325195,0.99992659731325195,0.99985318795817291,0.99977980686607593,0.99985318795817291,4.9957372609083792e-16,0.99999997708958932,0.93750295208261514,0.99985259660657289,1.935270777954461e-18
C,4,5.0000000000000002e-05,368,0.0184,0.075875218725294305,0.9999263972913206,0.99992639729856903,0.99992639729856903,0.99985278792644361,0.99977920690685873,0.9998527879264435,6.6623843954937843e-16,0.9999999769677953,0.93750295072179479,0.99985219495490352,3.5689998662444372e-17
C,4,5.0000000000000002e-05,369,0.018450000000000001,0.075875218725294305,0.99992619727657894,0.99992619728384857,0.99992619728384857,0.99985238789471731,0.99977860694776777,0.99985238789471731,5.2307968280239195e-16,0.99999997684569575,0.93750294936069523,0.99985179330319274,6.0816079760419268e-17
C,4,5.0000000000000002e-05,370,0.018500000000000003,0.075875218725294305,0.99992599726179732,0.99992599726908504,0.99992599726908504,0.99985198786299712,0.99977800698878816,0.99985198786299689,6.1434007206282347e-16,0.99999997672329066,0.93750294799931622,0.99985139165144254,4.6602640844284301e-17
C,4,5.0000000000000002e-05,371,0.018550000000000001,0.075875218725294305,0.99992579724697572,0.99992579725428443,0.99992579725428443,0.99985158783128225,0.99977740702993245,0.99985158783128214,4.2975055012111483e-16,0.99999997660058026,0.9375029466376571,0.99985098999965016,4.9848415012879853e-18
C,4,5.0000000000000002e-05,372,0.018600000000000002,0.075875218725294305,0.99992559723211405,0.99992559723944219,0.99992559723944219,0.99985118779957727,0.99977680707119598,0.99985118779957716,6.8526981043885902e-16,0.99999997647756456,0.93750294527571831,0.99985058834781859,4.0598491593547547e-17
C,4,5.0000000000000002e-05,373,0.01865,0.075875218725294305,0.99992539721721241,0.99992539722456042,0.99992539722456042,0.99985078776787228,0.99977620711258108,0.99985078776787206,6.0718725076763287e-16,0.99999997635424398,0.93750294391349998,0.99985018669594405,3.2346838670512884e-17
C,4,5.0000000000000002e-05,374,0.018700000000000001,0.075875218725294305,0.99992519720227069,0.99992519720963668,0.99992519720963668,0.99985038773617496,0.99977560715408897,0.99985038773617485,7.2995263102487919e-16,0.99999997623061854,0.93750294255100231,0.99984978504402999,5.0732605283243577e-17
C,4,5.0000000000000002e-05,375,0.018749999999999999,0.075875218725294305,0.999924997187289,0.99992499719467209,0.99992499719467209,0.99984998770448275,0.99977500719571433,0.99984998770448263,3.5280644866125296e-16,0.999999976106688,0.93750294118822519,0.99984938339207718,2.2700396767465979e-17
C,4,5.0000000000000002e-05,376,0.018800000000000001,0.075875218725294305,0.99992479717226734,0.99992479717967209,0.99992479717967209,0.9998495876728013,0.99977440723745814,0.99984958767280108,4.3391996804529652e-16,0.99999997598245283,0.9375029398251683,0.99984898174008197,1.1653613302260387e-17
C,4,5.0000000000000002e-05,377,0.018850000000000002,0.075875218725294305,0.99992459715720561,0.99992459716463045,0.99992459716463045,0.99984918764111463,0.99977380727932341,0.99984918764111452,2.1297091384160669e-16,0.99999997585791345,0.93750293846183219,0.99984858008804722,2.5861155045052381e-17
C,4,5.0000000000000002e-05,378,0.0189,0.075875218725294305,0.9999243971421039,0.99992439714954884,0.99992439714954884,0.99984878760944607,0.99977320732130692,0.99984878760944595,4.8589547822964821e-16,0.99999997573306931,0.93750293709821675,0.99984817843597029,1.0583077503232706e-17
C,4,5.0000000000000002e-05,379,0.018950000000000002,0.075875218725294305,0.99992419712696223,0.99992419713442526,0.99992419713442526,0.99984838757777705,0.99977260736341,0.99984838757777683,3.5813729768891708e-16,0.99999997560792109,0.93750293573432186,0.99984777678385384,3.74704945358226e-17
C,4,5.0000000000000002e-05,380,0.019,0.075875218725294305,0.99992399711178048,0.99992399711926294,0.99992399711926294,0.99984798754611159,0.99977200740563432,0.99984798754611148,5.9094159404234604e-16,0.99999997548246855,0.93750293437014776,0.99984737513169686,2.0346887019162257e-17
C,4,5.0000000000000002e-05,381,0.019050000000000001,0.075875218725294305,0.99992379709655876,0.99992379710405721,0.99992379710405721,0.99984758751445535,0.99977140744798199,0.99984758751445524,3.0225749501972834e-16,0.99999997535671226,0.93750293300569421,0.99984697347949925,1.9134039754407566e-17
C,4,5.0000000000000002e-05,382,0.019100000000000002,0.075875218725294305,0.99992359708129708,0.99992359708881773,0.99992359708881773,0.99984718748280554,0.99977080749044422,0.99984718748280543,3.5522285567736129e-16,0.99999997523065176,0.93750293164096121,0.99984657182725989,3.5387223632452898e-17
C,4,5.0000000000000002e-05,383,0.01915,0.075875218725294305,0.99992339706599531,0.99992339707353572,0.99992339707353572,0.99984678745115996,0.99977020753303403,0.99984678745115974,7.5001903358984101e-16,0.99999997510428784,0.93750293027594922,0.99984617017498112,2.4428424111626896e-17
C,4,5.0000000000000002e-05,384,0.019200000000000002,0.075875218725294305,0.99992319705065347,0.99992319705820987,0.99992319705820987,0.99984638741951726,0.99976960757573707,0.99984638741951726,8.3352681067412655e-16,0.99999997497762028,0.93750292891065834,0.99984576852266016,2.4253422795131942e-17
C,4,5.0000000000000002e-05,385,0.01925,0.075875218725294305,0.99992299703527177,0.99992299704285281,0.99992299704285281,0.99984598738788266,0.99976900761856291,0.99984598738788266,4.2504063208712932e-16,0.99999997485064918,0.93750292754508768,0.99984536687029968,1.8822586509006997e-18
C,4,5.0000000000000002e-05,386,0.019300000000000001,0.075875218725294305,0.99992279701984987,0.99992279702744968,0.99992279702744968,0.99984558735625406,0.99976840766150576,0.99984558735625384,6.9440445275447025e-16,0.99999997472337476,0.93750292617923847,0.9998449652178979,7.9757748745098995e-18
C,4,5.0000000000000002e-05,387,0.019350000000000003,0.075875218725294305,0.99992259700438813,0.9999225970120047,0.9999225970120047,0.99984518732463357,0.99976780770456819,0.99984518732463334,1.0883927031557647e-15,0.99999997459579726,0.93750292481310993,0.99984456356545703,6.0166111792588848e-18
C,4,5.0000000000000002e-05,388,0.019400000000000001,0.075875218725294305,0.9999223969888863,0.99992239699652496,0.99992239699652496,0.99984478729301662,0.99976720774775618,0.99984478729301651,9.469848305938164e-16,0.99999997446791655,0.9375029234467025,0.99984416191297421,2.0781857430419258e-17
C,4,5.0000000000000002e-05,389,0.019450000000000002,0.075875218725294305,0.9999221969733445,0.99992219698100515,0.99992219698100515,0.99984438726140612,0.99976660779105819,0.99984438726140601,5.6075578422684239e-16,0.99999997433973287,0.93750292208001607,0.99984376026045196,2.5782605005156096e-17
C,4,5.0000000000000002e-05,390,0.0195,0.075875218725294305,0.99992199695776263,0.99992199696544193,0.99992199696544193,0.99984398722979906,0.99976600783448188,0.99984398722979906,4.6919529276423751e-16,0.99999997421124653,0.93750292071305064,0.9998433586078882,2.2111563542006733e-17
C,4,5.0000000000000002e-05,391,0.019550000000000001,0.075875218725294305,0.99992179694214089,0.99992179694983663,0.99992179694983663,0.99984358719820088,0.99976540787802559,0.99984358719820077,4.6834499082394601e-16,0.99999997408245733,0.93750291934580599,0.99984295695528358,9.7190040101447112e-18
C,4,5.0000000000000002e-05,392,0.019599999999999999,0.075875218725294305,0.99992159692647908,0.99992159693419447,0.99992159693419447,0.99984318716660758,0.99976480792169353,0.99984318716660758,6.4753452487026518e-16,0.99999997395336582,0.93750291797828245,0.99984255530263944,1.1549036622617463e-17
C,4,5.0000000000000002e-05,393,0.019650000000000001,0.075875218725294305,0.99992139691077719,0.99992139691851112,0.99992139691851112,0.99984278713501862,0.99976420796547949,0.99984278713501851,4.6050848697062152e-16,0.99999997382397166,0.93750291661048046,0.99984215364995377,1.6703390913192316e-17
C,4,5.0000000000000002e-05,394,0.019700000000000002,0.075875218725294305,0.99992119689503534,0.99992119690279069,0.99992119690279069,0.99984238710343554,0.99976360800938124,0.99984238710343543,3.3849984410476604e-16,0.99999997369427529,0.9375029152423997,0.99984175199722858,3.5271903826477286e-17
C,4,5.0000000000000002e-05,395,0.01975,0.075875218725294305,0.99992099687925351,0.99992099688702452,0.99992099688702452,0.99984198707185656,0.99976300805340401,0.99984198707185634,2.8221272040095607e-16,0.99999997356427683,0.93750291387403994,0.99984135034446076,6.2560246958012651e-17
C,4,5.0000000000000002e-05,396,0.019800000000000002,0.075875218725294305,0.9999207968634316,0.99992079687122415,0.99992079687122415,0.99984158704028803,0.99976240809755201,0.99984158704028792,6.284625771367464e-16,0.99999997343397673,0.93750291250540174,0.99984094869165452,3.990647740847752e-17
C,4,5.0000000000000002e-05,397,0.01985,0.075875218725294305,0.99992059684756973,0.99992059685538126,0.99992059685538126,0.99984118700871849,0.99976180814181448,0.99984118700871838,5.1480987675026472e-16,0.99999997330337442,0.93750291113648454,0.99984054703880698,1.2664490857121197e-17
C,4,5.0000000000000002e-05,398,0.019900000000000001,0.075875218725294305,0.99992039683166778,0.99992039683949896,0.99992039683949896,0.99984078697716072,0.99976120818619674,0.99984078697716072,6.5461887260110394e-16,0.99999997317247036,0.93750290976728912,0.99984014538591859,4.8938044330346104e-17
C,4,5.0000000000000002e-05,399,0.019950000000000002,0.075875218725294305,0.99992019681572586,0.99992019682357702,0.99992019682357702,0.99984038694560518,0.99976060823070367,0.99984038694560506,5.5005918469016419e-16,0.99999997304126487,0.9375029083978148,0.99983974373299089,1.8234503241000319e-17
C,4,5.0000000000000002e-05,400,0.02,0.075875218725294305,0.99991999679974397,0.99991999680761434,0.99991999680761434,0.99983998691405762,0.99976000827532752,0.9998399869140574,9.2215560694908083e-16,0.99999997290975762,0.93750290702806216,0.99983934208002201,3.4011539826706386e-17
