cycle,step,t_over_T,time,activation,activation_rate,axial_shortening,maximum_discrete_interface_traction,p95_discrete_interface_traction,total_stored_energy,ecm_equilibrium_energy,ecm_viscoelastic_energy,ecm_internal_z_norm,ecm_dissipation_step,cumulative_ecm_dissipation,coupling_iterations,coupling_residual,solve_seconds,normalized_kkt_residual,volume_constraint_residual,minimum_ecm_jacobian,maximum_ecm_jacobian,minimum_gap,minimum_myocyte_face_area_ratio,minimum_endocardial_face_area_ratio,internal_symmetry_residual,internal_trace_residual,passed
1,0,0.0,0.0,0.0,0.0,2.2183572274792063e-05,0.002404640838370549,0.002212965841488521,-0.018618351593485617,1.4513668593630757e-06,5.276330975720839e-06,0.48089259608401874,0.0,0.0,0,0.0,0.0,8.334254346183182e-07,6.661338147750939e-16,0.9990184663012823,1.0010330193688433,0.03911921933635671,0.9999451682437795,0.9994312968218946,0.0,3.469446951953614e-18,True
1,1,0.0078125,0.0078125,0.0001204543794827595,0.030830129039150587,0.0001134078672642147,0.002336177628741317,0.0021513951089075457,-0.018618394032265888,1.4554097477503515e-06,5.230007684216031e-06,0.4794992424071276,4.10194064989158e-08,4.10194064989158e-08,2,2.8846742279678638e-06,46.971140414942056,3.5897567112549366e-09,2.220446049250313e-16,0.999013173720934,1.0010351501711348,0.039116169818269195,0.9998816772527359,0.9994313778208378,0.0,3.469446951953614e-18,True
1,2,0.015625,0.015625,0.00048152733278030715,0.061585985597045485,0.00038558661942977857,0.00214219358627887,0.0019710836566028764,-0.01861822827468994,1.4812924113145832e-06,5.157305788993804e-06,0.4781156055395017,4.0449199192650677e-08,8.146860569156648e-08,2,2.873355309506305e-06,45.18139490392059,3.6597031520500876e-09,1.1102230246251565e-16,0.9989928145960877,1.0010463271797385,0.03910524131148824,0.9996559055566958,0.9994302999460998,0.0,3.469446951953614e-18,True
1,3,0.0234375,0.0234375,0.0010823490035218985,0.09219347612134185,0.0008304227278245202,0.0018252049299346059,0.001691430534345109,-0.018617224708495823,1.5306587409370682e-06,5.057790609604067e-06,0.47674538058399374,3.9668692959644744e-08,1.2113729865121122e-07,2,2.8537656177690778e-06,46.22452926100232,3.615937875901394e-09,5.551115123125783e-16,0.9989568022339378,1.0010671358626626,0.03908514412740448,0.9992370380380354,0.9994275223250901,0.0,3.469446951953614e-18,True
1,4,0.03125,0.03125,0.001921471959676957,0.12257886448646711,0.0014509473648052218,0.0013861238586447455,0.0012800777092137222,-0.01861434036412569,1.604691427779563e-06,4.932612099654666e-06,0.47539221526967557,3.868690698635855e-08,1.5982420563756976e-07,2,2.82651724718027e-06,45.8774287449196,3.6324493945537597e-09,2.220446049250313e-16,0.9989053377672008,1.0011012895279532,0.0390561253797072,0.9986526005795672,0.9994230619298407,0.0,3.469446951953614e-18,True
1,5,0.0390625,0.0390625,0.0029968746805456026,0.152668949630404,0.0022448798157579386,0.0009248397577884325,0.0007801955996807775,-0.018608128008862284,1.705094746230218e-06,4.783204889691424e-06,0.4740596979363113,3.751509320531042e-08,1.973392988428802e-07,2,2.791454015511166e-06,43.37360667414032,3.449212718416346e-09,1.1102230246251565e-16,0.9988386052877988,1.001153761671138,0.03901827782042836,0.9979045759101274,0.9994169210625258,0.0,3.469446951953614e-18,True
1,6,0.046875,0.046875,0.004305966426779118,0.1823912419024606,0.003209311172960083,0.0005172801549080291,0.00040827726898471316,-0.018596748857447748,1.8340428018227907e-06,4.61128955188098e-06,0.4727513432228843,3.616674621409506e-08,2.3350604505697525e-07,2,2.7486543047136675e-06,48.56522429315373,3.466781196344587e-09,6.661338147750939e-16,0.9987568644173151,1.0012182737818256,0.038971774402447396,0.9969954932346972,0.9994091044473015,0.0,3.469446951953614e-18,True
1,7,0.0546875,0.0546875,0.00584559348169792,0.21167413769718818,0.0043407474847568794,0.0010035350776480207,0.0007519241425596299,-0.01857798889148137,1.9939575684586477e-06,4.419002591333041e-06,0.47147055810477434,3.465862280866278e-08,2.6816466786563805e-07,2,2.6987007487409224e-06,55.82654438097961,3.3736563768819577e-09,0.0,0.9986608599213247,1.001293800238921,0.038917107155384156,0.9959284019413134,0.9993998122761178,0.0,3.469446951953614e-18,True
1,8,0.0625,0.0625,0.007612046748871327,0.2404470919537385,0.005635056362096824,0.0019039711473775314,0.0016006338859921795,-0.018549278731045813,2.1878988245478078e-06,4.2084285613353445e-06,0.47022066401975104,3.300707232229188e-08,3.0117174018792993e-07,2,2.6417108811880015e-06,49.20578813692555,3.2288363601635577e-09,2.220446049250313e-16,0.9985506061494331,1.001380563417503,0.03885413787520905,0.9947068640824294,0.9993893630257584,0.0,3.469446951953614e-18,True
1,9,0.0703125,0.0703125,0.009601070687655667,0.26864078810509434,0.007087555575557958,0.0029364775692085664,0.0025476276906848095,-0.018507716924761143,2.418788053961673e-06,3.982231404053558e-06,0.4690048315732835,3.1232988285772725e-08,3.3240472847370263e-07,2,2.5764305838568586e-06,45.68311035982333,3.224340727129314e-09,4.440892098500626e-16,0.9984267360012563,1.0014769822079586,0.038783759113600776,0.9933349796235729,0.9993765554624395,0.0,3.469446951953614e-18,True
1,10,0.078125,0.078125,0.011807873565164495,0.29618730506775104,0.008692885504032466,0.004102886533854862,0.0035905436829741836,-0.01845009668705243,2.690494721226592e-06,3.7426293424124423e-06,0.4678261555076469,2.9353768415007066e-08,3.617584968887097e-07,2,2.5040861961530565e-06,45.102559205144644,3.3645531689026967e-09,0.0,0.998289457918527,1.0015842157863808,0.03870576967318169,0.9918174157412066,0.9993621588465148,0.0,3.469446951953614e-18,True
1,11,0.0859375,0.0859375,0.014227138999972789,0.3230202808695556,0.010445191898918238,0.0054132741099390935,0.004756547492839938,-0.018372935924261695,3.007434671932403e-06,3.4918152108230514e-06,0.4666876734841289,2.738661130156964e-08,3.8914510819027934e-07,2,2.420458975487985e-06,44.00509857409634,3.4756126822926974e-09,0.0,0.9981389159230061,1.0017026472147212,0.0386035997997147,0.9901592384119394,0.9993463931176609,0.0,3.469446951953614e-18,True
1,12,0.09375,0.09375,0.016853038769745476,0.3490750725215103,0.012338363545838726,0.006853830798672257,0.0060544540809975515,-0.01827251025238072,3.3755969171092724e-06,3.2313633778359e-06,0.46559248234727624,2.5343864855339735e-08,4.1448897304561906e-07,2,2.3300368162212474e-06,45.14107956690714,2.861732439117256e-09,0.0,0.997974670496277,1.0018290055007242,0.03828944352917551,0.9883657203770099,0.9993294764553619,0.0,3.469446951953614e-18,True
1,13,0.1015625,0.1015625,0.019679246851935506,0.37428891174839557,0.014365459244328749,0.008400370563410201,0.007453663825960372,-0.01814488959200484,3.7982320052725018e-06,2.9649134993387523e-06,0.46454342401045545,2.325407521494468e-08,4.3774304826056374e-07,2,2.2347815909203925e-06,44.888287582900375,2.663523683854448e-09,0.0,0.9977980243037594,1.0019636852074292,0.037903354720307626,0.9864429347774363,0.9993118076925058,0.0,3.469446951953614e-18,True
1,14,0.109375,0.109375,0.022698954663726303,0.39860105620304215,0.016519089378154272,0.010053150142706262,0.008942963965596188,-0.017985977982061176,4.279336001993979e-06,2.6955285355761947e-06,0.46354316658543454,2.1141265444775385e-08,4.588843137053391e-07,2,2.135055852018405e-06,43.000811357051134,2.5426617004373044e-09,3.3306690738754696e-16,0.9976095429670683,1.002107347694369,0.037485084367932964,0.9843973080542238,0.9992932153073172,0.0,3.469446951953614e-18,True
1,15,0.1171875,0.1171875,0.02590488746450409,0.42195293579996646,0.018791530270654055,0.011805332836819725,0.010516651485351252,-0.017791555750468008,4.822634780450226e-06,2.4262980448076528e-06,0.46259418750077097,1.902966721977341e-08,4.779139809251126e-07,2,2.02941509079519e-06,45.2704110709019,2.4136252149591054e-09,1.1102230246251565e-16,0.9974099913914347,1.0022595005549633,0.037040492587416735,0.9822355881416298,0.9992735243683241,0.0,3.469446951953614e-18,True
1,16,0.125,0.125,0.029289321881345243,0.44428829381583657,0.021174680239079202,0.013650595630471723,0.012169740275032712,-0.017557324374495902,5.4320828433030554e-06,2.1600418692097705e-06,0.4616988052736212,1.6941396808114668e-08,4.948553777332272e-07,2,1.9181998045214473e-06,44.582576191052794,2.2649208830464643e-09,4.440892098500626e-16,0.9971999944147983,1.0024196608599152,0.036570676816560614,0.9799648333264301,0.9992440725005484,0.0,3.469446951953614e-18,True
1,17,0.1328125,0.1328125,0.03284410451529817,0.4655533224168459,0.023660092833537538,0.015583650392185996,0.0138970481403787,-0.01727895375771359,6.111401246740769e-06,1.8995139782864545e-06,0.4608591735440337,1.4898053832856614e-08,5.097534315660838e-07,2,1.8017810154871188e-06,43.3827469360549,2.1558727277001028e-09,1.1102230246251565e-16,0.9969802043305002,1.002587323998529,0.03607684199011155,0.977592407169836,0.9991988043087917,0.0,3.469446951953614e-18,True
1,18,0.140625,0.140625,0.036560671583635455,0.485696792286498,0.02623901860365896,0.01760292899168691,0.015693220681376824,-0.016952131655535076,6.864004576037479e-06,1.6473710162134688e-06,0.4600772758265347,1.2920474586017921e-08,5.226739061521017e-07,2,1.6805483842078407e-06,43.13465842301957,1.9682749093148682e-09,4.440892098500626e-16,0.9967512981031806,1.0027619659883382,0.0355603014352147,0.9751259439318771,0.9991500827708295,0.0,3.469446951953614e-18,True
1,19,0.1484375,0.1484375,0.040430069550756655,0.5046701760415172,0.02890244902563277,0.019696826006814838,0.017552755648779974,-0.01657261492633931,7.692931801017005e-06,1.4061426771298346e-06,0.45935492099354197,1.1028499679404864e-08,5.337024058315065e-07,2,1.5549085611038034e-06,41.55545383319259,1.8156126298715217e-09,1.1102230246251565e-16,0.9965139743589485,1.0029430458590387,0.035022476376967523,0.9725733125031106,0.9990929082725198,0.0,3.469446951953614e-18,True
1,20,0.15625,0.15625,0.044442976698039774,0.5224277651385659,0.03164116238349168,0.02185922268185901,0.019470027414690432,-0.016136282265437195,8.60078204603345e-06,1.1782042734544903e-06,0.4586937395022888,9.240758895525943e-09,5.429431647270324e-07,2,1.425280927903365e-06,43.357912089908496,1.7042856891123276e-09,0.0,0.9962689504496193,1.0031300081204155,0.03446489389408324,0.96994257904725,0.9990337082072225,0.0,3.469446951953614e-18,True
1,21,0.1640625,0.1640625,0.04858972558067784,0.538926779990128,0.03444577137001503,0.024083906161222503,0.02143931141428565,-0.015639188037477804,9.58965607445918e-06,9.657518521575943e-07,0.4580951803656681,7.574476022336906e-09,5.505176407493693e-07,2,1.2921065483962686e-06,43.83604516997002,1.5133907382166708e-09,3.3306690738754696e-16,0.9960169594297841,1.0033222852650558,0.033889183183849654,0.9672419686078013,0.9989726438195438,0.0,3.469446951953614e-18,True
1,22,0.171875,0.171875,0.05286032631740022,0.5541274730242828,0.03730677212551692,0.026364576739620765,0.023454808256784362,-0.0150776167800672,1.0661104440870704e-05,7.707800962684577e-07,0.4575605088729205,6.045295532839725e-09,5.56562936282209e-07,2,1.155836277256216e-06,44.59649470704608,1.3642026745154402e-09,3.3306690738754696e-16,0.9957587470042278,1.0035193003334402,0.03329707015213462,0.9644798259527391,0.9989098808000226,0.0,3.469446951953614e-18,True
1,23,0.1796875,0.1796875,0.057244490656971785,0.5679932244400879,0.0402145943778911,0.02869485895460401,0.025510667395711804,-0.014448137908227902,1.1816082942460481e-05,5.950632629888208e-07,0.4570908050574405,4.667133081042105e-09,5.612300693632512e-07,2,1.0169193418889485e-06,42.45695599797182,1.1805497171844652e-09,2.220446049250313e-16,0.9954950684766082,1.0037204694656234,0.03269037023817555,0.9616645759626135,0.9988455889297232,0.0,3.469446951953614e-18,True
1,24,0.1875,0.1875,0.061731656763491016,0.5804906304278862,0.04315965230915242,0.03106831497760651,0.02760101021974298,-0.013747660106839171,1.305491589706634e-05,4.401393395066602e-07,0.4566869629031127,3.4520512346233256e-09,5.646821205978745e-07,2,8.758730405591679e-07,39.44273361796513,1.1163194108502374e-09,2.220446049250313e-16,0.995226685697986,1.0039252045039486,0.03207097950972629,0.958804683896734,0.9987799413806973,0.0,3.469446951953614e-18,True
1,25,0.1953125,0.1953125,0.066311014660778,0.5915895836420095,0.046132395716379504,0.03347845942832714,0.02971995242330226,-0.012973484857540506,1.437726774317052e-05,3.072975286215679e-07,0.4563496902796462,2.4101613236022193e-09,5.670922819214768e-07,2,7.331552678812274e-07,38.3580068051815,8.456364327001547e-10,2.220446049250313e-16,0.9949543640407985,1.0041329154872847,0.031440864108998975,0.9559086159044893,0.9987131143158829,0.0,3.469446951953614e-18,True
1,26,0.203125,0.203125,0.07097153227455377,0.6012633457320116,0.04912336099017922,0.03591877517312805,0.031861625515364686,-0.012123358509092574,1.5782123268445035e-05,1.9756913572054708e-07,0.45607950959419274,1.549551966093328e-09,5.686418338875701e-07,2,5.893079803957889e-07,37.38759552012198,7.042894955427716e-10,0.0,0.994678869406591,1.0043430131897395,0.030802048184142925,0.9529848001539637,0.9986452863051484,0.0,3.469446951953614e-18,True
1,27,0.2109375,0.2109375,0.0757019820096736,0.609488611757696,0.05212322140058423,0.03838272985850544,0.034020197443764305,-0.011195522267364652,1.7267776571823613e-05,1.1172188350456351e-07,0.455876759138497,8.762444782114411e-10,5.695180783657816e-07,2,4.449399544889063e-07,37.85969952889718,5.321967562031894e-10,2.220446049250313e-16,0.9944009652790224,1.004554911507748,0.030156600416344395,0.9500415889800796,0.9985766378596569,0.0,3.469446951953614e-18,True
1,28,0.21875,0.21875,0.08049096779838717,0.6162455663327588,0.05512283613343727,0.04086379323823117,0.03618989218819914,-0.010188759454562654,1.8831828856777663e-05,5.0257610253294556e-08,0.4557415951119923,3.9417482136121877e-10,5.699122531871428e-07,2,3.0095491981964817e-07,36.617890984984115,3.694249118005754e-10,3.3306690738754696e-16,0.9941214098623341,1.004768029834418,0.029506619448012278,0.9470872224421991,0.9985040594694572,0.0,3.469446951953614e-18,True
1,29,0.2265625,0.2265625,0.08532695255446383,0.6215179313617893,0.05811329750878946,0.04335545511008643,0.03836500830971786,-0.009102439368695274,2.0471194890521863e-05,1.3413276475980448e-08,0.45567399429358046,1.052014974874581e-10,5.700174546846303e-07,2,1.5981891582781286e-07,39.647222683997825,1.8821340789444146e-10,2.220446049250313e-16,0.9938409532963304,1.0049817952665083,0.02885421838839426,0.9441297936966331,0.998429766806508,0.0,3.469446951953614e-18,True
1,30,0.234375,0.234375,0.09019828596704393,0.6252930052556279,0.061085975570855156,0.045851219382512166,0.040539933076431695,-0.007936557065246298,2.2182107895138565e-05,1.1625478811884269e-09,0.4556737589036104,9.117964445224996e-12,5.700265726490755e-07,1,4.572829997731981e-05,24.68293350795284,6.669798962697473e-08,2.220446049250313e-16,0.9935603925695075,1.0051956097157968,0.02820157065023556,0.9411772167885349,0.998355034664088,0.0,3.469446951953614e-18,True
1,31,0.2421875,0.2421875,0.0950932325672582,0.6275616935306071,0.06403256103708921,0.04834474589913035,0.04270917537820592,-0.00669176838530091,2.396019243044771e-05,1.3235981562441955e-08,0.45574051418812894,1.0381095801458637e-10,5.701303836070901e-07,2,1.476316877626089e-07,37.06472938484512,1.7667123269652794e-10,0.0,0.9932802810076703,1.005409026873672,0.027550583988936055,0.9382371955619763,0.9982801610671783,0.0,6.938893903907228e-18,True
1,32,0.25,0.25,0.09999999999999999,0.6283185307179586,0.06694510134686993,0.050829625059685024,0.044867347672577385,-0.005369419568757351,2.580039486576006e-05,4.910498249727471e-08,0.45587372228344897,3.8513466132318656e-10,5.705155182684132e-07,2,2.8536434064519286e-07,37.20491402014159,3.316316891466825e-10,3.3306690738754696e-16,0.9930015016944082,1.0056214040304903,0.02690350318521599,0.9353171989777455,0.9982052368907471,0.0,3.469446951953614e-18,True
1,33,0.2578125,0.2578125,0.10490676743274181,0.6275616935306071,0.06981603711731532,0.053299643004171476,0.04700921311484041,-0.003971570820408764,2.769712072722957e-05,1.080203478760398e-07,0.456072680842364,8.472130113793824e-10,5.713627312797926e-07,2,4.245173633593327e-07,38.54344626003876,5.08827000065719e-10,0.0,0.992724689456075,1.0058322536251931,0.026262275229829858,0.9324244348162772,0.9981304903786036,0.0,3.469446951953614e-18,True
1,34,0.265625,0.265625,0.10980171403295608,0.625293005255628,0.07263823070953745,0.05574867946210504,0.049129681724678166,-0.002501013238911276,2.964422817775055e-05,1.8901401876742197e-07,0.4563365299952235,1.4824534375378415e-09,5.728451847173304e-07,2,5.623043968438478e-07,39.90338231693022,6.61125073772138e-10,1.1102230246251565e-16,0.9924505166215806,1.0060410697503381,0.025628843439813496,0.9295658302626048,0.9980561137977585,0.0,3.469446951953614e-18,True
1,35,0.2734375,0.2734375,0.11467304744553618,0.6215179313617893,0.07540499120458088,0.05817075254845144,0.05122382521373672,-0.0009612785770306545,3.1635086882277636e-05,2.9091841915756115e-07,0.4566642581449092,2.281698539270063e-09,5.751268832566005e-07,2,6.978746777988339e-07,37.773251228034496,8.130332100427593e-10,4.440892098500626e-16,0.9921796335867084,1.0062473643673953,0.02500507139746385,0.926748014554234,0.9979822971171952,0.0,3.469446951953614e-18,True
1,36,0.28125,0.28125,0.11950903220161282,0.6162455663327588,0.07811009391252699,0.060560038732529214,0.0532868872585018,0.0006433586261157037,3.3662631326961606e-05,4.123848249443915e-07,0.45705470811978727,3.2343701557898e-09,5.783612534123903e-07,2,8.307125552955104e-07,36.659896574914455,9.621996608875145e-10,3.3306690738754696e-16,0.9919126671192967,1.0064506683699832,0.024392730056637345,0.9239773054161656,0.9979092273075842,0.0,3.469446951953614e-18,True
1,37,0.2890625,0.2890625,0.12429801799032639,0.609488611757696,0.08074779442346758,0.0629108921408213,0.055314292497613556,0.0023078869134773314,3.571941767372055e-05,5.519030361717617e-07,0.4575065836303891,4.328623657100868e-09,5.826898770694912e-07,2,9.604155649087095e-07,37.98546885699034,1.112796115249781e-09,4.440892098500626e-16,0.9916502189456073,1.0066505324078627,0.023793486418271673,0.9212596990683547,0.9978370875755677,0.0,3.469446951953614e-18,True
1,38,0.296875,0.296875,0.1290284677254462,0.6012633457320116,0.08331283709188131,0.06521786289054476,0.05730165423422107,0.004026572052455067,3.7797683247348575e-05,7.078220190765478e-07,0.45801845597531277,5.551509841373738e-09,5.88241386910865e-07,2,1.0866388964998451e-06,40.889808607054874,1.276623030098064e-09,0.0,0.9913928644925444,1.006846527573888,0.02320889399093812,0.9186008637256088,0.997766056536408,0.0,3.469446951953614e-18,True
1,39,0.3046875,0.3046875,0.133688985339222,0.5915895836420095,0.08580045795586655,0.0674757140457598,0.05924478086652757,0.005792979614168244,3.988940753368778e-05,8.783711716499195e-07,0.4585887709361198,6.8891417225975745e-09,5.951305286334625e-07,2,1.20907213078575e-06,40.641325880074874,1.4020604668942617e-09,3.3306690738754696e-16,0.9911411519466897,1.007038245807121,0.02264038515564953,0.9160061364662254,0.9976963076982317,0.0,3.469446951953614e-18,True
1,40,0.3125,0.3125,0.13826834323650897,0.5804906304278862,0.08820638220022203,0.06967943688237155,0.061139680933994876,0.007600006033334659,4.1986374038642176e-05,1.0616819089628253e-06,0.45921585580925095,8.326863826170657e-09,6.034573924596332e-07,2,1.3274348141390503e-06,41.714672435075045,1.5538863463967692e-09,3.3306690738754696e-16,0.9908956015124498,1.0072253002171518,0.022089265591231616,0.9134805232755173,0.9976280086620033,0.0,3.469446951953614e-18,True
1,41,0.3203125,0.3203125,0.1427555093430282,0.567993224440088,0.09052681638412352,0.07182426418320337,0.06298256690143461,0.00943991806713219,4.4080231818082564e-05,1.2558092364979054e-06,0.45989792651463446,9.849421390424666e-09,6.133068138500579e-07,2,1.4414733010508738e-06,41.550350392004475,1.6599613400089696e-09,0.0,0.9906567049248162,1.0074073251453397,0.02155671075308538,0.9110287020105362,0.9975613206363937,0.0,3.469446951953614e-18,True
1,42,0.328125,0.328125,0.14713967368259978,0.5541274730242828,0.092758435744692,0.07390568128294665,0.06476985757315862,0.011304400442768281,4.616255606220324e-05,1.4587530438616304e-06,0.46063309472918085,1.1441127375066724e-08,6.247479412251246e-07,2,1.5509591267901547e-06,41.75335113611072,1.8945964791093867e-09,0.0,0.9904249252050256,1.0075839761145013,0.02104376443404283,0.9086550279851078,0.9974963979241774,0.0,3.469446951953614e-18,True
1,43,0.3359375,0.3359375,0.15141027441932217,0.538926779990128,0.09489836697872045,0.07591943462129466,0.06649817921489128,0.013184611354634952,4.822490692145843e-05,1.6684788520655207e-06,0.4614193749926033,1.308602518391546e-08,6.378339664090401e-07,2,1.65568411677493e-06,42.846983433002606,1.9228085349197317e-09,3.3306690738754696e-16,0.9902006966376632,1.0077549296124404,0.020551339325625532,0.9063635418676073,0.9974333874798199,0.0,3.469446951953614e-18,True
1,44,0.34375,0.34375,0.1555570233019602,0.522427765138566,0.09694416697755737,0.07786153776061962,0.06816436539537726,0.01507124534596185,5.025888589686817e-05,1.8829377880418905e-06,0.46225469173696154,1.4768045326770809e-08,6.526020117358108e-07,2,1.7554646576381366e-06,43.55922370706685,2.035175372797754e-09,2.220446049250313e-16,0.9899844249867954,1.0079198827558276,0.020080219485422608,0.9041579795160645,0.9973724285769472,0.0,3.469446951953614e-18,True
1,45,0.3515625,0.3515625,0.15956993044924334,0.5046701760415173,0.09889379804060838,0.07972827470973995,0.06976545560940267,0.0169546029897986,5.225618933357368e-05,2.1000855985623728e-06,0.4631368861961999,1.6471154547235656e-08,6.690731662830465e-07,2,1.850138509288214e-06,41.44901751889847,2.1700167616896595e-09,3.3306690738754696e-16,0.9897764878762655,1.0080785528319813,0.01963106455512375,0.9020417834134631,0.9973136525372726,0.0,3.469446951953614e-18,True
1,46,0.359375,0.359375,0.16343932841636455,0.48569679228649804,0.10074560013929557,0.08151620062514914,0.07129869271964896,0.01882466667274716,5.420865848374188e-05,2.317900539728097e-06,0.464063723155041,1.817949613154698e-08,6.872526624145935e-07,2,1.939563903870281e-06,42.31290432997048,2.258780582346736e-09,0.0,0.9895772353782482,1.0082306767507268,0.01920441555969565,0.9000181153124117,0.9972571826287139,0.0,3.469446951953614e-18,True
1,47,0.3671875,0.3671875,0.16715589548470186,0.4655533224168458,0.10249826081970881,0.08322213994389951,0.07276151933620566,0.020671181684572486,5.6108325924922595e-05,2.5344000300863264e-06,0.46503289750337623,1.9877520520423985e-08,7.071301829350175e-07,2,2.0236179928130932e-06,42.48520420095883,2.375200875946718e-09,4.440892098500626e-16,0.9893869907662123,1.0083760103959976,0.01880070207791543,0.898089869785128,0.9972031338971749,0.0,3.469446951953614e-18,True
1,48,0.375,0.375,0.17071067811865476,0.4442882938158366,0.10415078333773109,0.08484318205439775,0.07415157321428194,0.022483741729724876,5.794745810888914e-05,2.7476559840030506e-06,0.4660420405676787,2.1550105570045294e-08,7.286802885050628e-07,2,2.1021972644723917e-06,43.53867659205571,2.4822431787613016e-09,3.3306690738754696e-16,0.9892060513645513,1.0085143279878868,0.018420250558653935,0.8962596882920341,0.9971516132185706,0.0,3.469446951953614e-18,True
1,49,0.3828125,0.3828125,0.1740951125354959,0.4219529357999666,0.10570245361414354,0.08637667491970592,0.0754666818053133,0.02425187790450535,5.971859389755894e-05,2.955808771190688e-06,0.46708872619580655,2.318266603784355e-08,7.518629545429064e-07,2,2.1752166434279946e-06,43.37390816700645,2.558124583796515e-09,2.220446049250313e-16,0.9890346895594031,1.008645421323537,0.01806329359329913,0.8945299735083048,0.9971027192717021,0.0,3.469446951953614e-18,True
1,50,0.390625,0.390625,0.1773010453362737,0.39860105620304215,0.10715280657422721,0.08782021650760007,0.07670485609974995,0.02596515012721987,6.141457904287684e-05,3.15707977570474e-06,0.46817047657595007,2.476125208381115e-08,7.766242066267176e-07,2,2.2426060158560554e-06,40.516948860138655,2.70858509515512e-09,1.1102230246251565e-16,0.988873153877373,1.0087690990356346,0.01772997981215631,0.8929029036190912,0.9970565429124008,0.0,3.469446951953614e-18,True
1,51,0.3984375,0.3984375,0.1803207531480645,0.3742889117483956,0.10850159239446011,0.08917164485551791,0.07786428387129192,0.027613239968847354,6.302859696205529e-05,3.349782599069309e-06,0.4692847677821218,2.627263713759159e-08,8.028968437643092e-07,2,2.304313305442104e-06,41.63906737510115,2.7778165978605552e-09,4.440892098500626e-16,0.9887216700557175,1.0088851858604138,0.01742038434753258,0.8913804463508338,0.9970131671093269,0.0,3.469446951953614e-18,True
1,52,0.40625,0.40625,0.18314696123025453,0.3490750725215103,0.10974874315624406,0.09042902645469567,0.07894332240915511,0.029186043808666802,6.455419554038325e-05,3.532332888540069e-06,0.470429035035281,2.7704394982402058e-08,8.306012387467113e-07,2,2.360299841384341e-06,41.269483235199004,2.8597030088787347e-09,4.440892098500626e-16,0.9885804423171681,1.0089935218188877,0.01713451945032806,0.8899643725094325,0.996972667229422,0.0,3.469446951953614e-18,True
1,53,0.4140625,0.4140625,0.1857728610000272,0.32302028086955564,0.11089434033741274,0.09159064394637219,0.07994049116642597,0.030673765232695223,6.598531053613195e-05,3.7032568882473197e-06,0.4716006776815955,2.9044966822396083e-08,8.596462055691074e-07,2,2.4105417127901028e-06,41.49321584193967,2.8450917890134077e-09,3.3306690738754696e-16,0.9884496544141332,1.0090939615585193,0.01687234520241328,0.8886562689079923,0.9969351114559148,0.0,3.469446951953614e-18,True
1,54,0.421875,0.421875,0.18819212643483552,0.2961873050677512,0.1119385835398079,0.09265498304520418,0.08085446410666883,0.03206700560209535,6.731628563794665e-05,3.861198755364392e-06,0.4727970638903857,3.028371866400931e-08,8.899299242331167e-07,2,2.4550275848359206e-06,44.6042228389997,2.9338296132960423e-09,3.3306690738754696e-16,0.9883294709406613,1.0091863735973612,0.01663378007242932,0.8874575504929285,0.9969005609939389,0.0,3.469446951953614e-18,True
1,55,0.4296875,0.4296875,0.19039892931234437,0.26864078810509434,0.11288176079263212,0.09362071890707499,0.08168406205928141,0.03335685174298751,6.85418895058085e-05,4.004926722114964e-06,0.4740155350783797,3.14109896451201e-08,9.213409138782367e-07,2,2.4937541494433906e-06,41.922422404866666,3.117904066400297e-09,8.881784197001252e-16,0.9882200383409,1.0092706396372277,0.0164187111358843,0.8863694716290663,0.9968690704630413,0.0,3.469446951953614e-18,True
1,56,0.4375,0.4375,0.19238795325112867,0.24044709195373856,0.11372422072139088,0.09448670313984961,0.08242824544790475,0.034534959747226125,6.965733033431122e-05,4.133338235174854e-06,0.47525341007828714,3.2418132343828225e-08,9.53759046222065e-07,2,2.526735212341683e-06,41.99839163897559,3.002846777807616e-09,1.1102230246251565e-16,0.9881214861070142,1.0093466539918574,0.016227003903855747,0.8853931364268895,0.9968406880823738,0.0,3.469446951953614e-18,True
1,57,0.4453125,0.4453125,0.19415440651830207,0.21167413769718837,0.11446634682341472,0.09525195026284508,0.08308610698351088,0.03559363392436972,7.065826765295317e-05,4.24546405519874e-06,0.4765079890565766,3.329754493139764e-08,9.870565911534625e-07,2,2.553987414502936e-06,41.07629630109295,3.242112688019009e-09,0.0,0.9880339277406069,1.0094143229391472,0.016058511437199656,0.8845295080744484,0.9968154562197865,0.0,3.469446951953614e-18,True
1,58,0.453125,0.453125,0.1956940335732209,0.18239124190246064,0.11510853405982402,0.09591562555145405,0.08365686507993522,0.036525900006903804,7.154082252735812e-05,4.340471555010034e-06,0.47777655721089207,3.404269704024957e-08,1.021099288193712e-06,2,2.5755428198312067e-06,40.46126817702316,3.0738331212784624e-09,0.0,0.9879574617185719,1.0094735642393966,0.01591308287349918,0.8837794171780341,0.9967934114624374,0.0,3.469446951953614e-18,True
1,59,0.4609375,0.4609375,0.1970031253194544,0.15266894963040414,0.11565116791024177,0.09647703331332182,0.08413985765432935,0.037325571782347626,7.230158546362923e-05,4.4176671389724346e-06,0.4790563882560323,3.4648148739303506e-08,1.0557474369330155e-06,2,2.5914358263225904e-06,40.564230676041916,3.1214541332113945e-09,0.0,0.9878921724135501,1.009524306641254,0.01579057104040436,0.8831435690560221,0.9967745852237808,0.0,3.469446951953614e-18,True
1,60,0.46875,0.46875,0.19807852804032305,0.12257886448646735,0.11609460602742516,0.09693560637850779,0.08453453653406823,0.03798731040579243,7.293762334492746e-05,4.4764980281209126e-06,0.48034474773279273,3.5109564534916554e-08,1.0908570014679321e-06,2,2.601713830679258e-06,42.51129354885779,3.124997946841356e-09,2.220446049250313e-16,0.9878381307548563,1.0095664894780043,0.01569083927897645,0.8826225500335549,0.9967590036496762,0.0,3.469446951953614e-18,True
1,61,0.4765625,0.4765625,0.19891765099647812,0.09219347612134189,0.11643916258340825,0.0972908967191867,0.08484046259350203,0.03850667573333941,7.344648449047554e-05,4.516553311137492e-06,0.4816388961513802,3.5423721613776035e-08,1.1262807230817082e-06,2,2.606421033462831e-06,43.19206017605029,3.5121727223848874e-09,0.0,0.9877953949915778,1.0096000623232633,0.015613767208870201,0.8822168327063558,0.9967466883162205,0.0,3.469446951953614e-18,True
1,62,0.484375,0.484375,0.19951847266721967,0.061585985597045624,0.1166850953814621,0.09754256801208462,0.08505730176601185,0.038880169109582474,7.382620345875431e-05,4.537564541537582e-06,0.4829360920126099,3.558851452668602e-08,1.1618692376083943e-06,2,2.6056184365788094e-06,42.35201198095456,3.1709560782143233e-09,0.0,0.9877640111549353,1.0096249847207273,0.01555925565264508,0.8819267802308195,0.9967376558659227,0.0,3.469446951953614e-18,True
1,63,0.4921875,0.4921875,0.19987954562051724,0.030830129039150556,0.11683259578393657,0.09769038921078624,0.0851848217906209,0.039105267139577515,7.407530415362149e-05,4.539405684596155e-06,0.48423359471597616,3.560295477230357e-08,1.1974721923806978e-06,2,2.599239795506246e-06,41.99780418793671,3.1682665043848852e-09,2.220446049250313e-16,0.9877440135542142,1.009641225918907,0.015527230342173867,0.8817526496425273,0.9967319187206476,0.0,3.469446951953614e-18,True
1,64,0.5,0.5,0.2,7.694682774887159e-17,0.11688178149788053,0.097734230103948,0.08522288985667047,0.03918044607660759,7.419280269250147e-05,4.522092661361585e-06,0.4855286673928796,3.546716722080005e-08,1.2329393596014978e-06,2,2.5877136550008317e-06,40.81372324214317,3.1495270791561275e-09,0.0,0.9877354250343684,1.0096487647756955,0.015517644659978035,0.8816945941831188,0.9967294848976757,0.0,3.469446951953614e-18,True
1,65,0.5078125,0.5078125,0.19987954562051724,-0.030830129039150403,0.11683269223303339,0.09767405881356182,0.08517147126718154,0.03910519656058745,7.417820968557734e-05,4.48578245080336e-06,0.4868185796938802,3.51823830719272e-08,1.268121742673425e-06,2,2.57076475584649e-06,41.31750048301183,3.157040161162337e-09,1.1102230246251565e-16,0.9877382571729273,1.0096475896229724,0.015530481307830243,0.8817526647244847,0.9967303580930669,0.0,3.469446951953614e-18,True
1,66,0.515625,0.515625,0.1995184726672197,-0.06158598559704548,0.11668528825467661,0.09750994074282271,0.0850306288881721,0.03888002854730556,7.403153158845225e-05,4.430771712627931e-06,0.48810061055105725,3.475092905364079e-08,1.3028726717270657e-06,2,2.548451500507194e-06,40.86973585211672,3.118480407411596e-09,0.0,0.9877525103622011,1.0096376982655941,0.015565752802550778,0.8819268102267372,0.9967345378370528,0.0,3.469446951953614e-18,True
1,67,0.5234375,0.5234375,0.19891765099647812,-0.09219347612134175,0.11643945183076287,0.09724203953892399,0.0848005236190686,0.03850646637512131,7.375327177366223e-05,4.357495031658812e-06,0.48937205094943753,3.417621365262208e-08,1.3370488853796877e-06,2,2.521234472670791e-06,41.87815245310776,3.1401210933836483e-09,4.440892098500626e-16,0.9877781736974461,1.0096190980337783,0.015623500906913274,0.8822168772813194,0.996742019332793,0.0,3.469446951953614e-18,True
1,68,0.53125,0.53125,0.19807852804032305,-0.12257886448646718,0.11609499156722025,0.09687061997674078,0.08448141584977135,0.03798703402250494,7.334443103429839e-05,4.266522741603641e-06,0.49063020673588753,3.346271004589306e-08,1.3705115954255808e-06,2,2.4887972202675577e-06,41.12334731500596,3.0541396104652912e-09,1.1102230246251565e-16,0.9878152247989002,1.0095918058415696,0.015703794982362934,0.8826226086923481,0.9967527935202801,0.0,3.469446951953614e-18,True
1,69,0.5390625,0.5390625,0.1970031253194544,-0.15266894963040398,0.11565164962548913,0.0963960525901305,0.08407366781364341,0.03732523071622967,7.280650743158433e-05,4.158558307998091e-06,0.4918724014929403,3.2615935575014704e-08,1.4031275310005954e-06,2,2.4513629211263053e-06,42.04904310707934,3.0947178105800453e-09,3.3306690738754696e-16,0.9878636295148855,1.0095558484255938,0.015806729239034922,0.8831436411396608,0.9967668467904652,0.0,3.469446951953614e-18,True
1,70,0.546875,0.546875,0.1956940335732209,-0.18239124190246045,0.11510911179136374,0.0958188196131183,0.08357774662255973,0.03652549715537858,7.214149514828592e-05,4.034435206338483e-06,0.49309597949858036,3.164242726101228e-08,1.4347699582616077e-06,2,2.409013829109894e-06,44.06604208401404,2.9963656601992506e-09,3.3306690738754696e-16,0.9879233414301475,1.0095112625207119,0.015932418883853494,0.8837795018711186,0.9967841608501475,0.0,3.469446951953614e-18,True
1,71,0.5546875,0.5546875,0.19415440651830207,-0.21167413769718824,0.11446702035850687,0.09513952315561074,0.08299422853840059,0.035593172719864785,7.135188296412262e-05,3.895113382932362e-06,0.4942983088103248,3.054971404651463e-08,1.4653196723081224e-06,2,2.3618427564502523e-06,42.01076217414811,2.9818944017086756e-09,0.0,0.9879943013611379,1.0094580952008914,0.01608099530488414,0.8845296044134868,0.9968047127336545,0.0,3.469446951953614e-18,True
1,72,0.5625,0.5625,0.1923879532511287,-0.24044709195373842,0.11372498978535606,0.09435889408829957,0.08232380357875094,0.03453444413303652,7.04406510116081e-05,3.7416750652903766e-06,0.4954767844834325,2.9346283936295107e-08,1.4946659562444175e-06,2,2.3099364319045963e-06,41.312546239001676,2.8641408740287686e-09,0.0,0.9880764366398446,1.0093964042515222,0.01625260016311224,0.8853932433040551,0.9968284742315917,0.0,3.469446951953614e-18,True
1,73,0.5703125,0.5703125,0.19039892931234437,-0.2686407881050942,0.11288262503463398,0.09347780301220131,0.08156728120157711,0.03335628614523062,6.9411266971002e-05,3.5753200841717553e-06,0.49662883196342,2.8041547307662677e-08,1.5227075035520802e-06,2,2.253393599513163e-06,43.539742273977026,2.8061530741166985e-09,2.220446049250313e-16,0.9881696603574889,1.0093262585579594,0.016447378684809104,0.8863695878059803,0.996855411808165,0.0,3.469446951953614e-18,True
1,74,0.578125,0.578125,0.18819212643483552,-0.29618730506775104,0.11193954252090998,0.09249727136804053,0.0807255963304464,0.032066394897827234,6.826768000263917e-05,3.397360420790794e-06,0.4977519106576603,2.6645794143730714e-08,1.549353297695811e-06,2,2.1923085042087497e-06,42.552753244992346,2.73737139068325e-09,0.0,0.9882738704869326,1.0092477386335867,0.016665471879665546,0.8874576746011621,0.9968854863245777,0.0,3.469446951953614e-18,True
1,75,0.5859375,0.5859375,0.1857728610000272,-0.3230202808695555,0.11089539351522404,0.09141848422957106,0.07979981606292902,0.030673114714269662,6.70143133851589e-05,3.209214111503131e-06,0.49884351771856056,2.5170146227335917e-08,1.5745234439231468e-06,2,2.1267822567879775e-06,42.03963065799326,2.6862542154612766e-09,5.551115123125783e-16,0.988388948911404,1.009160937148266,0.016907008152783003,0.8886563994674797,0.9969186525155631,0.0,3.469446951953614e-18,True
1,76,0.59375,0.59375,0.18314696123025453,-0.3490750725215102,0.10974988986855005,0.09024280319808824,0.0787911467833894,0.029185359144448107,6.565605474665186e-05,3.0123983076690362e-06,0.4999011920478186,2.362650270894371e-08,1.5981499466320906e-06,2,2.0569197279188718e-06,42.107191037153825,2.676001173943947e-09,4.440892098500626e-16,0.9885147603668254,1.009065959562363,0.01717209408353003,0.8899645079362336,0.9969548588635769,0.0,3.469446951953614e-18,True
1,77,0.6015625,0.6015625,0.1803207531480645,-0.3742889117483955,0.10850283184334641,0.08897177957150645,0.07770094142112031,0.027612527160406814,6.419824385157292e-05,2.808521471386373e-06,0.5009225185354794,2.202747889709915e-08,1.6201774255291897e-06,2,1.9828261277276334e-06,41.265743701020256,2.4922085552508147e-09,2.220446049250313e-16,0.9886511513479971,1.0089629247251408,0.0174608046509283,0.8913805849719633,0.9969940471173634,0.0,3.469446951953614e-18,True
1,78,0.609375,0.609375,0.17730104533627372,-0.398601056203042,0.10715413780868943,0.08760716769027037,0.0765307070031248,0.02596441546317873,6.264665780626688e-05,2.5992746617944793e-06,0.5019051325479263,2.0386337916148767e-08,1.6405637634453385e-06,2,1.9046132317736826e-06,42.388938762946054,2.4497257436564063e-09,5.551115123125783e-16,0.9887979489673328,1.0088519656334132,0.017773173028550884,0.8929030436848057,0.997036152151218,0.0,3.469446951953614e-18,True
1,79,0.6171875,0.6171875,0.17409511253549592,-0.42195293579996657,0.10570387551257654,0.08615093789368292,0.07528211221078804,0.02425112791122051,6.100749291727301e-05,2.386421799354544e-06,0.5028467246661179,1.8716914348143055e-08,1.6592806777934817e-06,2,1.82239647143043e-06,43.24811499193311,2.4018332337701965e-09,0.0,0.9889549597442702,1.0087332301343603,0.018109180026831245,0.8945301132083193,0.9970811013679723,0.0,3.469446951953614e-18,True
1,80,0.625,0.625,0.17071067811865479,-0.44428829381583657,0.1041522945885871,0.08460528860896398,0.07395699467612812,0.02248298311904655,5.9287343289579485e-05,2.1717888981020385e-06,0.5037450456773644,1.703352978045139e-08,1.6763142075739331e-06,2,1.7362947128247508e-06,40.8085532549303,2.213697742137839e-09,4.440892098500626e-16,0.9891219684028606,1.008606881690783,0.01846874343135423,0.8962598257753485,0.9971288147356016,0.0,3.469446951953614e-18,True
1,81,0.6328125,0.6328125,0.1671558954847019,-0.4655533224168457,0.102499859906647,0.08297265771259424,0.07255736816142255,0.02067042129894808,5.7493175721105533e-05,1.9572522190521136e-06,0.5045979118181978,1.535089989188815e-08,1.6916651074658213e-06,2,1.646432783883054e-06,41.63306401204318,2.081217911734521e-09,1.1102230246251565e-16,0.9892987367352221,1.008473100169469,0.018851707385004114,0.8980900031686044,0.9971792041204054,0.0,3.469446951953614e-18,True
1,82,0.640625,0.640625,0.1634393284163646,-0.48569679228649776,0.1007472853212873,0.08125573221088708,0.07108542917544415,0.018823911427983227,5.56323006712491e-05,1.7447253173249306e-06,0.5054032102588443,1.3684032862187317e-08,1.7053491403280086e-06,2,1.5529415538332789e-06,41.82091467292048,1.9835590441164225e-09,1.1102230246251565e-16,0.9894850023744505,1.0083320826239235,0.019257832002377406,0.9000182427023067,0.9972321736750681,0.0,3.469446951953614e-18,True
1,83,0.6484375,0.6484375,0.15956993044924334,-0.5046701760415174,0.09889556733673555,0.07945745649467315,0.06954356305569723,0.016953859815841448,5.37123391071219e-05,1.53614498803447e-06,0.506158904815238,1.2048119144380461e-08,1.717397259472389e-06,2,1.455957048084933e-06,40.250304153887555,1.8672341304804947e-09,0.0,0.9896804777880315,1.0081840440886598,0.01968678349019278,0.9020419029229843,0.9972876191485291,0.0,3.469446951953614e-18,True
1,84,0.65625,0.65625,0.15555702330196022,-0.5224277651385659,0.09694601815209936,0.07758103854796881,0.06793434934487808,0.015070521126103107,5.174118519036315e-05,1.3334561440995664e-06,0.5068630418705591,1.0458412860152013e-08,1.727855672332541e-06,2,1.3556238463835421e-06,42.23156317207031,1.741380499620795e-09,0.0,0.9898848491883827,1.0080292182998585,0.020138124944618765,0.9041580892881014,0.9973454280582892,0.0,3.469446951953614e-18,True
1,85,0.6640625,0.6640625,0.1514102744193222,-0.5389267799901278,0.09490029752506213,0.07562995392633086,0.0662605662961828,0.013183912863591666,4.972696462837785e-05,1.138595663179803e-06,0.507513756478696,8.93010510994647e-09,1.7367857774424875e-06,2,1.2520908097160332e-06,40.81268902798183,1.5963426349441599e-09,3.3306690738754696e-16,0.9900977756980746,1.0078678584480372,0.020611308073558845,0.9063636400866003,0.9974054797236201,0.0,3.469446951953614e-18,True
1,86,0.671875,0.671875,0.1471396736825998,-0.5541274730242828,0.09276044287311924,0.07360794733696323,0.06452519440944464,0.011303734284138183,4.767798903225551e-05,9.534753146439498e-07,0.5081092786231781,7.47819006769326e-09,1.7442639675101807e-06,2,1.1455168882916393e-06,39.87751661799848,1.4633287335455582e-09,2.220446049250313e-16,0.9903188885428308,1.0077002378164603,0.021105666087822376,0.9086551129022632,0.9974676452299439,0.0,3.469446951953614e-18,True
1,87,0.6796875,0.6796875,0.14275550934302825,-0.5679932244400878,0.09052889701086997,0.07151903171820359,0.0627314188871814,0.009439290610765056,4.560270619523653e-05,7.799638575235928e-07,0.5086479395940467,6.117324573495411e-09,1.7503812920836762e-06,2,1.036071408877364e-06,39.133225169964135,1.3486039587856436e-09,0.0,0.9905477904589072,1.0075266503575873,0.021620407978868307,0.9110287719592126,0.9975317876053849,0.0,3.469446951953614e-18,True
1,88,0.6875,0.6875,0.13826834323650902,-0.5804906304278861,0.08820853293818443,0.06936748461483637,0.060882630980968966,0.007599423353201278,4.3509646572662963e-05,6.198684612761493e-07,0.5091281784397276,4.861682415053014e-09,1.7552429744987292e-06,2,9.239314556470734e-07,40.14547486999072,1.1852951148844016e-09,0.0,0.9907840552694326,1.0073474112104164,0.022154614327437896,0.9134805766916242,0.9975977621222766,0.0,3.469446951953614e-18,True
1,89,0.6953125,0.6953125,0.133688985339222,-0.5915895836420095,0.08580267510659745,0.06715784202199043,0.058982428074398754,0.005792447427345193,4.140736669779707e-05,4.749156539877166e-07,0.5095485484541599,3.7248049027564174e-09,1.7589677794014855e-06,2,8.092887953052072e-07,39.88004657998681,1.0460995366940878e-09,0.0,0.9910272276334067,1.0071628570173208,0.02270723492815526,0.9160061719044931,0.9976654166582647,0.0,3.469446951953614e-18,True
1,90,0.703125,0.703125,0.12902846772544627,-0.6012633457320115,0.08331511664158386,0.06489488951556246,0.057034612514553495,0.004026095659871833,3.930438963855707e-05,3.467319823781721e-07,0.5099077236470649,2.7194491844189583e-09,1.7616872285859044e-06,2,6.92351867500341e-07,39.64653062308207,8.895177268025853e-10,3.3306690738754696e-16,0.9912768230603245,1.0069733462538695,0.023277088253638372,0.91860087987793,0.9977345920291553,0.0,3.469446951953614e-18,True
1,91,0.7109375,0.7109375,0.12429801799032641,-0.609488611757696,0.08075013203923864,0.06258365130138553,0.05504318912011014,0.0023074711430935025,3.720914340037697e-05,2.3682464179343482e-07,0.510204505147744,1.8574363246164235e-09,1.7635446649105208e-06,2,5.733563546630663e-07,38.19532280694693,7.355209527629266e-10,3.3306690738754696e-16,0.9915323280972375,1.0067792592464169,0.023862863018241597,0.9212596947832968,0.9978051222883063,0.0,3.469446951953614e-18,True
1,92,0.71875,0.71875,0.11950903220161287,-0.6162455663327587,0.07811248494318235,0.06022937649495858,0.053012361444617996,0.0006430077792086049,3.512989785422816e-05,1.4656233323593396e-07,0.5104378274866833,1.1495011647074042e-09,1.7646941660752282e-06,2,4.525884104056492e-07,38.04967218497768,5.828710553996858e-10,1.1102230246251565e-16,0.9917932008021433,1.0065809981446268,0.024463121645585534,0.923977279709393,0.9978768359245817,0.0,3.469446951953614e-18,True
1,93,0.7265625,0.7265625,0.11467304744553625,-0.6215179313617893,0.07540743068265521,0.057837524060220274,0.050946526617840916,-0.0009615607757849786,3.3074701145030085e-05,7.715664224512366e-08,0.510606764703505,6.051462757686163e-10,1.7652993123509968e-06,2,3.304646566658424e-07,37.70667385892011,4.4037409830945274e-10,1.1102230246251565e-16,0.9920588714267418,1.0063789866820843,0.025076305991760545,0.9267479666255072,0.9979495557562684,0.0,3.469446951953614e-18,True
1,94,0.734375,0.734375,0.10980171403295605,-0.625293005255628,0.07264071335602207,0.0554137457077162,0.04885026894676491,-0.00250122368688776,3.1051316318912346e-05,2.9644228450358263e-08,0.510710536223136,2.325022697045051e-10,1.7655318146207014e-06,2,2.0789687393472102e-07,37.03341371403076,2.6828339453108253e-10,4.440892098500626e-16,0.9923287433583879,1.0061736697377135,0.025700744967283386,0.9295657595096044,0.9980231000357563,0.0,3.469446951953614e-18,True
1,95,0.7421875,0.7421875,0.10490676743274181,-0.6275616935306071,0.06981855540807846,0.052964070395695166,0.046728541593090346,-0.003971707077299485,2.9066205888116024e-05,4.859909753735285e-09,0.5107484741912893,3.8116696145256695e-11,1.7655699313168466e-06,1,8.341437493940722e-05,23.665443230886012,1.1080629376744671e-07,3.3306690738754696e-16,0.9926023011270795,1.0059654246451464,0.026334680708197587,0.9324243411645959,0.9980972584523138,0.0,3.469446951953614e-18,True
1,96,0.75,0.75,0.10000000000000003,-0.6283185307179586,0.06694765440039663,0.05049366856388119,0.04458556035007503,-0.005369479891363911,2.7129939199388048e-05,3.4661757239449874e-09,0.5107202073990915,2.718551856935457e-11,1.7655971168354159e-06,1,7.04453101555226e-05,23.995984153123572,9.980177721241949e-08,3.3306690738754696e-16,0.9928785366494012,1.005755073776159,0.026976302090237988,0.9353170818044593,0.9981718504934397,0.0,3.469446951953614e-18,True
1,97,0.7578125,0.7578125,0.09509323256725824,-0.6275616935306071,0.06403513852882514,0.048009873515305924,0.04242743839330152,-0.006691751755528556,2.5244098755461746e-05,2.586929203384959e-08,0.510625334038045,2.0289511408899748e-10,1.765800011949505e-06,2,1.8334104417370798e-07,38.594946942990646,2.4206135869466117e-10,0.0,0.9931572244246206,1.0055426375364382,0.027623398276394845,0.9382370548323508,0.9982468069670096,0.0,3.469446951953614e-18,True
1,98,0.765625,0.765625,0.09019828596704399,-0.625293005255628,0.0610885724142044,0.045518106433872704,0.040258778653224456,-0.00793646321159373,2.3417768771803174e-05,7.224623906973959e-08,0.5104637329562948,5.666335553125367e-10,1.7663666455048174e-06,2,3.0901915208275755e-07,39.07258171006106,4.018961300481301e-10,1.1102230246251565e-16,0.9934374444057389,1.0053289444168123,0.02827425719110112,0.9411770527379836,0.9983217635370155,0.0,3.469446951953614e-18,True
1,99,0.7734375,0.7734375,0.08532695255446382,-0.6215179313617893,0.05811590658456911,0.043024897289757794,0.03808511024449189,-0.009102268780312079,2.1655712412185297e-05,1.4254824955758614e-07,0.5102354268290028,1.1180183562555138e-09,1.767484663861073e-06,2,4.3635614345168546e-07,38.877775663044304,5.707871413406733e-10,5.551115123125783e-16,0.9937185290121271,1.0051144586228997,0.028926713894451478,0.944129607302815,0.9983965914451469,0.0,3.469446951953614e-18,True
1,100,0.78125,0.78125,0.08049096779838717,-0.6162455663327588,0.05512545076557496,0.04053664853560836,0.035911933966571004,-0.010188513387665842,1.9962787983000152e-05,2.3647241685479664e-07,0.5099406111859279,1.8546737936966295e-09,1.7693393376547696e-06,2,5.641156721447614e-07,38.47339082905091,7.425667874850363e-10,5.551115123125783e-16,0.993999753061731,1.004899731847565,0.029578674696622606,0.9470870142015246,0.9984702718439412,0.0,3.469446951953614e-18,True
1,101,0.7890625,0.7890625,0.07570198200967362,-0.609488611757696,0.052125834483344846,0.038059818355322496,0.0337448573873626,-0.011195202743537361,1.834321292764854e-05,3.5346418437941864e-07,0.5095796572531024,2.772250431987596e-09,1.7721115880867572e-06,2,6.917567560346861e-07,37.99567648791708,9.076441341892342e-10,2.220446049250313e-16,0.9942803772677707,1.0046853284142547,0.03022802856700806,0.950041359856359,0.998539867815745,0.0,3.469446951953614e-18,True
1,102,0.796875,0.796875,0.0709715322745538,-0.6012633457320116,0.04912596523650736,0.03560090172542121,0.03158957852008493,-0.012122968305427627,1.6800536146829537e-05,4.927163722438511e-07,0.509153114193439,3.864417488857036e-09,1.7759760055756143e-06,2,8.188881990444259e-07,37.31552251800895,1.0544552446370188e-09,3.3306690738754696e-16,0.9945596507810552,1.004471823333582,0.030872663499832982,0.9529845513357426,0.9986089176248651,0.0,3.469446951953614e-18,True
1,103,0.8046875,0.8046875,0.06631101466077804,-0.5915895836420095,0.04613498368491076,0.03316641212198597,0.029451868356565006,-0.01297302748843164,1.533761824560087e-05,6.531712752242759e-07,0.5086617107161262,5.122879289967104e-09,1.7810988848655814e-06,2,9.451612135073489e-07,39.89747123513371,1.218628664443025e-09,0.0,0.9948368138383835,1.0042598001971386,0.03151048259263226,0.9559083487961599,0.9986772392556026,0.0,3.469446951953614e-18,True
1,104,0.8125,0.8125,0.061731656763490995,-0.5804906304278861,0.043162216432760525,0.030762863893693915,0.02733755231038519,-0.013747139797423782,1.3956620127737336e-05,8.335259321308848e-07,0.5081063560271208,6.5374165970444346e-09,1.7876363014626258e-06,2,1.0702439285419182e-06,40.45553092006594,1.4054028539689675e-09,0.0,0.9951111005454132,1.0040498489374603,0.03213941950491666,0.9588044001124224,0.9987446516760076,0.0,3.469446951953614e-18,True
1,105,0.8203125,0.8203125,0.05724449065697179,-0.5679932244400879,0.04021712699416391,0.028396755351031307,0.02525249058811141,-0.014447559559578927,1.2659000300716536e-05,1.0322406111643313e-06,0.5074881400994012,8.095953159270662e-09,1.7957322546218964e-06,2,1.1938086642067828e-06,40.87690598098561,1.545979239761113e-09,3.3306690738754696e-16,0.9953817417278866,1.003842563503578,0.032757453030998376,0.96166427731166,0.9988109754643845,0.0,3.469446951953614e-18,True
1,106,0.828125,0.828125,0.052860326317400244,-0.5541274730242828,0.03730926550940017,0.026074552586467566,0.023202557548685346,-0.01507698592633979,1.1445521082288526e-05,1.2475505088296001e-06,0.5068083332461958,9.784647468884324e-09,1.8055169020907808e-06,2,1.315526380534769e-06,41.29378492804244,1.693768093991672e-09,2.220446049250313e-16,0.995647967876289,1.0036385394041325,0.03336262052811222,0.9644795144264151,0.9988760333174274,0.0,3.469446951953614e-18,True
1,107,0.8359375,0.8359375,0.048589725580677846,-0.538926779990128,0.03444821776770568,0.02380267420454005,0.021193620191529792,-0.01563851079532638,1.0316263625938768e-05,1.4774806377901604e-06,0.5060683849779807,1.1588009527920197e-08,1.8171049116187009e-06,2,1.4350692436071544e-06,39.966930750058964,1.906694466663785e-09,3.3306690738754696e-16,0.9959090121232779,1.0034383712110881,0.03395302995365814,0.9672416463624554,0.9989396506028254,0.0,3.469446951953614e-18,True
1,108,0.84375,0.84375,0.044442976698039816,-0.522427765138566,0.0316435540472505,0.021587477076105064,0.019231515734699674,-0.016135565276127257,9.270651922766873e-06,1.719863759546319e-06,0.5052699221406403,1.348904149576942e-08,1.8305939531144702e-06,2,1.552103187028668e-06,41.79719532909803,1.99528011662738e-09,2.220446049250313e-16,0.9961641132970597,1.0032426500244105,0.03452687041157755,0.9699422483856862,0.9990016559000436,0.0,3.469446951953614e-18,True
1,109,0.8515625,0.8515625,0.04043006955075671,-0.5046701760415175,0.02890477825047555,0.019435243831798114,0.017322028581120544,-0.016571865291083916,8.307485182765136e-06,1.972361283918845e-06,0.5044147463181166,1.5469401605653174e-08,1.8460633547201233e-06,2,1.6662988600529041e-06,41.039712771074846,2.163474475410678e-09,1.1102230246251565e-16,0.9964125189413007,1.0030519608340118,0.03508242098787191,0.9725729758542393,0.999061881584238,0.0,3.469446951953614e-18,True
1,110,0.859375,0.859375,0.03656067158363544,-0.4856967922864979,0.02624127776451235,0.017352172853072504,0.015470866575329765,-0.016951356864687434,7.424978614561844e-06,2.232486856786416e-06,0.5035048305066978,1.7509589165304304e-08,1.8635729438854277e-06,2,1.7773238222250729e-06,41.931290338980034,2.283889524861264e-09,2.220446049250313e-16,0.9966534884141541,1.0028668799798552,0.035618057931031365,0.9751256038302272,0.9991171934140451,0.0,3.469446951953614e-18,True
1,111,0.8671875,0.8671875,0.03284410451529817,-0.4655533224168459,0.023662274422571183,0.015346776193915947,0.013683636926612598,-0.01727816161454258,6.620811805635508e-06,2.4976324458119474e-06,0.5025423150581673,1.9589149149595953e-08,1.8831620930350236e-06,2,1.8848450985973057e-06,41.13647372298874,2.4210945916504225e-09,4.440892098500626e-16,0.9968862959469921,1.0026879725603457,0.03613226002915216,0.9775920662289291,0.9991658451929091,0.0,3.469446951953614e-18,True
1,112,0.875,0.875,0.029289321881345268,-0.44428829381583673,0.021176776904424877,0.013427109826331282,0.01196582179814371,-0.017556522914359097,5.892184147778057e-06,2.7650966254848704e-06,0.501529502895586,2.168689404259351e-08,1.9048489870776171e-06,2,1.988533023177341e-06,43.6692474570591,2.5795559564606657e-09,0.0,0.9971102336600066,1.0025157898965034,0.036623612304698676,0.9799644942174575,0.9992118078538686,0.0,3.469446951953614e-18,True
1,113,0.8828125,0.8828125,0.025904887464504114,-0.4219529357999667,0.01879353485375801,0.011595116067996653,0.010322753859923083,-0.017790753156274906,5.235876597068886e-06,3.0321147047400333e-06,0.5004688540139207,2.3781140131099774e-08,1.9286301272087167e-06,2,2.0880616072597318e-06,44.8304411189165,2.6706105803782695e-09,3.3306690738754696e-16,0.9973246146018695,1.0023508670090877,0.03709080802636311,0.982235253560658,0.9992345222033772,0.0,3.469446951953614e-18,True
1,114,0.890625,0.890625,0.022698954663726335,-0.3986010562030424,0.01652099495242909,0.00985699006640595,0.008759592008428086,-0.017985182496987752,4.64831887090998e-06,3.2958903267298687e-06,0.49936297928023604,2.584995534442351e-08,1.95448008255314e-06,2,2.1831419721474474e-06,42.710227528819814,2.911588115104276e-09,1.1102230246251565e-16,0.9975287756693497,1.0021937202474884,0.03753264921794106,0.9843969807066225,0.9992563171279483,0.0,3.469446951953614e-18,True
1,115,0.8984375,0.8984375,0.019679246851935495,-0.3742889117483955,0.014367259904602525,0.00821919566367184,0.007281348815734813,-0.018144109430506514,4.125666374409627e-06,3.553624907640286e-06,0.4982146340426587,2.7871390145580387e-08,1.9823514726987204e-06,2,2.2752227289186374e-06,43.38454077090137,2.942462603409293e-09,0.0,0.9977220798373778,1.002044840480104,0.0379476789259049,0.9864426164321435,0.9992771413419346,0.0,3.469446951953614e-18,True
1,116,0.90625,0.90625,0.016853038769745476,-0.3490750725215103,0.012340053115244332,0.0066865474811910455,0.005894025328136283,-0.01827175354375487,3.664526166928075e-06,3.8021363437232346e-06,0.49702677320507943,2.982048701728866e-08,2.0121719597160092e-06,2,2.3602493409299872e-06,43.81439442909323,3.115140775234546e-09,8.881784197001252e-16,0.9979036294788084,1.0019047878831007,0.03832898162229601,0.9883653985548867,0.9992971413279452,0.0,3.469446951953614e-18,True
1,117,0.9140625,0.9140625,0.0142271389999728,-0.3230202808695557,0.010446887606090804,0.005261825115085867,0.0046165685386068255,-0.018372210591514143,3.260614380041901e-06,4.038674991084536e-06,0.4958024826339927,3.1675680262625294e-08,2.0438476399786347e-06,2,2.392519798509172e-06,78.38756720093079,8.95475414778974e-08,2.220446049250313e-16,0.9980730050341803,1.001771356738454,0.03856411899934517,0.9901588233624198,0.9993165932399356,0.0,3.469446951953614e-18,True
1,118,0.921875,0.921875,0.011807873565164518,-0.2961873050677512,0.008694432725022794,0.003972196517799766,0.0034761728266663157,-0.018449410407396262,2.910981291485878e-06,4.259571807480485e-06,0.4945451158291603,3.340819326321015e-08,2.077255833241845e-06,2,2.5208171498808583e-06,48.29324419586919,3.292161642647489e-09,0.0,0.9982286614458894,1.0016478435461171,0.03865412559716087,0.9918170167103039,0.9993349543251886,0.0,3.469446951953614e-18,True
1,119,0.9296875,0.9296875,0.009601070687655689,-0.2686407881050946,0.007088965812114156,0.002829130597616811,0.002443928240894517,-0.01850707684343044,2.608544922887359e-06,4.464353529709599e-06,0.49325784827228386,3.5014314174469086e-08,2.112270147416314e-06,2,2.5881016612752644e-06,45.29651090409607,3.3791760314754187e-09,5.551115123125783e-16,0.9983715549496642,1.0015347287187624,0.038736929592891635,0.9933346131235085,0.9993518505760156,0.0,3.469446951953614e-18,True
1,120,0.9375,0.9375,0.0076120467488713485,-0.2404470919537389,0.0056363308273895685,0.0018098972875169005,0.0015051954146233862,-0.018548691520759022,2.3494139486217045e-06,4.650741797518689e-06,0.4919439600805522,3.647617361818724e-08,2.1487463210345014e-06,2,2.648176021243787e-06,42.92058965400793,3.402727375185381e-09,5.551115123125783e-16,0.9985012092297881,1.0014321357873839,0.038812279996617446,0.9947065270541439,0.9993671514692379,0.0,3.469446951953614e-18,True
1,121,0.9453125,0.9453125,0.00584559348169792,-0.21167413769718815,0.00434188271265723,0.0009252184737657002,0.0006833775028823211,-0.018577460685562822,2.1295981204179835e-06,4.816882620872608e-06,0.49060679383692335,3.777923058878904e-08,2.1865255516232902e-06,2,2.7031896607809584e-06,42.63398970803246,3.4866036164630153e-09,3.3306690738754696e-16,0.9986173378876011,1.0013391188946783,0.03888026708569144,0.9959280894933253,0.9993802187415245,0.0,3.469446951953614e-18,True
1,122,0.953125,0.953125,0.004305966426779118,-0.1823912419024607,0.0032102996921302696,0.0005336544162034092,0.0004528999131317727,-0.018596285220210628,1.94596761230796e-06,4.960556071126939e-06,0.48924982183423876,3.890607399226446e-08,2.2254316256155547e-06,2,2.750799504144474e-06,43.85630042781122,3.5671122467805473e-09,3.3306690738754696e-16,0.9987194268641884,1.0012571834266906,0.038940088666818445,0.9969952166944274,0.999392242073027,0.0,3.469446951953614e-18,True
1,123,0.9609375,0.9609375,0.0029968746805456026,-0.1526689496304042,0.0022457097544952287,0.0009866947366918178,0.0008320030474407302,-0.018607733840203883,1.7952662440493034e-06,5.080133938224212e-06,0.4878765864909722,3.9843933635098115e-08,2.265275559250653e-06,2,2.7920555319347645e-06,44.7969267279841,3.5654588598730874e-09,0.0,0.9988072557264427,1.0011863414785835,0.03899175788319128,0.9979043427387851,0.9994027947932241,0.0,3.469446951953614e-18,True
1,124,0.96875,0.96875,0.0019214719596769682,-0.12257886448646742,0.0014516153865139492,0.0014413039945932612,0.001333998308112233,-0.01861401985099544,1.6747671402167365e-06,5.174052168577444e-06,0.4864907124190924,4.0580542508569624e-08,2.3058561017592224e-06,2,2.826189570867428e-06,50.71472838195041,3.5841039430258306e-09,2.220446049250313e-16,0.99888015868838,1.0011274550950013,0.03903483333822964,0.9986524116332426,0.9994117117830245,0.0,3.469446951953614e-18,True
1,125,0.9765625,0.9765625,0.0010823490035219098,-0.09219347612134225,0.0008309261416451497,0.0018667609714109875,0.00172992815070647,-0.018616981264322482,1.58199884031067e-06,5.241172549368989e-06,0.48509587647363134,4.1106973510260026e-08,2.3469630752694824e-06,2,2.853056867105651e-06,47.073514621006325,3.7442427122746645e-09,3.3306690738754696e-16,0.9989378599656065,1.0010865852783466,0.039069130007714746,0.999236895295189,0.9994189802659167,0.0,3.469446951953614e-18,True
1,126,0.984375,0.984375,0.00048152733278030715,-0.06158598559704542,0.00038592353709299143,0.0021699749360823938,0.001996502128217676,-0.018618064497191278,1.5149370360198506e-06,5.280674630657496e-06,0.4836957930669067,4.141679177970865e-08,2.3883798670491912e-06,2,2.8724496711952043e-06,44.22511819307692,4.193973637763544e-09,0.0,0.998980159597361,1.001059320962037,0.039094543988001364,0.9996558098101929,0.9994245902532537,0.0,3.469446951953614e-18,True
1,127,0.9921875,0.9921875,0.0001204543794827595,-0.030830129039150635,0.00011351248650681711,0.0023501059660823833,0.002164286577958152,-0.01861831167161844,1.4720624656373414e-06,5.292045891371896e-06,0.48229420196411954,4.150597756944609e-08,2.4298858446186374e-06,2,2.884256314501314e-06,44.26683700596914,3.630754464634087e-09,3.3306690738754696e-16,0.9990068381382762,1.001041656222517,0.03911082104237406,0.9998813685767588,0.9994285155642321,0.0,3.469446951953614e-18,True
1,128,1.0,1.0,0.0,-1.5389365549774318e-16,2.2213053931796622e-05,0.0024056970268536,0.0022137606273212105,-0.018618351531536806,1.4523768048443794e-06,5.275116283956274e-06,0.4808948535067956,4.1373197181657124e-08,2.4712590418002944e-06,2,2.888358033837748e-06,43.777283461997285,3.598376867108325e-09,1.1102230246251565e-16,0.9990178495169516,1.0010336004331324,0.03911799501221127,0.9999451351702635,0.9994307692828954,0.0,3.469446951953614e-18,True
2,0,0.0,1.0,0.0,0.0,2.2213053931796622e-05,0.0024056970268536,0.0022137606273212105,-0.018618351531536806,1.4523768048443794e-06,5.275116283956274e-06,0.4808948535067956,0.0,0.0,0,0.0,0.0,3.598376867108325e-09,1.1102230246251565e-16,0.9990178495169516,1.0010336004331324,0.03911799501221127,0.9999451351702635,0.9994307692828954,0.0,3.469446951953614e-18,True
2,1,0.0078125,1.0078125,0.0001204543794827595,0.030830129039150587,0.00011340793268477256,0.0023361900180752415,0.002151405782879476,-0.01861839396951836,1.4554250550897514e-06,5.230052396061459e-06,0.4795014938712652,4.10197571778197e-08,4.10197571778197e-08,2,2.8846782148089614e-06,44.715638793073595,3.587173250792574e-09,3.3306690738754696e-16,0.9990131752858298,1.0010351495714953,0.03911616616189445,0.9998816770200208,0.9994313731150851,0.0,3.469446951953614e-18,True
2,2,0.015625,1.015625,0.00048152733278030715,0.061585985597045485,0.0003855867237431143,0.002142205875395015,0.001971095050823875,-0.018618228212537623,1.4813077756990921e-06,5.157350074909685e-06,0.47811785105910537,4.044954653095226e-08,8.146930370877196e-08,2,2.8733600322667067e-06,42.136144964024425,3.6137105269546e-09,3.3306690738754696e-16,0.9989928161822708,1.0010463265598584,0.03910523750054262,0.9996559055442321,0.9994302952376614,0.0,3.469446951953614e-18,True
2,3,0.0234375,1.0234375,0.0010823490035218985,0.09219347612134185,0.0008304228316088347,0.0018252172142513554,0.00169144120409879,-0.01861722464709802,1.530674257462475e-06,5.057834352207136e-06,0.4767476201724154,3.966903603669643e-08,1.211383397454684e-07,2,2.853767216472872e-06,44.9094651970081,3.7982447666096425e-09,1.1102230246251565e-16,0.998956803797635,1.0010671352509326,0.0390851403204318,0.9992370380258214,0.9994275176479682,0.0,3.469446951953614e-18,True
2,4,0.03125,1.03125,0.001921471959676957,0.12257886448646711,0.0014509474687145474,0.001386136177953828,0.001280089077732375,-0.018614340303638326,1.60470718410904e-06,4.932655191840271e-06,0.47539444893856736,3.8687244962129166e-08,1.5982558470759755e-07,2,2.826519862781843e-06,43.76881557889283,3.697329871241637e-09,0.0,0.9989053393278757,1.0011012885346895,0.039056121583479084,0.998652600563636,0.9994230572573363,0.0,3.469446951953614e-18,True
2,5,0.0390625,1.0390625,0.0029968746805456026,0.152668949630404,0.0022448799189568325,0.0009248511873953268,0.0007802038424748844,-0.01860812794943722,1.7051108358476077e-06,4.78324721837716e-06,0.47406192569681777,3.751542519288492e-08,1.9734100990048247e-07,2,2.791455220040723e-06,48.84260877314955,3.6881766821292387e-09,1.1102230246251565e-16,0.9988386068351881,1.0011537606869276,0.03901827402391684,0.9979045758942857,0.9994169163860642,0.0,3.469446951953614e-18,True
2,6,0.046875,1.046875,0.004305966426779118,0.1823912419024606,0.003209311274641524,0.0005172766003481862,0.0004082851273872915,-0.01859674879923244,1.8340593022398866e-06,4.611331021961655e-06,0.4727535650836229,3.616707146755541e-08,2.3350808136803789e-07,2,2.7486517125371144e-06,51.15941474912688,3.723461940205938e-09,1.1102230246251565e-16,0.9987568659653483,1.0012182728141057,0.038971770623712876,0.996995493224053,0.9994090998404787,0.0,3.469446951953614e-18,True
2,7,0.0546875,1.0546875,0.00584559348169792,0.21167413769718818,0.004340747587947891,0.0010035267093019989,0.0007519150442259551,-0.01857798883461885,1.993974569800964e-06,4.419043095214831e-06,0.47147277407413324,3.465894048414103e-08,2.6816702185217893e-07,2,2.6987065665001636e-06,59.653938512085006,3.568933737543366e-09,5.551115123125783e-16,0.9986608614519786,1.0012937992461568,0.038917103382176944,0.9959284019324389,0.9993998076041399,0.0,3.469446951953614e-18,True
2,8,0.0625,1.0625,0.007612046748871327,0.2404470919537385,0.005635056467631405,0.0019039623201216969,0.0016006246823138488,-0.018549278675672052,2.1879163812814223e-06,4.20846802536257e-06,0.4702228741015494,3.300738184210003e-08,3.0117440369427895e-07,2,2.641658560249691e-06,48.29138920106925,3.2638657325127758e-09,4.440892098500626e-16,0.9985506076965659,1.001380562364982,0.03885413413334424,0.9947068640626866,0.9993893583852882,0.0,3.469446951953614e-18,True
2,9,0.0703125,1.0703125,0.009601070687655667,0.26864078810509434,0.007087555679954116,0.0029364683707135525,0.0025476188508596854,-0.018507716871012964,2.418806283857696e-06,3.982269699228926e-06,0.46900703577563124,3.123328863817374e-08,3.324076923324527e-07,2,2.5764248490492857e-06,44.71889854106121,3.2181141545908076e-09,3.3306690738754696e-16,0.9984267375324479,1.0014769811770243,0.038783755423974636,0.9933349796052972,0.9993765507498525,0.0,3.469446951953614e-18,True
2,10,0.078125,1.078125,0.011807873565164495,0.29618730506775104,0.008692885608916567,0.004102875586104363,0.00359053483890657,-0.018450096635054754,2.690513681204223e-06,3.7426663948284537e-06,0.4678283538353332,2.9354059020338245e-08,3.6176175135279095e-07,2,2.5040900349534088e-06,44.10688550490886,3.6831680590386377e-09,2.220446049250313e-16,0.9982894594472277,1.001584214730583,0.03870576593288185,0.9918174157227395,0.9993621542836428,0.0,3.469446951953614e-18,True
2,11,0.0859375,1.0859375,0.014227138999972789,0.3230202808695556,0.01044519200333327,0.005413263054150638,0.004756537139491704,-0.018372935874133422,3.0074544288679876e-06,3.491850938352459e-06,0.4666898659402778,2.7386891515699593e-08,3.891486428684905e-07,2,2.4204652135945865e-06,43.33037222898565,3.4531263926866734e-09,5.551115123125783e-16,0.9981389174370063,1.0017026461507645,0.038603597083530894,0.9901592383960096,0.9993463885586202,0.0,3.469446951953614e-18,True
2,12,0.09375,1.09375,0.016853038769745476,0.3490750725215103,0.012338363639032734,0.006853819744795498,0.0060544427328414335,-0.018272510204260545,3.3756173875262836e-06,3.231397782875235e-06,0.46559466891898005,2.534413469706456e-08,4.144927775655551e-07,2,2.3300573115585024e-06,44.29815745702945,2.817381761139535e-09,3.3306690738754696e-16,0.9979746720879039,1.0018290046446632,0.03828944660129608,0.9883657203710468,0.9993294718203888,0.0,3.469446951953614e-18,True
2,13,0.1015625,1.1015625,0.019679246851935506,0.37428891174839557,0.014365459336649788,0.008400359310018729,0.00745365247639622,-0.018144889546015345,3.7982533995099394e-06,2.964946398843554e-06,0.46454560469986855,2.3254333248630883e-08,4.3774711081418597e-07,2,2.234652496117729e-06,46.57544040493667,2.8053433542654623e-09,0.0,0.9977980258989725,1.0019636843371127,0.037903357830509146,0.9864429347729002,0.9993118030756503,0.0,3.469446951953614e-18,True
2,14,0.109375,1.109375,0.022698954663726303,0.39860105620304215,0.01651908946994396,0.01005313866647,0.008942952638446288,-0.01798597793830774,4.279358413052009e-06,2.6955598364799925e-06,0.4635453413970012,2.114151094049436e-08,4.5888862175468034e-07,2,2.1350606194988195e-06,44.725402522832155,2.546567571678094e-09,3.3306690738754696e-16,0.9976095445573231,1.0021073468358657,0.037485087468420344,0.9843973080506523,0.9992932106975957,0.0,3.469446951953614e-18,True
2,15,0.1171875,1.1171875,0.02590488746450409,0.42195293579996646,0.018791530361865316,0.011805321194801816,0.01051664018011659,-0.01779155570904656,4.822658262178007e-06,2.42632768094903e-06,0.46259635643786706,1.902989965861548e-08,4.779185214132958e-07,2,2.0294211818095857e-06,41.72095437604003,2.4035128312237555e-09,0.0,0.9974099929705745,1.0022594997024048,0.037040495674294786,0.9822355881382094,0.9992735197962849,0.0,3.469446951953614e-18,True
2,16,0.125,1.125,0.029289321881345243,0.44428829381583657,0.02117468032977443,0.013650583856473365,0.012169728994144004,-0.017557324335494798,5.432107451834527e-06,2.1600697763697578e-06,0.4617009683392266,1.694161568640497e-08,4.948601370997008e-07,2,1.9182064078619557e-06,49.42191711580381,2.2938176447184335e-09,0.0,0.9971999959876062,1.002419660011029,0.03657067989228187,0.9799648333238465,0.9992440711531947,0.0,3.469446951953614e-18,True
2,17,0.1328125,1.1328125,0.03284410451529817,0.4655533224168459,0.02366009292305793,0.015583635952874961,0.013897036885104384,-0.017278953721213422,6.111427029387999e-06,1.8995400995978224e-06,0.46086133074042007,1.4898258704580308e-08,5.097583958042811e-07,2,1.8017913302018369e-06,43.110391007969156,2.117315060910845e-09,0.0,0.9969802058977681,1.0025873231580051,0.03607684505071946,0.977592407168213,0.999198802970682,0.0,3.469446951953614e-18,True
2,18,0.140625,1.140625,0.036560671583635455,0.485696792286498,0.026239018692818306,0.01760291444516842,0.015693209447408325,-0.01695213162160857,6.864031583018355e-06,1.6473952978571957e-06,0.4600794271558403,1.2920665029067876e-08,5.22679060833349e-07,2,1.6805560852642073e-06,41.968991031870246,2.043166656386487e-09,4.440892098500626e-16,0.9967512996658485,1.0027619651554214,0.03556030448287308,0.975125943930606,0.9991500813713707,0.0,3.469446951953614e-18,True
2,19,0.1484375,1.1484375,0.040430069550756655,0.5046701760415172,0.028902449113841988,0.019696811365468078,0.017552744431965913,-0.016572614895051147,7.692960081071956e-06,1.4061650707346206e-06,0.45935706645797636,1.1028675314400639e-08,5.337077361477496e-07,2,1.5549148700462201e-06,41.917287428164855,1.8449566666682311e-09,2.220446049250313e-16,0.9965139759117713,1.0029430450333054,0.03502247941532151,0.9725733125028416,0.9990929068668487,0.0,3.469446951953614e-18,True
2,20,0.15625,1.15625,0.044442976698039774,0.5224277651385659,0.031641162470776085,0.02185920795365514,0.01947001621948405,-0.016136282236843994,8.60081162643836e-06,1.1782247410192345e-06,0.4586958791030643,9.240919424421696e-09,5.429486555721713e-07,2,1.4252894121556612e-06,42.4079254581593,1.6699816323204725e-09,4.440892098500626e-16,0.9962689519921331,1.0031300072995435,0.03446489691573314,0.9699425790477972,0.9990337068096227,0.0,3.469446951953614e-18,True
2,21,0.1640625,1.1640625,0.04858972558067784,0.538926779990128,0.034445771456699914,0.024083891365449955,0.02143930024791385,-0.015639188011627985,9.589686977484574e-06,9.657703603550296e-07,0.4580973141031841,7.574621183743985e-09,5.505232767559153e-07,2,1.2921161867555334e-06,41.82062890403904,1.503307864920599e-09,3.3306690738754696e-16,0.9960169609626099,1.003322284444161,0.03388918618652129,0.967241968609528,0.9989726424262705,0.0,3.469446951953614e-18,True
2,22,0.171875,1.171875,0.05286032631740022,0.5541274730242828,0.03730677221127088,0.026364561874510768,0.023454797108372085,-0.015077616757001028,1.0661136710494908e-05,7.707966122253715e-07,0.4575626367483908,6.04542506893048e-09,5.565687018248457e-07,2,1.1558475301208452e-06,42.75324994395487,1.3402170384367442e-09,4.440892098500626e-16,0.9957587485300211,1.0035192995202693,0.03329707314168369,0.964479825954772,0.9989098794336867,0.0,3.469446951953614e-18,True
2,23,0.1796875,1.1796875,0.057244490656971785,0.5679932244400879,0.04021459446284559,0.028694844021490255,0.025510656265746195,-0.014448137887977443,1.1816116596395914e-05,5.950777641724077e-07,0.45709292707162774,4.667246815089934e-09,5.612359486399357e-07,2,1.0168710974283677e-06,42.72468031104654,1.211834227629052e-09,3.3306690738754696e-16,0.9954950699958788,1.0037204686606491,0.03269037321198861,0.9616645759648063,0.9988455875764218,0.0,3.469446951953614e-18,True
2,24,0.1875,1.1875,0.061731656763491016,0.5804906304278862,0.04315965239346442,0.03106830000978406,0.027600999109693228,-0.013747660089428407,1.3054950954184737e-05,4.401518079625861e-07,0.4566890790567949,3.4521490258108178e-09,5.646880976657465e-07,2,8.758848343189598e-07,38.02475498593412,1.0117580410430638e-09,0.0,0.9952266872098827,1.0039252037004818,0.0320709824752449,0.9588046838999361,0.9987799399476407,0.0,3.469446951953614e-18,True
2,25,0.1953125,1.1953125,0.066311014660778,0.5915895836420095,0.04613239579963391,0.03347844438417549,0.02971994133111149,-0.012973484842985284,1.4377304226362653e-05,3.073079516130281e-07,0.4563518005738785,2.410243072033426e-09,5.670983407377799e-07,2,7.331680890870048e-07,39.29714927007444,8.914883337749392e-10,3.3306690738754696e-16,0.9949543655425719,1.0041329146957967,0.03144086705310101,0.9559086159086126,0.9987131129258031,0.0,3.469446951953614e-18,True
2,26,0.203125,1.203125,0.07097153227455377,0.6012633457320116,0.049123361072674454,0.03591876007117087,0.03186161444243676,-0.01212335849740093,1.578216118225704e-05,1.9757750739243866e-07,0.4560816140298709,1.5496176258462576e-09,5.686479583636262e-07,2,5.893209283523059e-07,38.601295930100605,7.322162796449501e-10,0.0,0.994678870901094,1.0043430124012314,0.03080205110947642,0.9529848001591373,0.9986452849636465,0.0,3.469446951953614e-18,True
2,27,0.2109375,1.2109375,0.0757019820096736,0.609488611757696,0.052123221482134885,0.03838271470591692,0.03402018638936833,-0.01119552225853672,1.726781592201161e-05,1.1172820299470657e-07,0.4558788577166725,8.762940425239159e-10,5.695242524061502e-07,2,4.4495508089951657e-07,39.12760268710554,5.204167341478889e-10,0.0,0.994400966765113,1.0045549107269016,0.03015660332400057,0.950041588986131,0.9985766365092329,0.0,3.469446951953614e-18,True
2,28,0.21875,1.21875,0.08049096779838717,0.6162455663327588,0.05512283621421665,0.04086377804388043,0.03618988115074845,-0.010188759448590707,1.883186964669144e-05,5.0261882146828925e-08,0.4557436878339911,3.942083261948623e-10,5.699184607323451e-07,2,3.009698589160796e-07,36.52626933879219,3.5196811846487694e-10,1.1102230246251565e-16,0.9941214113418468,1.004768029057674,0.02950662233992052,0.9470872224487119,0.9985040595381133,0.0,3.469446951953614e-18,True
2,29,0.2265625,1.2265625,0.08532695255446383,0.6215179313617893,0.058113297588631596,0.04335543987386848,0.038364997289478,-0.009102439365564319,2.0471237116916255e-05,1.3415510874360862e-08,0.45567608116092634,1.0521902206886593e-10,5.70023679754414e-07,2,1.5983415048290758e-07,37.45857519400306,1.8827797401360712e-10,1.1102230246251565e-16,0.993840954766655,1.004981794495695,0.028854221262791416,0.9441297937042439,0.9984297668823436,0.0,3.469446951953614e-18,True
2,30,0.234375,1.234375,0.09019828596704393,0.6252930052556279,0.06108597565001994,0.04585120406725199,0.04053992204787681,-0.007936557064933937,2.2182151675617746e-05,1.1627595369659433e-09,0.45567583992462674,9.119624479950646e-12,5.70032799378894e-07,1,4.573225303873054e-05,23.594884512014687,6.67095927878642e-08,3.3306690738754696e-16,0.9935603940384851,1.0051956089527594,0.02820157351104989,0.9411772167963748,0.9983550347746282,0.0,3.469446951953614e-18,True
2,31,0.2421875,1.2421875,0.0950932325672582,0.6275616935306071,0.06403256111516442,0.04834473058980754,0.042709164391593224,-0.006691768387777658,2.396023750661917e-05,1.3234191928973703e-08,0.4557425893584677,1.0379692176317749e-10,5.701365963006571e-07,2,1.4761851171146005e-07,36.68963975016959,1.7627757315887823e-10,1.1102230246251565e-16,0.9932802824620868,1.005409026114894,0.02755058682731007,0.9382371955709404,0.9982801611520495,0.0,3.469446951953614e-18,True
2,32,0.25,1.25,0.09999999999999999,0.6283185307179586,0.06694510142404164,0.050829609718989206,0.04486733670277371,-0.0053694195739868045,2.5800441347055294e-05,4.9101216345224735e-08,0.4558757916056478,3.851051230641129e-10,5.705217014237213e-07,2,2.853568790115197e-07,36.621974736917764,3.4141005725572773e-10,2.220446049250313e-16,0.9930015031409269,1.0056214032773307,0.026903506004859974,0.9353171989875225,0.9982052369826929,0.0,3.469446951953614e-18,True
2,33,0.2578125,1.2578125,0.10490676743274181,0.6275616935306071,0.06981603719359641,0.053299627636152196,0.047009202162194036,-0.003971570828348193,2.7697168594871858e-05,1.0801463523744915e-07,0.45607474431936235,8.471682066566059e-10,5.713688696303779e-07,2,4.2450087718611244e-07,39.03667503595352,5.061449372900772e-10,0.0,0.9927246908943127,1.0058322528788426,0.02626227803036128,0.9324244348267665,0.9981304904798302,0.0,3.469446951953614e-18,True
2,34,0.265625,1.265625,0.10980171403295608,0.625293005255628,0.07263823078496823,0.055748664071979086,0.04912967078796426,-0.0025010132495115003,2.964427741252185e-05,1.890063943228721e-07,0.45633858763046836,1.4823936383541045e-09,5.72851263268732e-07,2,5.622876957740512e-07,38.86999804689549,6.999521146455947e-10,0.0,0.9924505180536652,1.0060410690083965,0.02562884622194374,0.9295658302738988,0.9980561138848286,0.0,1.734723475976807e-18,True
2,35,0.2734375,1.2734375,0.11467304744553618,0.6215179313617893,0.07540499127913625,0.058170737138999666,0.051223814294091397,-0.000961278590236393,3.163513745819517e-05,2.909089217922909e-07,0.4566663099422689,2.281624050605769e-09,5.751328873193378e-07,2,6.978558849495988e-07,37.443030952941626,8.049702959586764e-10,5.551115123125783e-16,0.9921796350082632,1.006247363632415,0.02500507416010342,0.9267480145661705,0.9979822972211267,0.0,3.469446951953614e-18,True
2,36,0.28125,1.28125,0.11950903220161282,0.6162455663327588,0.07811009398622804,0.06056002331115375,0.05328687635536483,0.0006433586103651769,3.366268321503726e-05,4.123734977338186e-07,0.4570567540836376,3.2342813154890874e-09,5.783671686348268e-07,2,8.306942962869343e-07,37.42431792104617,9.727198517285795e-10,0.0,0.9919126685357502,1.0064506676390235,0.02439273280066651,0.9239773054292014,0.9979092274055469,0.0,3.469446951953614e-18,True
2,37,0.2890625,1.2890625,0.12429801799032639,0.609488611757696,0.08074779449619052,0.06291087671026359,0.05531428161067949,0.002307886895248118,3.571947084939304e-05,5.518899264828639e-07,0.45750862376577933,4.328520836667185e-09,5.82695689471494e-07,2,9.60396654693713e-07,39.3818065659143,1.109039891243689e-09,5.551115123125783e-16,0.991650220349966,1.0066505316844694,0.023793489143562795,0.9212596990816627,0.9978370876623813,0.0,3.469446951953614e-18,True
2,38,0.296875,1.296875,0.1290284677254462,0.6012633457320116,0.08331283716385063,0.06521784745658732,0.057301643369282625,0.004026572031818574,3.7797737659533816e-05,7.078071763319791e-07,0.4580204902873568,5.551393428433319e-09,5.882470828999273e-07,2,1.0866189198859027e-06,39.57054592715576,1.269334933780586e-09,0.0,0.9913928658933233,1.0068465268519053,0.023208896694872545,0.9186008637391272,0.9977660566518112,0.0,3.469446951953614e-18,True
2,39,0.3046875,1.3046875,0.133688985339222,0.5915895836420095,0.08580045802686098,0.06747569859872257,0.05924477001646593,0.0057929795912003024,3.988946316563035e-05,8.783546514338349e-07,0.45859079943101316,6.8890121531016695e-09,5.95136095053029e-07,2,1.2090517955788114e-06,39.285126856993884,1.3940146582322382e-09,1.1102230246251565e-16,0.9911411533397867,1.0070382450919677,0.022640387838950723,0.9160061364811893,0.9976963078211866,0.0,3.469446951953614e-18,True
2,40,0.3125,1.3125,0.13826834323650897,0.5804906304278862,0.08820638227021993,0.06967942144048563,0.061139670100234175,0.007600006008115487,4.1986430844811604e-05,1.0616637681968898e-06,0.45921787849361634,8.32672154656093e-09,6.0346281659959e-07,2,1.3274147538069156e-06,41.5845700209029,1.5451407209298956e-09,1.1102230246251565e-16,0.9908956028990585,1.0072252995087692,0.022089268256497027,0.9134805232913698,0.9976280087588072,0.0,3.469446951953614e-18,True
2,41,0.3203125,1.3203125,0.1427555093430282,0.567993224440088,0.09052681645336769,0.0718242487548119,0.0629825560915321,0.009439918039746144,4.408028973435648e-05,1.2557895333597744e-06,0.4598999433951068,9.849266856993692e-09,6.133120834565837e-07,2,1.4414526201919702e-06,40.02882431191392,1.7150601320670131e-09,0.0,0.9906567063072826,1.0074073244352448,0.021556713396251224,0.9110287020263546,0.9975613207411823,0.0,3.469446951953614e-18,True
2,42,0.328125,1.328125,0.14713967368259978,0.5541274730242828,0.09275843581300192,0.07390566586115363,0.06476984678233735,0.011304400413303354,4.616261506899072e-05,1.4587318432400448e-06,0.46063510581349193,1.1440961096742232e-08,6.247530445533259e-07,2,1.5509374712612298e-06,40.0535592159722,1.795067028462131e-09,0.0,0.9904249265771217,1.007583975410021,0.021043767057217888,0.9086550280017601,0.9974963980391717,0.0,3.469446951953614e-18,True
2,43,0.3359375,1.3359375,0.15141027441932217,0.538926779990128,0.09489836704645316,0.07591941921736932,0.06649816844466788,0.013184611323182487,4.8224966964524617e-05,1.668456218724063e-06,0.46142138028890933,1.3085847668643947e-08,6.378388922219699e-07,2,1.6556618106533642e-06,40.62037865095772,1.921325612106413e-09,2.220446049250313e-16,0.9902006980063595,1.007754928919138,0.020551341929429003,0.9063635418840761,0.9974333875938256,0.0,3.469446951953614e-18,True
2,44,0.34375,1.34375,0.1555570233019602,0.522427765138566,0.09694416704423381,0.07786152237680875,0.06816435464799876,0.015071245312615885,5.0258946940627316e-05,1.8829137907371305e-06,0.46225669125422736,1.476785711381636e-08,6.526067493357862e-07,2,1.7554423159170557e-06,41.39679495501332,2.037489014136429e-09,3.3306690738754696e-16,0.9899844263467561,1.0079198820693935,0.020080222069811596,0.9041579795329983,0.9973724286959909,0.0,3.469446951953614e-18,True
2,45,0.3515625,1.3515625,0.15956993044924334,0.5046701760415173,0.0988937981064667,0.07972825934906909,0.06976544488742922,0.016954602954656485,5.225625130331791e-05,2.1000603043451397e-06,0.4631388799434189,1.6470956162483367e-08,6.690777054982696e-07,2,1.850115460786336e-06,40.6205470059067,2.1605007476725296e-09,0.0,0.9897764892343225,1.0080785521456515,0.0196310671175426,0.9020417834309022,0.9973136526693309,0.0,3.469446951953614e-18,True
2,46,0.359375,1.359375,0.16343932841636455,0.48569679228649804,0.10074560020447121,0.08151618527796659,0.07129868201021883,0.018824666635908233,5.4208721363694717e-05,2.317874023622337e-06,0.4640657111424722,1.8179288163416455e-08,6.87256993661686e-07,2,1.939541191440642e-06,41.20816683303565,2.3152714249933433e-09,5.551115123125783e-16,0.9895772367223623,1.0082306760634916,0.019204418105940552,0.900018115332699,0.9972571827753096,0.0,3.469446951953614e-18,True
2,47,0.3671875,1.3671875,0.16715589548470186,0.4655533224168458,0.10249826088419789,0.0832221246071914,0.07276150864473904,0.020671181646138206,5.610838964469486e-05,2.5343723629690757e-06,0.46503487974141616,1.987730352480976e-08,7.071342971864958e-07,2,2.023594784819771e-06,43.499527405016124,2.366554709162801e-09,2.220446049250313e-16,0.9893869921062103,1.0083760097123564,0.01880070460281882,0.898089869805878,0.9972031340165165,0.0,3.469446951953614e-18,True
2,48,0.375,1.375,0.17071067811865476,0.4442882938158366,0.1041507834014701,0.08484316676386643,0.07415156254218164,0.022483741689798588,5.794752262092849e-05,2.747627241362907e-06,0.4660440170674972,2.154988013901126e-08,7.28684177325507e-07,2,2.102174271127498e-06,41.53976435493678,2.473158887880642e-09,4.440892098500626e-16,0.9892060526971056,1.0085143273094304,0.018420253070807628,0.8962596883095005,0.9971516133116777,0.0,3.469446951953614e-18,True
2,49,0.3828125,1.3828125,0.1740951125354959,0.4219529357999666,0.10570245367742925,0.08637665963106769,0.07546667116303489,0.02425187786319191,5.971865911032403e-05,2.9557790234277516e-06,0.46709069696820776,2.3182432723543783e-08,7.518666100490508e-07,2,2.175192211370982e-06,40.88617846695706,2.553303400028386e-09,5.551115123125783e-16,0.9890346908918617,1.0086454206495838,0.018063296075299228,0.8945299735262285,0.9971027194494285,0.0,3.469446951953614e-18,True
2,50,0.390625,1.390625,0.1773010453362737,0.39860105620304215,0.10715280663653881,0.08782020129345917,0.07670484549754496,0.02596515008462535,6.141464495875611e-05,3.1570491068857123e-06,0.4681724416335713,2.4761011545588284e-08,7.766276215946391e-07,2,2.242582613021992e-06,41.25986604602076,2.6609195702151363e-09,5.551115123125783e-16,0.9888731551899174,1.008769098372926,0.017729982284441212,0.892902903640178,0.9970565430900203,0.0,3.469446951953614e-18,True
2,51,0.3984375,1.3984375,0.1803207531480645,0.3742889117483956,0.1085015924559175,0.08917162967263535,0.0778642732818198,0.027613239925078817,6.302866350256492e-05,3.349751083493527e-06,0.4692867271376267,2.6272389958181464e-08,8.029000115528205e-07,2,2.304289807989555e-06,41.04858818394132,2.7132012515160584e-09,0.0,0.9887216713765238,1.0088851851890475,0.01742038680444057,0.8913804463712391,0.9970131672331215,0.0,3.469446951953614e-18,True
2,52,0.40625,1.40625,0.18314696123025453,0.3490750725215103,0.1097487432172558,0.0904290113065968,0.07894331184836685,0.02918604376383215,6.455426263865563e-05,3.5323006024800444e-06,0.47043098870157446,2.7704141760016875e-08,8.306041533128374e-07,2,2.3602759311160347e-06,40.277709861053154,2.8898670962644846e-09,1.1102230246251565e-16,0.988580443623585,1.0089935211581653,0.017134521888892258,0.8899643725318642,0.99697266737007,0.0,3.469446951953614e-18,True
2,53,0.4140625,1.4140625,0.1857728610000272,0.32302028086955564,0.11089434039767054,0.09159062886608711,0.07994048064137559,0.030673765186903065,6.598537816102233e-05,3.7032239139342377e-06,0.47160262567269223,2.9044708201982215e-08,8.596488615148196e-07,2,2.4105186793779323e-06,41.68290715198964,2.921317898472343e-09,4.440892098500626e-16,0.98844965572258,1.0090939608990395,0.016872347629886465,0.8886562689293207,0.9969351115959458,0.0,3.469446951953614e-18,True
2,54,0.421875,1.421875,0.18819212643483552,0.2961873050677512,0.11193858359979914,0.0926549679752629,0.08085445359915543,0.03206700555545455,6.731635369568836e-05,3.861165165943592e-06,0.4727990062199296,3.028345521925178e-08,8.899323167340714e-07,2,2.4550036964971737e-06,42.13365845801309,2.899008543670279e-09,5.551115123125783e-16,0.988329472236255,1.0091863729366446,0.01663378247967051,0.8874575505152656,0.996900561134831,0.0,3.469446951953614e-18,True
2,55,0.4296875,1.4296875,0.19039892931234437,0.26864078810509434,0.11288176085235269,0.0936207038876494,0.08168405157865387,0.03335685169560711,6.854195796207245e-05,4.0048925998450716e-06,0.47401747176101744,3.141072202118092e-08,9.213430387552523e-07,2,2.493730562469655e-06,41.31742172292434,2.9639034579644307e-09,0.0,0.9882200396347385,1.0092706389797317,0.016418713530951767,0.8863694716524317,0.9968690706312446,0.0,3.469446951953614e-18,True
2,56,0.4375,1.4375,0.19238795325112867,0.24044709195373856,0.11372422078027544,0.09448668814615123,0.08242823498877176,0.03453495969921519,6.965739911408186e-05,4.133303656106463e-06,0.47525534112872536,3.241786113717806e-08,9.537608998924303e-07,2,2.526711163649007e-06,40.48828195105307,3.054572595850896e-09,0.0,0.9881214873963413,1.009346653344419,0.016227006281915743,0.8853931364485563,0.9968406882489276,0.0,3.469446951953614e-18,True
2,57,0.4453125,1.4453125,0.19415440651830207,0.21167413769718837,0.11446634688187163,0.09525193532809492,0.08308609655371438,0.03559363387583713,7.065833671409993e-05,4.245429100958143e-06,0.4765099144903678,3.3297270782239463e-08,9.870581706746697e-07,2,2.553963853712021e-06,40.3133006838616,3.083177073225449e-09,5.551115123125783e-16,0.9880339290209224,1.0094143222956806,0.01605851380706332,0.8845295080967047,0.9968154563456456,0.0,3.469446951953614e-18,True
2,58,0.453125,1.453125,0.1956940335732209,0.18239124190246064,0.11510853411801059,0.0959156106987748,0.0836568546914244,0.036525899957958075,7.15408918381587e-05,4.340436308076349e-06,0.47777847704458315,3.404242059547377e-08,1.0211005912701436e-06,2,2.575520973461084e-06,43.26601437898353,3.2380730803964663e-09,4.440892098500626e-16,0.9879574630045549,1.0094735635944505,0.015913085239767217,0.8837794171979616,0.9967934115844929,0.0,3.469446951953614e-18,True
2,59,0.4609375,1.4609375,0.1970031253194544,0.15266894963040414,0.11565116796823682,0.09647701849545431,0.08413984729567152,0.03732557173309711,7.230165493171266e-05,4.417631672216837e-06,0.4790583025058217,3.464787057044564e-08,1.0557484618405892e-06,2,2.5914140847100666e-06,45.94257858605124,3.1273590983259125e-09,0.0,0.9878921736874376,1.0095243059983932,0.015790573393126506,0.8831435690803816,0.9967745853523354,0.0,3.469446951953614e-18,True
2,60,0.46875,1.46875,0.19807852804032305,0.12257886448646735,0.11609460608517685,0.09693559155886194,0.08453452619363949,0.03798731035634478,7.293769284194871e-05,4.476462408637963e-06,0.4803466564137891,3.510928516820445e-08,1.0908577470087936e-06,2,2.6016891301937234e-06,41.95612692204304,3.159462573136988e-09,1.1102230246251565e-16,0.987838132033442,1.0095664888353884,0.015690841607027002,0.8826225500553334,0.9967590038284825,0.0,3.469446951953614e-18,True
2,61,0.4765625,1.4765625,0.19891765099647812,0.09219347612134189,0.11643916264039245,0.0972908819611993,0.08484045228149492,0.038506675683801464,7.344655405101216e-05,4.516517630287898e-06,0.48164079928103304,3.5423441765760054e-08,1.1262811887745537e-06,2,2.606397520681749e-06,41.6258886710275,3.168057040331703e-09,2.220446049250313e-16,0.9877953962574163,1.0096000616822718,0.015613769535121141,0.8822168327293951,0.9967466884695428,0.0,3.469446951953614e-18,True
2,62,0.484375,1.484375,0.19951847266721967,0.061585985597045624,0.11668509543803618,0.09754255337154855,0.08505729147278669,0.03888016906006027,7.382627303338802e-05,4.5375288777700815e-06,0.48293798960901474,3.558823481264626e-08,1.1618694235871999e-06,2,2.6055968090284356e-06,44.17829652293585,3.1437900549755096e-09,0.0,0.9877640124190371,1.0096249840736886,0.015559257992042977,0.881926780256218,0.9967376558084595,0.0,3.469446951953614e-18,True
2,63,0.4921875,1.4921875,0.19987954562051724,0.030830129039150556,0.1168325958404276,0.09769037451226156,0.0851848115247201,0.03910526709017617,7.407537360120382e-05,4.539370100327474e-06,0.48423548679564715,3.5602675681780244e-08,1.19747209926898e-06,2,2.599222285228761e-06,39.7393144138623,3.485493076306872e-09,0.0,0.9877440148132026,1.0096412252814762,0.015527232646394494,0.88175264966576,0.9967319188854213,0.0,3.469446951953614e-18,True
2,64,0.5,1.5,0.2,7.694682774887159e-17,0.11688178155420581,0.09773421549704867,0.08522287963938702,0.039180446027431426,7.419287206573863e-05,4.522057249255108e-06,0.4855305539750735,3.546688948056005e-08,1.2329389887495402e-06,2,2.5876927191968e-06,42.09865327598527,3.1384592933663685e-09,0.0,0.9877354262864646,1.0096487641367944,0.015517646969783763,0.8816945942049992,0.9967294849996211,0.0,3.469446951953614e-18,True
2,65,0.5078125,1.5078125,0.19987954562051724,-0.030830129039150403,0.11683269228961679,0.09767404421834436,0.08517146106615087,0.03910519651173939,7.417827882220763e-05,4.485747269466542e-06,0.48682046079600316,3.518210714163359e-08,1.2681210958911737e-06,2,2.5707408249341864e-06,40.09747106488794,3.1689500228751772e-09,0.0,0.9877382584297477,1.0096475889896739,0.015530483604841402,0.8817526647469124,0.9967303582282235,0.0,3.469446951953614e-18,True
2,66,0.515625,1.515625,0.1995184726672197,-0.06158598559704548,0.11668528831094649,0.0975099261976978,0.08503061871771912,0.03888002849888744,7.403160046842961e-05,4.430736841199611e-06,0.48810248619160224,3.475065555398642e-08,1.30287175144516e-06,2,2.5484460449819354e-06,40.83190921111964,3.2929413306462997e-09,1.1102230246251565e-16,0.9877525116160055,1.0096376976341028,0.015565755094684868,0.8819268102501369,0.9967345379682074,0.0,3.469446951953614e-18,True
2,67,0.5234375,1.5234375,0.19891765099647812,-0.09219347612134175,0.11643945188702598,0.09724202498526224,0.08480051346123832,0.0385064663272336,7.375334032708713e-05,4.357460540200123e-06,0.4893739211468029,3.417594313310302e-08,1.3370476945782631e-06,2,2.5212107743216243e-06,43.22248509014025,3.0914695793441133e-09,0.0,0.9877781749473481,1.0096190974007395,0.015623503187514532,0.8822168773027,0.9967420195137282,0.0,3.469446951953614e-18,True
2,68,0.53125,1.53125,0.19807852804032305,-0.12257886448646718,0.11609499162388015,0.09687060550212016,0.08448140574091469,0.0379870339752468,7.334449926605034e-05,4.266488711489321e-06,0.4906320715101807,3.34624431447378e-08,1.370510137723001e-06,2,2.488775686941595e-06,40.75796859082766,3.092459039030746e-09,0.0,0.9878152260422619,1.009591805216108,0.01570379726543966,0.8826226087136203,0.9967527936783485,0.0,3.469446951953614e-18,True
2,69,0.5390625,1.5390625,0.1970031253194544,-0.15266894963040398,0.11565164968195596,0.09639603816745809,0.08407365772775505,0.03732523066969873,7.280657525227493e-05,4.158524804023103e-06,0.4918742608637218,3.261567280041622e-08,1.4031258105234172e-06,2,2.4513418904135124e-06,42.57429007207975,3.1141697729764934e-09,2.220446049250313e-16,0.9878636307611083,1.0095558477961413,0.015806731524459203,0.8831436411625807,0.996766846867694,0.0,3.469446951953614e-18,True
2,70,0.546875,1.546875,0.1956940335732209,-0.18239124190246045,0.11510911184762529,0.09581880520902236,0.08357773656736853,0.036525497109670825,7.214156247619347e-05,4.034402293966175e-06,0.4930978334851123,3.16421691264051e-08,1.4347679796498223e-06,2,2.4089921209531212e-06,41.761145817814395,2.9766088074314342e-09,3.3306690738754696e-16,0.9879233426654247,1.0095112618876316,0.015932421160939285,0.8837795018915813,0.9967841609938052,0.0,3.469446951953614e-18,True
2,71,0.5546875,1.5546875,0.19415440651830207,-0.21167413769718824,0.11446702041512768,0.09513950878931389,0.08299421851427913,0.03559317267507425,7.135194975454212e-05,3.895081131881648e-06,0.4943001574323666,3.054946109871037e-08,1.4653174407485327e-06,2,2.3618210039027737e-06,42.43080453784205,3.043001023374521e-09,2.220446049250313e-16,0.9879943025986465,1.0094580945797855,0.016080997578921306,0.8845296044336234,0.99680471286235,0.0,3.469446951953614e-18,True
2,72,0.5625,1.5625,0.1923879532511287,-0.24044709195373842,0.1137249898417626,0.09435887976857409,0.08232379358655455,0.034534444089255656,7.044071723614302e-05,3.741643545524814e-06,0.49547862776147017,2.934603672402402e-08,1.4946634774725567e-06,2,2.3099155425831495e-06,41.91456042416394,2.874215674720625e-09,4.440892098500626e-16,0.9880764378775322,1.0093964036192697,0.01625260243798601,0.8853932433257229,0.9968284743816042,0.0,3.469446951953614e-18,True
2,73,0.5703125,1.5703125,0.19039892931234437,-0.2686407881050942,0.11288262509144953,0.09347778870438672,0.08156727123411699,0.03335628610255008,6.941133254985738e-05,3.5752893565037206e-06,0.4966306699174727,2.8041306307881945e-08,1.5227047837804387e-06,2,2.2533722215369048e-06,40.03637625114061,2.8243555994878886e-09,3.3306690738754696e-16,0.9881696615932652,1.0093262579292563,0.016447380952931304,0.8863695878255075,0.996855411969389,0.0,3.469446951953614e-18,True
2,74,0.578125,1.578125,0.18819212643483552,-0.29618730506775104,0.11193954257747663,0.09249725707852938,0.08072558639524659,0.03206639485633513,6.826774492946778e-05,3.397330554748662e-06,0.49775374330882993,2.6645559901756938e-08,1.5493503436821956e-06,2,2.1922882590772113e-06,43.7651597710792,2.7463986142752976e-09,3.3306690738754696e-16,0.9882738717264732,1.009247738001833,0.016665474147073936,0.8874576746222902,0.996885486593617,0.0,3.469446951953614e-18,True
2,75,0.5859375,1.5859375,0.1857728610000272,-0.3230202808695555,0.11089539357201861,0.09141847005556863,0.07979980617355666,0.030673114674052572,6.701437757223332e-05,3.209185166206952e-06,0.498845345087767,2.5169919206852848e-08,1.5745202628890485e-06,2,2.126762851628722e-06,42.13132242509164,2.7467691128547806e-09,1.1102230246251565e-16,0.9883889501495767,1.009160936526597,0.016907010432140743,0.8886563994883245,0.9969186526706513,0.0,3.469446951953614e-18,True
2,76,0.59375,1.59375,0.18314696123025453,-0.3490750725215102,0.1097498899257745,0.09024278905495413,0.0787911369217222,0.029185359105589885,6.565611814137073e-05,3.012370341854966e-06,0.49990301415583344,2.3626283370624385e-08,1.5981465462596728e-06,2,2.0569000701907707e-06,42.54105102806352,2.5736186532996405e-09,1.1102230246251565e-16,0.9885147615990918,1.009065958928679,0.01717209636255055,0.8899645079582221,0.9969548590213275,0.0,3.469446951953614e-18,True
2,77,0.6015625,1.6015625,0.1803207531480645,-0.3742889117483955,0.10850283190101062,0.08897176544838714,0.0777009315749845,0.02761252712298886,6.41983064199846e-05,2.8084945449833637e-06,0.5009243354034597,2.202726771097141e-08,1.6201738139706442e-06,2,1.9828066715495533e-06,41.53298474708572,2.4834683697925012e-09,4.440892098500626e-16,0.9886511525787294,1.0089629240925295,0.017460806932918526,0.8913805849904164,0.9969940472702077,0.0,3.469446951953614e-18,True
2,78,0.609375,1.609375,0.17730104533627372,-0.398601056203042,0.10715413786640571,0.08760715363296907,0.0765306972020387,0.025964415427279966,6.26467195046189e-05,2.5992488326251282e-06,0.5019069441974348,2.038613533572043e-08,1.6405599493063647e-06,2,1.9045946060375376e-06,41.111565170111135,2.4443154679046336e-09,1.1102230246251565e-16,0.9887979501977116,1.008851965002937,0.017773175311756463,0.8929030437046591,0.9970361522805984,0.0,3.469446951953614e-18,True
2,79,0.6171875,1.6171875,0.17409511253549592,-0.42195293579996657,0.10570387557060745,0.0861509238727758,0.07528210243589292,0.02425112787691698,6.100755368678928e-05,2.3863971200438143e-06,0.5028485311184677,1.871672078615612e-08,1.6592766700925208e-06,2,1.8223776429632038e-06,43.27694586501457,2.301281144501216e-09,3.3306690738754696e-16,0.9889549609715284,1.0087332295073537,0.018109182312337362,0.8945301132268486,0.9970811015226643,0.0,3.469446951953614e-18,True
2,80,0.625,1.625,0.17071067811865479,-0.44428829381583657,0.1041522946469301,0.0846052746522631,0.07395698493679931,0.022482983086411622,5.928740309431852e-05,2.1717654225225937e-06,0.5037468469542734,1.7033345659433938e-08,1.6763100157519547e-06,2,1.7362761955308044e-06,42.21928670001216,2.3794580413220107e-09,0.0,0.9891219696380148,1.0086068810555644,0.01846874572252627,0.8962598257926602,0.997128814797714,0.0,3.469446951953614e-18,True
2,81,0.6328125,1.6328125,0.1671558954847019,-0.4655533224168457,0.10249985996502309,0.08297264379869518,0.07255735845504728,0.02067042126805187,5.7493234529470416e-05,1.957229998502639e-06,0.5045997079417305,1.5350725614180355e-08,1.6916607413661351e-06,2,1.6464152758552287e-06,40.819571463158354,2.086702374380707e-09,2.220446049250313e-16,0.9892987379554266,1.0084730995345317,0.018851709679073448,0.8980900031870392,0.9971792042438449,0.0,3.469446951953614e-18,True
2,82,0.640625,1.640625,0.1634393284163646,-0.48569679228649776,0.100747285380131,0.08125571834534427,0.07108541949767354,0.01882391139889266,5.5632358440290895e-05,1.7447043992599866e-06,0.5054050012511156,1.368386879997909e-08,1.7053446101661142e-06,2,1.5529244220467967e-06,41.51626285118982,1.992763867300284e-09,3.3306690738754696e-16,0.9894850036029501,1.0083320819886812,0.019257834301979283,0.9000182427193002,0.9972321737745702,0.0,3.469446951953614e-18,True
2,83,0.6484375,1.6484375,0.15956993044924334,-0.5046701760415174,0.09889556739628247,0.07945744266998683,0.06954355341760443,0.01695385978862016,5.3712395795687596e-05,1.5361254176593762e-06,0.506160690698461,1.204796565222147e-08,1.7173925758183356e-06,2,1.4559406686029346e-06,40.34712816611864,1.8807912817287053e-09,2.220446049250313e-16,0.9896804790138745,1.0081840434505687,0.019686785789405917,0.9020419029374166,0.9972876192874819,0.0,3.469446951953614e-18,True
2,84,0.65625,1.65625,0.15555702330196022,-0.5224277651385659,0.09694601821186966,0.07758102479554393,0.06793433973799332,0.015070521100810894,5.1741240743312436e-05,1.333437962855316e-06,0.5068648226667452,1.0458270263067466e-08,1.727850846081403e-06,2,1.3556071851847153e-06,42.153690297855064,1.726416146015612e-09,5.551115123125783e-16,0.9898848504133914,1.0080292176628562,0.020138127251011783,0.9041580893028236,0.9973454281896587,0.0,3.469446951953614e-18,True
2,85,0.6640625,1.6640625,0.1514102744193222,-0.5389267799901278,0.09490029758508967,0.07562994023602045,0.06626055673350283,0.013183912840284709,4.972701901314778e-05,1.1385789112022082e-06,0.5075155322099645,8.929973722724762e-09,1.7367808198041278e-06,2,1.2520741426606468e-06,39.72714589792304,1.681213969005022e-09,1.1102230246251565e-16,0.9900977769248792,1.0078678578076505,0.02061131037905878,0.9063636401008794,0.9974054798598263,0.0,3.469446951953614e-18,True
2,86,0.671875,1.671875,0.1471396736825998,-0.5541274730242828,0.09276044293348407,0.07360793371228182,0.06452518487165486,0.011303734262868655,4.767804225558243e-05,9.534600323924017e-07,0.5081110493127264,7.478070207661196e-09,1.744258890011789e-06,2,1.1455018470818229e-06,42.703687007771805,1.5237120409689328e-09,4.440892098500626e-16,0.9903188897683701,1.0077002371774444,0.021105668404689425,0.9086551129165716,0.9974676453416347,0.0,3.469446951953614e-18,True
2,87,0.6796875,1.6796875,0.14275550934302825,-0.5679932244400878,0.09052889707173373,0.07151901816210739,0.06273140939031262,0.009439290591580884,4.560275818248652e-05,7.799500756480854e-07,0.5086497052641691,6.117216481043542e-09,1.7503761064928325e-06,2,1.0360559835900682e-06,39.229417382972315,1.3227273835929406e-09,2.220446049250313e-16,0.9905477916878933,1.0075266497176232,0.02162041029656657,0.9110287719729078,0.997531787703057,0.0,3.469446951953614e-18,True
2,88,0.6875,1.6875,0.13826834323650902,-0.5804906304278861,0.08820853299927045,0.06936747113836875,0.06088262152503126,0.007599423336146106,4.350969730617507e-05,6.198562112901657e-07,0.509129939112963,4.86158633734438e-09,1.7552376928301769e-06,2,9.239158374242015e-07,38.7831830480136,1.2211719001133897e-09,0.0,0.9907840564951208,1.007347410562495,0.022154616649510822,0.9134805767051343,0.997597762234172,0.0,3.469446951953614e-18,True
2,89,0.6953125,1.6953125,0.133688985339222,-0.5915895836420095,0.08580267516827567,0.06715782860027739,0.058982418650346376,0.005792447412458121,4.14074161739874e-05,4.7490496521597165e-07,0.5095503041538432,3.7247210697872073e-09,1.758962413899964e-06,2,8.092748780869342e-07,40.25364009314217,1.0423937970526727e-09,3.3306690738754696e-16,0.9910272288639028,1.007162856379256,0.02270723725304838,0.9160061719161925,0.9976654167648491,0.0,3.469446951953614e-18,True
2,90,0.703125,1.703125,0.12902846772544627,-0.6012633457320115,0.08331511670366354,0.06489487620894692,0.0570346031242481,0.004026095647187361,3.930443781594769e-05,3.4672287776039993e-07,0.5099094743961761,2.7193777761075426e-09,1.7616817916760715e-06,2,6.923383247281923e-07,37.57417048397474,8.872589806055123e-10,0.0,0.9912768242849829,1.0069733456093575,0.02327709059222974,0.9186008798901416,0.9977345920557829,0.0,3.469446951953614e-18,True
2,91,0.7109375,1.7109375,0.12429801799032641,-0.609488611757696,0.08075013210164317,0.0625836380508406,0.05504317977192399,0.002307471132641066,3.7209190254148e-05,2.3681714158294655e-07,0.5102062509691049,1.8573774998112966e-09,1.7635391691758828e-06,2,5.733428444431068e-07,38.25506783998571,7.353258288323266e-10,2.220446049250313e-16,0.9915323293242647,1.006779258595923,0.023862865352641715,0.921259694794439,0.9978051223939843,0.0,3.469446951953614e-18,True
2,92,0.71875,1.71875,0.11950903220161287,-0.6162455663327587,0.07811248500606938,0.06022936333126947,0.05301235213379723,0.0006430077710125066,3.5129943371400754e-05,1.465564547821701e-07,0.5104395684034226,1.1494550594817058e-09,1.7646886242353645e-06,2,4.525753000519299e-07,37.54675593110733,5.809559961287162e-10,2.220446049250313e-16,0.9917932020293443,1.0065809974941153,0.024463123984296686,0.9239772797202189,0.997876836017945,0.0,3.469446951953614e-18,True
2,93,0.7265625,1.7265625,0.11467304744553625,-0.6215179313617893,0.07540743074589151,0.057837510985226104,0.05094651734437526,-0.0009615607817052797,3.307474531006468e-05,7.715239868533665e-08,0.5106085007387999,6.051129931590464e-10,1.7652937372285235e-06,2,3.304525280044023e-07,38.67373055801727,4.241137237271349e-10,1.1102230246251565e-16,0.9920588726545173,1.0063789860293828,0.02507630833426508,0.9267479666356988,0.9979495558490676,0.0,3.469446951953614e-18,True
2,94,0.734375,1.734375,0.10980171403295605,-0.625293005255628,0.07264071341967093,0.055413732720320075,0.04885025971181403,-0.0025012236905185485,3.1051359118596864e-05,2.9641629064296867e-08,0.5107122674001903,2.3248188249287505e-10,1.7655262191110164e-06,2,2.0788508515024139e-07,37.30836040806025,2.6797719809784144e-10,2.220446049250313e-16,0.9923287445860073,1.0061736690829992,0.02570074731181993,0.929565759519374,0.9980231001276931,0.0,3.469446951953614e-18,True
2,95,0.7421875,1.7421875,0.10490676743274181,-0.6275616935306071,0.06981855547250204,0.05296405745969232,0.046728532365759926,-0.003971707078632146,2.906624743068106e-05,4.858962027359966e-09,0.5107502005387548,3.8109263044614845e-11,1.765564328374061e-06,1,8.340595934889425e-05,25.226372865960002,1.1079665378464154e-07,2.220446049250313e-16,0.9926023023554928,1.0059654239864482,0.026334683063103135,0.932424341172815,0.9980972586373966,0.0,3.469446951953614e-18,True
2,96,0.75,1.75,0.10000000000000003,-0.6283185307179586,0.06694765446491624,0.05049365574350005,0.044585551133318586,-0.005369479890395752,2.7129979359670103e-05,3.4668752094858873e-09,0.5107219289403988,2.7191004695471632e-11,1.7655915193787564e-06,1,7.045217971257345e-05,24.232842703117058,9.982294632931214e-08,0.0,0.9928785378805581,1.0057550731191829,0.026976304466754822,0.9353170818127,0.9981718505240671,0.0,3.469446951953614e-18,True
2,97,0.7578125,1.7578125,0.09509323256725824,-0.6275616935306071,0.06403513859362597,0.048009860815597376,0.04242742927121233,-0.006691751752262338,2.524413741456782e-05,2.5871641124557356e-08,0.5106270507909297,2.0291353821235516e-10,1.7657944329169689e-06,2,1.8335166317013364e-07,37.87628945009783,2.7718556211406646e-10,1.1102230246251565e-16,0.9931572256536009,1.0055426368761275,0.02762340062804209,0.938237054839667,0.99824680705152,0.0,3.469446951953614e-18,True
2,98,0.765625,1.765625,0.09019828596704399,-0.625293005255628,0.06108857247935506,0.045518093837330895,0.04025876956819945,-0.007936463206038007,2.34178060461529e-05,7.225022932159695e-08,0.510465444944076,5.666648512059491e-10,1.7663610977681748e-06,2,3.090293231482805e-07,37.384299381868914,4.2541515702594977e-10,4.440892098500626e-16,0.9934374456357931,1.0053289437542738,0.028274259545035,0.9411770527450756,0.998321763602983,0.0,3.469446951953614e-18,True
2,99,0.7734375,1.7734375,0.08532695255446382,-0.6215179313617893,0.05811590665021138,0.04302488479343379,0.038085101196345235,-0.009102268772481367,2.1655748304390598e-05,1.4255386991471125e-07,0.510237134074942,1.1180624372067673e-09,1.7674791602053816e-06,2,4.363653071356109e-07,38.76165525894612,5.713375632978398e-10,2.220446049250313e-16,0.9937185302412043,1.005114457958133,0.028926716248905953,0.9441296073084473,0.9983965915260071,0.0,3.469446951953614e-18,True
2,100,0.78125,1.78125,0.08049096779838717,-0.6162455663327588,0.05512545083151921,0.040536636146587104,0.035911924955276064,-0.010188513377580274,1.9962822498172082e-05,2.3647965207557e-07,0.5099423137132416,1.8547305401642998e-09,1.769333890745546e-06,2,5.641250505201783e-07,38.88570145517588,7.283252824244014e-10,1.1102230246251565e-16,0.9939997542908574,1.0048997311810615,0.02957867705229905,0.9470870142068429,0.998470270749053,0.0,3.469446951953614e-18,True
2,101,0.7890625,1.7890625,0.07570198200967362,-0.609488611757696,0.05212583454949382,0.03805980607208339,0.03374484841265135,-0.011195202731223137,1.8343246075786592e-05,3.5347301502231697e-07,0.5095813550849373,2.7723196914902013e-09,1.7721062104370362e-06,2,6.91766241216854e-07,37.910609593149275,8.943907690223571e-10,2.220446049250313e-16,0.9942803784977483,1.0046853277446097,0.030228030922540273,0.9500413598614325,0.998539866727876,0.0,3.469446951953614e-18,True
2,102,0.796875,1.796875,0.0709715322745538,-0.6012633457320116,0.04912596530306235,0.03560088955577191,0.03158956958200293,-0.012122968290916808,1.6800567937029533e-05,4.927267749628349e-07,0.5091548073527434,3.864499078289397e-09,1.7759707095153255e-06,2,8.188970931510977e-07,37.940919595072046,1.1278862181270468e-09,1.1102230246251565e-16,0.9945596520141815,1.0044718226636737,0.030872665855653438,0.9529845513400546,0.9986089165402172,0.0,3.469446951953614e-18,True
2,103,0.8046875,1.8046875,0.06631101466077804,-0.5915895836420095,0.046134983751867975,0.033166400066019903,0.02945185945026304,-0.012973027471761957,1.5337648704421315e-05,6.531832211180037e-07,0.5086633992261842,5.122972982653645e-09,1.781093682497979e-06,2,9.451693945860939e-07,40.68346471199766,1.2673449795925213e-09,0.0,0.9948368150701994,1.0042597995235365,0.031510484951302715,0.9559083488000744,0.9986772381124008,0.0,3.469446951953614e-18,True
2,104,0.8125,1.8125,0.061731656763490995,-0.5804906304278861,0.04316221649994256,0.03076285195068473,0.02733754344417298,-0.013747139778638985,1.395664925948672e-05,8.335393913894539e-07,0.5081080399103317,6.537522159183447e-09,1.7876312046571626e-06,2,1.0702522948330411e-06,40.11971918097697,1.4156164575920765e-09,0.0,0.9951111017757166,1.0040498482607152,0.03213942185896509,0.9588044001152846,0.9987446505878296,0.0,3.469446951953614e-18,True
2,105,0.8203125,1.8203125,0.05724449065697179,-0.5679932244400879,0.040217127061568214,0.028396743524733137,0.02525248175580848,-0.01444755953872838,1.265902813572091e-05,1.032255546729069e-06,0.5074898193784114,8.096070300207718e-09,1.7957272749573703e-06,2,1.1938166706820329e-06,41.20050773094408,1.6228726631404384e-09,4.440892098500626e-16,0.9953817429605444,1.0038425628253547,0.03275745538369164,0.9616642773139795,0.9988109743724499,0.0,3.469446951953614e-18,True
2,106,0.828125,1.828125,0.052860326317400244,-0.5541274730242828,0.03730926557726344,0.026074540880436037,0.023202548747302463,-0.015076985903478503,1.1445547653101672e-05,1.2475668794697481e-06,0.5068100079438104,9.784775865242916e-09,1.8055120508226132e-06,2,1.3155334460891093e-06,42.606937248958275,1.6931684920670858e-09,1.1102230246251565e-16,0.9956479691068291,1.003638538723629,0.033362622882888195,0.9644795144275863,0.9988760322083049,0.0,3.469446951953614e-18,True
2,107,0.8359375,1.8359375,0.048589725580677846,-0.538926779990128,0.034448217835792216,0.023802662618894996,0.021193611424579366,-0.01563851077051485,1.0316288955239955e-05,1.477498400896277e-06,0.5060700551164371,1.1588148845510897e-08,1.817100199668124e-06,2,1.4350758563771987e-06,41.28695187391713,1.867604903126878e-09,2.220446049250313e-16,0.9959090133583738,1.0034383705307597,0.0339530323046214,0.9672416463629051,0.9989396495121986,0.0,3.469446951953614e-18,True
2,108,0.84375,1.84375,0.044442976698039816,-0.522427765138566,0.03164355411554998,0.021587465620170568,0.01923150699874091,-0.01613556524943147,9.27067604866e-06,1.7198828660163036e-06,0.5052715877422823,1.3489191349480206e-08,1.8305893910176041e-06,2,1.552109178455433e-06,41.78300342801958,1.995991998928779e-09,0.0,0.9961641145266502,1.00324264934313,0.03452687276309789,0.9699422483850086,0.9990016548265958,0.0,3.469446951953614e-18,True
2,109,0.8515625,1.8515625,0.04043006955075671,-0.5046701760415175,0.028904778319288726,0.019435232509138298,0.017322019877046815,-0.016571865262574967,8.307508129942238e-06,1.9723816853001414e-06,0.5044164074043685,1.5469561615466446e-08,1.8460589526330707e-06,2,1.6663047743154548e-06,43.17613736097701,2.1386505430611483e-09,1.1102230246251565e-16,0.9964125201728442,1.0030519601458703,0.03508242333720756,0.9725729758541917,0.9990618804843732,0.0,3.469446951953614e-18,True
2,110,0.859375,1.859375,0.03656067158363544,-0.4856967922864979,0.02624127783328023,0.01735216166875193,0.015470857903601191,-0.016951356834441527,7.425000429272303e-06,2.2325084958685364e-06,0.5035064870991792,1.750975888251318e-08,1.8635687115155838e-06,2,1.7773286875248933e-06,42.37877694587223,2.2895022759807722e-09,4.440892098500626e-16,0.9966534896501984,1.0028668792973623,0.03561806027794147,0.9751256038298163,0.9991171923895493,0.0,3.469446951953614e-18,True
2,111,0.8671875,1.8671875,0.03284410451529817,-0.4655533224168459,0.023662274491474844,0.015346767137356323,0.01368362828639609,-0.017278161582640797,6.620832525451838e-06,2.4976552657123014e-06,0.5025439671778916,1.9589328128065022e-08,1.8831580396436489e-06,2,1.8848501538828674e-06,42.415883177891374,2.4422580793185015e-09,2.220446049250313e-16,0.9968862971790624,1.0026879718792538,0.03613226237274871,0.9775920662288148,0.9991658441628155,0.0,3.469446951953614e-18,True
2,112,0.875,1.875,0.029289321881345268,-0.44428829381583673,0.021176776973495737,0.0134271009076795,0.011965813190574812,-0.01755652288088707,5.892203817368826e-06,2.7651205643941376e-06,0.5015311505632848,2.168708179754727e-08,1.9048451214411962e-06,2,1.9885379994551133e-06,43.4401768790558,2.5723229532446203e-09,0.0,0.997110234900303,1.0025157892114067,0.036623614645113,0.9799644942132242,0.9992118043820076,0.0,3.469446951953614e-18,True
2,113,0.8828125,1.8828125,0.025904887464504114,-0.4219529357999667,0.018793534922914135,0.011595107304478365,0.010322745280225148,-0.017790753121322736,5.235895271227116e-06,3.032139694613032e-06,0.5004704972505069,2.378133612885379e-08,1.92862645757005e-06,2,2.0880653955899338e-06,44.76113012107089,2.6660955312941016e-09,0.0,0.9973246158309789,1.0023508663164857,0.037090810367941526,0.9822352535582293,0.9992345187034595,0.0,3.469446951953614e-18,True
2,114,0.890625,1.890625,0.022698954663726335,-0.3986010562030424,0.01652099502167903,0.009856981492015592,0.008759583459098027,-0.017985182460649625,4.648336589705212e-06,3.2959163040070544e-06,0.49936461810557153,2.58501590864744e-08,1.954476616656524e-06,2,2.1838320512570458e-06,43.22235347493552,4.542577472646973e-09,4.440892098500626e-16,0.9975287768933794,1.002193719552893,0.037532651551529427,0.9843969807013421,0.9992563136667292,0.0,3.469446951953614e-18,True
2,115,0.8984375,1.8984375,0.019679246851935495,-0.3742889117483955,0.014367259974145896,0.008219187400714974,0.007281340312341416,-0.018144109392880407,4.125683219815961e-06,3.5536517857941187e-06,0.49821626847862477,2.787160095328551e-08,1.98234821760981e-06,2,2.2752251332379026e-06,46.67711842316203,2.8963525947229598e-09,5.551115123125783e-16,0.9977220810580273,1.002044839790854,0.037947681228647355,0.986442616428378,0.9992771378588171,0.0,3.469446951953614e-18,True
2,116,0.90625,1.90625,0.016853038769745476,-0.3490750725215103,0.012340053184925592,0.00668653923548431,0.005894016854197662,-0.01827175350494519,3.6645421590860945e-06,3.8021640670850662e-06,0.49702840327014547,2.982070445403414e-08,2.012168922063844e-06,2,2.360236080903292e-06,43.55140880611725,3.1204735924967704e-09,0.0,0.9979036306955058,1.0019047871911857,0.03832898391130208,0.9883653985496621,0.999297137843668,0.0,3.469446951953614e-18,True
2,117,0.9140625,1.9140625,0.0142271389999728,-0.3230202808695557,0.010446887694438023,0.005261816625111096,0.004616560389281305,-0.018372210551639227,3.2606303726349624e-06,4.038702892487153e-06,0.4958041084348298,3.1675899095760035e-08,2.043844821159604e-06,2,2.4402501960654633e-06,59.59590136096813,3.2229522449007105e-09,2.220446049250313e-16,0.9980730056291065,1.001771354030265,0.038564115668455974,0.9901588234170424,0.9993165868065688,0.0,3.469446951953614e-18,True
2,118,0.921875,1.921875,0.011807873565164518,-0.2961873050677512,0.008694432803931007,0.003972188313352219,0.003476166301058436,-0.018449410366572744,2.9109958959491256e-06,4.2596008769292215e-06,0.4945467373100669,3.34084212574322e-08,2.0772532424170363e-06,2,2.5208225506254474e-06,48.03483603405766,3.2984675974073928e-09,4.440892098500626e-16,0.9982286625990691,1.0016478426981865,0.038654122791825396,0.9918170166947828,0.9993349510577878,0.0,3.469446951953614e-18,True
2,119,0.9296875,1.9296875,0.009601070687655689,-0.2686407881050946,0.007088965888726095,0.0028291239549185815,0.0024439217579830725,-0.018507076801764166,2.6085588690287962e-06,4.4643831874827335e-06,0.49325946545294813,3.501454678297094e-08,2.1122677892000074e-06,2,2.5881034979229954e-06,46.46521264594048,3.328719097251821e-09,0.0,0.998371556102143,1.001534727914229,0.03873692685630211,0.993334613115656,0.9993518471706119,0.0,3.469446951953614e-18,True
2,120,0.9375,1.9375,0.0076120467488713485,-0.2404470919537389,0.005636330901525599,0.0018098904868591335,0.0015051885347699965,-0.018548691478359042,2.349427299914697e-06,4.650771961945624e-06,0.49194557298042385,3.647641020041883e-08,2.148744199400426e-06,2,2.648177708227243e-06,45.58920481498353,3.39749252607887e-09,0.0,0.9985012103742157,1.0014321350366273,0.03881227724418805,0.9947065270416734,0.9993671481322159,0.0,3.469446951953614e-18,True
2,121,0.9453125,1.9453125,0.00584559348169792,-0.21167413769718815,0.004341882786379037,0.0009252124176060233,0.000683370804270517,-0.018577460642544067,2.1296109224222403e-06,4.816913225712796e-06,0.4906084024731542,3.7779470625220265e-08,2.1865236700256463e-06,2,2.70319058509416e-06,46.671485527884215,3.782047797715058e-09,0.0,0.998617339042629,1.0013391181481375,0.03888026435212383,0.9959280894805105,0.9993802154203285,0.0,3.469446951953614e-18,True
2,122,0.953125,1.953125,0.004305966426779118,-0.1823912419024607,0.003210299766269409,0.0005336522115740409,0.00045290062259252474,-0.01859628517668494,1.9459799291888752e-06,4.960587035480824e-06,0.48925142622325296,3.890631684839295e-08,2.2254299868740394e-06,2,2.75080017170155e-06,46.33967882418074,3.5469090359286186e-09,1.1102230246251565e-16,0.9987194280111004,1.0012571826766248,0.038940085940614225,0.9969952166810256,0.999392238691212,0.0,3.469446951953614e-18,True
2,123,0.9609375,1.9609375,0.0029968746805456026,-0.1526689496304042,0.0022457098288722888,0.0009867031176366058,0.0008320089775645234,-0.018607733796286014,1.7952781352052534e-06,5.080165185894368e-06,0.48787818664772237,3.984417871330103e-08,2.26527416558734e-06,2,2.7920517683934064e-06,44.79664954193868,3.5464436081577056e-09,3.3306690738754696e-16,0.9988072568750591,1.0011863407166397,0.03899175517167778,0.9979043427250114,0.9994027914292215,0.0,3.469446951953614e-18,True
2,124,0.96875,1.96875,0.0019214719596769682,-0.12257886448646742,0.0014516154599945041,0.0014413127767593371,0.0013340064489663732,-0.018614019806800882,1.6747786740274995e-06,5.1740836141741205e-06,0.48649230835816554,4.058078913912726e-08,2.3058549547264676e-06,2,2.82618538903807e-06,51.095144289080054,3.9618613343102936e-09,0.0,0.9988801598406946,1.0011274543356745,0.039034830634959994,0.9986524116247878,0.999411708420809,0.0,3.469446951953614e-18,True
2,125,0.9765625,1.9765625,0.0010823490035219098,-0.09219347612134225,0.0008309262156291908,0.001866769765664634,0.0017299357425544885,-0.018616981219967414,1.5820100900579962e-06,5.2412041014197966e-06,0.48509746820996313,4.1107220975746905e-08,2.3469621757022147e-06,2,2.8528894944122997e-06,46.60828680312261,3.7064319243855907e-09,3.3306690738754696e-16,0.9989378611282403,1.001086584837153,0.03906912730449787,0.9992368952822122,0.9994189769805929,0.0,3.469446951953614e-18,True
2,126,0.984375,1.984375,0.00048152733278030715,-0.06158598559704542,0.0003859236110961284,0.002169983684993046,0.001996509775099647,-0.018618064452792252,1.5149480619722795e-06,5.280706212800487e-06,0.4836973806137023,4.141703948121107e-08,2.388379215183426e-06,2,2.8724499956167764e-06,45.43932475405745,3.760967901644591e-09,2.220446049250313e-16,0.9989801607421506,1.0010593205415586,0.03909454129116398,0.9996558097992272,0.9994245869363702,0.0,3.469446951953614e-18,True
2,127,0.9921875,1.9921875,0.0001204543794827595,-0.030830129039150635,0.00011351253309543896,0.0023501146773513473,0.002164294075228903,-0.018618311627291908,1.4720733241505477e-06,5.292077432812169e-06,0.4822957853321444,4.150622495171345e-08,2.4298854401351394e-06,2,2.884259952681776e-06,43.72329717990942,3.619694113930181e-09,0.0,0.9990068392859248,1.0010416557936914,0.039110818472395496,0.9998813684050055,0.9994285122663557,0.0,3.469446951953614e-18,True
2,128,1.0,2.0,0.0,-1.5389365549774318e-16,2.2213099269641212e-05,0.002405705802381697,0.0022137681196089825,-0.018618351487398266,1.4523875818745363e-06,5.2751476782917555e-06,0.4808964327091353,4.1373443410169016e-08,2.4712588835453084e-06,2,2.8883592195608956e-06,45.79570591682568,3.620816329582362e-09,4.440892098500626e-16,0.9990178506476417,1.0010336000132707,0.03911799242079009,0.9999451349979043,0.9994307659763747,0.0,3.469446951953614e-18,True
