family,source_level,group_id,valence,vertex_count,normal_absolute_error_mean,normal_absolute_error_maximum,normal_absolute_error_rms,tangential_speed_mean,tangential_speed_maximum,tangential_speed_rms
B,1,1,5,2,0.11302043014565273,0.11302043014565273,0.11302043014565273,0.046599086988425936,0.046599086988426026,0.046599086988425929
B,1,2,5,2,0.11559856009653086,0.11559856009653117,0.11559856009653086,0.029063064735293132,0.029063064735293159,0.029063064735293132
B,1,3,5,2,0.10270528059145309,0.10270528059145309,0.10270528059145309,0.039299918503601136,0.039299918503601233,0.039299918503601136
B,1,4,5,2,0.10214842905538316,0.10214842905538327,0.10214842905538317,0.066197101328746802,0.066197101328746816,0.066197101328746802
B,1,5,5,2,0.10861660160451617,0.10861660160451617,0.10861660160451617,0.044559153909862745,0.044559153909862745,0.044559153909862745
B,1,6,5,2,0.10878848676007796,0.10878848676007828,0.10878848676007796,0.05538210115920672,0.055382101159206776,0.05538210115920672
B,1,7,6,2,0.038262432333350173,0.038262432333350173,0.038262432333350173,0.015379168943579756,0.015379168943579756,0.015379168943579756
B,1,8,6,2,0.016569012057540862,0.016569012057540862,0.016569012057540862,0.045588642437356192,0.045588642437356205,0.045588642437356192
B,1,9,6,2,0.047662642629769408,0.047662642629769568,0.047662642629769401,0.057145678326055854,0.057145678326055875,0.057145678326055854
B,1,10,6,2,0.029875617034891777,0.029875617034891777,0.029875617034891777,0.022472520721097539,0.022472520721097584,0.022472520721097539
B,1,11,6,2,0.019676775388777861,0.019676775388777861,0.019676775388777861,0.047390444471449605,0.047390444471449654,0.047390444471449605
B,1,12,6,2,0.02776629150199602,0.027766291501996075,0.027766291501996023,0.06759584251861693,0.067595842518616958,0.06759584251861693
B,1,13,6,2,0.053879567306170627,0.053879567306170627,0.053879567306170627,0.049548809397749,0.049548809397749111,0.049548809397748993
B,1,14,6,2,0.039184101912650621,0.039184101912650891,0.039184101912650621,0.041068776618090462,0.041068776618090511,0.041068776618090462
B,1,15,6,2,0.00085638716321406565,0.00085638716321406565,0.00085638716321406565,0.017874323042797669,0.01787432304279768,0.017874323042797669
B,1,16,6,2,0.051466996261351858,0.051466996261351858,0.051466996261351858,0.050136377047743846,0.05013637704774386,0.050136377047743846
B,1,17,6,2,0.043206777242023944,0.043206777242024055,0.043206777242023951,0.066061456644521718,0.066061456644521774,0.066061456644521718
B,1,18,6,2,0.024844127671726918,0.024844127671727025,0.024844127671726918,0.031905167490241436,0.031905167490241478,0.031905167490241436
B,1,19,6,2,0.054804479229674102,0.054804479229674158,0.054804479229674102,0.047100872415757694,0.047100872415757715,0.047100872415757701
B,1,20,6,2,0.033631570817768491,0.033631570817768595,0.033631570817768491,0.053398646077948933,0.053398646077948961,0.05339864607794894
B,1,21,6,2,0.0221159486439471,0.0221159486439471,0.0221159486439471,0.061348018267551006,0.061348018267551069,0.061348018267551006
B,2,1,5,2,0.14817729732143342,0.1481772973214335,0.14817729732143339,0.01377315805984957,0.013773158059849626,0.01377315805984957
B,2,2,5,2,0.13906376953675098,0.1390637695367512,0.13906376953675098,0.0073812412186853417,0.0073812412186854293,0.0073812412186853417
B,2,3,5,2,0.14356996786617965,0.14356996786617965,0.14356996786617965,0.01437625109949137,0.014376251099491396,0.01437625109949137
B,2,4,5,2,0.13637808880654409,0.13637808880654409,0.13637808880654409,0.018084242510505184,0.018084242510505184,0.018084242510505184
B,2,5,5,2,0.14697523133860119,0.14697523133860141,0.14697523133860119,0.014516311085539281,0.01451631108553934,0.014516311085539281
B,2,6,5,2,0.14273655629649701,0.14273655629649723,0.14273655629649701,0.015220550964373653,0.015220550964373747,0.015220550964373653
B,2,7,6,2,0.02395092010310548,0.02395092010310548,0.02395092010310548,0.0044896733599949458,0.0044896733599949458,0.0044896733599949458
B,2,8,6,2,0.012565030099857257,0.012565030099857257,0.012565030099857257,0.014231733720831263,0.014231733720831287,0.014231733720831263
B,2,9,6,2,0.025048468453002362,0.02504846845300247,0.025048468453002362,0.015912262254767565,0.015912262254767644,0.015912262254767561
B,2,10,6,2,0.013543392836397284,0.013543392836397284,0.013543392836397284,0.0056650271563572583,0.0056650271563573398,0.0056650271563572574
B,2,11,6,2,0.0026037324996756091,0.0026037324996756091,0.0026037324996756091,0.012565417918476082,0.012565417918476157,0.012565417918476082
B,2,12,6,2,0.00044100289949521032,0.00044100289949542716,0.00044100289949521032,0.018552420044624023,0.018552420044624093,0.018552420044624023
B,2,13,6,2,0.032813727402818293,0.032813727402818342,0.032813727402818287,0.015016540080160337,0.015016540080160375,0.015016540080160337
B,2,14,6,2,0.018039164595336242,0.01803916459533635,0.018039164595336242,0.012430009503440548,0.012430009503440613,0.012430009503440548
B,2,15,6,2,0.027485506948768279,0.027485506948768605,0.027485506948768283,0.0054758660608028829,0.0054758660608030018,0.0054758660608028829
B,2,16,6,2,0.031420290730581966,0.031420290730581966,0.031420290730581966,0.014484948936144597,0.014484948936144597,0.014484948936144597
B,2,17,6,2,0.016779042542699692,0.016779042542699799,0.016779042542699692,0.018023845542065882,0.018023845542065892,0.018023845542065882
B,2,18,6,2,0.0065613688690481335,0.0065613688690481335,0.0065613688690481335,0.0082695112898900983,0.0082695112898902544,0.0082695112898900965
B,2,19,6,2,0.032059938221116926,0.032059938221116982,0.032059938221116926,0.015181476913700229,0.015181476913700398,0.015181476913700229
B,2,20,6,2,0.0056680542689442788,0.0056680542689442788,0.0056680542689442788,0.016739658600243512,0.01673965860024355,0.016739658600243512
B,2,21,6,2,0.0038138590682456567,0.0038138590682458735,0.0038138590682456567,0.016589489309168266,0.016589489309168377,0.016589489309168266
B,2,22,6,2,0.0057440779045324526,0.0057440779045324526,0.0057440779045324526,0.0096933485995303846,0.0096933485995303846,0.0096933485995303846
B,2,23,6,2,0.0028712406190481172,0.0028712406190481172,0.0028712406190481172,0.024021930306167921,0.024021930306167921,0.024021930306167921
B,2,24,6,2,0.020996032448627456,0.020996032448627456,0.020996032448627456,0.013352327302992097,0.013352327302992269,0.013352327302992097
B,2,25,6,2,0.009833284347961083,0.009833284347961083,0.009833284347961083,0.0075487475548144684,0.0075487475548144684,0.0075487475548144684
B,2,26,6,2,0.005768007596005059,0.0057680075960051674,0.0057680075960050599,0.0065876394893748195,0.0065876394893748429,0.0065876394893748203
B,2,27,6,2,0.010829192422325863,0.010829192422325863,0.010829192422325863,0.010440942373263411,0.010440942373263446,0.010440942373263413
B,2,28,6,2,0.013638349826589742,0.01363834982658985,0.01363834982658974,0.029002253971212158,0.029002253971212252,0.029002253971212158
B,2,29,6,2,0.0010931985601954916,0.0010931985601956001,0.0010931985601954916,0.013575048775272842,0.013575048775272897,0.013575048775272842
B,2,30,6,2,0.012885748260421095,0.012885748260421095,0.012885748260421095,0.01747515190535906,0.017475151905359088,0.017475151905359056
B,2,31,6,2,0.0050134432046031185,0.0050134432046031185,0.0050134432046031185,0.0073187037058528078,0.0073187037058529275,0.0073187037058528078
B,2,32,6,2,0.013148367268954984,0.013148367268954984,0.013148367268954984,0.019418018205514441,0.019418018205514458,0.019418018205514441
B,2,33,6,2,0.016494948276693747,0.016494948276693858,0.016494948276693747,0.015655011184106452,0.015655011184106529,0.015655011184106452
B,2,34,6,2,0.00067450929840616979,0.00067450929840616979,0.00067450929840616979,0.013735789038296009,0.013735789038296009,0.013735789038296009
B,2,35,6,2,0.0065635015894009935,0.0065635015894011019,0.0065635015894009935,0.019593754952568952,0.019593754952568959,0.019593754952568949
B,2,36,6,2,0.0092803930604865754,0.0092803930604866847,0.0092803930604865754,0.004538563763907392,0.0045385637639075551,0.004538563763907392
B,2,37,6,2,0.0036889788251496863,0.0036889788251497947,0.0036889788251496863,0.0077561021782452336,0.0077561021782452414,0.0077561021782452328
B,2,38,6,2,0.0018103587369235064,0.0018103587369235064,0.0018103587369235064,0.021967496542686316,0.021967496542686385,0.021967496542686316
B,2,39,6,2,0.01185988430789733,0.01185988430789744,0.011859884307897332,0.01409440195833702,0.014094401958337111,0.01409440195833702
B,2,40,6,2,0.0017757423361793728,0.0017757423361793728,0.0017757423361793728,0.0083308054591975534,0.0083308054591978119,0.0083308054591975534
B,2,41,6,2,0.012884148237192168,0.012884148237192168,0.012884148237192168,0.03071755314882731,0.03071755314882731,0.03071755314882731
B,2,42,6,2,0.0036488116534651172,0.0036488116534651172,0.0036488116534651172,0.010776622558130576,0.010776622558130626,0.010776622558130578
B,2,43,6,2,0.013643817305321,0.013643817305321109,0.013643817305321002,0.026804613634679557,0.026804613634679595,0.026804613634679557
B,2,44,6,2,0.02109204129526767,0.021092041295267885,0.02109204129526767,0.014066851673120793,0.014066851673120868,0.014066851673120793
B,2,45,6,2,0.0095109620202054775,0.009510962020205585,0.0095109620202054757,0.024217382492653629,0.024217382492653698,0.024217382492653629
B,2,46,6,2,0.00030168280351454413,0.00030168280351454413,0.00030168280351454413,0.0029701775711344228,0.0029701775711344432,0.0029701775711344232
B,2,47,6,2,0.012660810263174756,0.012660810263174756,0.012660810263174756,0.0084626303595653572,0.0084626303595653832,0.0084626303595653572
B,2,48,6,2,0.0042731734322653528,0.0042731734322654612,0.0042731734322653528,0.011235347110486923,0.011235347110486972,0.011235347110486923
B,2,49,6,2,0.014721852747854843,0.01472185274785506,0.014721852747854843,0.029714810791491839,0.029714810791491891,0.029714810791491839
B,2,50,6,2,0.0033287474502266372,0.0033287474502266372,0.0033287474502266372,0.013679053768010574,0.013679053768010627,0.013679053768010574
B,2,51,6,2,0.00099551121620277891,0.00099551121620277891,0.00099551121620277891,0.0076273546405076732,0.0076273546405076732,0.0076273546405076732
B,2,52,6,2,0.012027448949472174,0.012027448949472391,0.012027448949472174,0.019758181764550124,0.019758181764550145,0.019758181764550124
B,2,53,6,2,0.01217406801800984,0.01217406801800984,0.01217406801800984,0.015123628350998229,0.015123628350998246,0.015123628350998229
B,2,54,6,2,0.012156486796165048,0.012156486796165156,0.012156486796165048,0.025120498841466877,0.025120498841466894,0.025120498841466877
B,2,55,6,2,0.0069203427790731327,0.0069203427790732411,0.0069203427790731327,0.016062561838841374,0.016062561838841406,0.016062561838841378
B,2,56,6,2,0.022295618578237218,0.022295618578237326,0.022295618578237218,0.013199538584944232,0.013199538584944272,0.013199538584944232
B,2,57,6,2,0.0024553274666163803,0.0024553274666164887,0.0024553274666163803,0.016900263718498867,0.016900263718499054,0.016900263718498867
B,2,58,6,2,0.0064504051219857299,0.0064504051219859467,0.0064504051219857299,0.0064364080178603081,0.0064364080178604859,0.0064364080178603081
B,2,59,6,2,0.014415714762637793,0.014415714762637793,0.014415714762637793,0.018448248703249411,0.01844824870324949,0.018448248703249411
B,2,60,6,2,0.0023492185197227303,0.0023492185197227303,0.0023492185197227303,0.011206763561465022,0.011206763561465055,0.01120676356146502
B,2,61,6,2,0.0045691215318639485,0.0045691215318640569,0.0045691215318639485,0.0093380225208542292,0.009338022520854302,0.0093380225208542292
B,2,62,6,2,0.01783715769306405,0.01783715769306405,0.01783715769306405,0.016236572141644669,0.016236572141644791,0.016236572141644669
B,2,63,6,2,0.015164245705739085,0.015164245705739194,0.015164245705739085,0.016204783205854372,0.016204783205854455,0.016204783205854372
B,2,64,6,2,0.017617113769979702,0.017617113769979702,0.017617113769979702,0.036845395657920596,0.036845395657920596,0.036845395657920596
B,2,65,6,2,0.0025558723868477707,0.0025558723868478791,0.0025558723868477707,0.015945573733509018,0.015945573733509025,0.015945573733509018
B,2,66,6,2,0.013402756257551079,0.013402756257551189,0.013402756257551081,0.013960960105432773,0.013960960105432872,0.013960960105432773
B,2,67,6,2,0.0066875244321066944,0.0066875244321066944,0.0066875244321066944,0.022057802580827526,0.022057802580827582,0.022057802580827526
B,2,68,6,2,0.0019328426996755108,0.0019328426996755108,0.0019328426996755108,0.015002734556661934,0.015002734556661965,0.015002734556661934
B,2,69,6,2,0.017268189042562932,0.01726818904256304,0.017268189042562932,0.013424938340222702,0.013424938340222736,0.013424938340222702
B,2,70,6,2,0.011242644251273599,0.011242644251273706,0.011242644251273599,0.0087185915541116189,0.008718591554111671,0.0087185915541116189
B,2,71,6,2,0.0042959387781303995,0.0042959387781303995,0.0042959387781303995,0.006729240578864603,0.0067292405788646663,0.0067292405788646021
B,2,72,6,2,0.012536851120006562,0.012536851120006562,0.012536851120006562,0.024196751159546458,0.024196751159546514,0.024196751159546458
B,2,73,6,2,0.0010207514427626289,0.0010207514427626289,0.0010207514427626289,0.017630072636041785,0.017630072636041837,0.017630072636041782
B,2,74,6,2,0.010614020457253666,0.010614020457253666,0.010614020457253666,0.024701770857093332,0.024701770857093349,0.024701770857093332
B,2,75,6,2,0.0026716723496772237,0.0026716723496773322,0.0026716723496772237,0.0080165991065993085,0.0080165991065995756,0.0080165991065993068
B,2,76,6,2,0.005236017326833587,0.005236017326833587,0.005236017326833587,0.030724011403105968,0.030724011403105995,0.030724011403105971
B,2,77,6,2,0.010579482510852056,0.010579482510852164,0.010579482510852055,0.0040266786663237849,0.0040266786663238846,0.0040266786663237858
B,2,78,6,2,0.011626156179511314,0.011626156179511422,0.011626156179511314,0.032517515328620468,0.03251751532862051,0.032517515328620468
B,2,79,6,2,0.0042637928928847138,0.0042637928928848223,0.0042637928928847138,0.017800488415054491,0.017800488415054522,0.017800488415054491
B,2,80,6,2,0.013857837440226905,0.013857837440226905,0.013857837440226905,0.034751184820338496,0.034751184820338593,0.034751184820338496
B,2,81,6,2,0.0042434856332334084,0.0042434856332336252,0.0042434856332334084,0.022951661687134708,0.022951661687134726,0.022951661687134705
B,3,1,5,2,0.15773561565776997,0.15773561565776997,0.15773561565776997,0.0039966754147576986,0.0039966754147578399,0.0039966754147576994
B,3,2,5,2,0.1446776775957257,0.14467767759572581,0.1446776775957257,0.0018521025958263453,0.001852102595826509,0.0018521025958263453
B,3,3,5,2,0.15485365501352674,0.15485365501352685,0.15485365501352674,0.0049716745109167574,0.0049716745109170211,0.0049716745109167574
B,3,4,5,2,0.14497647294569216,0.1449764729456926,0.14497647294569216,0.0046301005354381346,0.0046301005354384313,0.0046301005354381355
B,3,5,5,2,0.15749018829779721,0.15749018829779743,0.15749018829779721,0.0046179533640295437,0.0046179533640296954,0.0046179533640295428
B,3,6,5,2,0.15172692287167125,0.15172692287167147,0.15172692287167125,0.0038965342825249289,0.0038965342825251505,0.0038965342825249293
B,3,7,6,2,0.020593514656547261,0.020593514656547369,0.020593514656547261,0.0011699877911867571,0.0011699877911867701,0.0011699877911867569
B,3,8,6,2,0.020712676615872259,0.020712676615872259,0.020712676615872259,0.0037776297692035084,0.0037776297692036459,0.0037776297692035084
B,3,9,6,2,0.019027949431822459,0.019027949431822459,0.019027949431822459,0.0040795682512356456,0.0040795682512356655,0.0040795682512356456
B,3,10,6,2,0.0096594325341834604,0.0096594325341835697,0.0096594325341834604,0.0014167451466430884,0.0014167451466436634,0.0014167451466430884
B,3,11,6,2,0.0080346146280052544,0.0080346146280052544,0.0080346146280052544,0.0031795186654211107,0.0031795186654211957,0.0031795186654211107
B,3,12,6,2,0.0065550183417324237,0.0065550183417325322,0.0065550183417324237,0.0047377928337131985,0.0047377928337133434,0.0047377928337131985
B,3,13,6,2,0.026742196323744,0.026742196323744107,0.026742196323744,0.0039548545237481879,0.0039548545237481966,0.0039548545237481879
B,3,14,6,2,0.012264558808676634,0.012264558808676744,0.012264558808676636,0.0032745091842393617,0.0032745091842394133,0.0032745091842393617
B,3,15,6,2,0.034613620047956407,0.034613620047956518,0.034613620047956407,0.0014454908791601377,0.0014454908791602271,0.0014454908791601377
B,3,16,6,2,0.025812647286270432,0.02581264728627054,0.025812647286270432,0.0037571936696521435,0.0037571936696522757,0.0037571936696521435
B,3,17,6,2,0.010089429261566307,0.010089429261566415,0.010089429261566307,0.004590156982769723,0.0045901569827697542,0.004590156982769723
B,3,18,6,2,0.0021607201491156535,0.0021607201491156535,0.0021607201491156535,0.0020816253634131942,0.002081625363413225,0.0020816253634131942
B,3,19,6,2,0.025363740203235275,0.025363740203235438,0.025363740203235275,0.0040736856071462782,0.0040736856071463259,0.0040736856071462791
B,3,20,6,2,0.0024150486818199377,0.0024150486818200461,0.0024150486818199377,0.0044527130112908351,0.0044527130112908516,0.0044527130112908351
B,3,21,6,2,0.010278530365256229,0.010278530365256553,0.010278530365256227,0.0042181447055054926,0.0042181447055057658,0.0042181447055054926
B,3,22,6,2,0.0046170785552651031,0.0046170785552651031,0.0046170785552651031,0.0027927318241033898,0.0027927318241034492,0.0027927318241033898
B,3,23,6,2,0.0098821931901859738,0.0098821931901861906,0.0098821931901859738,0.0092676076318400896,0.009267607631840119,0.0092676076318400896
B,3,24,6,2,0.012029033099887728,0.012029033099887837,0.012029033099887728,0.0035760912163159929,0.0035760912163161837,0.0035760912163159929
B,3,25,6,2,0.0066375597107182953,0.0066375597107186206,0.0066375597107182953,0.0023533617621144779,0.0023533617621144883,0.0023533617621144779
B,3,26,6,2,0.00047346367275890016,0.00047346367275900858,0.00047346367275890016,0.003574489916620795,0.0035744899166209247,0.003574489916620795
B,3,27,6,2,0.0061000386697328745,0.0061000386697329829,0.0061000386697328745,0.0077756900705493737,0.0077756900705494812,0.0077756900705493737
B,3,28,6,2,0.0046996839937793033,0.0046996839937795201,0.0046996839937793033,0.011125373325007959,0.011125373325008073,0.011125373325007959
B,3,29,6,2,0.0026981419321291155,0.0026981419321292239,0.0026981419321291155,0.0030576874777216443,0.0030576874777217601,0.0030576874777216443
B,3,30,6,2,0.0068981287546108962,0.0068981287546111131,0.0068981287546108962,0.0047666932613189732,0.0047666932613191102,0.0047666932613189732
B,3,31,6,2,0.0016849445951325334,0.0016849445951326418,0.0016849445951325334,0.0050005951186055959,0.0050005951186057216,0.005000595118605595
B,3,32,6,2,0.0041571659027082051,0.0041571659027085303,0.0041571659027082051,0.0064358240328969227,0.0064358240328971014,0.0064358240328969236
B,3,33,6,2,0.0081062367879213212,0.0081062367879214305,0.0081062367879213212,0.0049587012244840028,0.0049587012244844504,0.0049587012244840028
B,3,34,6,2,0.0051520108803428718,0.0051520108803430886,0.0051520108803428718,0.0059170487900634975,0.0059170487900636537,0.0059170487900634975
B,3,35,6,2,0.001270785093829838,0.0012707850938300548,0.001270785093829838,0.0080800902705997837,0.0080800902705998427,0.008080090270599782
B,3,36,6,2,0.0054865263049186678,0.0054865263049187762,0.0054865263049186678,0.0018854387147061507,0.0018854387147062338,0.0018854387147061507
B,3,37,6,2,0.00077445757898581338,0.00077445757898581338,0.00077445757898581338,0.0023736730364231841,0.0023736730364233103,0.0023736730364231841
B,3,38,6,2,0.0041172899785021358,0.0041172899785022442,0.0041172899785021358,0.0081889277293785978,0.008188927729378629,0.0081889277293785978
B,3,39,6,2,0.0075944056396142195,0.0075944056396142195,0.0075944056396142195,0.0036852203969377178,0.0036852203969378093,0.0036852203969377178
B,3,40,6,2,0.00025209894231154831,0.00025209894231165673,0.00025209894231154831,0.0011088034248596158,0.0011088034248596689,0.0011088034248596158
B,3,41,6,2,0.0048751955848586352,0.0048751955848587436,0.0048751955848586352,0.011497695136329901,0.011497695136329953,0.011497695136329901
B,3,42,6,2,0.0011674043301669471,0.0011674043301670555,0.0011674043301669471,0.0048614938328084435,0.0048614938328085545,0.0048614938328084435
B,3,43,6,2,0.0033482270780116905,0.0033482270780120157,0.0033482270780116905,0.0091336626424701091,0.0091336626424702739,0.0091336626424701091
B,3,44,6,2,0.012476422009110037,0.012476422009110146,0.012476422009110038,0.0041001707752791336,0.0041001707752792707,0.0041001707752791336
B,3,45,6,2,0.0027953039567279406,0.0027953039567281575,0.0027953039567279406,0.010538655349890924,0.010538655349891089,0.010538655349890924
B,3,46,6,2,0.004246251759237765,0.0042462517592378735,0.004246251759237765,0.0030715428700810732,0.0030715428700811872,0.0030715428700810736
B,3,47,6,2,0.0066244827842302329,0.0066244827842303414,0.0066244827842302329,0.0029511066574936023,0.0029511066574936617,0.0029511066574936023
B,3,48,6,2,0.0098763074426361543,0.0098763074426362618,0.0098763074426361525,0.0067407318708252294,0.0067407318708252893,0.0067407318708252294
B,3,49,6,2,0.0081271237515247868,0.0081271237515247868,0.0081271237515247868,0.012885525938626689,0.0128855259386268,0.012885525938626687
B,3,50,6,2,0.001998452198639011,0.0019984521986392279,0.001998452198639011,0.0033364765999074095,0.0033364765999075391,0.0033364765999074095
B,3,51,6,2,0.0048784176238335624,0.0048784176238335624,0.0048784176238335624,0.002771987684578296,0.002771987684578296,0.002771987684578296
B,3,52,6,2,0.0074827920429887656,0.0074827920429889824,0.0074827920429887656,0.010189238927426245,0.010189238927426273,0.010189238927426245
B,3,53,6,2,0.0075693021336614274,0.0075693021336614274,0.0075693021336614274,0.0040231897488416284,0.0040231897488416284,0.0040231897488416284
B,3,54,6,2,0.0049090942169446742,0.0049090942169447826,0.0049090942169446742,0.01043156379380545,0.010431563793805644,0.01043156379380545
B,3,55,6,2,0.012272498847567008,0.012272498847567008,0.012272498847567008,0.0073623359660213491,0.007362335966021428,0.0073623359660213491
B,3,56,6,2,0.013375814413584246,0.013375814413584246,0.013375814413584246,0.0036232253571898123,0.0036232253571898184,0.0036232253571898128
B,3,57,6,2,0.0020722782044510024,0.0020722782044511109,0.0020722782044510024,0.0072388064590206127,0.0072388064590213231,0.0072388064590206127
B,3,58,6,2,0.0031959333973990848,0.0031959333973991932,0.0031959333973990848,0.0022466402697404963,0.0022466402697405565,0.0022466402697404963
B,3,59,6,2,0.0067290940360127238,0.0067290940360129406,0.0067290940360127238,0.0051696422561033281,0.0051696422561035823,0.0051696422561033281
B,3,60,6,2,0.0015813283265264048,0.0015813283265264048,0.0015813283265264048,0.0054656983775241228,0.0054656983775241419,0.0054656983775241228
B,3,61,6,2,0.0010830906674631508,0.0010830906674633677,0.0010830906674631508,0.0053245921667280805,0.0053245921667282176,0.0053245921667280796
B,3,62,6,2,0.0089948033517403981,0.0089948033517406149,0.0089948033517403981,0.0044994846048378584,0.0044994846048378653,0.0044994846048378575
B,3,63,6,2,0.0066428043754979127,0.0066428043754981295,0.0066428043754979127,0.0052070297967092456,0.0052070297967092517,0.0052070297967092456
B,3,64,6,2,0.0082932721894537383,0.0082932721894538475,0.0082932721894537383,0.014954650727270785,0.014954650727270884,0.014954650727270785
B,3,65,6,2,0.00026426893932375572,0.00026426893932375572,0.00026426893932375572,0.0035340460152468705,0.0035340460152469299,0.0035340460152468709
B,3,66,6,2,0.0081242235615412196,0.0081242235615412196,0.0081242235615412196,0.003723951992261742,0.0037239519922620014,0.003723951992261742
B,3,67,6,2,0.00056579944448793655,0.00056579944448815339,0.00056579944448793655,0.010214667465611834,0.010214667465611942,0.010214667465611834
B,3,68,6,2,0.005004997685040995,0.005004997685040995,0.005004997685040995,0.00828046389903234,0.0082804638990324076,0.0082804638990323417
B,3,69,6,2,0.010099813242470286,0.010099813242470286,0.010099813242470286,0.0038965333612645025,0.003896533361264515,0.003896533361264502
B,3,70,6,2,0.0039646606486659457,0.0039646606486659457,0.0039646606486659457,0.0036776323866662642,0.0036776323866662699,0.0036776323866662647
B,3,71,6,2,0.00054145866679633677,0.00054145866679633677,0.00054145866679633677,0.0045053764480711819,0.0045053764480711819,0.0045053764480711819
B,3,72,6,2,0.0028641806923674186,0.0028641806923675271,0.0028641806923674182,0.0081584567890601364,0.0081584567890603202,0.0081584567890601364
B,3,73,6,2,0.0061568471562711315,0.0061568471562711315,0.0061568471562711315,0.0069311495581078882,0.0069311495581080721,0.0069311495581078882
B,3,74,6,2,0.0040664275600130542,0.0040664275600134879,0.0040664275600130542,0.0096641687432626119,0.0096641687432629138,0.0096641687432626119
B,3,75,6,2,0.00025504537475408776,0.00025504537475408776,0.00025504537475408776,0.0017404484488706866,0.0017404484488708193,0.0017404484488706866
B,3,76,6,2,0.0039781032645895553,0.0039781032645895553,0.0039781032645895553,0.011132864872179803,0.011132864872179828,0.011132864872179805
B,3,77,6,2,0.0046803644649360578,0.0046803644649360578,0.0046803644649360578,0.0061602464297070263,0.0061602464297070775,0.0061602464297070263
B,3,78,6,2,0.0016097507131241154,0.0016097507131241154,0.0016097507131241154,0.011812935174461126,0.011812935174461234,0.011812935174461124
B,3,79,6,2,0.0017284899541025658,0.0017284899541027826,0.0017284899541025658,0.0068011583565732898,0.006801158356573498,0.0068011583565732898
B,3,80,6,2,0.0046170314593137239,0.0046170314593138324,0.0046170314593137239,0.01271199911023874,0.012711999110238792,0.01271199911023874
B,3,81,6,2,0.0021770555853491656,0.0021770555853493825,0.0021770555853491656,0.008469300199803749,0.0084693001998039467,0.0084693001998037507
B,3,82,6,2,0.0016873003853867027,0.0016873003853869195,0.0016873003853867027,0.003081748267617878,0.0030817482676181959,0.003081748267617878
B,3,83,6,2,0.0024829109828235132,0.0024829109828239469,0.0024829109828235132,0.0036418835464588559,0.0036418835464589044,0.0036418835464588563
B,3,84,6,2,0.0091051696668074337,0.0091051696668074337,0.0091051696668074337,0.0032550402462616819,0.0032550402462617426,0.0032550402462616819
B,3,85,6,2,0.00094669614096229947,0.00094669614096229947,0.00094669614096229947,0.002062311938674169,0.0020623119386742454,0.002062311938674169
B,3,86,6,2,0.00081441171051823986,0.00081441171051834828,0.00081441171051823986,0.0091055487664346429,0.009105548766434813,0.0091055487664346429
B,3,87,6,2,0.0030140068657799396,0.0030140068657802648,0.0030140068657799396,0.0013092362341672274,0.001309236234167251,0.0013092362341672274
B,3,88,6,2,0.0043232890233320474,0.0043232890233322642,0.0043232890233320474,0.004717879857914475,0.0047178798579146477,0.004717879857914475
B,3,89,6,2,0.00012545285262097888,0.00012545285262097888,0.00012545285262097888,0.0085093169695487671,0.0085093169695487914,0.0085093169695487688
B,3,90,6,2,0.0059887671008107806,0.0059887671008109974,0.0059887671008107806,0.0037949473540618292,0.0037949473540619424,0.0037949473540618292
B,3,91,6,2,0.0033585693245043874,0.0033585693245043874,0.0033585693245043874,0.0013215429741239308,0.0013215429741239308,0.0013215429741239308
B,3,92,6,2,0.00020480995094448919,0.00020480995094459761,0.00020480995094448919,0.003171622937826574,0.0031716229378265927,0.0031716229378265736
B,3,93,6,2,0.0025540716501640899,0.0025540716501641983,0.0025540716501640899,0.0083766210249451301,0.0083766210249453504,0.0083766210249451301
B,3,94,6,2,0.00048768701641161219,0.00048768701641161219,0.00048768701641161219,0.0029255741966724251,0.0029255741966725392,0.0029255741966724251
B,3,95,6,2,5.3497939564006031e-05,5.3497939564006031e-05,5.3497939564006031e-05,0.0021077569267641,0.0021077569267641278,0.0021077569267641
B,3,96,6,2,0.0026343803876747573,0.0026343803876747573,0.0026343803876747573,0.0032639832840454276,0.0032639832840454545,0.0032639832840454276
B,3,97,6,2,0.0029029643225828797,0.0029029643225828797,0.0029029643225828797,0.0024184966180051679,0.0024184966180052486,0.0024184966180051683
B,3,98,6,2,0.0027048899402240187,0.0027048899402240187,0.0027048899402240187,0.0043899567353797332,0.0043899567353797549,0.0043899567353797332
B,3,99,6,2,0.0022317792776923966,0.0022317792776923966,0.0022317792776923966,0.0072006225074963646,0.0072006225074966032,0.0072006225074963646
B,3,100,6,2,0.0036320149075159177,0.0036320149075161345,0.0036320149075159177,0.010880919698415602,0.010880919698415826,0.010880919698415601
B,3,101,6,2,0.0020400880843971176,0.002040088084397226,0.0020400880843971176,0.0055787270325967035,0.0055787270325968162,0.0055787270325967035
B,3,102,6,2,0.0024927174985889602,0.0024927174985889602,0.0024927174985889602,0.004249974994694615,0.0042499749946947564,0.0042499749946946158
B,3,103,6,2,0.0054681163889381016,0.0054681163889382101,0.0054681163889381016,0.010684537083317777,0.010684537083317841,0.010684537083317777
B,3,104,6,2,0.00061007111702530981,0.00061007111702574349,0.00061007111702530981,0.0029318039989269184,0.0029318039989269292,0.0029318039989269184
B,3,105,6,2,0.0033954536230098187,0.0033954536230100356,0.0033954536230098187,0.002812386318842142,0.0028123863188424499,0.002812386318842142
B,3,106,6,2,0.0017528548660860612,0.0017528548660861697,0.0017528548660860612,0.0058962604179440253,0.0058962604179440374,0.0058962604179440253
B,3,107,6,2,0.0028650606545379317,0.0028650606545379317,0.0028650606545379317,0.0027618591864447869,0.0027618591864449144,0.0027618591864447869
B,3,108,6,2,0.0042021531267511045,0.0042021531267513214,0.0042021531267511045,0.0051813657282608425,0.0051813657282609423,0.0051813657282608425
B,3,109,6,2,0.0023600712800828268,0.0023600712800828268,0.0023600712800828268,0.0039519330970499266,0.003951933097050153,0.0039519330970499275
B,3,110,6,2,0.00071266412828474481,0.00071266412828485323,0.00071266412828474481,0.0037575676610932182,0.0037575676610933687,0.0037575676610932182
B,3,111,6,2,0.0043926272704354445,0.0043926272704354445,0.0043926272704354445,0.0075499200583958367,0.0075499200583961949,0.0075499200583958367
B,3,112,6,2,0.0012419822360554278,0.0012419822360554278,0.0012419822360554278,0.0016690036292012788,0.0016690036292016897,0.0016690036292012788
B,3,113,6,2,0.0062673223136726179,0.0062673223136726179,0.0062673223136726179,0.0071772924430771375,0.0071772924430771896,0.0071772924430771375
B,3,114,6,2,0.001176343926339858,0.0011763439263399664,0.001176343926339858,0.0059462414735765596,0.0059462414735768215,0.0059462414735765587
B,3,115,6,2,0.00064383527997446,0.00064383527997456842,0.00064383527997446,0.00383334374023722,0.0038333437402372945,0.00383334374023722
B,3,116,6,2,0.0027145655385870044,0.0027145655385871128,0.0027145655385870044,0.0045655389053633529,0.0045655389053637059,0.0045655389053633538
B,3,117,6,2,0.00021069858254668151,0.00021069858254668151,0.00021069858254668151,0.0044332122056233124,0.0044332122056234121,0.0044332122056233124
B,3,118,6,2,0.0043049288618389036,0.0043049288618391204,0.0043049288618389036,0.0051702753199494005,0.0051702753199494847,0.0051702753199494005
B,3,119,6,2,0.002318747351111837,0.002318747351111837,0.002318747351111837,0.0033466474710329582,0.0033466474710331599,0.0033466474710329582
B,3,120,6,2,0.00013587037345328019,0.00013587037345349703,0.00013587037345328019,0.0069335069657261933,0.0069335069657262653,0.0069335069657261933
B,3,121,6,2,0.0080155913046836003,0.0080155913046839247,0.0080155913046835985,0.006369531467818791,0.0063695314678188326,0.006369531467818791
B,3,122,6,2,0.00058024697935311811,0.00058024697935322653,0.00058024697935311811,0.0028886089112578799,0.0028886089112580061,0.0028886089112578799
B,3,123,6,2,0.0029710093841496489,0.0029710093841497573,0.0029710093841496489,0.004479594380168473,0.0044795943801686656,0.004479594380168473
B,3,124,6,2,0.0045987437030413966,0.0045987437030416134,0.0045987437030413966,0.0034949938563149097,0.0034949938563152579,0.0034949938563149097
B,3,125,6,2,0.00061328530386592969,0.00061328530386603811,0.00061328530386592969,0.0051441167031961079,0.0051441167031961244,0.0051441167031961088
B,3,126,6,2,0.0030563534434838776,0.0030563534434838776,0.0030563534434838776,0.008236365692208876,0.008236365692208902,0.008236365692208876
B,3,127,6,2,0.0020878961915578222,0.0020878961915578222,0.0020878961915578222,0.00060507577933572904,0.0006050757793357556,0.00060507577933572893
B,3,128,6,2,1.8126139433708756e-05,1.8126139433817176e-05,1.8126139433708756e-05,0.001978369496321292,0.0019783694963217365,0.0019783694963212916
B,3,129,6,2,0.0018656321280891138,0.0018656321280892223,0.0018656321280891138,0.0079522159958354752,0.0079522159958356903,0.0079522159958354752
B,3,130,6,2,0.0015931088031516383,0.0015931088031518551,0.0015931088031516383,0.00082115800547343432,0.00082115800547362969,0.00082115800547343432
B,3,131,6,2,0.001290335723721104,0.001290335723721104,0.001290335723721104,0.0020545536685900256,0.0020545536685900694,0.0020545536685900256
B,3,132,6,2,0.00012312058489177477,0.00012312058489199161,0.00012312058489177477,0.0021782595626426444,0.0021782595626427138,0.0021782595626426444
B,3,133,6,2,0.003998466477635014,0.003998466477635014,0.003998466477635014,0.0029124231877060312,0.0029124231877061505,0.0029124231877060312
B,3,134,6,2,0.00080306895157075675,0.00080306895157097359,0.00080306895157075675,0.0028652842027967126,0.0028652842027967629,0.0028652842027967126
B,3,135,6,2,0.0016587975310315348,0.0016587975310315348,0.0016587975310315348,0.0016663294675490681,0.0016663294675492847,0.0016663294675490681
B,3,136,6,2,0.0024090847394110009,0.0024090847394111093,0.0024090847394110009,0.0044087292549955595,0.0044087292549957347,0.0044087292549955595
B,3,137,6,2,0.00019632625635011142,0.00019632625635011142,0.00019632625635011142,0.003311406081865718,0.003311406081865718,0.003311406081865718
B,3,138,6,2,0.00030619717207678188,0.0003061971720768903,0.00030619717207678188,0.0040659796231161636,0.0040659796231162226,0.0040659796231161628
B,3,139,6,2,0.0023593000109277309,0.0023593000109277309,0.0023593000109277309,0.0037186509427013926,0.0037186509427013965,0.0037186509427013926
B,3,140,6,2,0.00080234959741541222,0.00080234959741552064,0.00080234959741541222,0.0068253283070738892,0.0068253283070739698,0.0068253283070738901
B,3,141,6,2,0.0041956459636111835,0.0041956459636111835,0.0041956459636111835,0.0059987506455635893,0.0059987506455637021,0.0059987506455635893
B,3,142,6,2,0.001986759017214468,0.0019867590172145764,0.001986759017214468,0.0036345421700404259,0.0036345421700404792,0.0036345421700404259
B,3,143,6,2,0.00045081129347395409,0.00045081129347395409,0.00045081129347395409,0.0095060441362842946,0.0095060441362843345,0.0095060441362842963
B,3,144,6,2,0.002172492631915884,0.002172492631915884,0.002172492631915884,0.0036296037099009812,0.0036296037099010051,0.0036296037099009812
B,3,145,6,2,0.0018808850652066731,0.0018808850652067815,0.0018808850652066731,0.0032292121803223686,0.0032292121803224444,0.0032292121803223686
B,3,146,6,2,0.0037138669692864243,0.0037138669692865327,0.0037138669692864243,0.010900190236685588,0.010900190236685649,0.010900190236685588
B,3,147,6,2,0.001653238429521575,0.0016532384295216834,0.001653238429521575,0.00061179826179722744,0.00061179826179754446,0.00061179826179722744
B,3,148,6,2,0.00092727476053329483,0.00092727476053351167,0.00092727476053329483,0.0041991357011898784,0.0041991357011901985,0.0041991357011898784
B,3,149,6,2,0.0016773945133595394,0.0016773945133595394,0.0016773945133595394,0.0019724020024948644,0.0019724020024952035,0.0019724020024948644
B,3,150,6,2,0.00083995720429280805,0.00083995720429291647,0.00083995720429280805,0.002046602286999123,0.0020466022869991265,0.002046602286999123
B,3,151,6,2,0.0052326784093086358,0.0052326784093087442,0.0052326784093086358,0.011930609567596867,0.011930609567596912,0.011930609567596867
B,3,152,6,2,0.00066829248575230732,0.00066829248575252416,0.00066829248575230732,0.0058800704824880324,0.0058800704824881079,0.0058800704824880324
B,3,153,6,2,0.0012567020033748535,0.0012567020033749619,0.0012567020033748535,0.0050875417400917944,0.005087541740091967,0.0050875417400917944
B,3,154,6,2,0.0065294359326076301,0.0065294359326076301,0.0065294359326076301,0.0042001233593927153,0.0042001233593927621,0.0042001233593927144
B,3,155,6,2,0.0010403346065334567,0.0010403346065335651,0.0010403346065334567,0.0038956069257602573,0.003895606925760328,0.0038956069257602573
B,3,156,6,2,0.0052049466536215668,0.0052049466536217837,0.0052049466536215668,0.0075900596736707213,0.0075900596736707803,0.0075900596736707213
B,3,157,6,2,0.0039879805268824538,0.0039879805268827791,0.0039879805268824538,0.0067373427505272639,0.0067373427505273862,0.0067373427505272639
B,3,158,6,2,0.0011681058529320644,0.0011681058529320644,0.0011681058529320644,0.0025474420066964572,0.0025474420066965786,0.0025474420066964572
B,3,159,6,2,0.0051023464611501266,0.005102346461150235,0.0051023464611501266,0.0096347157705685312,0.0096347157705685502,0.0096347157705685312
B,3,160,6,2,0.00764811086920419,0.0076481108692042984,0.00764811086920419,0.0037862047085025097,0.0037862047085026962,0.0037862047085025102
B,3,161,6,2,0.002415240603096877,0.002415240603096877,0.002415240603096877,0.0067903517694605743,0.0067903517694605743,0.0067903517694605743
B,3,162,6,2,0.0015741017043079076,0.001574101704308016,0.0015741017043079076,0.005764258152956862,0.0057642581529570181,0.005764258152956862
B,3,163,6,2,0.0030106865425841896,0.0030106865425841896,0.0030106865425841896,0.003262904306368242,0.003262904306368278,0.003262904306368242
B,3,164,6,2,0.00098594473516260949,0.00098594473516271791,0.00098594473516260949,0.0045852472161382824,0.0045852472161383101,0.0045852472161382824
B,3,165,6,2,0.0017186121469830052,0.0017186121469830052,0.0017186121469830052,0.0023872940901018963,0.0023872940901018963,0.0023872940901018963
B,3,166,6,2,0.003223685076246389,0.0032236850762467142,0.003223685076246389,0.011535711389540744,0.01153571138954089,0.011535711389540744
B,3,167,6,2,0.0012040201683781275,0.0012040201683781275,0.0012040201683781275,0.0032192777408992903,0.0032192777408995518,0.0032192777408992898
B,3,168,6,2,0.003571688470452479,0.003571688470452479,0.003571688470452479,0.0012717252795154009,0.0012717252795156899,0.0012717252795154009
B,3,169,6,2,0.0022277856341631304,0.0022277856341634556,0.0022277856341631304,0.0091580392345119374,0.0091580392345119652,0.0091580392345119374
B,3,170,6,2,0.00043255147080746743,0.00043255147080768427,0.00043255147080746743,0.0031229991340734247,0.0031229991340734416,0.0031229991340734242
B,3,171,6,2,0.0033035569805882434,0.0033035569805882434,0.0033035569805882434,0.0043157810825953146,0.0043157810825953146,0.0043157810825953146
B,3,172,6,2,0.0003147877462027519,0.00031478774620307716,0.0003147877462027519,0.0073000023739151921,0.0073000023739153101,0.0073000023739151921
B,3,173,6,2,0.0018201095813388281,0.0018201095813388281,0.0018201095813388281,0.002640755928090923,0.0026407559280909663,0.002640755928090923
B,3,174,6,2,0.0021662388051141984,0.0021662388051141984,0.0021662388051141984,0.0020387974262509588,0.0020387974262509826,0.0020387974262509588
B,3,175,6,2,0.0031975386323432938,0.0031975386323432938,0.0031975386323432938,0.0032815091703031862,0.0032815091703032109,0.0032815091703031862
B,3,176,6,2,0.0051410219280426713,0.0051410219280426713,0.0051410219280426713,0.0031594730128258839,0.0031594730128259949,0.0031594730128258839
B,3,177,6,2,0.0019056292987801489,0.0019056292987801489,0.0019056292987801489,0.0056296114335997079,0.005629611433599753,0.005629611433599707
B,3,178,6,2,0.0039344917863361889,0.0039344917863361889,0.0039344917863361889,0.012047830055950764,0.012047830055950975,0.012047830055950766
B,3,179,6,2,0.002663763295473456,0.0026637632954736729,0.002663763295473456,0.0026878019407751176,0.0026878019407754147,0.0026878019407751176
B,3,180,6,2,0.00062836602199561192,0.00062836602199561192,0.00062836602199561192,0.0023610209602623693,0.0023610209602623693,0.0023610209602623693
B,3,181,6,2,0.0046235448819935149,0.0046235448819937318,0.0046235448819935149,0.013544957689440652,0.013544957689440766,0.013544957689440652
B,3,182,6,2,0.00046503675114515329,0.00046503675114537013,0.00046503675114515329,0.0031713917363821926,0.0031713917363822295,0.0031713917363821926
B,3,183,6,2,0.00031663411563423016,0.00031663411563433858,0.00031663411563423016,0.0024907600422312132,0.0024907600422314335,0.0024907600422312132
B,3,184,6,2,0.0026969503238473413,0.0026969503238473413,0.0026969503238473413,0.0058536002142415815,0.0058536002142416301,0.0058536002142415815
B,3,185,6,2,0.0031524049801288315,0.0031524049801290484,0.0031524049801288315,0.0031596708886266868,0.0031596708886268525,0.0031596708886266873
B,3,186,6,2,0.0025488745689202169,0.0025488745689203254,0.0025488745689202169,0.0025166005782317011,0.0025166005782320034,0.0025166005782317011
B,3,187,6,2,0.0041266375924652824,0.0041266375924652824,0.0041266375924652824,0.0044758641224706269,0.0044758641224707067,0.0044758641224706269
B,3,188,6,2,0.0027318020453816726,0.0027318020453818894,0.0027318020453816726,0.0027896339193178394,0.0027896339193182805,0.0027896339193178394
B,3,189,6,2,0.00085687815973766943,0.00085687815973766943,0.00085687815973766943,0.0038525379342460365,0.0038525379342460365,0.0038525379342460365
B,3,190,6,2,0.0026169668702247153,0.0026169668702247153,0.0026169668702247153,0.0044170127689495166,0.0044170127689495964,0.0044170127689495157
B,3,191,6,2,0.002886109543420788,0.0028861095434208964,0.0028861095434207884,0.009412340326296148,0.0094123403262962244,0.0094123403262961498
B,3,192,6,2,0.002731447473250468,0.002731447473250468,0.002731447473250468,0.0013198560649643884,0.0013198560649645083,0.0013198560649643881
B,3,193,6,2,0.00047995096474071682,0.00047995096474104208,0.00047995096474071682,0.0017483545952387122,0.0017483545952388013,0.0017483545952387122
B,3,194,6,2,0.0034144684250990345,0.0034144684250992513,0.0034144684250990345,0.010940657356786766,0.010940657356787085,0.010940657356786765
B,3,195,6,2,0.0034131592913554587,0.0034131592913555671,0.0034131592913554587,0.0010552450590684546,0.0010552450590685816,0.0010552450590684546
B,3,196,6,2,0.0042481212787810621,0.0042481212787811706,0.0042481212787810621,0.0092945682379621218,0.0092945682379622953,0.0092945682379621201
B,3,197,6,2,0.0031915282028350308,0.0031915282028350308,0.0031915282028350308,0.0043188231625859467,0.0043188231625861002,0.0043188231625859467
B,3,198,6,2,0.0015786974651841494,0.0015786974651842579,0.0015786974651841494,0.0050810864086560112,0.0050810864086560928,0.0050810864086560112
B,3,199,6,2,0.0010787528173022629,0.0010787528173022629,0.0010787528173022629,0.0043326391406459663,0.004332639140646034,0.0043326391406459663
B,3,200,6,2,0.0021262303290235131,0.0021262303290237299,0.0021262303290235131,0.0037079737674757009,0.0037079737674758752,0.0037079737674757009
B,3,201,6,2,0.0036634405287717681,0.0036634405287717681,0.0036634405287717681,0.010997248954242232,0.010997248954242372,0.01099724895424223
B,3,202,6,2,0.0023618874082620943,0.0023618874082620943,0.0023618874082620943,0.006679753754995103,0.0066797537549953684,0.0066797537549951021
B,3,203,6,2,0.0028305862810095242,0.0028305862810095242,0.0028305862810095242,0.0021713265246181153,0.0021713265246182034,0.0021713265246181153
B,3,204,6,2,0.00078912412883888963,0.00078912412883888963,0.00078912412883888963,0.0072728503097013817,0.0072728503097014762,0.0072728503097013817
B,3,205,6,2,0.006741237697658318,0.0067412376976584264,0.006741237697658318,0.0037340299025016297,0.0037340299025016357,0.0037340299025016301
B,3,206,6,2,0.0038497861932818055,0.0038497861932819139,0.0038497861932818055,0.0044491951428572707,0.0044491951428572854,0.0044491951428572707
B,3,207,6,2,0.0030917812178405139,0.0030917812178406223,0.0030917812178405139,0.0025574885856001844,0.0025574885856002243,0.0025574885856001844
B,3,208,6,2,0.0092138226443327486,0.0092138226443329654,0.0092138226443327486,0.0034019280149412282,0.0034019280149412629,0.0034019280149412286
B,3,209,6,2,0.00176209387320065,0.00176209387320065,0.00176209387320065,0.0025401489744510644,0.0025401489744510644,0.0025401489744510644
B,3,210,6,2,0.0042040553011354724,0.0042040553011354724,0.0042040553011354724,0.0058429901322336721,0.0058429901322337779,0.0058429901322336721
B,3,211,6,2,0.0024454557663229105,0.0024454557663229105,0.0024454557663229105,0.0019128207813203305,0.0019128207813205245,0.0019128207813203305
B,3,212,6,2,0.00074156037294743817,0.00074156037294754659,0.00074156037294743817,0.0011934960365937342,0.0011934960365937541,0.0011934960365937342
B,3,213,6,2,0.0023961284088012741,0.0023961284088015993,0.0023961284088012741,0.0030712162420912089,0.0030712162420914639,0.0030712162420912085
B,3,214,6,2,0.0010067030671404324,0.0010067030671405408,0.0010067030671404324,0.0072504768450298946,0.0072504768450303509,0.0072504768450298946
B,3,215,6,2,0.00174539480408617,0.0017453948040866037,0.00174539480408617,0.0013595355585538185,0.0013595355585538814,0.0013595355585538185
B,3,216,6,2,0.0020754224537727385,0.0020754224537729554,0.0020754224537727385,0.00080310735496951901,0.00080310735496961138,0.00080310735496951901
B,3,217,6,2,0.0013796746750295227,0.0013796746750295227,0.0013796746750295227,0.0072969208838406432,0.0072969208838406432,0.0072969208838406432
B,3,218,6,2,0.00079966290963907807,0.00079966290963918649,0.00079966290963907807,0.001456400989914796,0.0014564009899148038,0.001456400989914796
B,3,219,6,2,0.0021313682285193421,0.002131368228519559,0.0021313682285193421,0.0042977107103413558,0.0042977107103417496,0.0042977107103413558
B,3,220,6,2,4.87270358987121e-05,4.872703589882052e-05,4.87270358987121e-05,0.0049739810360345874,0.004973981036034603,0.0049739810360345874
B,3,221,6,2,0.0057502090843612654,0.0057502090843614823,0.0057502090843612654,0.0054266635595702148,0.0054266635595703579,0.0054266635595702148
B,3,222,6,2,0.0003415349397919553,0.0003415349397919553,0.0003415349397919553,0.0026189008052840568,0.0026189008052841531,0.0026189008052840564
B,3,223,6,2,0.0020536190176988775,0.002053619017698986,0.0020536190176988775,0.003498615722765025,0.0034986157227651486,0.0034986157227650245
B,3,224,6,2,0.0032146989703048939,0.0032146989703048939,0.0032146989703048939,0.0047247099563127639,0.0047247099563128654,0.0047247099563127639
B,3,225,6,2,0.00075882306443736044,0.00075882306443757729,0.00075882306443736044,0.0063279849287491679,0.0063279849287491991,0.0063279849287491679
B,3,226,6,2,0.00041000361483342629,0.00041000361483342629,0.00041000361483342629,0.004888491575841843,0.004888491575841843,0.004888491575841843
B,3,227,6,2,0.0020233330652857234,0.0020233330652857234,0.0020233330652857234,0.0042438982394946458,0.0042438982394947351,0.0042438982394946449
B,3,228,6,2,0.0045301771913518543,0.0045301771913520712,0.0045301771913518543,0.0039035117997384045,0.0039035117997385147,0.0039035117997384045
B,3,229,6,2,0.0012767225739934024,0.0012767225739934024,0.0012767225739934024,0.0061801461759161532,0.0061801461759162634,0.0061801461759161532
B,3,230,6,2,0.0046055762546731846,0.004605576254673293,0.0046055762546731846,0.0044487726490611348,0.0044487726490615642,0.0044487726490611357
B,3,231,6,2,0.001376290014887629,0.0013762900148877374,0.001376290014887629,0.0035581210479763391,0.0035581210479763517,0.0035581210479763395
B,3,232,6,2,0.00098850476693576692,0.00098850476693587534,0.00098850476693576692,0.0021345187015197808,0.0021345187015199074,0.0021345187015197812
B,3,233,6,2,0.0077829165455986548,0.0077829165455987632,0.0077829165455986548,0.0043701011040515342,0.0043701011040515447,0.0043701011040515351
B,3,234,6,2,0.0073446922048790849,0.0073446922048791934,0.0073446922048790849,0.0062958203988269668,0.0062958203988272695,0.0062958203988269668
B,3,235,6,2,0.001903254928118151,0.0019032549281182594,0.001903254928118151,0.0036754437677915894,0.0036754437677915938,0.0036754437677915894
B,3,236,6,2,0.0008421047884057389,0.00084210478840606416,0.0008421047884057389,0.0010936201098605794,0.0010936201098605861,0.0010936201098605792
B,3,237,6,2,0.0010186388793245347,0.00101863887932486,0.0010186388793245347,0.0032392310325791334,0.003239231032579201,0.0032392310325791334
B,3,238,6,2,0.002708798972923766,0.002708798972923766,0.002708798972923766,0.0070208398500152258,0.0070208398500152258,0.0070208398500152258
B,3,239,6,2,0.0033129044638885484,0.0033129044638888737,0.0033129044638885484,0.0031692246772949606,0.0031692246772950165,0.003169224677294961
B,3,240,6,2,0.0052011061041679118,0.0052011061041680202,0.0052011061041679118,0.014382154810566561,0.01438215481056657,0.014382154810566561
B,3,241,6,2,0.0025367092290519292,0.0025367092290520376,0.0025367092290519292,0.0038849560208550956,0.00388495602085525,0.0038849560208550956
B,3,242,6,2,0.00173761692349604,0.0017376169234961485,0.00173761692349604,0.0038000093205303501,0.00380000932053041,0.0038000093205303501
B,3,243,6,2,0.0055466144069420348,0.0055466144069421432,0.0055466144069420339,0.015078025896736246,0.015078025896736251,0.015078025896736246
B,3,244,6,2,0.00062725631550387528,0.0006272563155039837,0.00062725631550387528,0.0035586898221402143,0.0035586898221403786,0.0035586898221402143
B,3,245,6,2,0.0038710400591642283,0.0038710400591642283,0.0038710400591642283,0.0028545027925445969,0.002854502792544599,0.0028545027925445973
B,3,246,6,2,0.00073361976449216274,0.00073361976449227116,0.00073361976449216274,0.0089146975564192363,0.0089146975564192744,0.008914697556419238
B,3,247,6,2,0.0025580016380871793,0.0025580016380873961,0.0025580016380871793,0.0035226812886658531,0.0035226812886659082,0.0035226812886658531
B,3,248,6,2,0.00027730629541928252,0.00027730629541928252,0.00027730629541928252,0.0042687011820810245,0.00426870118208106,0.0042687011820810245
B,3,249,6,2,0.0020272321523953293,0.0020272321523955462,0.0020272321523953293,0.0026411096436348694,0.0026411096436350203,0.0026411096436348689
B,3,250,6,2,0.0031968345199024154,0.0031968345199024154,0.0031968345199024154,0.0038220056815451925,0.0038220056815453812,0.0038220056815451925
B,3,251,6,2,0.0024510912798099849,0.0024510912798102018,0.0024510912798099849,0.011205669049485762,0.011205669049485825,0.011205669049485762
B,3,252,6,2,0.00045609796908848647,0.00045609796908859489,0.00045609796908848647,0.0071420914534000065,0.0071420914534000074,0.0071420914534000065
B,3,253,6,2,0.0038087651345411217,0.0038087651345411217,0.0038087651345411217,0.0034763791742099467,0.0034763791742099467,0.0034763791742099467
B,3,254,6,2,0.0048557506867706731,0.0048557506867707816,0.0048557506867706731,0.0046341603813402528,0.004634160381340323,0.0046341603813402519
B,3,255,6,2,0.0011069269860845311,0.001106926986084748,0.0011069269860845311,0.0091047004951862517,0.0091047004951862534,0.0091047004951862517
B,3,256,6,2,0.0050787978517566074,0.0050787978517568243,0.0050787978517566074,0.0041327464580988016,0.0041327464580988328,0.0041327464580988025
B,3,257,6,2,0.0027856175995543374,0.0027856175995543374,0.0027856175995543374,0.0032324430308559183,0.0032324430308559183,0.0032324430308559183
B,3,258,6,2,0.00073937070885308088,0.0007393707088531893,0.00073937070885308088,0.0029839398829170022,0.0029839398829170395,0.0029839398829170022
B,3,259,6,2,0.0047104550047772373,0.0047104550047773457,0.0047104550047772373,0.0034843277439164091,0.0034843277439165076,0.0034843277439164095
B,3,260,6,2,0.0014648169531750969,0.0014648169531750969,0.0014648169531750969,0.0021559321225592979,0.0021559321225592997,0.0021559321225592979
B,3,261,6,2,0.001244276927337036,0.001244276927337036,0.001244276927337036,0.0052456490403467414,0.0052456490403467414,0.0052456490403467414
B,3,262,6,2,0.0042147286492982307,0.0042147286492984475,0.0042147286492982307,0.003255354911523831,0.0032553549115238362,0.003255354911523831
B,3,263,6,2,0.0026435601205165729,0.0026435601205166814,0.0026435601205165729,0.0048172737559112437,0.0048172737559112801,0.0048172737559112437
B,3,264,6,2,0.0012622157043536055,0.0012622157043536055,0.0012622157043536055,0.0018046325329821764,0.0018046325329821764,0.0018046325329821764
B,3,265,6,2,0.0053983225753342738,0.0053983225753342738,0.0053983225753342738,0.0087334105446263861,0.008733410544626747,0.0087334105446263844
B,3,266,6,2,0.00086672292065202629,0.00086672292065213472,0.00086672292065202629,0.0055544681137281553,0.0055544681137281613,0.0055544681137281553
B,3,267,6,2,0.00062907216089621958,0.00062907216089621958,0.00062907216089621958,0.0045265632939627647,0.0045265632939627647,0.0045265632939627647
B,3,268,6,2,0.0034693435814006114,0.0034693435814006114,0.0034693435814006114,0.005511267955981395,0.005511267955981395,0.005511267955981395
B,3,269,6,2,0.00049128774048891235,0.00049128774048902077,0.00049128774048891235,0.0037043231570410076,0.00370432315704177,0.0037043231570410081
B,3,270,6,2,0.0044713871134018047,0.0044713871134019131,0.0044713871134018047,0.006722902261094706,0.0067229022610949506,0.006722902261094706
B,3,271,6,2,0.002241796975514603,0.0022417969755147114,0.002241796975514603,0.0032379628081590402,0.0032379628081590488,0.0032379628081590402
B,3,272,6,2,0.00031482122666117492,0.00031482122666128334,0.00031482122666117492,0.0081586984457815339,0.0081586984457818097,0.0081586984457815339
B,3,273,6,2,0.00094322000787757862,0.00094322000787757862,0.00094322000787757862,0.003256696982583357,0.003256696982583357,0.003256696982583357
B,3,274,6,2,0.0037246940107575881,0.003724694010757805,0.0037246940107575881,0.0049543764431256247,0.0049543764431256776,0.0049543764431256247
B,3,275,6,2,0.00089381815904080765,0.00089381815904080765,0.00089381815904080765,0.0057782093363360661,0.0057782093363360912,0.0057782093363360669
B,3,276,6,2,0.004601217111992466,0.0046012171119925744,0.004601217111992466,0.010034222348418385,0.010034222348418479,0.010034222348418385
B,3,277,6,2,0.001830609996215731,0.0018306099962160562,0.001830609996215731,0.0012877758816077305,0.0012877758816077654,0.0012877758816077307
B,3,278,6,2,0.00039620864682697599,0.00039620864682697599,0.00039620864682697599,0.0020547955657288872,0.002054795565729255,0.0020547955657288877
B,3,279,6,2,0.0028514827103906515,0.0028514827103910852,0.0028514827103906515,0.0092757624637789839,0.0092757624637790515,0.0092757624637789856
B,3,280,6,2,0.001365074640467985,0.0013650746404684187,0.001365074640467985,0.0027865789331988551,0.0027865789331988594,0.0027865789331988551
B,3,281,6,2,0.0008209973621882893,0.00082099736218839772,0.0008209973621882893,0.0033242910270658947,0.0033242910270661497,0.0033242910270658947
B,3,282,6,2,0.00040838301984947971,0.00040838301984969655,0.00040838301984947971,0.0018033191304723524,0.0018033191304723847,0.0018033191304723526
B,3,283,6,2,0.0024805572218413851,0.0024805572218416019,0.0024805572218413851,0.0025574152521340211,0.00255741525213427,0.0025574152521340211
B,3,284,6,2,0.0025067734374202219,0.0025067734374202219,0.0025067734374202219,0.0054779840076672817,0.005477984007667443,0.0054779840076672817
B,3,285,6,2,0.00042331823806940685,0.00042331823806940685,0.00042331823806940685,0.0042030671983919743,0.0042030671983920801,0.0042030671983919743
B,3,286,6,2,0.00060922248675140088,0.00060922248675161772,0.00060922248675140088,0.0050649899356459676,0.0050649899356459676,0.0050649899356459676
B,3,287,6,2,0.0021273518085745567,0.0021273518085746651,0.0021273518085745567,0.011358614856172865,0.011358614856172879,0.011358614856172865
B,3,288,6,2,0.0032984683194513557,0.0032984683194514641,0.0032984683194513557,0.0025133280268139109,0.0025133280268141984,0.0025133280268139105
B,3,289,6,2,0.0042659568200334019,0.0042659568200336187,0.0042659568200334019,0.0056087718139373726,0.0056087718139377005,0.0056087718139373735
B,3,290,6,2,0.0016583821548086424,0.0016583821548087508,0.0016583821548086424,0.010026488399348957,0.01002648839934916,0.010026488399348957
B,3,291,6,2,0.0017265604156746581,0.0017265604156746581,0.0017265604156746581,0.0043412548038648229,0.0043412548038648567,0.0043412548038648238
B,3,292,6,2,0.0020655653030608604,0.0020655653030609688,0.0020655653030608604,0.0064468360024151827,0.0064468360024154542,0.0064468360024151827
B,3,293,6,2,0.0027095465818718217,0.0027095465818718217,0.0027095465818718217,0.0020837271591709707,0.0020837271591710141,0.0020837271591709707
B,3,294,6,2,0.0027602100756086902,0.0027602100756086902,0.0027602100756086902,0.0040189983485456526,0.0040189983485456526,0.0040189983485456526
B,3,295,6,2,0.001925957398210467,0.001925957398210467,0.001925957398210467,0.0059674659156705471,0.0059674659156705471,0.0059674659156705471
B,3,296,6,2,0.0028953887083350968,0.0028953887083352052,0.0028953887083350963,0.01086511225850368,0.010865112258503692,0.010865112258503682
B,3,297,6,2,0.0033976777565769166,0.003397677756577025,0.0033976777565769166,0.0061399022141369435,0.0061399022141370267,0.0061399022141369435
B,3,298,6,2,0.0047115318907548723,0.0047115318907548723,0.0047115318907548723,0.012004668062823643,0.012004668062823643,0.012004668062823643
B,3,299,6,2,0.0033820946728471604,0.0033820946728471604,0.0033820946728471604,0.0034221832173844786,0.0034221832173844786,0.0034221832173844786
B,3,300,6,2,0.0010688852800713744,0.0010688852800713744,0.0010688852800713744,0.006040051059094961,0.0060400510590951561,0.0060400510590949618
B,3,301,6,2,0.0022405744158223405,0.0022405744158223405,0.0022405744158223405,0.0054799663984402731,0.0054799663984403555,0.0054799663984402731
B,3,302,6,2,0.0011857909638589813,0.0011857909638589813,0.0011857909638589813,0.0053649659597617676,0.0053649659597617902,0.0053649659597617668
B,3,303,6,2,0.0044701104639743557,0.0044701104639744641,0.0044701104639743557,0.0088821280185866873,0.008882128018586774,0.0088821280185866873
B,3,304,6,2,0.0010396930733020792,0.0010396930733020792,0.0010396930733020792,0.0039839534180567213,0.0039839534180567213,0.0039839534180567213
B,3,305,6,2,0.00091415417489287571,0.00091415417489298413,0.00091415417489287571,0.0057369217225379972,0.00573692172253807,0.0057369217225379972
B,3,306,6,2,0.0043537171828727855,0.0043537171828728939,0.0043537171828727855,0.0075008009616500575,0.007500800961650087,0.0075008009616500575
B,3,307,6,2,0.0017214810595070004,0.0017214810595070004,0.0017214810595070004,0.0049176130196012923,0.004917613019601445,0.0049176130196012932
B,3,308,6,2,0.000871624766745553,0.00087162476674587826,0.000871624766745553,0.0077325574369085485,0.0077325574369089727,0.0077325574369085485
B,3,309,6,2,0.0019232433638260819,0.0019232433638262988,0.0019232433638260819,0.0025849500055428803,0.0025849500055429944,0.0025849500055428803
B,3,310,6,2,0.0052079293087438014,0.0052079293087440182,0.0052079293087438014,0.012774970045429965,0.012774970045430538,0.012774970045429965
B,3,311,6,2,0.0006459381155592657,0.0006459381155592657,0.0006459381155592657,0.0046466427406148744,0.0046466427406148744,0.0046466427406148744
B,3,312,6,2,0.0021305959150287298,0.0021305959150288382,0.0021305959150287298,0.0031153020538586653,0.0031153020538588014,0.0031153020538586653
B,3,313,6,2,0.0046439965199122999,0.0046439965199122999,0.0046439965199122999,0.012257264364350803,0.012257264364350947,0.012257264364350802
B,3,314,6,2,0.0010550117458088841,0.0010550117458089925,0.0010550117458088841,0.0096209278904106389,0.0096209278904107187,0.0096209278904106407
B,3,315,6,2,0.0018399773307961609,0.0018399773307961609,0.0018399773307961609,0.0043772048690176217,0.0043772048690176217,0.0043772048690176217
B,3,316,6,2,0.00076730619640843958,0.000767306196408548,0.00076730619640843958,0.0071627400607048204,0.0071627400607048447,0.0071627400607048204
B,3,317,6,2,0.0044368214224990536,0.0044368214224990536,0.0044368214224990536,0.007191330086086945,0.007191330086086945,0.007191330086086945
B,3,318,6,2,0.00058663600497059661,0.00058663600497059661,0.00058663600497059661,0.0047226749592211015,0.0047226749592211527,0.0047226749592211006
B,3,319,6,2,0.0024546996099964954,0.0024546996099967123,0.0024546996099964954,0.0072261365383732134,0.0072261365383733227,0.0072261365383732134
B,3,320,6,2,0.0025470491548065148,0.0025470491548066233,0.0025470491548065148,0.0076340024442460791,0.0076340024442461286,0.0076340024442460791
B,3,321,6,2,0.0032081302778976147,0.0032081302778978315,0.0032081302778976147,0.0034042753983876657,0.0034042753983880417,0.0034042753983876657
B,4,1,5,2,0.16024099089669008,0.16024099089669008,0.16024099089669008,0.0014134901744395781,0.0014134901744395781,0.0014134901744395781
B,4,2,5,2,0.14606327321300938,0.14606327321301024,0.14606327321300938,0.00046539182791987003,0.00046539182792040596,0.00046539182791986998
B,4,3,5,2,0.15756810079977657,0.15756810079977679,0.15756810079977659,0.0018741498362016106,0.0018741498362017594,0.0018741498362016106
B,4,4,5,2,0.14711468920786488,0.14711468920786511,0.14711468920786488,0.0011757468948421286,0.0011757468948424032,0.0011757468948421286
B,4,5,5,2,0.16014413934608457,0.16014413934608468,0.16014413934608457,0.0017138242416749909,0.0017138242416754345,0.0017138242416749906
B,4,6,5,2,0.15408152716714352,0.15408152716714407,0.15408152716714352,0.00106903319626259,0.001069033196262703,0.00106903319626259
B,4,7,6,2,0.019775398866129557,0.019775398866129664,0.019775398866129557,0.00029560926040032599,0.00029560926040047729,0.00029560926040032599
B,4,8,6,2,0.022807940802952051,0.022807940802952158,0.022807940802952051,0.00095894046141536818,0.00095894046141543952,0.00095894046141536818
B,4,9,6,2,0.017502172164950557,0.017502172164950883,0.017502172164950557,0.0010262062525222618,0.0010262062525223418,0.0010262062525222618
B,4,10,6,2,0.0087020730840524536,0.0087020730840524536,0.0087020730840524536,0.00035417994571321091,0.00035417994571351215,0.00035417994571321091
B,4,11,6,2,0.0093789810032400035,0.0093789810032402204,0.0093789810032400035,0.0007971462704187901,0.00079714627041952292,0.00079714627041879021
B,4,12,6,2,0.0083071959680397975,0.008307195968039905,0.0083071959680397975,0.0011905803680113203,0.0011905803680117503,0.0011905803680113203
B,4,13,6,2,0.025163020601821167,0.025163020601821167,0.025163020601821167,0.001001938681421607,0.0010019386814217564,0.001001938681421607
B,4,14,6,2,0.010784009693947261,0.010784009693947261,0.010784009693947261,0.00082969194319380281,0.00082969194319386624,0.00082969194319380281
B,4,15,6,2,0.036427221741265441,0.036427221741265656,0.036427221741265441,0.0003664138802274292,0.00036641388022752922,0.0003664138802274292
B,4,16,6,2,0.024367544041840675,0.02436754404184073,0.024367544041840678,0.00094802533990409729,0.00094802533990453824,0.00094802533990409729
B,4,17,6,2,0.0084218963495335426,0.0084218963495340856,0.0084218963495335444,0.0011525984966255915,0.0011525984966256192,0.0011525984966255915
B,4,18,6,2,0.0010732640541599205,0.0010732640541599205,0.0010732640541599205,0.00052123023195111058,0.00052123023195150468,0.00052123023195111068
B,4,19,6,2,0.023613265814530236,0.02361326581453067,0.023613265814530236,0.0010371332779295888,0.0010371332779299609,0.0010371332779295888
B,4,20,6,2,0.0045154600936996503,0.0045154600936997587,0.0045154600936996503,0.0011309925672408265,0.0011309925672412942,0.0011309925672408265
B,4,21,6,2,0.011886359767963265,0.011886359767963482,0.011886359767963265,0.0010588092909349874,0.0010588092909352394,0.0010588092909349877
B,4,22,6,2,0.0053703314010504662,0.0053703314010504662,0.0053703314010504662,0.00085749120013255478,0.00085749120013279244,0.00085749120013255478
B,4,23,6,2,0.011888453671418404,0.011888453671418837,0.011888453671418404,0.0040248113699072677,0.0040248113699077239,0.0040248113699072677
B,4,24,6,2,0.0086810595943862499,0.0086810595943871173,0.0086810595943862499,0.0010043776865681232,0.001004377686568512,0.0010043776865681232
B,4,25,6,2,0.0061193323698998997,0.0061193323699002249,0.0061193323698998997,0.00080472610596965923,0.00080472610596976884,0.00080472610596965923
B,4,26,6,2,0.002146598943883601,0.0021465989438838179,0.002146598943883601,0.0019303283453252188,0.0019303283453252608,0.0019303283453252185
B,4,27,6,2,0.005160657820203079,0.0051606578202031874,0.005160657820203079,0.0045587325253023721,0.0045587325253024363,0.0045587325253023721
B,4,28,6,2,0.0017864140492608463,0.0017864140492609547,0.0017864140492608463,0.0047976708818633362,0.004797670881863599,0.0047976708818633362
B,4,29,6,2,0.0026349433123306482,0.0026349433123306482,0.0026349433123306482,0.0012222943427029167,0.0012222943427030359,0.0012222943427029167
B,4,30,6,2,0.0055280369103502969,0.0055280369103505138,0.0055280369103502969,0.0014338556946171992,0.0014338556946172515,0.001433855694617199
B,4,31,6,2,0.0013521929843414351,0.0013521929843416519,0.0013521929843414351,0.0031183687778611703,0.0031183687778616504,0.0031183687778611698
B,4,32,6,2,0.00096222624286913371,0.00096222624286924213,0.00096222624286913371,0.0023907191815104433,0.0023907191815107521,0.0023907191815104433
B,4,33,6,2,0.005063561905620695,0.0050635619056210203,0.005063561905620695,0.0017603103119135455,0.0017603103119136169,0.0017603103119135455
B,4,34,6,2,0.0060912696816124972,0.006091269681612714,0.0060912696816124972,0.0029931450543091154,0.0029931450543096206,0.0029931450543091149
B,4,35,6,2,0.00029580550721939377,0.00029580550721971903,0.00029580550721939377,0.0036537616206947631,0.0036537616206949188,0.0036537616206947631
B,4,36,6,2,0.0045129400072657384,0.0045129400072663889,0.0045129400072657384,0.00087168454466817142,0.00087168454466855121,0.00087168454466817142
B,4,37,6,2,0.00048078257857179195,0.00048078257857179195,0.00048078257857179195,0.0010696596985226067,0.0010696596985226717,0.0010696596985226064
B,4,38,6,2,0.0052958545066428492,0.0052958545066429576,0.0052958545066428492,0.0037066149362231168,0.0037066149362231233,0.0037066149362231168
B,4,39,6,2,0.0070075510105664478,0.0070075510105664478,0.0070075510105664478,0.0010156426779404861,0.0010156426779408066,0.0010156426779404861
B,4,40,6,2,0.0008622988181416916,0.00086229881814180002,0.0008622988181416916,0.00039150787438712697,0.00039150787438755279,0.00039150787438712697
B,4,41,6,2,0.0024168154428955927,0.0024168154428955927,0.0024168154428955927,0.0047955214209706712,0.0047955214209709392,0.0047955214209706712
B,4,42,6,2,0.0016747502915131747,0.0016747502915132832,0.0016747502915131747,0.003163083391705456,0.0031630833917059391,0.003163083391705456
B,4,43,6,2,0.00014828074873139089,0.00014828074873149931,0.00014828074873139089,0.0034051064220220074,0.0034051064220221271,0.0034051064220220069
B,4,44,6,2,0.0093387440777445256,0.0093387440777445256,0.0093387440777445256,0.0012720472449411874,0.001272047244941318,0.0012720472449411874
B,4,45,6,2,0.00076521137649129909,0.00076521137649140751,0.00076521137649129909,0.0048293188780485496,0.0048293188780485644,0.0048293188780485496
B,4,46,6,2,0.0051110341526884075,0.0051110341526884075,0.0051110341526884075,0.0019769670625902655,0.0019769670625902655,0.0019769670625902655
B,4,47,6,2,0.004809672724539419,0.004809672724539419,0.004809672724539419,0.0011331704825141731,0.0011331704825145552,0.0011331704825141731
B,4,48,6,2,0.011213342969476431,0.011213342969476538,0.011213342969476431,0.0036894825394153874,0.0036894825394157369,0.0036894825394153874
B,4,49,6,2,0.0061950570947438268,0.0061950570947441521,0.0061950570947438268,0.0058529122962569201,0.0058529122962574657,0.0058529122962569192
B,4,50,6,2,0.0031353540590037168,0.0031353540590039336,0.0031353540590037168,0.00081688973476628233,0.00081688973476658157,0.00081688973476628233
B,4,51,6,2,0.0052159014630366336,0.0052159014630366336,0.0052159014630366336,0.001731480293640647,0.001731480293640647,0.001731480293640647
B,4,52,6,2,0.0063510377998521501,0.0063510377998521501,0.0063510377998521501,0.0051354119193435261,0.0051354119193435261,0.0051354119193435261
B,4,53,6,2,0.0067803012594327234,0.0067803012594328319,0.0067803012594327234,0.0011422865478629318,0.0011422865478629386,0.0011422865478629318
B,4,54,6,2,0.0024993014989883097,0.0024993014989885265,0.0024993014989883097,0.0046922464668968031,0.0046922464668969358,0.0046922464668968039
B,4,55,6,2,0.013672169329576565,0.013672169329576565,0.013672169329576565,0.0036036788744343243,0.0036036788744345039,0.0036036788744343243
B,4,56,6,2,0.0099190438359111899,0.0099190438359114067,0.0099190438359111899,0.0010354627532965551,0.0010354627532967715,0.0010354627532965551
B,4,57,6,2,0.0033406131896666913,0.0033406131896669081,0.0033406131896666913,0.0033433498333721688,0.0033433498333725292,0.0033433498333721684
B,4,58,6,2,0.0025867790996330665,0.0025867790996335002,0.0025867790996330665,0.00098769498603757072,0.00098769498603813689,0.00098769498603757072
B,4,59,6,2,0.0045498475574469281,0.0045498475574477955,0.0045498475574469281,0.0016427767041641054,0.0016427767041642966,0.0016427767041641052
B,4,60,6,2,0.0023272820244964144,0.0023272820244967397,0.0023272820244964144,0.0029779138833403336,0.0029779138833405097,0.0029779138833403336
B,4,61,6,2,0.00056397897680888088,0.0005639789768089893,0.00056397897680888088,0.0030882465249706123,0.0030882465249707758,0.0030882465249706123
B,4,62,6,2,0.0060346696914702781,0.0060346696914702781,0.0060346696914702781,0.0013890502598819746,0.0013890502598820557,0.0013890502598819744
B,4,63,6,2,0.0035392803625299528,0.0035392803625299528,0.0035392803625299528,0.0018760282267990232,0.0018760282267990831,0.0018760282267990234
B,4,64,6,2,0.0054206234014270637,0.005420623401427389,0.0054206234014270637,0.0064458693843764039,0.0064458693843764438,0.0064458693843764039
B,4,65,6,2,0.00042316655607106506,0.0004231665560712819,0.00042316655607106506,0.00088227641664978735,0.00088227641665031514,0.00088227641664978735
B,4,66,6,2,0.00709138984929681,0.0070913898492972437,0.00709138984929681,0.001062652418956338,0.0010626524189564523,0.001062652418956338
B,4,67,6,2,0.002516894875998865,0.0025168948759989734,0.002516894875998865,0.004859818446509824,0.0048598184465100539,0.004859818446509824
B,4,68,6,2,0.0067301034138581364,0.0067301034138581364,0.0067301034138581364,0.0043256142283320635,0.0043256142283322049,0.0043256142283320644
B,4,69,6,2,0.0079692488943573052,0.0079692488943574127,0.0079692488943573035,0.0012291764205496305,0.0012291764205499575,0.0012291764205496303
B,4,70,6,2,0.0017461617409556505,0.0017461617409556505,0.0017461617409556505,0.0016643850062248223,0.001664385006224867,0.0016643850062248223
B,4,71,6,2,0.00023914452173818667,0.00023914452173829509,0.00023914452173818667,0.0030580183968966414,0.0030580183968968422,0.0030580183968966414
B,4,72,6,2,0.00043869543177765986,0.00043869543177809354,0.00043869543177765986,0.0030535303880420595,0.0030535303880422525,0.0030535303880420595
B,4,73,6,2,0.0072426408209169159,0.0072426408209169159,0.0072426408209169159,0.0032617404514021283,0.0032617404514021582,0.0032617404514021279
B,4,74,6,2,0.0020705957830681292,0.0020705957830681292,0.0020705957830681292,0.0042057450796052359,0.0042057450796052706,0.004205745079605235
B,4,75,6,2,0.00032597607714035873,0.00032597607714035873,0.00032597607714035873,0.00079477794237551116,0.00079477794237589692,0.00079477794237551116
B,4,76,6,2,0.0066834971800338542,0.0066834971800347216,0.0066834971800338542,0.0045860538453293001,0.0045860538453297338,0.0045860538453293001
B,4,77,6,2,0.0036113429381660813,0.0036113429381660813,0.0036113429381660813,0.0042086154453121333,0.0042086154453121333,0.0042086154453121333
B,4,78,6,2,0.0014413964822640414,0.0014413964822643666,0.0014413964822640414,0.0048856760563762789,0.0048856760563765513,0.0048856760563762789
B,4,79,6,2,0.0026152201447807426,0.0026152201447809595,0.0026152201447807426,0.0036098660966854771,0.0036098660966856996,0.0036098660966854771
B,4,80,6,2,0.0017321442211284781,0.0017321442211284781,0.0017321442211284781,0.0051619707413314685,0.0051619707413314746,0.0051619707413314685
B,4,81,6,2,0.0033249095269942712,0.0033249095269943796,0.0033249095269942712,0.0039389848075771193,0.003938984807577324,0.0039389848075771193
B,4,82,6,2,0.00041129226211497442,0.00041129226211497442,0.00041129226211497442,0.00089187247925201279,0.00089187247925207958,0.00089187247925201279
B,4,83,6,2,0.0038453649773809336,0.0038453649773813672,0.0038453649773809336,0.0011760907488171796,0.0011760907488174452,0.0011760907488171796
B,4,84,6,2,0.0049729362759711468,0.0049729362759714721,0.0049729362759711468,0.0009018549917663715,0.00090185499176654628,0.0009018549917663715
B,4,85,6,2,0.0010799442512219931,0.0010799442512223183,0.0010799442512219931,0.00062170203280137448,0.00062170203280161778,0.00062170203280137448
B,4,86,6,2,0.002488537813283417,0.0024885378132838507,0.002488537813283417,0.0040117826169467673,0.0040117826169470223,0.0040117826169467673
B,4,87,6,2,0.0022048477869181498,0.0022048477869183666,0.0022048477869181498,0.00053812023984196747,0.00053812023984215287,0.00053812023984196747
B,4,88,6,2,0.002542524579908609,0.0025425245799087174,0.002542524579908609,0.0015853385096754335,0.0015853385096762165,0.0015853385096754335
B,4,89,6,2,0.0017717254943183961,0.0017717254943185046,0.0017717254943183961,0.0037491665709390122,0.0037491665709394762,0.0037491665709390122
B,4,90,6,2,0.0033493751700513141,0.0033493751700514225,0.0033493751700513141,0.00104211935574734,0.0010421193557477359,0.00104211935574734
B,4,91,6,2,0.0022957466465169975,0.0022957466465174312,0.0022957466465169975,0.00043533267930178623,0.00043533267930246028,0.00043533267930178629
B,4,92,6,2,0.0012833998656722927,0.0012833998656728348,0.0012833998656722927,0.0012486974002593044,0.0012486974002595419,0.0012486974002593047
B,4,93,6,2,0.0015562192614704132,0.0015562192614705216,0.0015562192614704132,0.0047106322377836237,0.0047106322377836402,0.0047106322377836237
B,4,94,6,2,0.00061581592886031725,0.00061581592886118461,0.00061581592886031725,0.00091275366578614397,0.00091275366578634747,0.00091275366578614397
B,4,95,6,2,0.0006984057162541437,0.00069840571625479422,0.0006984057162541437,0.0015882289572100431,0.0015882289572102259,0.0015882289572100431
B,4,96,6,2,0.0010568445980760864,0.0010568445980769538,0.0010568445980760864,0.001467114290690534,0.0014671142906907892,0.001467114290690534
B,4,97,6,2,0.0013515956523159041,0.0013515956523162294,0.0013515956523159041,0.0010629504341567314,0.0010629504341567529,0.0010629504341567314
B,4,98,6,2,0.00052560290518608842,0.00052560290518663053,0.00052560290518608842,0.0018504931020355594,0.0018504931020361162,0.0018504931020355594
B,4,99,6,2,0.0012452847312252298,0.0012452847312253382,0.0012452847312252298,0.004392895050280881,0.0043928950502812383,0.0043928950502808818
B,4,100,6,2,0.0014141896204711638,0.0014141896204715974,0.0014141896204711638,0.0046997553715992773,0.0046997553715999738,0.0046997553715992782
B,4,101,6,2,9.6209174679632616e-05,9.6209174679957876e-05,9.6209174679632616e-05,0.0016989009918975883,0.0016989009918980582,0.0016989009918975883
B,4,102,6,2,0.0014884782956891976,0.001488478295689306,0.0014884782956891976,0.0011809246895480236,0.0011809246895480407,0.0011809246895480238
B,4,103,6,2,0.0021693523003324605,0.002169352300332569,0.0021693523003324605,0.004666451611843845,0.0046664516118440288,0.004666451611843845
B,4,104,6,2,0.0011243461711296556,0.001124346171130523,0.0011243461711296556,0.001012240030517274,0.0010122400305175062,0.001012240030517274
B,4,105,6,2,0.0017944699524992825,0.0017944699524992825,0.0017944699524992825,0.00025523977674892298,0.00025523977674935943,0.00025523977674892298
B,4,106,6,2,0.00036735736853193458,0.00036735736853215142,0.00036735736853193458,0.0018302393532875639,0.0018302393532877799,0.0018302393532875639
B,4,107,6,2,0.0020082137351019489,0.0020082137351020574,0.0020082137351019489,0.0011831578526389605,0.0011831578526391513,0.0011831578526389603
B,4,108,6,2,0.002192114442244996,0.002192114442244996,0.002192114442244996,0.0016490557041926499,0.001649055704192687,0.0016490557041926497
B,4,109,6,2,0.0010292763784547831,0.0010292763784548915,0.0010292763784547831,0.0014179338379043636,0.001417933837904476,0.0014179338379043634
B,4,110,6,2,0.0022854300975458852,0.0022854300975462104,0.0022854300975458852,0.0011013143613112062,0.0011013143613119614,0.0011013143613112062
B,4,111,6,2,0.002309616095788245,0.0023096160957885702,0.002309616095788245,0.0026288185976943114,0.0026288185976945169,0.0026288185976943118
B,4,112,6,2,0.00015118849864387794,0.00015118849864409478,0.00015118849864387794,0.00046591948289515385,0.00046591948289521228,0.0004659194828951539
B,4,113,6,2,0.0025181550697739351,0.0025181550697740435,0.0025181550697739351,0.0027647363507400657,0.0027647363507401468,0.0027647363507400657
B,4,114,6,2,0.00038441952490751805,0.00038441952490784331,0.00038441952490751805,0.0033407220000638031,0.0033407220000646201,0.0033407220000638035
B,4,115,6,2,0.0006705332043115738,0.00067053320431179064,0.0006705332043115738,0.0011946964015630333,0.0011946964015630537,0.0011946964015630333
B,4,116,6,2,0.0012752634901775023,0.0012752634901776107,0.0012752634901775023,0.0015372708193025341,0.0015372708193025679,0.0015372708193025343
B,4,117,6,2,1.514809653321153e-05,1.5148096533645211e-05,1.514809653321153e-05,0.0029638477233152423,0.0029638477233154066,0.0029638477233152427
B,4,118,6,2,0.0017150554081159274,0.0017150554081160358,0.0017150554081159274,0.0018068381698371507,0.001806838169837306,0.0018068381698371507
B,4,119,6,2,0.0011243011181604878,0.0011243011181609214,0.0011243011181604878,0.00099100444809621137,0.00099100444809680941,0.00099100444809621159
B,4,120,6,2,0.0014102948425778446,0.0014102948425783867,0.0014102948425778446,0.0032420890795264775,0.0032420890795265694,0.0032420890795264779
B,4,121,6,2,0.0038794400314920733,0.0038794400314921818,0.0038794400314920733,0.0022833440345382222,0.0022833440345382699,0.0022833440345382222
B,4,122,6,2,0.0018288380165548549,0.0018288380165549633,0.0018288380165548549,0.00075715201533724447,0.00075715201533745492,0.00075715201533724447
B,4,123,6,2,0.0015318372529355296,0.0015318372529357464,0.0015318372529355294,0.0015262780290574525,0.0015262780290578445,0.0015262780290574525
B,4,124,6,2,0.0024551133321953564,0.0024551133321957901,0.0024551133321953564,0.0012196733563393097,0.0012196733563396593,0.0012196733563393097
B,4,125,6,2,0.0012404451554370432,0.00124044515543726,0.0012404451554370432,0.0027927714229146763,0.0027927714229146854,0.0027927714229146763
B,4,126,6,2,0.0010114074728596878,0.0010114074728596878,0.0010114074728596878,0.0036577862990236293,0.0036577862990242772,0.0036577862990236298
B,4,127,6,2,0.0011641841517282675,0.0011641841517282675,0.0011641841517282675,0.00036143837110819176,0.00036143837110867087,0.00036143837110819171
B,4,128,6,2,0.00025978400879349967,0.00025978400879349967,0.00025978400879349967,0.00072880293321016113,0.00072880293321023247,0.00072880293321016113
B,4,129,6,2,0.00054313934069586713,0.00054313934069586713,0.00054313934069586713,0.0036137630695735256,0.0036137630695739823,0.0036137630695735261
B,4,130,6,2,0.0010806284213421818,0.0010806284213423986,0.0010806284213421818,0.00049232185532978616,0.00049232185532994228,0.00049232185532978616
B,4,131,6,2,0.00030524954183666197,0.00030524954183677039,0.00030524954183666197,0.00083108996878842234,0.00083108996878931182,0.00083108996878842234
B,4,132,6,2,0.00091671430500989224,0.00091671430501000066,0.00091671430500989224,0.00088532387119034581,0.00088532387119046204,0.00088532387119034581
B,4,133,6,2,0.0022232579350081865,0.0022232579350081865,0.0022232579350081865,0.0012109033845793819,0.0012109033845794368,0.0012109033845793822
B,4,134,6,2,0.00024998011750149932,0.00024998011750160774,0.00024998011750149932,0.0013130676011562513,0.0013130676011564927,0.0013130676011562513
B,4,135,6,2,0.00057742917683293888,0.0005774291768330473,0.00057742917683293888,0.00050999687307021614,0.00050999687307030537,0.00050999687307021603
B,4,136,6,2,0.0010358097930040621,0.0010358097930042789,0.0010358097930040621,0.0016127889908253614,0.0016127889908254165,0.0016127889908253614
B,4,137,6,2,0.0010313464267473933,0.0010313464267473933,0.0010313464267473933,0.0011387540287820022,0.0011387540287820022,0.0011387540287820022
B,4,138,6,2,0.0017804368577792806,0.001780436857779389,0.0017804368577792806,0.0011941644340955656,0.0011941644340958137,0.0011941644340955656
B,4,139,6,2,0.0016156484826392817,0.0016156484826392817,0.0016156484826392817,0.0010997794947728459,0.0010997794947729908,0.0010997794947728459
B,4,140,6,2,0.0013067204086977206,0.0013067204086977206,0.0013067204086977206,0.0032591470748162626,0.003259147074816381,0.0032591470748162626
B,4,141,6,2,0.0023013683347174532,0.0023013683347176701,0.0023013683347174532,0.0019942288653941355,0.0019942288653941641,0.0019942288653941355
B,4,142,6,2,0.00057120571296802748,0.0005712057129681359,0.00057120571296802748,0.00094416051146154725,0.00094416051146167573,0.00094416051146154736
B,4,143,6,2,0.0012078450682132457,0.0012078450682133542,0.0012078450682132457,0.0041616614972595752,0.0041616614972597183,0.0041616614972595752
B,4,144,6,2,0.0015418898400647828,0.0015418898400647828,0.0015418898400647828,0.00093215701510055283,0.00093215701510090845,0.00093215701510055273
B,4,145,6,2,0.00069228424295843423,0.00069228424295843423,0.00069228424295843423,0.001043632215781045,0.0010436322157812339,0.001043632215781045
B,4,146,6,2,0.0016434387229791268,0.0016434387229791268,0.0016434387229791268,0.0046010344931399234,0.0046010344931403163,0.0046010344931399234
B,4,147,6,2,0.00077711923199871424,0.0007771192319990395,0.00077711923199871424,0.00058449859183171929,0.00058449859183200802,0.00058449859183171929
B,4,148,6,2,0.00041037961402083222,0.00041037961402094064,0.00041037961402083222,0.0014593636375883337,0.0014593636375884495,0.0014593636375883337
B,4,149,6,2,0.00054090407142529887,0.00054090407142540729,0.00054090407142529887,0.00021534235936062311,0.00021534235936070494,0.00021534235936062311
B,4,150,6,2,0.00066879651665287428,0.00066879651665287428,0.00066879651665287428,0.00020284564446285938,0.00020284564446336793,0.00020284564446285938
B,4,151,6,2,0.0021645032131595385,0.0021645032131597554,0.0021645032131595385,0.0049100786277472674,0.0049100786277473845,0.0049100786277472665
B,4,152,6,2,0.00034491808636463121,0.00034491808636473963,0.00034491808636463121,0.0034893918322694609,0.0034893918322705733,0.0034893918322694609
B,4,153,6,2,0.00042918839495960457,0.00042918839495971299,0.00042918839495960457,0.0015657578305774216,0.0015657578305778377,0.0015657578305774216
B,4,154,6,2,0.0037333062375752421,0.0037333062375753505,0.0037333062375752421,0.001232609174076944,0.0012326091740770915,0.001232609174076944
B,4,155,6,2,0.001173238961656815,0.0011732389616570318,0.001173238961656815,0.0028708823571580964,0.0028708823571584959,0.0028708823571580964
B,4,156,6,2,0.0019589811884578858,0.0019589811884579943,0.0019589811884578858,0.0025955716757733167,0.0025955716757734334,0.0025955716757733167
B,4,157,6,2,0.0019867922270310921,0.0019867922270312005,0.0019867922270310921,0.002208776008115601,0.0022087760081170452,0.0022087760081156006
B,4,158,6,2,0.00033938061068286129,0.00033938061068296971,0.00033938061068286129,0.00062127789187430981,0.00062127789187460677,0.00062127789187430981
B,4,159,6,2,0.0016278710169685424,0.0016278710169685424,0.0016278710169685424,0.0038739155632018969,0.0038739155632021307,0.0038739155632018969
B,4,160,6,2,0.0042865902196032729,0.0042865902196037066,0.0042865902196032729,0.0012386492168534732,0.0012386492168535532,0.0012386492168534734
B,4,161,6,2,0.00032558629101217974,0.00032558629101228816,0.00032558629101217974,0.0022179385079060983,0.0022179385079061581,0.0022179385079060987
B,4,162,6,2,0.00043341134400365963,0.00043341134400376805,0.00043341134400365963,0.0017285986504784975,0.0017285986504787484,0.0017285986504784975
B,4,163,6,2,0.0013961361919035374,0.0013961361919035374,0.0013961361919035374,0.00069098930203591639,0.00069098930203591639,0.00069098930203591639
B,4,164,6,2,0.00071283937298728325,0.00071283937298771693,0.00071283937298728325,0.0016153635577042737,0.0016153635577047889,0.0016153635577042737
B,4,165,6,2,0.0017470605309950066,0.0017470605309952234,0.0017470605309950066,0.001810123845159614,0.0018101238451599989,0.001810123845159614
B,4,166,6,2,0.0010506084646439567,0.0010506084646441736,0.0010506084646439567,0.005109722955175016,0.0051097229551751704,0.005109722955175016
B,4,167,6,2,0.0003624802885658163,0.00036248028856592472,0.0003624802885658163,0.0010709153630107764,0.0010709153630107764,0.0010709153630107764
B,4,168,6,2,0.0022732477051464438,0.0022732477051466606,0.0022732477051464438,0.00085719880941557297,0.00085719880941579891,0.00085719880941557297
B,4,169,6,2,0.00080524553006870551,0.00080524553006892235,0.00080524553006870551,0.0043764330584816066,0.0043764330584816664,0.0043764330584816066
B,4,170,6,2,0.00084880441409817403,0.00084880441409839087,0.00084880441409817403,0.0017019079538325146,0.0017019079538325677,0.0017019079538325146
B,4,171,6,2,0.0018678728829738152,0.0018678728829738152,0.0018678728829738152,0.0015996337881041297,0.0015996337881046818,0.0015996337881041297
B,4,172,6,2,0.0019266087904718865,0.0019266087904719949,0.0019266087904718865,0.0037968209498584083,0.0037968209498584655,0.0037968209498584083
B,4,173,6,2,0.00095067989415486068,0.0009506798941555112,0.00095067989415486068,0.0010540452901617063,0.0010540452901618407,0.0010540452901617063
B,4,174,6,2,0.0033059558314770063,0.0033059558314772232,0.0033059558314770063,0.00087085238370654535,0.00087085238370657625,0.00087085238370654535
B,4,175,6,2,0.002265364212691791,0.0022653642126923331,0.002265364212691791,0.0014281669881317702,0.0014281669881320018,0.00142816698813177
B,4,176,6,2,0.0027549756680054745,0.0027549756680060166,0.0027549756680054745,0.0010224863582970914,0.0010224863582971346,0.0010224863582970914
B,4,177,6,2,0.0027775484950149547,0.0027775484950150631,0.0027775484950149547,0.0033223401365946648,0.0033223401365946779,0.0033223401365946648
B,4,178,6,2,0.0022843613602752198,0.0022843613602754366,0.0022843613602752198,0.0055924858612793745,0.0055924858612794153,0.0055924858612793745
B,4,179,6,2,0.0013631205638310476,0.001363120563831156,0.0013631205638310476,0.00098758496159649265,0.00098758496159653342,0.00098758496159649265
B,4,180,6,2,0.0013830261940096181,0.0013830261940096181,0.0013830261940096181,0.0014025203918497282,0.0014025203918497282,0.0014025203918497282
B,4,181,6,2,0.0024299530339747357,0.0024299530339752778,0.0024299530339747357,0.0060435341498640115,0.0060435341498642076,0.0060435341498640115
B,4,182,6,2,6.1133830045771373e-05,6.1133830045988213e-05,6.1133830045771373e-05,0.00072650137589637355,0.00072650137589667441,0.00072650137589637355
B,4,183,6,2,0.0011341196478541985,0.0011341196478544154,0.0011341196478541985,0.00071867911117148918,0.00071867911117192763,0.00071867911117148918
B,4,184,6,2,0.00093648213482695492,0.00093648213482706334,0.00093648213482695492,0.0020790577846830451,0.0020790577846830889,0.0020790577846830451
B,4,185,6,2,0.0014039867443960173,0.0014039867443963426,0.0014039867443960173,0.00076858261889466801,0.00076858261889508304,0.00076858261889466812
B,4,186,6,2,0.0021395365187400943,0.0021395365187402027,0.0021395365187400943,0.0016729051640970269,0.0016729051640970557,0.0016729051640970269
B,4,187,6,2,0.0024074211589166124,0.0024074211589166124,0.0024074211589166124,0.0019282384216090425,0.0019282384216091602,0.0019282384216090425
B,4,188,6,2,0.001081026509128875,0.0010810265091290919,0.001081026509128875,0.0013266131822663499,0.0013266131822665028,0.0013266131822663499
B,4,189,6,2,0.0024188716287807787,0.0024188716287809955,0.0024188716287807787,0.0015577593711136751,0.0015577593711137425,0.0015577593711136751
B,4,190,6,2,0.0011226342140337143,0.0011226342140342564,0.0011226342140337143,0.0017419761610102849,0.0017419761610103118,0.0017419761610102849
B,4,191,6,2,0.0018540936957482353,0.0018540936957483437,0.0018540936957482353,0.0049088942038003685,0.0049088942038005498,0.0049088942038003685
B,4,192,6,2,0.0015372718812220942,0.0015372718812222026,0.0015372718812220942,0.00084477123212826932,0.00084477123212852465,0.00084477123212826932
B,4,193,6,2,0.0017290762382871777,0.0017290762382876114,0.0017290762382871777,0.00080096477735811281,0.00080096477735845076,0.00080096477735811281
B,4,194,6,2,0.002089014292120479,0.0020890142921211295,0.002089014292120479,0.0053449104105007051,0.0053449104105013218,0.0053449104105007051
B,4,195,6,2,0.002111387095582104,0.0021113870955823209,0.002111387095582104,0.00029938690123697937,0.00029938690123727769,0.00029938690123697937
B,4,196,6,2,0.0019224344223615951,0.0019224344223621372,0.0019224344223615951,0.004355089476036857,0.0043550894760371025,0.0043550894760368579
B,4,197,6,2,0.0019489124557757476,0.0019489124557757476,0.0019489124557757476,0.0013016173416004315,0.0013016173416006739,0.0013016173416004315
B,4,198,6,2,0.00027605193858484377,0.00027605193858495219,0.00027605193858484377,0.0016701759362365278,0.0016701759362366989,0.0016701759362365278
B,4,199,6,2,0.00056905523725646074,0.00056905523725656916,0.00056905523725646074,0.0013583556060817949,0.0013583556060828077,0.0013583556060817951
B,4,200,6,2,0.0015260257130783259,0.0015260257130783259,0.0015260257130783259,0.00097817884898075409,0.00097817884898075409,0.00097817884898075409
B,4,201,6,2,0.0015305340242803295,0.0015305340242803295,0.0015305340242803295,0.0048348261917989573,0.0048348261917989573,0.0048348261917989573
B,4,202,6,2,0.0032803276486983567,0.0032803276486985736,0.0032803276486983567,0.0034195501858544836,0.0034195501858545253,0.0034195501858544836
B,4,203,6,2,0.0022908047846398154,0.0022908047846398154,0.0022908047846398154,0.0010377179745556069,0.0010377179745556077,0.0010377179745556069
B,4,204,6,2,0.0023794830933570373,0.0023794830933570373,0.0023794830933570373,0.003533438934569171,0.0035334389345692318,0.003533438934569171
B,4,205,6,2,0.0039030995383376212,0.0039030995383376212,0.0039030995383376212,0.0010377703453911587,0.0010377703453911587,0.0010377703453911587
B,4,206,6,2,0.0024196748008427317,0.0024196748008428401,0.0024196748008427317,0.0015841549724707929,0.0015841549724710448,0.0015841549724707929
B,4,207,6,2,0.0040873887390848167,0.0040873887390850336,0.0040873887390848167,0.0008847445138770952,0.00088474451387716383,0.0008847445138770952
B,4,208,6,2,0.0051588054188487012,0.0051588054188487012,0.0051588054188487012,0.00098124238392558144,0.00098124238392582907,0.00098124238392558144
B,4,209,6,2,0.0030298380472508317,0.0030298380472510485,0.0030298380472508317,0.00109180494896105,0.0010918049489610738,0.0010918049489610498
B,4,210,6,2,0.0025180224192540264,0.0025180224192541348,0.0025180224192540264,0.0022348795314000624,0.0022348795314002367,0.0022348795314000624
B,4,211,6,2,0.0012762467935119835,0.0012762467935119835,0.0012762467935119835,0.0011423453507555042,0.0011423453507559058,0.0011423453507555042
B,4,212,6,2,0.0016435014471538308,0.0016435014471543729,0.0016435014471538308,0.00065562433113236897,0.00065562433113257378,0.00065562433113236897
B,4,213,6,2,0.0012346670688630603,0.0012346670688633855,0.0012346670688630603,0.0012989117392732234,0.0012989117392734801,0.0012989117392732234
B,4,214,6,2,0.00024158228656141582,0.00024158228656141582,0.00024158228656141582,0.0033335356042430834,0.0033335356042430834,0.0033335356042430834
B,4,215,6,2,0.00086149567227688205,0.00086149567227688205,0.00086149567227688205,0.0006956507824997291,0.00069565078250005078,0.0006956507824997291
B,4,216,6,2,0.0012202375372464018,0.001220237537246727,0.0012202375372464018,0.00056712444807853013,0.00056712444807903212,0.00056712444807853013
B,4,217,6,2,9.8693636860105842e-05,9.8693636860214262e-05,9.8693636860105842e-05,0.0033258538414314429,0.0033258538414318241,0.0033258538414314429
B,4,218,6,2,0.00045920511423350359,0.00045920511423350359,0.00045920511423350359,0.00060955776672109822,0.00060955776672158265,0.00060955776672109822
B,4,219,6,2,0.00079788934221973994,0.00079788934222039046,0.00079788934221973994,0.001456805986501543,0.001456805986501586,0.001456805986501543
B,4,220,6,2,0.00045462604419759488,0.00045462604419759488,0.00045462604419759488,0.0028629714497545328,0.0028629714497545328,0.0028629714497545328
B,4,221,6,2,0.0027754198716593587,0.0027754198716595756,0.0027754198716593587,0.001812048457761116,0.0018120484577611232,0.001812048457761116
B,4,222,6,2,0.00084349196874649451,0.00084349196874692819,0.00084349196874649451,0.00067631083194448407,0.00067631083194521569,0.00067631083194448396
B,4,223,6,2,0.00081357272335063138,0.00081357272335106506,0.00081357272335063138,0.0010378394210019874,0.0010378394210028641,0.0010378394210019874
B,4,224,6,2,0.0015854562811377839,0.0015854562811380007,0.0015854562811377839,0.0013862749202189443,0.0013862749202192604,0.0013862749202189443
B,4,225,6,2,0.00042425646623318707,0.00042425646623318707,0.00042425646623318707,0.0031517166705835402,0.0031517166705835402,0.0031517166705835402
B,4,226,6,2,5.0676763628347554e-05,5.0676763628347554e-05,5.0676763628347554e-05,0.002978610780928796,0.002978610780928796,0.002978610780928796
B,4,227,6,2,0.00070659039260552101,0.00070659039260595469,0.00070659039260552101,0.0014403300731998959,0.0014403300732000468,0.0014403300731998957
B,4,228,6,2,0.0022004963183325146,0.0022004963183327314,0.0022004963183325146,0.0013554877225307356,0.0013554877225312571,0.0013554877225307356
B,4,229,6,2,0.0002696311929821114,0.00026963119298243667,0.0002696311929821114,0.0032669556945112794,0.0032669556945120501,0.0032669556945112794
B,4,230,6,2,0.0023405488747353567,0.0023405488747355735,0.0023405488747353567,0.0012919256183688641,0.0012919256183692072,0.0012919256183688641
B,4,231,6,2,0.00011673055500807314,0.00011673055500807314,0.00011673055500807314,0.0010746622271342217,0.0010746622271342217,0.0010746622271342217
B,4,232,6,2,0.0001059175111642937,0.00010591751116451054,0.0001059175111642937,0.00058862316094717749,0.00058862316094740095,0.00058862316094717749
B,4,233,6,2,0.0039665937679368322,0.0039665937679373743,0.0039665937679368322,0.0013851990207871226,0.0013851990207877612,0.0013851990207871226
B,4,234,6,2,0.0033825423288379956,0.0033825423288384292,0.0033825423288379956,0.0023053386421736472,0.0023053386421744131,0.0023053386421736472
B,4,235,6,2,0.00073313993154914409,0.00073313993154914409,0.00073313993154914409,0.0013960067102805583,0.0013960067102807149,0.0013960067102805585
B,4,236,6,2,0.00017509881719817572,0.0001750988171986094,0.00017509881719817572,0.00029452134703439504,0.00029452134703457638,0.00029452134703439504
B,4,237,6,2,9.4588977272080585e-05,9.4588977272297425e-05,9.4588977272080585e-05,0.0012171874874405729,0.0012171874874406274,0.0012171874874405729
B,4,238,6,2,0.00063220266766051639,0.0006322026676610585,0.00063220266766051639,0.0023584356006469492,0.002358435600647127,0.0023584356006469492
B,4,239,6,2,0.0018555254264742901,0.0018555254264742901,0.0018555254264742901,0.00084228373142324346,0.00084228373142393757,0.00084228373142324346
B,4,240,6,2,0.0025624051577083883,0.0025624051577086051,0.0025624051577083883,0.0062538013445826105,0.00625380134458264,0.0062538013445826105
B,4,241,6,2,0.00087360970975509933,0.00087360970975509933,0.00087360970975509933,0.001111601863742965,0.0011116018637434585,0.0011116018637429648
B,4,242,6,2,6.2836260708576397e-06,6.2836260708576397e-06,6.2836260708576397e-06,0.00098684774261879426,0.00098684774261888664,0.00098684774261879426
B,4,243,6,2,0.0026069513767594315,0.0026069513767595399,0.0026069513767594315,0.00647008408270502,0.0064700840827053626,0.00647008408270502
B,4,244,6,2,0.00069388706012952182,0.0006938870601299555,0.00069388706012952193,0.00078775640482678291,0.00078775640482699064,0.0007877564048267828
B,4,245,6,2,0.0023188221718163735,0.0023188221718163735,0.0023188221718163735,0.0013340423338692436,0.0013340423338692794,0.0013340423338692436
B,4,246,6,2,0.00044462836480425177,0.00044462836480425177,0.00044462836480425177,0.0043476085706908281,0.0043476085706908281,0.0043476085706908281
B,4,247,6,2,0.0016766065256275083,0.0016766065256276167,0.0016766065256275085,0.0010623684668225151,0.0010623684668225276,0.0010623684668225151
B,4,248,6,2,0.0013997951363595509,0.0013997951363597678,0.0013997951363595507,0.0015911546485419016,0.0015911546485420883,0.0015911546485419016
B,4,249,6,2,0.00037595995783896389,0.00037595995783928915,0.00037595995783896389,0.0010191329430174602,0.0010191329430176159,0.0010191329430174602
B,4,250,6,2,0.0019601619861458119,0.0019601619861459203,0.0019601619861458119,0.0010362349918021023,0.001036234991802377,0.0010362349918021021
B,4,251,6,2,0.00022630368437482826,0.00022630368437482826,0.00022630368437482826,0.0051501864488726302,0.0051501864488726302,0.0051501864488726302
B,4,252,6,2,0.0016126587663455212,0.0016126587663455212,0.0016126587663455212,0.0038453687672478634,0.0038453687672480082,0.0038453687672478634
B,4,253,6,2,0.0023001095915413557,0.0023001095915415725,0.0023001095915413557,0.0015386048389974729,0.0015386048389975226,0.0015386048389974729
B,4,254,6,2,0.0020367002216966712,0.0020367002216967797,0.0020367002216966712,0.0016752772801055238,0.001675277280105863,0.0016752772801055238
B,4,255,6,2,0.0008556799621457431,0.00085567996214595994,0.0008556799621457431,0.0045389540492960252,0.0045389540492960781,0.0045389540492960252
B,4,256,6,2,0.0028977195413970288,0.002897719541397354,0.0028977195413970288,0.0012255798379184396,0.0012255798379186133,0.0012255798379184396
B,4,257,6,2,0.0011621656320845181,0.0011621656320845181,0.0011621656320845181,0.0013168908731721826,0.0013168908731721826,0.0013168908731721826
B,4,258,6,2,0.0022517648072206903,0.0022517648072207987,0.0022517648072206903,0.0012636110017818563,0.0012636110017821809,0.0012636110017818563
B,4,259,6,2,0.0027343057892346501,0.0027343057892349754,0.0027343057892346501,0.0011678007333452568,0.0011678007333457746,0.0011678007333452568
B,4,260,6,2,0.00038732869340422221,0.00038732869340443905,0.00038732869340422221,0.0013245881722009595,0.0013245881722010982,0.0013245881722009595
B,4,261,6,2,0.00094130702351508111,0.00094130702351529795,0.00094130702351508111,0.0019538046326511233,0.0019538046326511623,0.0019538046326511237
B,4,262,6,2,0.00221452268624623,0.00221452268624623,0.00221452268624623,0.0017000979391379235,0.00170009793913794,0.0017000979391379233
B,4,263,6,2,0.00037281428334518148,0.00037281428334561516,0.00037281428334518148,0.0018267836009606938,0.0018267836009608655,0.0018267836009606935
B,4,264,6,2,8.3240056166248785e-06,8.3240056167332988e-06,8.3240056166248785e-06,0.00038582264513508155,0.00038582264513508876,0.00038582264513508155
B,4,265,6,2,0.0018331630202837084,0.0018331630202838168,0.0018331630202837084,0.0034694659780783494,0.0034694659780784734,0.0034694659780783494
B,4,266,6,2,0.00010416582249875555,0.00010416582249886397,0.00010416582249875555,0.0033339102571819284,0.0033339102571819301,0.0033339102571819288
B,4,267,6,2,0.00084663936830611363,0.00084663936830622205,0.00084663936830611363,0.0014179701304610594,0.0014179701304610727,0.0014179701304610594
B,4,268,6,2,0.001774724141113352,0.0017747241411135688,0.001774724141113352,0.0018217843649733782,0.0018217843649735383,0.0018217843649733782
B,4,269,6,2,0.00059737328559391744,0.00059737328559402586,0.00059737328559391744,0.0028360442082187949,0.0028360442082188005,0.0028360442082187949
B,4,270,6,2,0.0015857827291712112,0.0015857827291713197,0.0015857827291712112,0.0023292865277359008,0.0023292865277364473,0.0023292865277359008
B,4,271,6,2,0.0010278547546080374,0.0010278547546084711,0.0010278547546080374,0.00091934325931534023,0.0009193432593153552,0.00091934325931534023
B,4,272,6,2,0.0017318818382512256,0.0017318818382515509,0.0017318818382512256,0.0036334442911625333,0.0036334442911625697,0.0036334442911625333
B,4,273,6,2,0.0022476726978849521,0.002247672697885169,0.0022476726978849521,0.00091627328008633032,0.00091627328008690462,0.00091627328008633032
B,4,274,6,2,0.0021103229663468545,0.0021103229663470714,0.0021103229663468545,0.001685191935958367,0.001685191935958419,0.001685191935958367
B,4,275,6,2,0.0015333825807400513,0.0015333825807400513,0.0015333825807400513,0.0029166166795578548,0.002916616679557932,0.0029166166795578548
B,4,276,6,2,0.0019349347301783355,0.0019349347301783355,0.0019349347301783355,0.0042857257587157931,0.0042857257587157931,0.0042857257587157931
B,4,277,6,2,0.00080122217608821766,0.0008012221760884345,0.00080122217608821766,9.3665518615482799e-05,9.3665518615624924e-05,9.3665518615482812e-05
B,4,278,6,2,0.00052748056314478285,0.00052748056314521653,0.00052748056314478285,0.00056959980172872579,0.0005695998017289346,0.00056959980172872589
B,4,279,6,2,0.0012634452260268814,0.0012634452260268814,0.0012634452260268814,0.0040845179951526957,0.0040845179951529576,0.0040845179951526957
B,4,280,6,2,0.00027022010831180814,0.00027022010831235024,0.00027022010831180814,0.00098106136329472035,0.00098106136329511413,0.00098106136329472035
B,4,281,6,2,0.00037889964828565284,0.00037889964828565284,0.00037889964828565284,0.0012021455638156441,0.0012021455638159375,0.0012021455638156441
B,4,282,6,2,0.00028823363884230343,0.00028823363884241185,0.00028823363884230343,0.00095706435076659577,0.00095706435076714036,0.00095706435076659587
B,4,283,6,2,0.0012020342929456055,0.0012020342929459308,0.0012020342929456055,0.00070941548370735902,0.00070941548370740369,0.00070941548370735902
B,4,284,6,2,0.00080403059034934651,0.00080403059034934651,0.00080403059034934651,0.0018871178727593182,0.001887117872759713,0.0018871178727593182
B,4,285,6,2,0.001125216503100753,0.0011252165031008614,0.001125216503100753,0.0012953222123104154,0.0012953222123109377,0.0012953222123104154
B,4,286,6,2,0.0025469514587272068,0.0025469514587279658,0.0025469514587272068,0.0015669289221767729,0.0015669289221775559,0.0015669289221767729
B,4,287,6,2,0.00066238757014808192,0.0006623875701485156,0.00066238757014808192,0.0046874051618240034,0.0046874051618242436,0.0046874051618240034
B,4,288,6,2,0.0018635467837420415,0.0018635467837423668,0.0018635467837420415,0.0003055028206589679,0.00030550282065898042,0.00030550282065896795
B,4,289,6,2,0.0021019071208956642,0.0021019071208957726,0.0021019071208956642,0.0017637789626018556,0.0017637789626018946,0.0017637789626018553
B,4,290,6,2,0.00049882202795593911,0.00049882202795593911,0.00049882202795593911,0.0042035491698599811,0.0042035491698599811,0.0042035491698599811
B,4,291,6,2,0.00019721938936665719,0.00019721938936709087,0.00019721938936665719,0.0015742396665749969,0.0015742396665750934,0.0015742396665749967
B,4,292,6,2,0.0009712091056345018,0.0009712091056345018,0.0009712091056345018,0.0042657898910504581,0.0042657898910504581,0.0042657898910504581
B,4,293,6,2,0.00090285236129927088,0.00090285236129927088,0.00090285236129927088,0.0012294398854421321,0.0012294398854421457,0.0012294398854421323
B,4,294,6,2,0.0007850342904782261,0.00078503429047855136,0.0007850342904782261,0.0014707538451569169,0.0014707538451569535,0.0014707538451569169
B,4,295,6,2,0.00079383468413042439,0.00079383468413042439,0.00079383468413042439,0.0041412510680917478,0.0041412510680917478,0.0041412510680917478
B,4,296,6,2,0.00066578157690384485,0.00066578157690427853,0.00066578157690384485,0.0045671207784874603,0.0045671207784876641,0.0045671207784874603
B,4,297,6,2,0.0011980875014602852,0.0011980875014605021,0.0011980875014602852,0.0018698944774754452,0.0018698944774755983,0.0018698944774754452
B,4,298,6,2,0.0011938079283062069,0.0011938079283063154,0.0011938079283062069,0.0049581436693464358,0.0049581436693471757,0.0049581436693464358
B,4,299,6,2,0.0016133708024083362,0.0016133708024084446,0.0016133708024083362,0.00042096338650246046,0.00042096338650294461,0.00042096338650246052
B,4,300,6,2,0.0011463404935999413,0.0011463404935999413,0.0011463404935999413,0.0018407213771469708,0.0018407213771472564,0.001840721377146971
B,4,301,6,2,0.00037705052086643449,0.00037705052086654291,0.00037705052086643449,0.0016049233006806287,0.0016049233006808436,0.0016049233006806287
B,4,302,6,2,0.0008129898420498969,0.00081298984205033058,0.0008129898420498969,0.0014482573404195885,0.0014482573404196485,0.0014482573404195885
B,4,303,6,2,0.0019439607317441781,0.0019439607317442865,0.0019439607317441781,0.0029435116854338228,0.0029435116854339295,0.0029435116854338223
B,4,304,6,2,0.00064896961029278343,0.00064896961029289185,0.00064896961029278343,0.0011489530869729144,0.0011489530869729354,0.0011489530869729142
B,4,305,6,2,0.001221775527197942,0.0012217755271980504,0.001221775527197942,0.00323843470050827,0.00323843470050828,0.00323843470050827
B,4,306,6,2,0.0021216098942061041,0.0021216098942062125,0.0021216098942061041,0.0024454377969007771,0.0024454377969008092,0.0024454377969007771
B,4,307,6,2,5.5588055368287724e-05,5.5588055368612985e-05,5.5588055368287724e-05,0.0014233101254295618,0.0014233101254296253,0.0014233101254295618
B,4,308,6,2,0.00055546032894484079,0.00055546032894484079,0.00055546032894484079,0.0039849563453940914,0.0039849563453941096,0.0039849563453940914
B,4,309,6,2,0.00072910922679458694,0.00072910922679502062,0.00072910922679458694,0.00057297583277440226,0.00057297583277456435,0.00057297583277440215
B,4,310,6,2,0.0020459479233401892,0.0020459479233407313,0.0020459479233401892,0.0051669035985490658,0.005166903598549496,0.0051669035985490658
B,4,311,6,2,0.00075488099809668634,0.00075488099809690318,0.00075488099809668634,0.0015886004987848042,0.0015886004987852823,0.0015886004987848039
B,4,312,6,2,0.00090831625063460611,0.00090831625063482295,0.00090831625063460611,0.0008993751571569977,0.00089937515715734205,0.00089937515715699781
B,4,313,6,2,0.0018837579810017987,0.0018837579810017987,0.0018837579810017987,0.0050051247502268239,0.0050051247502268239,0.0050051247502268239
B,4,314,6,2,0.00067695696459721053,0.00067695696459742737,0.00067695696459721053,0.0043857384187813873,0.0043857384187814628,0.0043857384187813873
B,4,315,6,2,0.00016872131948454574,0.000168721319484871,0.00016872131948454574,0.0011422966614917625,0.0011422966614919373,0.0011422966614917623
B,4,316,6,2,0.0011561545939976379,0.0011561545939977463,0.0011561545939976379,0.0034872188723119547,0.0034872188723120466,0.0034872188723119543
B,4,317,6,2,0.0022623035602061057,0.0022623035602063225,0.0022623035602061057,0.0023426336099352974,0.0023426336099353368,0.0023426336099352974
B,4,318,6,2,0.0010799402194410076,0.001079940219441116,0.0010799402194410076,0.0013928875732755459,0.0013928875732756292,0.0013928875732755459
B,4,319,6,2,9.3497863065607374e-05,9.3497863065932635e-05,9.3497863065607374e-05,0.0022202172478716256,0.0022202172478716945,0.0022202172478716256
B,4,320,6,2,0.00016822220869885853,0.00016822220869918379,0.00016822220869885853,0.0024120569778551164,0.0024120569778551823,0.002412056977855116
B,4,321,6,2,0.0013343396127092361,0.001334339612709453,0.0013343396127092361,0.00032222324845875851,0.00032222324845907196,0.00032222324845875851
B,4,322,6,2,0.0018863963753436687,0.0018863963753437771,0.0018863963753436687,0.00089477511627461374,0.00089477511627464768,0.00089477511627461374
B,4,323,6,2,0.00071006753426096445,0.00071006753426150655,0.00071006753426096445,0.00074350128255960325,0.00074350128255966754,0.00074350128255960336
B,4,324,6,2,0.0039806417244153593,0.0039806417244155762,0.0039806417244153593,0.00082524866099045226,0.00082524866099073068,0.00082524866099045226
B,4,325,6,2,0.0015445449854333253,0.0015445449854335422,0.0015445449854333253,0.00084497532167237058,0.00084497532167244615,0.00084497532167237047
B,4,326,6,2,0.00076955660598544261,0.00076955660598555103,0.00076955660598544261,0.001276577920401578,0.0012765779204018612,0.0012765779204015777
B,4,327,6,2,0.00088685895125557249,0.00088685895125568091,0.00088685895125557249,0.00052325192790809495,0.00052325192790855378,0.00052325192790809495
B,4,328,6,2,0.0010937100104084019,0.0010937100104087272,0.0010937100104084019,0.00092387176162757258,0.00092387176162771862,0.00092387176162757258
B,4,329,6,2,0.00044337412467279277,0.00044337412467300961,0.00044337412467279277,0.0010668521361000727,0.0010668521361001254,0.0010668521361000727
B,4,330,6,2,0.0034552994742656712,0.0034552994742657796,0.0034552994742656712,0.00096365020462373856,0.00096365020462415413,0.00096365020462373856
B,4,331,6,2,0.00057724306576085582,0.00057724306576118108,0.00057724306576085582,0.00068872327925209749,0.00068872327925248759,0.00068872327925209749
B,4,332,6,2,0.00078286478388486271,0.00078286478388507955,0.00078286478388486271,0.0006665770886042251,0.00066657708860456749,0.0006665770886042251
B,4,333,6,2,0.00072983194829279435,0.00072983194829333645,0.00072983194829279435,0.00066034875661290997,0.00066034875661325854,0.00066034875661290997
B,4,334,6,2,7.1945198808578449e-05,7.1945198808686869e-05,7.1945198808578449e-05,0.00052084072827109692,0.00052084072827132948,0.00052084072827109681
B,4,335,6,2,9.6821424828866069e-05,9.682142482919133e-05,9.6821424828866069e-05,0.0039605427834506889,0.0039605427834510697,0.0039605427834506881
B,4,336,6,2,0.00070913176120827696,0.0007091317612084938,0.00070913176120827696,0.00026076294386912212,0.00026076294386936027,0.00026076294386912212
B,4,337,6,2,0.00092629953185412433,0.00092629953185444959,0.00092629953185412433,0.0007803988021812952,0.00078039880218153123,0.0007803988021812952
B,4,338,6,2,0.00013788876386370847,0.00013788876386446741,0.00013788876386370847,0.0039590255635012089,0.0039590255635012436,0.0039590255635012089
B,4,339,6,2,0.00054161458748599924,0.00054161458748610766,0.00054161458748599924,0.00044458010337342904,0.00044458010337391937,0.00044458010337342904
B,4,340,6,2,0.0010912826610617052,0.0010912826610618136,0.0010912826610617052,0.0017012125539073496,0.0017012125539074153,0.0017012125539073496
B,4,341,6,2,0.00031819255865708166,0.00031819255865719008,0.00031819255865708166,0.00097103213432565383,0.00097103213432602419,0.00097103213432565383
B,4,342,6,2,0.0023830897003972911,0.0023830897003973995,0.0023830897003972911,0.0010242985131301567,0.0010242985131302012,0.0010242985131301567
B,4,343,6,2,0.0014550672866440626,0.0014550672866441711,0.0014550672866440626,0.001448114347512235,0.0014481143475123708,0.0014481143475122348
B,4,344,6,2,0.00015634187218601346,0.0001563418721862303,0.00015634187218601346,0.0037556315109578964,0.0037556315109580226,0.0037556315109578968
B,4,345,6,2,0.00092631468768373214,0.00092631468768416582,0.00092631468768373214,0.00069519930177091758,0.00069519930177102784,0.00069519930177091758
B,4,346,6,2,0.00092046300618781746,0.0009204630061880343,0.00092046300618781746,0.0010682459271385452,0.0010682459271388167,0.0010682459271385452
B,4,347,6,2,0.00015080288027385143,0.00015080288027439354,0.00015080288027385143,0.0036709898210239289,0.0036709898210244788,0.0036709898210239289
B,4,348,6,2,0.00187108824632081,0.0018710882463209184,0.00187108824632081,0.0010563348803344194,0.0010563348803348889,0.0010563348803344194
B,4,349,6,2,0.0008355901556329412,0.00083559015563315804,0.0008355901556329412,0.00067537312349635155,0.00067537312349662054,0.00067537312349635155
B,4,350,6,2,0.00062845668860546551,0.00062845668860546551,0.00062845668860546551,0.00079515417422818533,0.00079515417422818533,0.00079515417422818533
B,4,351,6,2,0.0010748809509675532,0.0010748809509677701,0.0010748809509675532,0.0010877069302783593,0.0010877069302786008,0.0010877069302783593
B,4,352,6,2,0.0011769965158127697,0.001176996515813095,0.0011769965158127697,0.00032165484859323712,0.00032165484859332207,0.00032165484859323712
B,4,353,6,2,0.0001043201146000948,0.0001043201146000948,0.0001043201146000948,0.0005263469538702455,0.00052634695387054941,0.0005263469538702455
B,4,354,6,2,0.0005210432038885637,0.00052104320388888896,0.0005210432038885637,0.0047838069398062569,0.0047838069398064374,0.0047838069398062569
B,4,355,6,2,0.00069036211895561177,0.00069036211895572019,0.00069036211895561177,0.00051965533930833593,0.00051965533930841573,0.00051965533930833593
B,4,356,6,2,7.7555801002572415e-05,7.7555801002680835e-05,7.7555801002572415e-05,0.0012497172434064456,0.0012497172434065757,0.0012497172434064456
B,4,357,6,2,0.00061891752195584581,0.00061891752195595423,0.00061891752195584581,0.00030199154697348689,0.00030199154697443145,0.00030199154697348689
B,4,358,6,2,0.00076312292243739879,0.00076312292243761563,0.00076312292243739879,0.00041477813515902631,0.0004147781351595039,0.00041477813515902631
B,4,359,6,2,9.6035089160954185e-05,9.6035089161171025e-05,9.6035089160954185e-05,0.0012214519619213485,0.0012214519619213806,0.0012214519619213485
B,4,360,6,2,0.00042527540762050692,0.00042527540762061534,0.00042527540762050692,0.0046341753214716973,0.0046341753214718204,0.0046341753214716973
B,4,361,6,2,0.00013996863699712939,0.00013996863699712939,0.00013996863699712939,0.00078680838619017387,0.00078680838619017387,0.00078680838619017387
B,4,362,6,2,0.00021338716955888407,0.00021338716955899249,0.00021338716955888407,0.00062745274235437418,0.00062745274235451946,0.00062745274235437418
B,4,363,6,2,0.00066680848505350568,0.00066680848505350568,0.00066680848505350568,0.0015041242593057532,0.0015041242593059562,0.0015041242593057532
B,4,364,6,2,0.00094891612346372986,0.00094891612346372986,0.00094891612346372986,0.00096217865274249553,0.00096217865274255516,0.00096217865274249553
B,4,365,6,2,0.00099298086763798671,0.00099298086763820355,0.00099298086763798671,0.0013509742234616218,0.0013509742234617465,0.0013509742234616218
B,4,366,6,2,0.00063267507302761962,0.00063267507302783646,0.00063267507302761962,0.00082396236147900832,0.00082396236147943582,0.00082396236147900821
B,4,367,6,2,0.00073225610169901697,0.00073225610169912539,0.00073225610169901697,0.00021989044459508125,0.00021989044459524783,0.00021989044459508125
B,4,368,6,2,4.0437739026863082e-05,4.0437739027079922e-05,4.0437739026863082e-05,0.0017402014976311666,0.0017402014976313997,0.0017402014976311666
B,4,369,6,2,0.00071760053782965634,0.00071760053782965634,0.00071760053782965634,0.0014245397946084076,0.0014245397946085197,0.0014245397946084073
B,4,370,6,2,0.00072794130623907247,0.00072794130623939773,0.00072794130623907236,0.0010887692508551696,0.0010887692508552416,0.0010887692508551696
B,4,371,6,2,0.00022467514859442379,0.00022467514859442379,0.00022467514859442379,0.00076426349942763146,0.00076426349942813779,0.00076426349942763146
B,4,372,6,2,0.00032534235165453378,0.0003253423516546422,0.00032534235165453378,0.0044567204087975973,0.0044567204087976172,0.0044567204087975964
B,4,373,6,2,0.00074869276811637825,0.00074869276811681193,0.00074869276811637825,0.0010259348831731878,0.0010259348831733934,0.0010259348831731878
B,4,374,6,2,0.00076280231853828422,0.00076280231853828422,0.00076280231853828422,0.0017028431299143897,0.0017028431299143897,0.0017028431299143897
B,4,375,6,2,0.00065204161215715387,0.00065204161215737071,0.00065204161215715387,0.00027150814225751984,0.00027150814225767017,0.00027150814225751989
B,4,376,6,2,0.00069151752377571638,0.00069151752377571638,0.00069151752377571638,0.00070445095425955117,0.00070445095425962848,0.00070445095425955117
B,4,377,6,2,0.0011695364513172619,0.0011695364513172619,0.0011695364513172619,0.0019131481189140951,0.0019131481189143332,0.0019131481189140951
B,4,378,6,2,0.00022759425232280178,0.0002275942523229102,0.00022759425232280178,0.0043330216507747408,0.0043330216507747859,0.0043330216507747408
B,4,379,6,2,0.00073907127856815205,0.00073907127856815205,0.00073907127856815205,0.00060169096320179783,0.00060169096320225688,0.00060169096320179794
B,4,380,6,2,8.9229734910991135e-05,8.9229734911641656e-05,8.9229734910991135e-05,0.00014903558667917282,0.00014903558667921692,0.00014903558667917282
B,4,381,6,2,0.00066475569878506231,0.00066475569878571283,0.00066475569878506231,0.00070863077668068626,0.00070863077668094777,0.00070863077668068637
B,4,382,6,2,0.0010545174715035884,0.0010545174715036968,0.0010545174715035884,0.0046507203332146561,0.0046507203332146639,0.0046507203332146569
B,4,383,6,2,0.0002928397475406453,0.00029283974754086214,0.0002928397475406453,0.001155462142178309,0.001155462142178333,0.001155462142178309
B,4,384,6,2,0.00024543249755812086,0.00024543249755844612,0.00024543249755812086,0.0011010783228117878,0.0011010783228122842,0.0011010783228117878
B,4,385,6,2,0.0013334987485001367,0.0013334987485004619,0.0013334987485001367,0.004710219956590397,0.0047102199565906859,0.0047102199565903962
B,4,386,6,2,0.00075405141587410809,0.00075405141587432493,0.00075405141587410809,0.001703960222865083,0.001703960222865379,0.001703960222865083
B,4,387,6,2,0.00086530704428687284,0.00086530704428698126,0.00086530704428687284,0.00088759759960519184,0.0008875975996057862,0.00088759759960519184
B,4,388,6,2,0.00046097304635072094,0.00046097304635082936,0.00046097304635072094,0.0012251121329879692,0.0012251121329884711,0.0012251121329879694
B,4,389,6,2,0.00050191865625325537,0.00050191865625347221,0.00050191865625325537,0.0016663651857355783,0.0016663651857358448,0.0016663651857355783
B,4,390,6,2,0.00050585885498857525,0.00050585885498868367,0.00050585885498857525,0.0012529815448861306,0.0012529815448862455,0.0012529815448861306
B,4,391,6,2,0.002183722848254346,0.0021837228482547797,0.002183722848254346,0.0046881584517703221,0.004688158451770604,0.0046881584517703212
B,4,392,6,2,0.00056592343329402942,0.00056592343329435468,0.00056592343329402942,0.0012873678711503966,0.0012873678711510415,0.0012873678711503966
B,4,393,6,2,0.00071601942815797352,0.00071601942815808194,0.00071601942815797352,0.00021888384671833359,0.00021888384671846014,0.00021888384671833359
B,4,394,6,2,0.0021227086962070972,0.0021227086962072057,0.0021227086962070972,0.0045926886694125152,0.004592688669412719,0.0045926886694125152
B,4,395,6,2,0.00061741544176026862,0.00061741544176026862,0.00061741544176026862,0.00099656740531808602,0.00099656740531839393,0.00099656740531808602
B,4,396,6,2,0.00089831471738360032,0.00089831471738370874,0.00089831471738360032,0.00083923782876783859,0.0008392378287679906,0.00083923782876783859
B,4,397,6,2,0.00038441385676122718,0.0003844138567613356,0.00038441385676122718,0.0012957796464188346,0.0012957796464190393,0.0012957796464188346
B,4,398,6,2,0.0010222602245665499,0.0010222602245669836,0.0010222602245665499,0.00097639433323519302,0.000976394333235928,0.00097639433323519302
B,4,399,6,2,0.00077970992598498309,0.00077970992598519993,0.00077970992598498309,0.00032283831680459014,0.00032283831680489237,0.00032283831680459014
B,4,400,6,2,0.00048351314408897651,0.00048351314408919335,0.00048351314408897651,0.0017240838822842805,0.0017240838822846407,0.0017240838822842805
B,4,401,6,2,0.00069682078439141631,0.00069682078439174157,0.00069682078439141631,0.0012887843576074825,0.0012887843576080732,0.0012887843576074823
B,4,402,6,2,0.00091018454775415678,0.00091018454775448204,0.00091018454775415678,0.0015375973888155656,0.0015375973888157662,0.0015375973888155658
B,4,403,6,2,0.00064587580361156333,0.00064587580361156333,0.00064587580361156333,0.0019178270703780862,0.0019178270703781063,0.0019178270703780864
B,4,404,6,2,0.0019382050315723889,0.0019382050315723889,0.0019382050315723889,0.0011851023976230004,0.0011851023976230004,0.0011851023976230004
B,4,405,6,2,0.00093354701917501906,0.00093354701917501906,0.00093354701917501906,0.0010093955375293996,0.0010093955375300664,0.0010093955375293996
B,4,406,6,2,0.0003019223582532201,0.0003019223582532201,0.0003019223582532201,0.0013010900782609721,0.0013010900782619227,0.0013010900782609721
B,4,407,6,2,0.0022009953930720574,0.0022009953930721658,0.0022009953930720574,0.0011327937467112295,0.0011327937467117441,0.0011327937467112295
B,4,408,6,2,0.0015519616548404207,0.0015519616548406376,0.0015519616548404207,0.0017387891864310517,0.001738789186431164,0.0017387891864310517
B,4,409,6,2,0.00029224168158928192,0.00029224168158928192,0.00029224168158928192,0.0011901541722810916,0.0011901541722810916,0.0011901541722810916
B,4,410,6,2,0.00046502168740030544,0.0004650216874006307,0.00046502168740030544,0.0012042624713617584,0.0012042624713618567,0.0012042624713617584
B,4,411,6,2,0.0010063839762938049,0.0010063839762941302,0.0010063839762938049,0.0014980488108853596,0.001498048810885504,0.0014980488108853596
B,4,412,6,2,0.00058249552833131504,0.00058249552833174872,0.00058249552833131504,0.00070703432940456541,0.00070703432940501037,0.00070703432940456541
B,4,413,6,2,0.00061201781846771663,0.00061201781846771663,0.00061201781846771663,0.0015422647692613521,0.0015422647692613521,0.0015422647692613521
B,4,414,6,2,0.00017651611674380455,0.00017651611674391297,0.00017651611674380455,0.00067888010674346095,0.00067888010674375953,0.00067888010674346095
B,4,415,6,2,0.0010511889440765988,0.0010511889440769241,0.0010511889440765988,0.0012554129365744291,0.0012554129365749335,0.0012554129365744291
B,4,416,6,2,0.00026756618945380367,0.00026756618945402051,0.00026756618945380367,0.0012943151937832163,0.0012943151937845239,0.0012943151937832163
B,4,417,6,2,0.00070331376431130924,0.00070331376431152608,0.00070331376431130924,0.0010210282010320983,0.0010210282010324708,0.0010210282010320985
B,4,418,6,2,0.00026969736093734095,0.00026969736093766621,0.00026969736093734095,0.0012052756743941521,0.0012052756743945077,0.0012052756743941521
B,4,419,6,2,0.0001700278516981275,0.00017002785169823592,0.0001700278516981275,0.00095613197714134357,0.00095613197714141838,0.00095613197714134346
B,4,420,6,2,0.0011036842897528109,0.0011036842897530277,0.0011036842897528109,0.0015518055427943809,0.0015518055427946244,0.0015518055427943809
B,4,421,6,2,0.00027988824896673162,0.00027988824896673162,0.00027988824896673162,0.00097826038002073396,0.00097826038002144021,0.00097826038002073396
B,4,422,6,2,0.0013296769021066326,0.0013296769021068494,0.0013296769021066326,0.0025439060441846224,0.0025439060441849364,0.0025439060441846224
B,4,423,6,2,0.0007418211559629545,0.0007418211559629545,0.0007418211559629545,0.0009991575078302159,0.0009991575078302159,0.0009991575078302159
B,4,424,6,2,0.0012274805686054383,0.0012274805686056552,0.0012274805686054383,0.0027014172904693138,0.0027014172904696117,0.0027014172904693142
B,4,425,6,2,5.6147939766029199e-05,5.6147939766137619e-05,5.6147939766029199e-05,0.0010868722160111552,0.0010868722160115988,0.0010868722160111549
B,4,426,6,2,0.00087571183465698192,0.00087571183465698192,0.00087571183465698192,0.0014848829118037936,0.0014848829118037936,0.0014848829118037936
B,4,427,6,2,0.00095570186516317698,0.00095570186516317698,0.00095570186516317698,0.00065567440686935198,0.00065567440686970522,0.00065567440686935187
B,4,428,6,2,0.00089839098098938239,0.00089839098099003291,0.00089839098098938239,0.0013782005784367139,0.0013782005784372241,0.0013782005784367139
B,4,429,6,2,6.5447825636322059e-05,6.5447825636430479e-05,6.5447825636322059e-05,0.0012953073433355632,0.0012953073433358904,0.0012953073433355632
B,4,430,6,2,0.00038355136464985912,0.00038355136464996754,0.00038355136464985912,0.00056706441506157641,0.00056706441506169036,0.0005670644150615763
B,4,431,6,2,0.0027948171585811176,0.0027948171585812261,0.0027948171585811176,0.0028644418245998213,0.0028644418245998599,0.0028644418245998213
B,4,432,6,2,0.00024313925326801926,0.0002431392532682361,0.00024313925326801926,0.00062808682561196001,0.00062808682561240443,0.00062808682561195991
B,4,433,6,2,0.00020550540717160105,0.00020550540717170947,0.00020550540717160105,0.00089668286512468282,0.00089668286512497621,0.00089668286512468282
B,4,434,6,2,0.0007406426720266493,0.0007406426720266493,0.0007406426720266493,0.0010008447718747602,0.0010008447718747901,0.0010008447718747604
B,4,435,6,2,0.00013360010231466303,0.00013360010231466303,0.00013360010231466303,0.00031987238069914481,0.00031987238069914481,0.00031987238069914481
B,4,436,6,2,0.0027057944001275839,0.0027057944001276923,0.0027057944001275839,0.002580710203072377,0.0025807102030725158,0.002580710203072377
B,4,437,6,2,0.00037728947654719781,0.00037728947654730623,0.00037728947654719781,0.00071940280035105719,0.00071940280035169947,0.00071940280035105719
B,4,438,6,2,0.00019566814324616794,0.00019566814324681846,0.00019566814324616794,0.0013575650197385648,0.0013575650197387961,0.0013575650197385648
B,4,439,6,2,0.00014947307758086774,0.00014947307758130142,0.00014947307758086774,0.0034669934130445914,0.003466993413045173,0.0034669934130445914
B,4,440,6,2,0.00011487768740686254,0.00011487768740697096,0.00011487768740686254,0.00090041155220975139,0.00090041155221009996,0.00090041155220975139
B,4,441,6,2,0.00079047484076780455,0.00079047484076791297,0.00079047484076780455,0.0010426491490911167,0.0010426491490918306,0.0010426491490911167
B,4,442,6,2,0.00010717901253770763,0.00010717901253814131,0.00010717901253770763,0.0032205645842932427,0.0032205645842937163,0.0032205645842932431
B,4,443,6,2,0.0001057114797579483,0.00010571147975816514,0.0001057114797579483,0.0010309391491533852,0.0010309391491536296,0.0010309391491533852
B,4,444,6,2,0.00087177269494323906,0.00087177269494334748,0.00087177269494323906,0.0016244742042674375,0.0016244742042677898,0.0016244742042674375
B,4,445,6,2,0.00034203407388278505,0.00034203407388278505,0.00034203407388278505,0.00052687584952971198,0.00052687584952984957,0.00052687584952971198
B,4,446,6,2,0.001909635987257241,0.001909635987257241,0.001909635987257241,0.0019567838156162947,0.0019567838156166464,0.0019567838156162947
B,4,447,6,2,0.00068924541066705484,0.00068924541066716326,0.00068924541066705484,0.0014514082136665284,0.0014514082136670196,0.0014514082136665282
B,4,448,6,2,0.00048643994949150535,0.00048643994949161377,0.00048643994949150535,0.0029980831542073243,0.0029980831542074098,0.0029980831542073243
B,4,449,6,2,0.0003009369258592234,0.00030093692585933182,0.0003009369258592234,0.00081405819150696186,0.00081405819150737982,0.00081405819150696186
B,4,450,6,2,0.00050456394972558938,0.00050456394972580622,0.00050456394972558938,0.0008720148566000647,0.00087201485660048754,0.0008720148566000647
B,4,451,6,2,0.00038107296221659946,0.00038107296221659946,0.00038107296221659946,0.0029430902108708076,0.0029430902108708939,0.0029430902108708076
B,4,452,6,2,0.0015712127891062298,0.0015712127891063382,0.0015712127891062296,0.0016287147912477985,0.0016287147912481354,0.0016287147912477983
B,4,453,6,2,0.00064798110512508892,0.00064798110512519734,0.00064798110512508892,0.00068704508579183257,0.00068704508579244916,0.00068704508579183257
B,4,454,6,2,0.00048642661007556199,0.00048642661007588725,0.00048642661007556199,0.0010748583793906206,0.001074858379390934,0.0010748583793906206
B,4,455,6,2,0.00020184316139781801,0.00020184316139792643,0.00020184316139781801,0.00081756387766742603,0.00081756387766743893,0.00081756387766742592
B,4,456,6,2,0.00063600925865811564,0.00063600925865854932,0.00063600925865811564,0.00086886938484251027,0.00086886938484267452,0.00086886938484251016
B,4,457,6,2,8.852889462175953e-05,8.8528894622410051e-05,8.852889462175953e-05,0.003380037959154611,0.0033800379591552984,0.003380037959154611
B,4,458,6,2,0.00063938749888571306,0.00063938749888603832,0.00063938749888571306,0.0011512798972760307,0.001151279897276578,0.0011512798972760309
B,4,459,6,2,0.00013107386866943044,0.00013107386866986412,0.00013107386866943044,0.00087225551335397907,0.00087225551335424209,0.00087225551335397896
B,4,460,6,2,0.00088941288883543756,0.00088941288883554598,0.00088941288883543756,0.0010743810961841918,0.001074381096184526,0.0010743810961841918
B,4,461,6,2,0.00031852464599680524,0.00031852464599680524,0.00031852464599680524,0.00083401802309634207,0.00083401802309637167,0.00083401802309634207
B,4,462,6,2,0.00011793950800318646,0.00011793950800372856,0.00011793950800318646,0.0030875079662554192,0.0030875079662561937,0.0030875079662554192
B,4,463,6,2,0.00067087161408053118,0.00067087161408074802,0.00067087161408053118,0.00096838059703854601,0.00096838059703907564,0.0009683805970385459
B,4,464,6,2,0.00022762470062239089,0.00022762470062260773,0.00022762470062239089,0.0009685959563671975,0.00096859595636763422,0.0009685959563671975
B,4,465,6,2,0.0037124598492794311,0.0037124598492794311,0.0037124598492794311,0.0025185051777343649,0.0025185051777343649,0.0025185051777343649
B,4,466,6,2,7.8505110114252333e-05,7.8505110114469173e-05,7.8505110114252333e-05,0.00086697918857582264,0.00086697918857599405,0.00086697918857582264
B,4,467,6,2,0.00083136262318947093,0.00083136262318990461,0.00083136262318947093,0.0011173566645792637,0.0011173566645796887,0.0011173566645792637
B,4,468,6,2,0.0031359902401224609,0.0031359902401225694,0.0031359902401224609,0.0020289851918275986,0.0020289851918277131,0.0020289851918275986
B,4,469,6,2,0.00025274349551391781,0.00025274349551391781,0.00025274349551391781,0.00055717754976994545,0.00055717754977059359,0.00055717754976994545
B,4,470,6,2,0.00092459357686931753,0.00092459357686931753,0.00092459357686931753,0.0014390824940947614,0.0014390824940948247,0.0014390824940947614
B,4,471,6,2,0.00061851186555056913,0.00061851186555078597,0.00061851186555056913,0.00056134729197634275,0.00056134729197677481,0.00056134729197634275
B,4,472,6,2,0.00038160854790286053,0.00038160854790286053,0.00038160854790286053,0.002804513912549802,0.0028045139125498055,0.0028045139125498024
B,4,473,6,2,0.00079511301385179825,0.00079511301385223193,0.00079511301385179814,0.0016141436351604676,0.0016141436351608219,0.0016141436351604676
B,4,474,6,2,0.0020041737831988805,0.0020041737831988805,0.0020041737831988805,0.0013986591192340554,0.0013986591192341761,0.0013986591192340554
B,4,475,6,2,9.2204066485211678e-05,9.2204066485645358e-05,9.2204066485211664e-05,0.0005064835409847293,0.00050648354098493757,0.0005064835409847293
B,4,476,6,2,0.00053371513473998971,0.00053371513474074865,0.00053371513473998971,0.00071746819556762066,0.00071746819556797064,0.00071746819556762066
B,4,477,6,2,0.001467528051338012,0.0014675280513381204,0.001467528051338012,0.0010395487823950046,0.0010395487823951382,0.0010395487823950046
B,4,478,6,2,0.00037930445555040167,0.00037930445555061851,0.00037930445555040172,0.0027704497828493434,0.0027704497828497277,0.0027704497828493434
B,4,479,6,2,0.00072886561454084484,0.00072886561454203747,0.00072886561454084484,0.00068061727111075722,0.00068061727111122625,0.00068061727111075722
B,4,480,6,2,0.00071809208038241083,0.00071809208038262767,0.00071809208038241083,0.00091162079728539236,0.00091162079728597848,0.00091162079728539225
B,4,481,6,2,5.4485259135808248e-05,5.4485259135808248e-05,5.4485259135808248e-05,0.00094600206298824042,0.00094600206298838104,0.00094600206298824042
B,4,482,6,2,0.0013882399102048285,0.0013882399102049369,0.0013882399102048285,0.0036972158458347909,0.0036972158458347909,0.0036972158458347909
B,4,483,6,2,0.00055854973810931345,0.00055854973810953029,0.00055854973810931345,0.00043179203887481202,0.00043179203887499005,0.00043179203887481202
B,4,484,6,2,0.00049619941280647489,0.00049619941280658331,0.00049619941280647489,0.0006446212211350423,0.00064462122113556294,0.0006446212211350423
B,4,485,6,2,0.0010552265862739637,0.0010552265862740721,0.0010552265862739637,0.0036063507718699216,0.0036063507718701359,0.0036063507718699216
B,4,486,6,2,0.00045561274321739322,0.00045561274321739322,0.00045561274321739322,0.00028322222527863702,0.00028322222527863702,0.00028322222527863702
B,4,487,6,2,0.00043662060037461849,0.00043662060037461849,0.00043662060037461849,0.00064303882754948767,0.00064303882754986215,0.00064303882754948767
B,4,488,6,2,9.0898383542912554e-05,9.0898383543020975e-05,9.0898383542912554e-05,0.0006442223730077606,0.00064422237300778965,0.00064422237300776049
B,4,489,6,2,0.00051277211987111639,0.00051277211987133323,0.00051277211987111639,0.0004832099633035853,0.00048320996330362818,0.0004832099633035853
B,4,490,6,2,0.00038927814581220851,0.00038927814581231693,0.00038927814581220851,0.00080012142348718823,0.00080012142348742004,0.00080012142348718834
B,4,491,6,2,0.00064849028036471218,0.00064849028036471218,0.00064849028036471218,0.003586048760472874,0.0035860487604732981,0.003586048760472874
B,4,492,6,2,0.00055355684368057437,0.00055355684368068279,0.00055355684368057437,0.00013646277023707311,0.0001364627702374989,0.00013646277023707311
B,4,493,6,2,0.00042515514476354228,0.00042515514476386754,0.00042515514476354228,0.0008335068913101827,0.00083350689131055555,0.0008335068913101827
B,4,494,6,2,0.00067051012028751522,0.00067051012028751522,0.00067051012028751522,0.0036294926103190139,0.0036294926103191639,0.0036294926103190139
B,4,495,6,2,6.2573230561976424e-05,6.2573230562735366e-05,6.2573230561976424e-05,0.0003612165392598832,0.0003612165392604066,0.00036121653925988325
B,4,496,6,2,0.00022389317403683461,0.00022389317403705145,0.00022389317403683461,0.00024208784666650214,0.00024208784666689365,0.00024208784666650217
B,4,497,6,2,7.8033491897116711e-05,7.8033491897333551e-05,7.8033491897116711e-05,0.00038292057634551377,0.00038292057634572074,0.00038292057634551377
B,4,498,6,2,0.00041839323189753284,0.0004183932318978581,0.00041839323189753289,0.00061690506345423932,0.00061690506345428279,0.00061690506345423932
B,4,499,6,2,0.00031382900761336551,0.00031382900761477497,0.00031382900761336551,0.00085248562471070162,0.00085248562471089558,0.00085248562471070151
B,4,500,6,2,8.8989732314093302e-05,8.8989732314201722e-05,8.8989732314093302e-05,0.00097627438846155487,0.00097627438846189098,0.00097627438846155487
B,4,501,6,2,0.00059246228688075633,0.00059246228688108159,0.00059246228688075633,0.00031090620143345456,0.00031090620143426934,0.00031090620143345451
B,4,502,6,2,0.00030486409882148329,0.00030486409882159171,0.00030486409882148329,0.0011978924224390693,0.0011978924224391421,0.0011978924224390695
B,4,503,6,2,2.2305402717676288e-05,2.2305402717784709e-05,2.2305402717676288e-05,0.00083430296625799211,0.0008343029662582559,0.000834302966257992
B,4,504,6,2,0.0010337106331532358,0.001033710633153561,0.0010337106331532358,0.0010553633749718814,0.0010553633749719633,0.0010553633749718814
B,4,505,6,2,0.00044301384377457877,0.00044301384377479561,0.00044301384377457877,0.00046233225914044194,0.00046233225914067726,0.00046233225914044194
B,4,506,6,2,1.9406288757927749e-05,1.9406288758686691e-05,1.9406288757927749e-05,0.0003730066535564197,0.00037300665355666826,0.0003730066535564197
B,4,507,6,2,0.0018247000953105965,0.0018247000953108133,0.0018247000953105965,0.0013569674753047684,0.001356967475305194,0.0013569674753047684
B,4,508,6,2,0.00019060918520787638,0.00019060918520809322,0.00019060918520787638,0.0013988228503718013,0.0013988228503719611,0.0013988228503718013
B,4,509,6,2,2.6339823757325596e-05,2.6339823757650857e-05,2.6339823757325596e-05,0.00036485485649515438,0.00036485485649529143,0.00036485485649515438
B,4,510,6,2,0.00058229125473891613,0.00058229125473956665,0.00058229125473891613,0.00051201674157378926,0.00051201674157399558,0.00051201674157378926
B,4,511,6,2,0.00034191505225570403,0.00034191505225602929,0.00034191505225570403,0.0003351816572546829,0.00033518165725514109,0.0003351816572546829
B,4,512,6,2,0.00049688573100059152,0.00049688573100091678,0.00049688573100059152,0.00069539939818956116,0.00069539939819021417,0.00069539939818956116
B,4,513,6,2,0.000224009963277331,0.00022400996327743943,0.000224009963277331,0.00034771309363386567,0.00034771309363393246,0.00034771309363386567
B,4,514,6,2,0.0007269754708843449,0.00072697547088456174,0.0007269754708843449,0.0011039927082824325,0.0011039927082834092,0.0011039927082824325
B,4,515,6,2,0.00014053994854695568,0.00014053994854749778,0.00014053994854695568,0.00097711567020121633,0.00097711567020165565,0.00097711567020121633
B,4,516,6,2,0.00038467618295584798,0.0003846761829559564,0.00038467618295584798,0.00070433105323076733,0.00070433105323144507,0.00070433105323076733
B,4,517,6,2,0.00046097629728312182,0.00046097629728355551,0.00046097629728312182,0.00036353272072103604,0.00036353272072129538,0.00036353272072103604
B,4,518,6,2,0.00082063209207909951,0.00082063209207909951,0.00082063209207909951,0.0016694170035525676,0.0016694170035528502,0.0016694170035525674
B,4,519,6,2,0.00040069770943038791,0.00040069770943060475,0.00040069770943038791,0.00069399896760800406,0.00069399896760819315,0.00069399896760800406
B,4,520,6,2,0.00019324717848991872,0.00019324717849002714,0.00019324717848991872,0.00060924968981999287,0.00060924968982032615,0.00060924968981999287
B,4,521,6,2,0.00062736882265688326,0.00062736882265688326,0.00062736882265688326,0.0015764814462739453,0.0015764814462739453,0.0015764814462739453
B,4,522,6,2,8.6512210580318334e-05,8.6512210580426754e-05,8.6512210580318348e-05,0.0013331180840790359,0.0013331180840793083,0.0013331180840790359
B,4,523,6,2,0.00050899766060091747,0.00050899766060124273,0.00050899766060091747,0.00067539606131059656,0.00067539606131065424,0.00067539606131059645
B,4,524,6,2,2.2433442222239385e-05,2.2433442222347805e-05,2.2433442222239385e-05,0.00097272854916492313,0.00097272854916494796,0.00097272854916492313
B,4,525,6,2,0.00071797709158560614,0.00071797709158571456,0.00071797709158560614,0.00097025885566970436,0.00097025885567003883,0.00097025885566970436
B,4,526,6,2,3.1289864731338934e-07,3.1289864731338934e-07,3.1289864731338934e-07,0.00073387285029268814,0.00073387285029268814,0.00073387285029268814
B,4,527,6,2,0.0001104782117414705,0.0001104782117414705,0.0001104782117414705,0.00077225456340529615,0.00077225456340529615,0.00077225456340529615
B,4,528,6,2,0.00055971313410105306,0.00055971313410105306,0.00055971313410105306,0.00094798852566548844,0.00094798852566548844,0.00094798852566548844
B,4,529,6,2,0.00057879425800332757,0.00057879425800354441,0.00057879425800332757,0.00057926404923425471,0.00057926404923461738,0.00057926404923425471
B,4,530,6,2,8.0845810090002419e-05,8.084581009054452e-05,8.0845810090002419e-05,0.00093159344487093825,0.00093159344487153835,0.00093159344487093825
B,4,531,6,2,0.00038972513626369699,0.00038972513626391384,0.00038972513626369699,0.0011360520971784769,0.001136052097179145,0.0011360520971784769
B,4,532,6,2,0.00022764442840896102,0.00022764442840906944,0.00022764442840896102,0.0010220945100484719,0.0010220945100488318,0.0010220945100484719
B,4,533,6,2,0.001058318920139174,0.0010583189201393908,0.001058318920139174,0.0012455333324675848,0.0012455333324681293,0.0012455333324675848
B,4,534,6,2,0.00059077252301416566,0.00059077252301427408,0.00059077252301416566,0.00092267856548189017,0.00092267856548191587,0.00092267856548189017
B,4,535,6,2,0.00016220554525264198,0.00016220554525285882,0.00016220554525264198,0.0013610610839323535,0.0013610610839323812,0.0013610610839323533
B,4,536,6,2,1.8382880204387622e-05,1.8382880204821303e-05,1.8382880204387622e-05,0.0010584962334764159,0.0010584962334768743,0.0010584962334764159
B,4,537,6,2,6.6891541193690035e-05,6.6891541193690035e-05,6.6891541193690035e-05,0.00090805693289357638,0.00090805693289380785,0.00090805693289357638
B,4,538,6,2,0.0010971749904972782,0.0010971749904973866,0.0010971749904972782,0.0020421753205705716,0.0020421753205708622,0.0020421753205705716
B,4,539,6,2,0.00082158520818488741,0.00082158520818488741,0.00082158520818488741,0.0031419039810412011,0.003141903981041705,0.0031419039810412011
B,4,540,6,2,0.0008387875241772395,0.00083878752417734792,0.0008387875241772395,0.0011340177025856886,0.0011340177025858805,0.0011340177025856886
B,4,541,6,2,0.00055122090590294711,0.00055122090590305553,0.00055122090590294711,0.00087583456854183625,0.00087583456854183907,0.00087583456854183625
B,4,542,6,2,0.00063110726172084172,0.00063110726172084172,0.00063110726172084172,0.0033753981573509638,0.0033753981573515263,0.0033753981573509634
B,4,543,6,2,0.0012955097465094413,0.0012955097465096582,0.0012955097465094413,0.0019437817743243005,0.0019437817743244187,0.0019437817743243005
B,4,544,6,2,0.0005271568281521935,0.00052715682815241034,0.0005271568281521935,0.00098229143114174486,0.00098229143114185761,0.00098229143114174486
B,4,545,6,2,4.5309882060608035e-05,4.5309882060716455e-05,4.5309882060608035e-05,0.0010548500480628321,0.001054850048062996,0.0010548500480628321
B,4,546,6,2,8.5041463601903504e-05,8.5041463602011924e-05,8.5041463601903504e-05,0.00095267744783083857,0.00095267744783141667,0.00095267744783083857
B,4,547,6,2,0.00015378391086029366,0.00015378391086040208,0.00015378391086029366,0.00089729556050463792,0.00089729556050465137,0.00089729556050463792
B,4,548,6,2,3.1277568337509561e-05,3.1277568337834821e-05,3.1277568337509561e-05,0.0039459231131081969,0.0039459231131085386,0.003945923113108196
B,4,549,6,2,0.0011131564507297189,0.0011131564507298273,0.0011131564507297189,0.0013407768383888324,0.0013407768383892165,0.0013407768383888324
B,4,550,6,2,0.00057620958811310276,0.00057620958811353644,0.00057620958811310276,0.00094250187273307829,0.00094250187273343564,0.00094250187273307829
B,4,551,6,2,6.3634906137879921e-05,6.3634906137879921e-05,6.3634906137879921e-05,0.0043368629763523752,0.0043368629763523752,0.0043368629763523752
B,4,552,6,2,5.601630769143124e-05,5.601630769153966e-05,5.601630769143124e-05,0.00090756882453512722,0.00090756882453567019,0.00090756882453512722
B,4,553,6,2,0.00069189496433011335,0.00069189496433022177,0.00069189496433011335,0.0011985186418734285,0.0011985186418734517,0.0011985186418734287
B,4,554,6,2,0.0001166193190682346,0.00011661931906834302,0.0001166193190682346,0.0011624561809125439,0.0011624561809129631,0.0011624561809125439
B,4,555,6,2,0.0009608734693999357,0.00096087346940026096,0.0009608734693999357,0.0008221612020639274,0.00082216120206423911,0.0008221612020639274
B,4,556,6,2,0.00039890721977465116,0.00039890721977475958,0.00039890721977465116,0.0006768856668763043,0.00067688566687664582,0.0006768856668763043
B,4,557,6,2,0.001324161036867031,0.001324161036867031,0.001324161036867031,0.0045450343354889264,0.0045450343354892517,0.0045450343354889273
B,4,558,6,2,0.00038082749417021108,0.00038082749417053634,0.00038082749417021108,0.0009571055062925324,0.00095710550629273861,0.0009571055062925324
B,4,559,6,2,0.00030216878507769579,0.00030216878507791263,0.00030216878507769579,0.00086983673225025004,0.00086983673225048477,0.00086983673225025004
B,4,560,6,2,0.00041754002341276662,0.00041754002341287504,0.00041754002341276662,0.00060014565264738975,0.00060014565264740417,0.00060014565264738975
B,4,561,6,2,0.00059672475859098417,0.00059672475859109259,0.00059672475859098417,0.0011529377021562361,0.001152937702156554,0.0011529377021562359
B,4,562,6,2,0.0012887456722111574,0.0012887456722113742,0.0012887456722111574,0.0046437376301535589,0.0046437376301541383,0.0046437376301535589
B,4,563,6,2,0.00056591176791562225,0.0005659117679158391,0.00056591176791562225,0.00060535611245308204,0.00060535611245330679,0.00060535611245308204
B,4,564,6,2,0.00028272849384510402,0.00028272849384521244,0.00028272849384510402,0.0013795478869727748,0.001379547886972981,0.0013795478869727746
B,4,565,6,2,0.00126672546706954,0.0012667254670698652,0.00126672546706954,0.00064651341997562885,0.00064651341997580124,0.00064651341997562885
B,4,566,6,2,8.1139044300136513e-05,8.1139044300244934e-05,8.1139044300136513e-05,0.00070431201356692679,0.00070431201356696896,0.00070431201356692689
B,4,567,6,2,0.00047870275207240014,0.00047870275207240014,0.00047870275207240014,0.00046176147834689843,0.00046176147834693534,0.00046176147834689843
B,4,568,6,2,0.0015718694626201896,0.0015718694626205149,0.0015718694626201896,0.00050625862559254683,0.0005062586255929636,0.00050625862559254672
B,4,569,6,2,0.00036163182919382846,0.00036163182919437056,0.00036163182919382841,0.0015556605057524546,0.00155566050575249,0.0015556605057524546
B,4,570,6,2,0.00035719138112447289,0.00035719138112458131,0.00035719138112447289,0.00037226387374548521,0.00037226387374549372,0.00037226387374548521
B,4,571,6,2,0.00055977048174277091,0.00055977048174287933,0.00055977048174277091,0.0010007491127120027,0.0010007491127120422,0.0010007491127120027
B,4,572,6,2,0.0017943594425043558,0.001794359442504681,0.0017943594425043558,0.0048145968007917012,0.0048145968007921704,0.0048145968007917012
B,4,573,6,2,0.00033040588460098597,0.00033040588460152807,0.00033040588460098597,7.2668210813567818e-05,7.266821081360956e-05,7.2668210813567831e-05
B,4,574,6,2,0.0010950866378562881,0.0010950866378563965,0.0010950866378562881,0.00021040575451155218,0.00021040575451161984,0.00021040575451155218
B,4,575,6,2,0.000320332463209466,0.00032033246320979127,0.000320332463209466,0.0011166045068737925,0.0011166045068744064,0.0011166045068737925
B,4,576,6,2,0.00051415310514104848,0.00051415310514126532,0.00051415310514104848,0.00081198530383095268,0.00081198530383099019,0.00081198530383095279
B,4,577,6,2,0.00092197020155871355,0.00092197020155871355,0.00092197020155871355,0.00022734442457476912,0.00022734442457483808,0.00022734442457476912
B,4,578,6,2,0.0022363762379559076,0.002236376237956016,0.0022363762379559076,0.004980802331097412,0.0049808023310975481,0.004980802331097412
B,4,579,6,2,0.00047884163265077013,0.00047884163265087855,0.00047884163265077013,0.00090826279096721085,0.00090826279096721454,0.00090826279096721085
B,4,580,6,2,0.00050719804789011325,0.00050719804789065535,0.00050719804789011325,0.00080577454623840497,0.00080577454623874823,0.00080577454623840497
B,4,581,6,2,0.00020206634390349757,0.00020206634390360599,0.00020206634390349757,0.0006414232855091245,0.00064142328550912807,0.0006414232855091245
B,4,582,6,2,7.6180274708576544e-05,7.6180274708901805e-05,7.6180274708576544e-05,0.0036189558246602352,0.0036189558246604464,0.0036189558246602352
B,4,583,6,2,0.00023879079674303701,0.00023879079674303701,0.00023879079674303701,0.0011044134533078559,0.0011044134533081545,0.0011044134533078559
B,4,584,6,2,0.0021464909084570761,0.0021464909084572929,0.0021464909084570761,0.0012204882800516945,0.0012204882800517741,0.0012204882800516948
B,4,585,6,2,0.00037229852701452584,0.00037229852701495952,0.00037229852701452584,0.0033449101638230033,0.0033449101638231382,0.0033449101638230033
B,4,586,6,2,0.00019992381853663199,0.00019992381853728251,0.00019992381853663199,0.00144392205508971,0.0014439220550899754,0.00144392205508971
B,4,587,6,2,0.0010385234989766703,0.0010385234989768871,0.0010385234989766703,0.0013605524398010444,0.0013605524398010876,0.0013605524398010444
B,4,588,6,2,0.00033602657478119888,0.00033602657478217467,0.00033602657478119888,0.00082397473964377526,0.00082397473964438317,0.00082397473964377526
B,4,589,6,2,0.00032569615777424364,0.00032569615777446048,0.00032569615777424364,0.0016738772871345269,0.0016738772871346904,0.0016738772871345269
B,4,590,6,2,0.0024036941370837468,0.0024036941370839636,0.0024036941370837468,0.0012348493759652035,0.0012348493759653141,0.0012348493759652035
B,4,591,6,2,0.0010701223516546747,0.0010701223516552168,0.0010701223516546747,0.002952202786444297,0.0029522027864445281,0.0029522027864442965
B,4,592,6,2,0.00049194423608637985,0.00049194423608648827,0.00049194423608637985,0.0012407185839468904,0.0012407185839469559,0.0012407185839468902
B,4,593,6,2,0.0010154126280644644,0.0010154126280645728,0.0010154126280644644,0.0021021409597579309,0.0021021409597579365,0.0021021409597579309
B,4,594,6,2,0.0011497045921985902,0.0011497045921990239,0.0011497045921985902,0.0028025052082847101,0.002802505208285289,0.0028025052082847101
B,4,595,6,2,0.002045354506105242,0.0020453545061054589,0.002045354506105242,0.0023382637601032886,0.0023382637601034799,0.0023382637601032886
B,4,596,6,2,0.00080934436391135421,0.00080934436391178789,0.00080934436391135421,0.0014157280900920451,0.0014157280900921932,0.0014157280900920454
B,4,597,6,2,0.00034315983165212477,0.00034315983165234161,0.00034315983165212477,0.00097181158501591142,0.00097181158501614647,0.00097181158501591142
B,4,598,6,2,0.0021013789939109198,0.0021013789939111367,0.0021013789939109198,0.0028067624254050423,0.0028067624254050952,0.0028067624254050423
B,4,599,6,2,0.0012125896753679977,0.0012125896753679977,0.0012125896753679977,0.0023031743325363772,0.0023031743325363963,0.0023031743325363772
B,4,600,6,2,0.00022272278728176654,0.00022272278728187496,0.00022272278728176654,0.00069506083531187246,0.00069506083531216834,0.00069506083531187246
B,4,601,6,2,0.00036287935699819574,0.00036287935699830416,0.00036287935699819574,0.0010039170553050752,0.0010039170553052617,0.001003917055305075
B,4,602,6,2,0.0029514217810120867,0.0029514217810121951,0.0029514217810120867,0.0012804855179145184,0.0012804855179145553,0.0012804855179145184
B,4,603,6,2,5.602109007544695e-05,5.602109007544695e-05,5.602109007544695e-05,0.00054150787839725889,0.00054150787839725889,0.00054150787839725889
B,4,604,6,2,0.002400999972970155,0.0024009999729703718,0.002400999972970155,0.0036701393425599971,0.0036701393425600764,0.0036701393425599975
B,4,605,6,2,0.0010052322586722503,0.0010052322586724671,0.0010052322586722503,0.0012623865094449883,0.0012623865094454978,0.0012623865094449885
B,4,606,6,2,0.00037233635314260632,0.00037233635314260632,0.00037233635314260632,0.00061375626770102695,0.00061375626770179652,0.00061375626770102695
B,4,607,6,2,0.0018695504455710056,0.0018695504455715477,0.0018695504455710056,0.0039260098212365062,0.0039260098212366068,0.0039260098212365062
B,4,608,6,2,0.002863578694622471,0.0028635786946226878,0.002863578694622471,0.0011759542275365277,0.0011759542275365828,0.0011759542275365277
B,4,609,6,2,0.00050970379098869492,0.0005097037909891286,0.00050970379098869492,0.0014567126574066822,0.0014567126574067419,0.0014567126574066822
B,4,610,6,2,0.00043444195893386269,0.00043444195893397111,0.00043444195893386269,0.001179664287537702,0.0011796642875378286,0.0011796642875377017
B,4,611,6,2,0.00092924871737329329,0.00092924871737372697,0.00092924871737329329,0.00088808554780166172,0.00088808554780212131,0.00088808554780166172
B,4,612,6,2,0.00027391089952937767,0.00027391089952948609,0.00027391089952937767,0.0012478562998886715,0.0012478562998886732,0.0012478562998886715
B,4,613,6,2,0.00065774383427666134,0.00065774383427676976,0.00065774383427666134,0.0021573801705521427,0.002157380170552147,0.0021573801705521427
B,4,614,6,2,0.00050680960163459153,0.00050680960163502521,0.00050680960163459153,0.0011513679985843332,0.0011513679985844464,0.0011513679985843334
B,4,615,6,2,0.00077671609906271831,0.00077671609906271831,0.00077671609906271831,0.00085235256655191835,0.00085235256655191835,0.00085235256655191835
B,4,616,6,2,0.00092938078589824627,0.00092938078589824627,0.00092938078589824627,0.0022566258166135029,0.0022566258166135029,0.0022566258166135029
B,4,617,6,2,0.00079420330210543556,0.00079420330210576082,0.00079420330210543556,0.0015789321707254248,0.0015789321707260491,0.0015789321707254248
B,4,618,6,2,0.00033593807641772201,0.00033593807641815569,0.00033593807641772201,0.0015507946298951715,0.0015507946298952081,0.0015507946298951715
B,4,619,6,2,0.00032072021257051418,0.0003207202125706226,0.00032072021257051418,0.0013911674747239262,0.0013911674747244403,0.0013911674747239264
B,4,620,6,2,0.0008522211923464194,0.00085222119234652782,0.0008522211923464194,0.0011695161262515197,0.0011695161262515509,0.0011695161262515197
B,4,621,6,2,0.00050901170216429391,0.00050901170216429391,0.00050901170216429391,0.0019028982157583657,0.0019028982157584245,0.0019028982157583657
B,4,622,6,2,0.00050523360914725424,0.00050523360914747108,0.00050523360914725424,0.00050940901165285484,0.00050940901165288748,0.00050940901165285484
B,4,623,6,2,0.00073115281855101657,0.00073115281855112499,0.00073115281855101657,0.0015516283406113432,0.0015516283406113854,0.0015516283406113432
B,4,624,6,2,0.00071994502844128887,0.00071994502844150571,0.00071994502844128887,0.00087552804520312953,0.00087552804520324044,0.00087552804520312953
B,4,625,6,2,0.00036994410437167589,0.00036994410437178431,0.00036994410437167589,0.0013633985883444101,0.0013633985883450943,0.0013633985883444099
B,4,626,6,2,0.00083015129945067379,0.00083015129945089063,0.00083015129945067379,0.00098651974222353973,0.00098651974222390055,0.00098651974222353973
B,4,627,6,2,0.00095530875124448088,0.0009553087512445893,0.00095530875124448088,0.0016399902422271667,0.00163999024222718,0.0016399902422271667
B,4,628,6,2,0.00053643243950367639,0.00053643243950411007,0.00053643243950367639,0.001163592325627696,0.00116359232562775,0.001163592325627696
B,4,629,6,2,0.00035947017845879004,0.00035947017845879004,0.00035947017845879004,0.0013795580414108551,0.0013795580414109197,0.0013795580414108549
B,4,630,6,2,8.5850035598045507e-05,8.5850035598045507e-05,8.5850035598045507e-05,0.00099955860674109638,0.00099955860674111872,0.0009995586067410966
B,4,631,6,2,0.0015007335310278933,0.0015007335310280017,0.0015007335310278933,0.0016538688810231862,0.0016538688810233903,0.0016538688810231862
B,4,632,6,2,0.0003488969300784444,0.0003488969300784444,0.0003488969300784444,0.0017052362315053747,0.0017052362315055573,0.0017052362315053747
B,4,633,6,2,0.00046795062061421623,0.00046795062061421623,0.00046795062061421623,0.0008697200329226693,0.00086972003292284526,0.0008697200329226693
B,4,634,6,2,0.00092526447037087796,0.0009252644703710948,0.00092526447037087796,0.00046601913085342697,0.00046601913085351327,0.00046601913085342697
B,4,635,6,2,0.00038582219964060967,0.00038582219964071809,0.00038582219964060967,0.0014848440519633949,0.0014848440519639259,0.0014848440519633949
B,4,636,6,2,0.0008236468014223737,0.0008236468014223737,0.0008236468014223737,0.0018739066710711017,0.0018739066710716094,0.001873906671071102
B,4,637,6,2,0.00033216514831063172,0.00033216514831084856,0.00033216514831063172,0.0010605848439885963,0.0010605848439892783,0.0010605848439885963
B,4,638,6,2,0.00034095757277794771,0.00034095757277816455,0.00034095757277794771,0.0012110274474307478,0.0012110274474308989,0.001211027447430748
B,4,639,6,2,0.0010905401429219582,0.001090540142922175,0.0010905401429219582,0.0051829121385599574,0.0051829121385599617,0.0051829121385599574
B,4,640,6,2,0.00023480099747418427,0.00023480099747429269,0.00023480099747418427,0.00085269770096016732,0.00085269770096021177,0.00085269770096016732
B,4,641,6,2,0.00095494215888568962,0.00095494215888568962,0.00095494215888568962,0.00049812698433440803,0.00049812698433461902,0.00049812698433440792
B,4,642,6,2,0.0010578557105528179,0.0010578557105530347,0.0010578557105528179,0.0049761916950101757,0.0049761916950102269,0.0049761916950101757
B,4,643,6,2,0.00033975020201587689,0.00033975020201620215,0.00033975020201587689,0.0008940904573271828,0.0008940904573276297,0.0008940904573271828
B,4,644,6,2,0.00082470579447089989,0.00082470579447100831,0.00082470579447089989,0.00089003753686846157,0.00089003753686857324,0.00089003753686846157
B,4,645,6,2,0.00021688517730486696,0.00021688517730486696,0.00021688517730486696,0.00054822085259014907,0.00054822085259083233,0.00054822085259014907
B,4,646,6,2,0.00010748898696425965,0.00010748898696425965,0.00010748898696425965,0.0016064749565331232,0.0016064749565331232,0.0016064749565331232
B,4,647,6,2,0.00091700809073545688,0.0009170080907355653,0.00091700809073545688,0.00083737033836612184,0.00083737033836612943,0.00083737033836612184
B,4,648,6,2,0.00094590859273384516,0.000945908592734062,0.00094590859273384516,0.0045391293047544832,0.0045391293047545881,0.0045391293047544832
B,4,649,6,2,0.00024978001747380605,0.00024978001747391447,0.00024978001747380605,0.00025723591558534764,0.00025723591558544863,0.00025723591558534764
B,4,650,6,2,0.00087922880379499163,0.00087922880379499163,0.00087922880379499163,0.00033905450252378055,0.00033905450252378055,0.00033905450252378055
B,4,651,6,2,0.00027871594834080055,0.00027871594834080055,0.00027871594834080055,0.0042207301125234634,0.0042207301125234912,0.0042207301125234634
B,4,652,6,2,0.00027015479926359963,0.00027015479926403331,0.00027015479926359963,0.001717522775033981,0.0017175227750344045,0.001717522775033981
B,4,653,6,2,0.0010145264735728814,0.0010145264735729898,0.0010145264735728814,0.001067441938640857,0.0010674419386409797,0.001067441938640857
B,4,654,6,2,0.00013997442996046064,0.00013997442996046064,0.00013997442996046064,0.00045504009964920597,0.00045504009964992702,0.00045504009964920591
B,4,655,6,2,0.00024385834738213479,0.00024385834738213479,0.00024385834738213479,0.00070112475732701969,0.00070112475732701969,0.00070112475732701969
B,4,656,6,2,0.00077932916950622811,0.00077932916950655337,0.00077932916950622811,0.0010194430430655464,0.0010194430430657182,0.0010194430430655464
B,4,657,6,2,4.5303533000333115e-05,4.5303533000549956e-05,4.5303533000333115e-05,0.0038249199522025516,0.0038249199522028083,0.0038249199522025516
B,4,658,6,2,0.00090447538373349384,0.00090447538373403594,0.00090447538373349384,0.0018119017130648423,0.0018119017130652402,0.0018119017130648421
B,4,659,6,2,0.00026468133084269277,0.00026468133084290961,0.00026468133084269277,0.00078020971948192111,0.00078020971948194052,0.00078020971948192111
B,4,660,6,2,0.0009269482831238433,0.00092694828312416856,0.0009269482831238433,0.00049262907323988959,0.00049262907324020423,0.00049262907323988959
B,4,661,6,2,0.00090867606063454315,0.00090867606063454315,0.00090867606063454315,0.0013974947233779099,0.0013974947233779237,0.0013974947233779099
B,4,662,6,2,0.00020908031145034506,0.00020908031145034506,0.00020908031145034506,0.0036843922574032214,0.0036843922574034374,0.0036843922574032214
B,4,663,6,2,0.0008510973496106411,0.0008510973496106411,0.0008510973496106411,0.00083115395107996723,0.00083115395107996723,0.00083115395107996723
B,4,664,6,2,0.00038856732946501975,0.00038856732946512818,0.00038856732946501975,0.00095112109646606287,0.00095112109646627288,0.00095112109646606298
B,4,665,6,2,0.00043408051664565409,0.00043408051664597935,0.00043408051664565409,0.0010243629051381884,0.0010243629051382107,0.0010243629051381884
B,4,666,6,2,0.00059970040979613268,0.00059970040979634952,0.00059970040979613268,0.00052276505256191219,0.00052276505256211375,0.00052276505256191219
B,4,667,6,2,0.00080511964495983638,0.0008051196449599448,0.00080511964495983638,0.0004070120841186399,0.00040701208411925182,0.00040701208411863995
B,4,668,6,2,0.00080319912388866852,0.00080319912388877694,0.00080319912388866852,0.0010137952830244642,0.0010137952830245539,0.0010137952830244642
B,4,669,6,2,0.00067203316049036822,0.00067203316049036822,0.00067203316049036822,0.0007683429918851673,0.00076834299188555393,0.0007683429918851673
B,4,670,6,2,0.00070464862607236625,0.00070464862607236625,0.00070464862607236625,0.0012738714621352999,0.0012738714621354922,0.0012738714621352999
B,4,671,6,2,0.00072659870447579992,0.00072659870447634202,0.00072659870447579981,0.00057377414426583646,0.00057377414426589468,0.00057377414426583657
B,4,672,6,2,0.00058074518899972442,0.00058074518899994126,0.00058074518899972442,0.0033990415536897327,0.0033990415536901226,0.0033990415536897327
B,4,673,6,2,0.00085055146531009661,0.00085055146531020503,0.00085055146531009661,0.00159022199730825,0.0015902219973084174,0.0015902219973082498
B,4,674,6,2,0.0015856017040317798,0.0015856017040319966,0.0015856017040317798,0.0009627327185157328,0.00096273271851590107,0.0009627327185157328
B,4,675,6,2,0.00057001972946077104,0.00057001972946077104,0.00057001972946077104,0.00022763085094142533,0.00022763085094196637,0.00022763085094142536
B,4,676,6,2,0.00080440686997572744,0.00080440686997572744,0.00080440686997572744,0.00084530161450648966,0.00084530161450657531,0.00084530161450648966
B,4,677,6,2,0.0020605408184410463,0.0020605408184411547,0.0020605408184410463,0.0010525642641345872,0.0010525642641349274,0.0010525642641345872
B,4,678,6,2,0.00088386902951168023,0.00088386902951189707,0.00088386902951168023,0.0032044932488349779,0.003204493248835373,0.0032044932488349779
B,4,679,6,2,0.00097168567838971931,0.00097168567839015299,0.00097168567838971931,0.00078911856444291158,0.00078911856444325776,0.00078911856444291158
B,4,680,6,2,0.00071208311279208261,0.00071208311279240787,0.00071208311279208261,8.7573696659851548e-05,8.7573696659971732e-05,8.7573696659851535e-05
B,4,681,6,2,0.00055215424246170264,0.00055215424246213632,0.00055215424246170264,0.00061196151276204599,0.00061196151276249138,0.00061196151276204599
B,4,682,6,2,0.0010967671264795449,0.0010967671264796534,0.0010967671264795449,0.005484120870842232,0.0054841208708422354,0.005484120870842232
B,4,683,6,2,0.00065226214720809535,0.00065226214720809535,0.00065226214720809535,0.00048738877567792603,0.0004873887756780068,0.00048738877567792603
B,4,684,6,2,0.00032057369255119803,0.00032057369255119803,0.00032057369255119803,0.0013873909427822345,0.0013873909427822345,0.0013873909427822345
B,4,685,6,2,0.0012392762802944249,0.0012392762802945333,0.0012392762802944249,0.0056992188790234797,0.0056992188790236627,0.0056992188790234797
B,4,686,6,2,0.00070500461723708129,0.00070500461723773181,0.00070500461723708129,0.0010487568595992157,0.0010487568595997023,0.0010487568595992157
B,4,687,6,2,6.7297791502582242e-05,6.7297791502690663e-05,6.7297791502582242e-05,0.00045613612485822673,0.00045613612485838318,0.00045613612485822673
B,4,688,6,2,0.00064885359394900761,0.00064885359394900761,0.00064885359394900761,0.00094205335389814656,0.00094205335389814656,0.00094205335389814656
B,4,689,6,2,0.00048616669334809823,0.00048616669334864034,0.00048616669334809823,0.00092658549548893163,0.00092658549548897044,0.00092658549548893163
B,4,690,6,2,0.00068321772299264998,0.00068321772299264998,0.00068321772299264998,0.0013479540065967218,0.0013479540065967218,0.0013479540065967218
B,4,691,6,2,0.0013856913494451548,0.0013856913494455884,0.0013856913494451548,0.0059477077763501881,0.0059477077763502124,0.0059477077763501881
B,4,692,6,2,0.00073937480400600858,0.00073937480400600858,0.00073937480400600858,0.00072353908936032669,0.00072353908936044129,0.00072353908936032669
B,4,693,6,2,3.810893595243732e-05,3.810893595265416e-05,3.810893595243732e-05,0.0007469937418160096,0.00074699374181621061,0.0007469937418160096
B,4,694,6,2,0.0015179404973188378,0.0015179404973188378,0.0015179404973188378,0.0061199488990167517,0.0061199488990168393,0.0061199488990167526
B,4,695,6,2,0.00084228611188551586,0.0008422861118857327,0.00084228611188551586,0.0006687074896454462,0.00066870748964670062,0.0006687074896454462
B,4,696,6,2,8.7306845709825623e-05,8.7306845710042463e-05,8.7306845709825623e-05,0.0006697200421299902,0.00066972004213006924,0.0006697200421299902
B,4,697,6,2,0.00067952035550657933,0.00067952035550712143,0.00067952035550657933,0.0011729353625455751,0.0011729353625460127,0.0011729353625455751
B,4,698,6,2,0.0013596859900273,0.0013596859900280589,0.0013596859900273,0.00074726264765359509,0.00074726264765367565,0.00074726264765359509
B,4,699,6,2,3.3100430062897937e-05,3.3100430063114777e-05,3.3100430062897937e-05,0.00068775635885849292,0.00068775635885866932,0.00068775635885849281
B,4,700,6,2,0.00083637907923365083,0.00083637907923365083,0.00083637907923365083,0.0020105650753957554,0.0020105650753958035,0.0020105650753957558
B,4,701,6,2,0.000742970222252122,0.00074297022225233884,0.000742970222252122,0.0007248873885173213,0.0007248873885173934,0.0007248873885173213
B,4,702,6,2,0.0014496807124647409,0.0014496807124648493,0.0014496807124647409,0.0016880351512271589,0.0016880351512271804,0.0016880351512271591
B,4,703,6,2,0.0007814671261168046,0.00078146712611691302,0.0007814671261168046,0.0021366754906753339,0.0021366754906755104,0.0021366754906753339
B,4,704,6,2,0.0024457199002980191,0.002445719900298236,0.0024457199002980191,0.00074804647859277244,0.00074804647859317772,0.00074804647859277244
B,4,705,6,2,0.00022631334404318425,0.00022631334404329267,0.00022631334404318425,0.00079624595426177757,0.00079624595426191927,0.00079624595426177767
B,4,706,6,2,0.0005102518483571716,0.00051025184835728002,0.0005102518483571716,0.0011605776256333933,0.001160577625633415,0.0011605776256333933
B,4,707,6,2,0.0025536268187804478,0.0025536268187808814,0.0025536268187804478,0.0007594662020020829,0.00075946620200222287,0.0007594662020020829
B,4,708,6,2,0.0018606847218986594,0.0018606847218987678,0.0018606847218986594,0.0015799224479792727,0.0015799224479794917,0.0015799224479792725
B,4,709,6,2,0.00057185641338854815,0.00057185641338876499,0.00057185641338854815,0.00043579984831181246,0.0004357998483118812,0.00043579984831181246
B,4,710,6,2,0.00082133006821963426,0.00082133006821995952,0.00082133006821963426,0.0010261542373965365,0.0010261542373968646,0.0010261542373965365
B,4,711,6,2,0.00011571259592494353,0.00011571259592516037,0.00011571259592494353,0.00096382573985201447,0.00096382573985229517,0.00096382573985201447
B,4,712,6,2,0.00099615610247975363,0.00099615610247975363,0.00099615610247975363,0.0011804534259569073,0.0011804534259569073,0.0011804534259569073
B,4,713,6,2,0.0011554404083108111,0.001155440408311028,0.0011554404083108111,0.0018721402808251058,0.0018721402808253797,0.0018721402808251058
B,4,714,6,2,0.00068180315213311332,0.000681803152133547,0.00068180315213311332,0.00034177268970081833,0.0003417726897009191,0.00034177268970081833
B,4,715,6,2,2.8129638385862403e-05,2.8129638385970823e-05,2.8129638385862403e-05,0.00082959842069082112,0.00082959842069116037,0.00082959842069082112
B,4,716,6,2,0.001038799345050084,0.0010387993450505176,0.001038799345050084,0.0019779556348179304,0.0019779556348181442,0.0019779556348179304
B,4,717,6,2,0.0010249077941232613,0.0010249077941238034,0.0010249077941232613,0.00030877971418479108,0.00030877971418520633,0.00030877971418479113
B,4,718,6,2,0.00066268129059502637,0.00066268129059513479,0.00066268129059502637,0.0011240901283086245,0.0011240901283087394,0.0011240901283086245
B,4,719,6,2,0.00065327603361825352,0.00065327603361890405,0.00065327603361825352,0.00086763454486147944,0.00086763454486169693,0.00086763454486147944
B,4,720,6,2,3.643062113794799e-05,3.643062113827325e-05,3.643062113794799e-05,0.00094470760918385541,0.00094470760918406824,0.00094470760918385541
B,4,721,6,2,0.0007301178799966725,0.00073011787999678092,0.0007301178799966725,0.0015100373221030492,0.0015100373221030919,0.0015100373221030492
B,4,722,6,2,0.00017889921600621871,0.00017889921600654397,0.00017889921600621874,0.0014158806840528545,0.001415880684052928,0.0014158806840528545
B,4,723,6,2,0.00096692747821036651,0.00096692747821058335,0.00096692747821036651,0.00038271485384842635,0.00038271485384847433,0.0003827148538484263
B,4,724,6,2,0.00015224976279454728,0.0001522497627946557,0.00015224976279454728,0.0016577160229402515,0.001657716022940399,0.0016577160229402515
B,4,725,6,2,0.00073044274346916686,0.00073044274346927528,0.00073044274346916686,0.00048456291674691863,0.0004845629167469808,0.00048456291674691868
B,4,726,6,2,0.00043623213630565507,0.00043623213630598033,0.00043623213630565507,0.00063223914076065155,0.00063223914076103156,0.00063223914076065155
B,4,727,6,2,0.00016328371955963775,0.00016328371955963775,0.00016328371955963775,0.0001419564476857682,0.0001419564476857682,0.0001419564476857682
B,4,728,6,2,0.0010216410360259403,0.0010216410360264824,0.0010216410360259403,0.00083020768893380737,0.00083020768893420234,0.00083020768893380737
B,4,729,6,2,0.00070517898915654562,0.00070517898915654562,0.00070517898915654562,0.00076842564369468012,0.00076842564369491973,0.00076842564369468001
B,4,730,6,2,0.0005741432574800278,0.00057414325748024464,0.0005741432574800278,0.00094962884486867794,0.00094962884486884502,0.00094962884486867794
B,4,731,6,2,0.00077436364124129457,0.00077436364124129457,0.00077436364124129457,0.0016803590017073658,0.0016803590017078242,0.0016803590017073658
B,4,732,6,2,0.00073735384305761379,0.00073735384305815589,0.00073735384305761379,0.00039093913604891381,0.00039093913604905292,0.00039093913604891381
B,4,733,6,2,6.7740758729825656e-05,6.7740758729825656e-05,6.7740758729825656e-05,0.00060434867461941653,0.00060434867461971913,0.00060434867461941642
B,4,734,6,2,0.00071564158808862851,0.00071564158808873693,0.00071564158808862862,0.0017980009607196381,0.0017980009607200329,0.0017980009607196381
B,4,735,6,2,0.00061944675639206883,0.00061944675639217725,0.00061944675639206883,0.00045498109080974533,0.00045498109081008447,0.00045498109080974533
B,4,736,6,2,0.0006032603647346084,0.00060326036473482524,0.0006032603647346084,0.00079873016733979284,0.0007987301673398747,0.00079873016733979284
B,4,737,6,2,0.00061497626015303165,0.00061497626015314007,0.00061497626015303165,0.0048174331592302205,0.0048174331592307443,0.0048174331592302205
B,4,738,6,2,0.00066364881338542691,0.00066364881338575217,0.00066364881338542691,0.00020793957854805235,0.00020793957854837135,0.00020793957854805235
B,4,739,6,2,3.4696072813422685e-05,3.4696072813639525e-05,3.4696072813422685e-05,0.00028812539750504849,0.00028812539750512763,0.00028812539750504854
B,4,740,6,2,0.00072822177729051259,0.00072822177729072943,0.00072822177729051259,0.0050072000812287267,0.0050072000812289305,0.0050072000812287276
B,4,741,6,2,0.00070120900636438596,0.00070120900636438596,0.00070120900636438596,0.00089392283614993934,0.00089392283614995148,0.00089392283614993934
B,4,742,6,2,0.0001203520747975308,0.00012035207479785606,0.0001203520747975308,0.00079952145452261798,0.00079952145452283894,0.00079952145452261798
B,4,743,6,2,0.00062141087679788275,0.00062141087679842485,0.00062141087679788275,0.00069339162555080974,0.00069339162555107482,0.00069339162555080974
B,4,744,6,2,0.00012696934600475544,0.00012696934600475544,0.00012696934600475544,0.00079542229542430172,0.00079542229542430172,0.00079542229542430172
B,4,745,6,2,0.0008576772198720271,0.00085767721987235236,0.0008576772198720271,0.0052478131108669342,0.0052478131108672551,0.005247813110866935
B,4,746,6,2,0.00073625655243271439,0.00073625655243282281,0.00073625655243271439,0.00025365471386525149,0.00025365471386559323,0.00025365471386525149
B,4,747,6,2,0.00019306374076234582,0.00019306374076256266,0.00019306374076234585,0.00023367938545520707,0.00023367938545535203,0.00023367938545520704
B,4,748,6,2,0.00098646755957679678,0.0009864675595769052,0.00098646755957679678,0.005437722770447323,0.0054377227704476682,0.005437722770447323
B,4,749,6,2,8.3370459196419749e-05,8.337045919663659e-05,8.3370459196419749e-05,0.00046586763722884382,0.00046586763722899355,0.00046586763722884382
B,4,750,6,2,0.00058388076282591718,0.00058388076282613402,0.00058388076282591718,0.00017773181309480702,0.0001777318130948515,0.00017773181309480704
B,4,751,6,2,0.0007806782118742776,0.00078067821187438602,0.0007806782118742776,0.00066217749076851926,0.00066217749076852338,0.00066217749076851937
B,4,752,6,2,0.00085852820769292786,0.00085852820769292786,0.00085852820769292786,0.00031023592522492566,0.000310235925225214,0.00031023592522492566
B,4,753,6,2,0.0014183085737885836,0.0014183085737889088,0.0014183085737885838,0.004220860230441343,0.0042208602304415225,0.004220860230441343
B,4,754,6,2,0.00078199123479448605,0.00078199123479459447,0.00078199123479448605,0.00035929182362026246,0.0003592918236205315,0.00035929182362026246
B,4,755,6,2,0.00031967231853388851,0.00031967231853388851,0.00031967231853388851,0.00086729653173591228,0.00086729653173591228,0.00086729653173591228
B,4,756,6,2,0.00026261511724382132,0.00026261511724403816,0.00026261511724382132,0.00079806666979869464,0.00079806666979875677,0.00079806666979869475
B,4,757,6,2,0.00079922479803479132,0.00079922479803489974,0.00079922479803479132,0.00027904611798104374,0.00027904611798112717,0.00027904611798104374
B,4,758,6,2,0.0017693579971782237,0.001769357997178549,0.0017693579971782237,0.0044753533339794748,0.0044753533339799371,0.0044753533339794748
B,4,759,6,2,0.00092890959417632132,0.000928909594176755,0.00092890959417632132,0.00074186147129669472,0.00074186147129669982,0.00074186147129669472
B,4,760,6,2,0.00060604077870463242,0.0006060407787050661,0.00060604077870463242,0.0016431666463777685,0.0016431666463778516,0.0016431666463777685
B,4,761,6,2,0.00094149041858894791,0.00094149041858894791,0.00094149041858894791,0.0013790991723989306,0.0013790991723993797,0.0013790991723989304
B,4,762,6,2,0.00024982863466708506,0.00024982863466751874,0.00024982863466708506,0.0011362478138163797,0.0011362478138164304,0.0011362478138163795
B,4,763,6,2,0.00046983024694173797,0.00046983024694206323,0.00046983024694173797,0.0010757566152545385,0.0010757566152547427,0.0010757566152545385
B,4,764,6,2,0.00037323994823469393,0.00037323994823480235,0.00037323994823469393,0.001214396998582242,0.0012143969985825025,0.001214396998582242
B,4,765,6,2,0.00047673942347526213,0.00047673942347569581,0.00047673942347526213,0.001667071977169399,0.0016670719771701968,0.001667071977169399
B,4,766,6,2,0.000406470959596404,0.00040647095959672926,0.000406470959596404,0.0012906613952123737,0.001290661395212581,0.0012906613952123737
B,4,767,6,2,0.00090817316884567612,0.00090817316884578454,0.00090817316884567612,0.00063608051510473081,0.00063608051510564794,0.00063608051510473081
B,4,768,6,2,0.0013071209412167644,0.0013071209412167644,0.0013071209412167644,0.0047609496960464726,0.004760949696046915,0.0047609496960464726
B,4,769,6,2,0.0002958663066427239,0.00029586630664294074,0.0002958663066427239,0.0013923824744175313,0.0013923824744176841,0.0013923824744175313
B,4,770,6,2,0.00018961301979827493,0.00018961301979838335,0.00018961301979827493,0.0010254721175132371,0.0010254721175132421,0.0010254721175132371
B,4,771,6,2,0.00043218530894394234,0.00043218530894405076,0.00043218530894394234,0.0010914662163366354,0.0010914662163369153,0.0010914662163366356
B,4,772,6,2,0.00012754963638766676,0.00012754963638777518,0.00012754963638766676,0.00095545402124329554,0.00095545402124329597,0.00095545402124329554
B,4,773,6,2,1.9508221462067113e-05,1.9508221462067113e-05,1.9508221462067113e-05,0.00092811775288099746,0.00092811775288099746,0.00092811775288099746
B,4,774,6,2,0.0011660620738006711,0.0011660620738006711,0.0011660620738006711,0.0048635390854873351,0.0048635390854875095,0.0048635390854873351
B,4,775,6,2,0.00021219990278690051,0.00021219990278690051,0.00021219990278690051,0.00091682552125875406,0.00091682552125887755,0.00091682552125875406
B,4,776,6,2,0.0010115145214176398,0.0010115145214178566,0.0010115145214176398,0.0012638559265755981,0.0012638559265758761,0.0012638559265755981
B,4,777,6,2,0.00022560305695915224,0.00022560305695915224,0.00022560305695915224,0.00083735216925422975,0.00083735216925422975,0.00083735216925422975
B,4,778,6,2,0.00075523575760393872,0.00075523575760404714,0.00075523575760393872,0.003332006506844992,0.0033320065068449941,0.003332006506844992
B,4,779,6,2,0.00067479070840769945,0.00067479070840802471,0.00067479070840769945,0.000412852021660451,0.00041285202166099527,0.000412852021660451
B,4,780,6,2,0.00048814115119998058,0.00048814115119998058,0.00048814115119998058,0.0034296798592289772,0.0034296798592291324,0.0034296798592289772
B,4,781,6,2,0.00053597117447760998,0.0005359711744777184,0.00053597117447760998,0.00090370907724876656,0.00090370907724895326,0.00090370907724876656
B,4,782,6,2,0.0007832103539840915,0.00078321035398452518,0.0007832103539840915,0.00056451398765473295,0.00056451398765487801,0.00056451398765473295
B,4,783,6,2,0.00091500183985258454,0.0009150018398529098,0.00091500183985258454,0.0002120155339373155,0.00021201553393741167,0.00021201553393731553
B,4,784,6,2,0.00072053062033841913,0.00072053062033874439,0.00072053062033841913,0.0011879714655422097,0.0011879714655423238,0.0011879714655422097
B,4,785,6,2,0.00023295615742707255,0.00023295615742707255,0.00023295615742707255,0.0034648785393783864,0.0034648785393784458,0.0034648785393783864
B,4,786,6,2,0.00091171199143741128,0.0009117119914375197,0.00091171199143741128,0.0005462365141733575,0.00054623651417355071,0.0005462365141733575
B,4,787,6,2,0.0011927746731549543,0.0011927746731549543,0.0011927746731549543,0.001395166063557083,0.0013951660635571567,0.001395166063557083
B,4,788,6,2,5.60532243604802e-05,5.60532243604802e-05,5.60532243604802e-05,0.0035188579107891908,0.0035188579107895486,0.0035188579107891908
B,4,789,6,2,0.0022090949365249826,0.0022090949365249826,0.0022090949365249826,0.0010392632760292814,0.0010392632760295043,0.0010392632760292816
B,4,790,6,2,0.00087648982909625285,0.00087648982909625285,0.00087648982909625285,0.00099924072282297528,0.00099924072282319559,0.00099924072282297528
B,4,791,6,2,0.00044418271002099295,0.00044418271002099295,0.00044418271002099295,0.00081632812421658337,0.00081632812421658337,0.00081632812421658337
B,4,792,6,2,0.0026632956818571163,0.0026632956818574416,0.0026632956818571163,0.0010337614558402881,0.0010337614558406886,0.0010337614558402883
B,4,793,6,2,0.0010229795060299335,0.0010229795060301503,0.0010229795060299335,0.0017640543983558233,0.001764054398355923,0.0017640543983558233
B,4,794,6,2,0.00095569683827704307,0.00095569683827715149,0.00095569683827704307,0.00091446694956742692,0.00091446694956790983,0.00091446694956742692
B,4,795,6,2,0.00078572221634206924,0.00078572221634261134,0.00078572221634206924,0.00051093659434099268,0.00051093659434140674,0.00051093659434099268
B,4,796,6,2,0.0005851494001696397,0.00058514940016974812,0.0005851494001696397,0.00085116549242932396,0.00085116549242933383,0.00085116549242932396
B,4,797,6,2,0.0036210041055923696,0.0036210041055926949,0.0036210041055923696,0.001017018969048984,0.0010170189690490489,0.0010170189690489842
B,4,798,6,2,0.0009649420083158609,0.00096494200831596932,0.0009649420083158609,0.00089973603145902055,0.00089973603145902803,0.00089973603145902055
B,4,799,6,2,0.00082222732825489378,0.00082222732825511062,0.00082222732825489378,0.00060909048993585638,0.0006090904899359519,0.00060909048993585638
B,4,800,6,2,0.0038671151005392973,0.0038671151005394058,0.0038671151005392973,0.00093050268513813854,0.00093050268513816142,0.00093050268513813854
B,4,801,6,2,0.00079257617139705337,0.00079257617139716179,0.00079257617139705337,0.00065728039500531892,0.00065728039500549142,0.00065728039500531881
B,4,802,6,2,0.0010021617767844073,0.0010021617767846241,0.0010021617767844073,0.00089998105231383718,0.00089998105231435467,0.00089998105231383718
B,4,803,6,2,0.0007463285769712235,0.00074632857697144034,0.0007463285769712235,0.00033351618271206353,0.00033351618271208923,0.00033351618271206348
B,4,804,6,2,0.00055380780362513163,0.00055380780362556531,0.00055380780362513163,0.000374327614214354,0.00037432761421446242,0.000374327614214354
B,4,805,6,2,0.00045826777947074494,0.00045826777947074494,0.00045826777947074494,0.00096841821002858109,0.00096841821002858109,0.00096841821002858109
B,4,806,6,2,0.00099405127149977939,0.00099405127150010465,0.00099405127149977939,0.00092885249204710898,0.00092885249204747067,0.00092885249204710887
B,4,807,6,2,0.00068626038800560438,0.00068626038800582122,0.00068626038800560438,0.00038394020489892632,0.00038394020489909074,0.00038394020489892637
B,4,808,6,2,0.0004711290552864662,0.00047112905528657462,0.0004711290552864662,0.0012012493517806837,0.0012012493517806957,0.0012012493517806837
B,4,809,6,2,0.00014455392399032561,0.00014455392399054245,0.00014455392399032561,0.00086852435370900595,0.00086852435370901235,0.00086852435370900595
B,4,810,6,2,0.0011212474362969072,0.0011212474362969072,0.0011212474362969072,0.002306809302144692,0.0023068093021449262,0.002306809302144692
B,4,811,6,2,0.00094453633203012144,0.00094453633203012144,0.00094453633203012144,0.0012801840403448552,0.0012801840403448552,0.0012801840403448552
B,4,812,6,2,0.00071418638825440639,0.00071418638825440639,0.00071418638825440639,0.00062126322625245887,0.00062126322625245887,0.00062126322625245887
B,4,813,6,2,0.0012472478178682331,0.00124724781786845,0.0012472478178682331,0.0021570374526404118,0.0021570374526404508,0.0021570374526404118
B,4,814,6,2,0.00064034123600537497,0.00064034123600548339,0.00064034123600537497,0.0012986134869968653,0.0012986134869968928,0.001298613486996865
B,4,815,6,2,0.00030994124139167162,0.00030994124139188846,0.00030994124139167162,0.00037594926357023377,0.00037594926357023453,0.00037594926357023377
B,4,816,6,2,0.0004343545922602882,0.00043435459226039662,0.0004343545922602882,0.00099956602255117525,0.00099956602255119324,0.00099956602255117546
B,4,817,6,2,0.00099028360020427669,0.00099028360020427669,0.00099028360020427669,0.0006146426337010685,0.00061464263370146564,0.0006146426337010685
B,4,818,6,2,0.00059983675892104869,0.00059983675892104869,0.00059983675892104869,0.00024300041390488668,0.00024300041390488668,0.00024300041390488668
B,4,819,6,2,0.00080442847237300729,0.00080442847237311571,0.00080442847237300729,0.00091077556853665,0.00091077556853666724,0.00091077556853665
B,4,820,6,2,0.00035429349579108298,0.0003542934957911914,0.00035429349579108298,0.00065822686975327963,0.00065822686975330555,0.00065822686975327963
B,4,821,6,2,0.00093594414283485351,0.00093594414283496193,0.00093594414283485351,0.00019994767295076918,0.00019994767295096813,0.00019994767295076918
B,4,822,6,2,0.00020922062149983985,0.00020922062150038195,0.00020922062149983985,0.0001398228197834545,0.00013982281978427427,0.0001398228197834545
B,4,823,6,2,0.0010063735827717159,0.0010063735827719328,0.0010063735827717159,0.0014302658449265296,0.0014302658449273998,0.0014302658449265296
B,4,824,6,2,0.00019804272423373792,0.00019804272423373792,0.00019804272423373792,0.00065855650745682474,0.00065855650745682474,0.00065855650745682474
B,4,825,6,2,0.00053371355674357562,0.00053371355674368404,0.00053371355674357562,0.00035167953123746052,0.00035167953123746388,0.00035167953123746047
B,4,826,6,2,0.00059996133222140011,0.00059996133222194221,0.00059996133222140011,0.00029156135932711903,0.00029156135932722918,0.00029156135932711903
B,4,827,6,2,0.00018751581724505383,0.00018751581724505383,0.00018751581724505383,0.00071578806948085691,0.00071578806948085691,0.00071578806948085691
B,4,828,6,2,0.00037645019701059573,0.00037645019701081257,0.00037645019701059573,0.0011466553343029342,0.0011466553343034654,0.0011466553343029342
B,4,829,6,2,0.00012122849263763308,0.00012122849263784992,0.00012122849263763308,0.00026345701241260033,0.00026345701241319941,0.00026345701241260033
B,4,830,6,2,0.00043886869942702002,0.00043886869942702002,0.00043886869942702002,0.00077053287168394669,0.00077053287168394669,0.00077053287168394669
B,4,831,6,2,0.00047141256150312442,0.00047141256150377495,0.00047141256150312442,0.0033682049769871007,0.0033682049769879446,0.0033682049769871007
B,4,832,6,2,0.00037649157583381516,0.00037649157583435726,0.00037649157583381516,3.0723691211747612e-05,3.0723691211996694e-05,3.0723691211747612e-05
B,4,833,6,2,0.00057675618320444846,0.00057675618320455688,0.00057675618320444846,0.00018935215665026703,0.00018935215665028638,0.00018935215665026703
B,4,834,6,2,0.00037636689297765313,0.00037636689297786997,0.00037636689297765313,0.0032828812668402739,0.0032828812668407744,0.0032828812668402739
B,4,835,6,2,0.00048334936152204071,0.00048334936152247439,0.00048334936152204071,0.00064420742987361494,0.00064420742987376619,0.00064420742987361494
B,4,836,6,2,0.00052733228008295524,0.00052733228008338892,0.00052733228008295524,0.00067018705850904715,0.00067018705850919492,0.00067018705850904715
B,4,837,6,2,0.00012270101426114892,0.00012270101426136576,0.00012270101426114892,0.0003825786046966897,0.00038257860469680625,0.0003825786046966897
B,4,838,6,2,2.1708857110168053e-05,2.1708857110384894e-05,2.170885711016805e-05,0.00071459996699617617,0.0007145999669973161,0.00071459996699617617
B,4,839,6,2,0.00049424743761756779,0.00049424743761767621,0.00049424743761756779,0.00049211762659420689,0.00049211762659425731,0.00049211762659420678
B,4,840,6,2,0.00050309670012534287,0.00050309670012555971,0.00050309670012534287,0.0032761467961869,0.0032761467961870041,0.0032761467961869
B,4,841,6,2,0.00052639234640952659,0.00052639234640952659,0.00052639234640952659,0.00039684217887361233,0.00039684217887361233,0.00039684217887361233
B,4,842,6,2,0.00050850688495434129,0.00050850688495455813,0.00050850688495434129,0.00019048098371822012,0.00019048098371861916,0.00019048098371822012
B,4,843,6,2,0.00069539298909470932,0.00069539298909525142,0.00069539298909470932,0.0033603080893691668,0.0033603080893695471,0.0033603080893691664
B,4,844,6,2,0.00021377337906466638,0.00021377337906542532,0.00021377337906466638,0.00049572924917148931,0.00049572924917212194,0.00049572924917148931
B,4,845,6,2,0.00056941341866937559,0.00056941341866948401,0.00056941341866937559,0.00025105239873050161,0.00025105239873065991,0.00025105239873050161
B,4,846,6,2,0.00016101358489876375,0.00016101358489887217,0.00016101358489876375,0.00018370480695558452,0.00018370480695654713,0.00018370480695558452
B,4,847,6,2,0.00046710722343703236,0.0004671072234372492,0.00046710722343703236,9.6027239893012621e-05,9.6027239893171524e-05,9.6027239893012621e-05
B,4,848,6,2,0.00032970800336793154,0.0003297080033682568,0.00032970800336793154,0.00067046240157301749,0.00067046240157336943,0.00067046240157301749
B,4,849,6,2,0.00021475608895219801,0.00021475608895219801,0.00021475608895219801,0.0028641515585556944,0.0028641515585556953,0.0028641515585556944
B,4,850,6,2,0.00061364380290280986,0.00061364380290291828,0.00061364380290280986,0.0015435833024304308,0.0015435833024305499,0.0015435833024304308
B,4,851,6,2,0.00010580027801564921,0.00010580027801597447,0.00010580027801564921,0.00042920301704433346,0.00042920301704465423,0.00042920301704433346
B,4,852,6,2,0.00055474169966332476,0.00055474169966397528,0.00055474169966332476,0.00057042735961386774,0.00057042735961412622,0.00057042735961386774
B,4,853,6,2,0.00064687274083758631,0.00064687274083791158,0.00064687274083758631,0.0013723438025099561,0.0013723438025100045,0.0013723438025099561
B,4,854,6,2,0.00025968897809751368,0.00025968897809773052,0.00025968897809751368,0.0028594403536238307,0.0028594403536241733,0.0028594403536238307
B,4,855,6,2,0.00065265185510241398,0.00065265185510273924,0.00065265185510241398,0.0010934903257841778,0.0010934903257842376,0.0010934903257841778
B,4,856,6,2,4.3378414737180529e-05,4.3378414737397369e-05,4.3378414737180529e-05,0.00049144653815818011,0.00049144653815915383,0.00049144653815818
B,4,857,6,2,0.0024381242240108583,0.002438124224011292,0.0024381242240108583,0.0018487568275206692,0.0018487568275206779,0.0018487568275206692
B,4,858,6,2,0.00016240370607546219,0.00016240370607567903,0.00016240370607546219,0.0008306729691426617,0.000830672969142784,0.0008306729691426617
B,4,859,6,2,0.00058040269548180305,0.00058040269548223673,0.00058040269548180305,0.00097973671204223804,0.00097973671204273916,0.00097973671204223804
B,4,860,6,2,0.0017192766833546824,0.0017192766833555497,0.0017192766833546824,0.0017418021164709815,0.0017418021164710667,0.0017418021164709813
B,4,861,6,2,2.8135248813241157e-05,2.8135248813891678e-05,2.8135248813241157e-05,0.00087940167599988577,0.0008794016760000368,0.00087940167599988577
B,4,862,6,2,0.00033105775102814251,0.00033105775102868461,0.00033105775102814251,0.0008609743294443065,0.00086097432944458752,0.0008609743294443065
B,4,863,6,2,0.00070884257668505247,0.00070884257668516089,0.00070884257668505247,0.0010802435229747345,0.0010802435229747673,0.0010802435229747345
B,4,864,6,2,4.2987691820052173e-05,4.2987691820052173e-05,4.2987691820052173e-05,0.0030320189084793712,0.0030320189084793872,0.0030320189084793712
B,4,865,6,2,0.00058955037649563013,0.00058955037649573855,0.00058955037649563013,0.0012217726332058791,0.0012217726332062148,0.0012217726332058791
B,4,866,6,2,0.0010208271702517955,0.001020827170252446,0.0010208271702517955,0.0014526515484180984,0.0014526515484185585,0.0014526515484180984
B,4,867,6,2,0.00011920948234166,0.00011920948234166,0.00011920948234166,0.00088132127424514017,0.00088132127424583927,0.00088132127424514017
B,4,868,6,2,0.00054443396452533935,0.00054443396452566462,0.00054443396452533935,0.00092832820955872407,0.00092832820955874955,0.00092832820955872407
B,4,869,6,2,0.00065130468554887647,0.00065130468554887647,0.00065130468554887647,0.0013068266469629523,0.0013068266469630971,0.0013068266469629523
B,4,870,6,2,0.00017636656163885073,0.00017636656163885073,0.00017636656163885073,0.0032706015058163165,0.0032706015058163165,0.0032706015058163165
B,4,871,6,2,0.0005847295391620249,0.00058472953916224174,0.0005847295391620249,0.00088013624816871507,0.00088013624816871768,0.00088013624816871507
B,4,872,6,2,0.00055052707136657268,0.00055052707136678952,0.00055052707136657268,0.00070140514154334063,0.00070140514154340026,0.00070140514154334063
B,4,873,6,2,0.00017860257303767453,0.00017860257303789137,0.00017860257303767453,0.00097547982037123916,0.0009754798203721667,0.00097547982037123916
B,4,874,6,2,0.00018619767832661702,0.00018619767832715912,0.00018619767832661702,0.0029783278621839876,0.0029783278621843684,0.0029783278621839876
B,4,875,6,2,0.00031838763157551221,0.00031838763157551221,0.00031838763157551221,0.00070800084655348689,0.00070800084655354165,0.000708000846553487
B,4,876,6,2,0.0015395460580516947,0.001539546058052562,0.0015395460580516947,0.0011902954114884432,0.001190295411488945,0.0011902954114884432
B,4,877,6,2,0.00028527983252481584,0.00028527983252481584,0.00028527983252481584,0.0029861924908896427,0.0029861924908899462,0.0029861924908896427
B,4,878,6,2,0.00055792755561975653,0.00055792755561997337,0.00055792755561975653,0.0013609863615755783,0.0013609863615755885,0.0013609863615755783
B,4,879,6,2,0.00042238827226127006,0.0004223882722614869,0.00042238827226127006,0.00064345613861001446,0.00064345613861013762,0.00064345613861001457
B,4,880,6,2,0.00026746405941023219,0.00026746405941044903,0.00026746405941023219,0.00041183349108054571,0.00041183349108070536,0.00041183349108054571
B,4,881,6,2,0.00064036261341465783,0.00064036261341465783,0.00064036261341465783,0.0015231582535606418,0.0015231582535606418,0.0015231582535606418
B,4,882,6,2,0.0019979415601536306,0.001997941560153739,0.0019979415601536306,0.0015101633955112138,0.0015101633955116689,0.0015101633955112135
B,4,883,6,2,5.282137058575543e-05,5.282137058586385e-05,5.2821370585755423e-05,0.0031549390895833068,0.0031549390895839018,0.0031549390895833068
B,4,884,6,2,0.00066248963185926938,0.0006624896318593778,0.00066248963185926938,0.0010586871538082279,0.0010586871538088036,0.0010586871538082279
B,4,885,6,2,0.00023676193003949013,0.00023676193003970697,0.00023676193003949013,0.00090244631744446774,0.00090244631744450601,0.00090244631744446763
B,4,886,6,2,0.00028481196291901909,0.00028481196291934435,0.00028481196291901909,0.0033860872213005398,0.0033860872213005676,0.0033860872213005394
B,4,887,6,2,0.0012839974852270472,0.0012839974852273724,0.0012839974852270472,0.0012642641586399952,0.0012642641586401199,0.0012642641586399952
B,4,888,6,2,0.0003419244084609677,0.00034192440846129296,0.0003419244084609677,0.00092517517315324497,0.00092517517315390135,0.00092517517315324497
B,4,889,6,2,0.00030730636038482379,0.00030730636038493221,0.00030730636038482379,0.0008212173103760924,0.00082121731037629808,0.0008212173103760924
B,4,890,6,2,0.0017634157274551768,0.0017634157274558273,0.0017634157274551768,0.0013081741186157585,0.0013081741186163254,0.0013081741186157585
B,4,891,6,2,0.00040895359646603291,0.00040895359646603291,0.00040895359646603291,0.0012530307356953419,0.0012530307356953419,0.0012530307356953419
B,4,892,6,2,9.1660263205786512e-05,9.1660263206328613e-05,9.1660263205786525e-05,0.00042531110895789365,0.0004253111089580649,0.00042531110895789365
B,4,893,6,2,0.00061325165514973783,0.00061325165514984625,0.00061325165514973783,0.0010224037997959101,0.001022403799795937,0.0010224037997959101
B,4,894,6,2,0.0029983129970300284,0.0029983129970303536,0.0029983129970300284,0.0020882404469261331,0.0020882404469262849,0.0020882404469261331
B,4,895,6,2,0.00019589605431389896,0.00019589605431400738,0.00019589605431389896,0.00077378261043873969,0.00077378261043876788,0.0007737826104387398
B,4,896,6,2,0.0027409122183362326,0.0027409122183362326,0.0027409122183362326,0.0014062013389502187,0.0014062013389503029,0.0014062013389502187
B,4,897,6,2,0.00038839558954900308,0.00038839558954900308,0.00038839558954900308,0.00091863433769111985,0.00091863433769111985,0.00091863433769111985
B,4,898,6,2,0.00031954151791138523,0.00031954151791203575,0.00031954151791138523,0.00069469913945871,0.00069469913945878394,0.00069469913945871
B,4,899,6,2,0.0034403549578622102,0.0034403549578627523,0.0034403549578622102,0.0013355602941139406,0.0013355602941140269,0.0013355602941139406
B,4,900,6,2,0.0033595565813554192,0.0033595565813557444,0.0033595565813554192,0.0024790952974237937,0.0024790952974241866,0.0024790952974237937
B,4,901,6,2,0.00037982386244495795,0.00037982386244550005,0.000379823862444958,0.00099827876463519762,0.00099827876463540535,0.0009982787646351974
B,4,902,6,2,0.0005120737116041333,0.00051207371160435014,0.0005120737116041333,0.00067364646979794032,0.00067364646979805741,0.00067364646979794032
B,4,903,6,2,0.0003777220886521911,0.0003777220886527332,0.00037772208865219104,0.00082268042397147609,0.00082268042397156066,0.00082268042397147599
B,4,904,6,2,0.00033790839114604312,0.00033790839114615154,0.00033790839114604312,0.00055991577090995872,0.00055991577091039782,0.00055991577090995872
B,4,905,6,2,0.00061250740155456996,0.00061250740155489522,0.00061250740155456996,0.0015082872387401228,0.001508287238740234,0.001508287238740123
B,4,906,6,2,0.0002640779779212489,0.00026407797792168258,0.0002640779779212489,0.00032270198393532249,0.00032270198393602911,0.00032270198393532249
B,4,907,6,2,0.00038736715630548896,0.00038736715630613948,0.00038736715630548896,0.00059452407379040556,0.00059452407379100188,0.00059452407379040567
B,4,908,6,2,0.00046828260617847242,0.0004682826061789061,0.00046828260617847242,0.001313926463993728,0.0013139264639937492,0.001313926463993728
B,4,909,6,2,0.0005999355778872964,0.0005999355778872964,0.0005999355778872964,0.0010373831285913518,0.0010373831285915706,0.0010373831285913518
B,4,910,6,2,8.8350375975279616e-05,8.8350375975496456e-05,8.8350375975279629e-05,0.00027393088473334521,0.00027393088473388547,0.00027393088473334515
B,4,911,6,2,0.00030190440414973839,0.00030190440414995523,0.00030190440414973839,0.00069632763034587603,0.00069632763034599345,0.00069632763034587603
B,4,912,6,2,0.00037738630418544458,0.00037738630418566142,0.00037738630418544458,0.0009926978101524955,0.00099269781015252998,0.0009926978101524955
B,4,913,6,2,0.0001470307860969083,0.00014703078609701672,0.0001470307860969083,0.00045450245325011102,0.00045450245325030536,0.00045450245325011102
B,4,914,6,2,0.00020338657927537057,0.00020338657927537057,0.00020338657927537057,0.0010894137944476236,0.0010894137944476249,0.0010894137944476236
B,4,915,6,2,0.00059414113611486793,0.00059414113611584371,0.00059414113611486793,0.00072780490658369817,0.00072780490658426586,0.00072780490658369817
B,4,916,6,2,0.00033126991967526859,0.00033126991967570227,0.00033126991967526859,0.0013766117460778928,0.0013766117460787596,0.0013766117460778928
B,4,917,6,2,0.00028535905007953232,0.00028535905008029126,0.00028535905007953232,0.000444173265769243,0.00044417326576929819,0.000444173265769243
B,4,918,6,2,0.00016682720481041215,0.00016682720481073741,0.00016682720481041215,0.00055775596126373577,0.00055775596126424361,0.00055775596126373577
B,4,919,6,2,0.00031717640349066857,0.00031717640349088541,0.00031717640349066857,0.00060190706574741115,0.00060190706574816109,0.00060190706574741115
B,4,920,6,2,0.00050133375624190988,0.00050133375624266882,0.00050133375624190988,0.00052746600376592072,0.00052746600376650792,0.00052746600376592072
B,4,921,6,2,0.00030729286837349618,0.00030729286837403828,0.00030729286837349618,0.00080833122253881205,0.00080833122253905264,0.00080833122253881216
B,4,922,6,2,0.00043225755069460983,0.00043225755069460983,0.00043225755069460983,0.0013633632396121199,0.0013633632396121199,0.0013633632396121199
B,4,923,6,2,0.0025775381327317612,0.0025775381327318696,0.0025775381327317612,0.00083097569054379474,0.00083097569054391607,0.00083097569054379474
B,4,924,6,2,0.00085590198281798938,0.00085590198281798938,0.00085590198281798938,0.0023189617322898564,0.0023189617322898564,0.0023189617322898564
B,4,925,6,2,0.00069396371356973598,0.00069396371357006124,0.00069396371356973598,0.00099454510953714118,0.00099454510953728387,0.00099454510953714118
B,4,926,6,2,0.00051399583561313571,0.00051399583561335255,0.00051399583561313571,0.0010151910467769956,0.0010151910467772918,0.0010151910467769956
B,4,927,6,2,0.00082597238249644198,0.00082597238249687566,0.00082597238249644198,0.0023781151249538572,0.0023781151249541851,0.0023781151249538572
B,4,928,6,2,0.002440506060622156,0.0024405060606226981,0.002440506060622156,0.00082235240435430139,0.00082235240435488187,0.00082235240435430139
B,4,929,6,2,0.0007026684125596705,0.0007026684125596705,0.0007026684125596705,0.0013719098362442619,0.0013719098362442619,0.0013719098362442619
B,4,930,6,2,0.00043585486890192291,0.00043585486890203133,0.00043585486890192291,0.0010379215143719476,0.0010379215143721662,0.0010379215143719476
B,4,931,6,2,0.0016498320849303062,0.0016498320849303062,0.0016498320849303062,0.0061644561874785921,0.0061644561874785921,0.0061644561874785921
B,4,932,6,2,0.00063818381068332479,0.00063818381068332479,0.00063818381068332479,0.00090221212276739976,0.00090221212276739976,0.00090221212276739976
B,4,933,6,2,0.00041888817301145072,0.00041888817301155915,0.00041888817301145072,0.00088770270099470313,0.00088770270099488397,0.00088770270099470313
B,4,934,6,2,0.0017520908573799348,0.0017520908573800432,0.0017520908573799348,0.0063179570137019189,0.0063179570137019336,0.0063179570137019189
B,4,935,6,2,0.00067561069115368213,0.00067561069115379055,0.00067561069115368213,0.0011760232405822932,0.0011760232405824637,0.0011760232405822932
B,4,936,6,2,0.00030402003463564191,0.00030402003463564191,0.00030402003463564191,0.00092712094330862568,0.00092712094330875806,0.00092712094330862568
B,4,937,6,2,0.0007193705501163522,0.0007193705501163522,0.0007193705501163522,0.0014731202219136316,0.0014731202219136451,0.0014731202219136316
B,4,938,6,2,0.0013652293145286539,0.0013652293145286539,0.0013652293145286539,0.00078512153023937168,0.0007851215302393746,0.00078512153023937168
B,4,939,6,2,0.00042946057866291489,0.00042946057866302331,0.00042946057866291489,0.0010346093007304251,0.0010346093007304446,0.0010346093007304249
B,4,940,6,2,0.0018157149923457745,0.0018157149923457745,0.0018157149923457745,0.0064381030640745943,0.0064381030640745943,0.0064381030640745943
B,4,941,6,2,0.00068117699659499525,0.00068117699659510367,0.00068117699659499525,0.00099959935626419425,0.00099959935626420552,0.00099959935626419425
B,4,942,6,2,0.00046270740719164555,0.00046270740719197082,0.00046270740719164555,0.00098292690784278734,0.00098292690784285717,0.00098292690784278756
B,4,943,6,2,0.0018554560735959237,0.0018554560735960322,0.0018554560735959237,0.0064650535486620812,0.0064650535486620933,0.0064650535486620812
B,4,944,6,2,0.0008741672442061062,0.00087416724420621462,0.0008741672442061062,0.00074818357600011385,0.00074818357600012154,0.00074818357600011385
B,4,945,6,2,0.00050152062363564755,0.00050152062363597281,0.00050152062363564755,0.0013447632836005416,0.0013447632836008172,0.0013447632836005416
B,4,946,6,2,0.0005783083701918967,0.00057830837019222196,0.0005783083701918967,0.00082301511739969833,0.00082301511739979298,0.00082301511739969833
B,4,947,6,2,0.00076063763063919255,0.00076063763063930097,0.00076063763063919255,0.0013649720115071272,0.0013649720115073084,0.0013649720115071272
B,4,948,6,2,0.0009643842186408437,0.0009643842186408437,0.0009643842186408437,0.00086772588934043047,0.00086772588934064319,0.00086772588934043047
B,4,949,6,2,0.00048819818852319577,0.00048819818852319577,0.00048819818852319577,0.0041852154021125012,0.0041852154021125012,0.0041852154021125012
B,4,950,6,2,0.00093516456441610721,0.00093516456441621564,0.00093516456441610721,0.0014070341916755081,0.0014070341916755434,0.0014070341916755081
B,4,951,6,2,0.00012905326259526027,0.00012905326259547711,0.00012905326259526027,0.00058094724640959136,0.00058094724640984311,0.00058094724640959136
B,4,952,6,2,0.00048379527455932967,0.00048379527455943809,0.00048379527455932967,0.00021125191640028991,0.00021125191640055025,0.00021125191640028991
B,4,953,6,2,0.0010340659656934287,0.0010340659656936455,0.0010340659656934287,0.0012591247266663442,0.0012591247266668343,0.001259124726666344
B,4,954,6,2,0.00025751866528978852,0.00025751866529000536,0.00025751866528978852,0.0045098933021358225,0.004509893302136264,0.0045098933021358234
B,4,955,6,2,0.00093110047498425746,0.00093110047498447431,0.00093110047498425746,0.00032695738827620362,0.00032695738827627084,0.00032695738827620362
B,4,956,6,2,0.00012706402943880868,0.00012706402943880868,0.00012706402943880868,0.0014195406556420031,0.0014195406556420031,0.0014195406556420031
B,4,957,6,2,0.00029607030721154858,0.00029607030721154858,0.00029607030721154858,0.0010421947490870992,0.0010421947490880754,0.0010421947490870992
B,4,958,6,2,0.00010288584636304002,0.00010288584636314844,0.00010288584636304002,0.00093208610578245999,0.00093208610578261319,0.00093208610578245999
B,4,959,6,2,0.00061198345565542482,0.00061198345565564166,0.00061198345565542482,0.00074481510326131499,0.00074481510326135066,0.00074481510326131499
B,4,960,6,2,0.00027567093342556383,0.00027567093342588909,0.00027567093342556383,0.001076677716303633,0.0010766777163036798,0.001076677716303633
B,4,961,6,2,0.00017311494953211118,0.00017311494953211118,0.00017311494953211118,0.001722192148782508,0.001722192148782508,0.001722192148782508
B,4,962,6,2,0.00050348135247177579,0.00050348135247177579,0.00050348135247177579,0.00075011321169353798,0.00075011321169373779,0.00075011321169353798
B,4,963,6,2,0.00099835205874271998,0.00099835205874271998,0.00099835205874271998,0.00033192632548462896,0.00033192632548462896,0.00033192632548462896
B,4,964,6,2,0.00071104562647484812,0.0007110456264752818,0.00071104562647484812,0.0050029281069058299,0.0050029281069061933,0.0050029281069058299
B,4,965,6,2,0.00054351713472088059,0.00054351713472088059,0.00054351713472088059,0.0012609730218513175,0.0012609730218515326,0.0012609730218513173
B,4,966,6,2,0.0005046847405834826,0.00050468474058380786,0.0005046847405834826,0.0010315927943953538,0.0010315927943955515,0.0010315927943953538
B,4,967,6,2,0.00020236782935219126,0.00020236782935262494,0.00020236782935219126,0.0010066150118689292,0.0010066150118693243,0.001006615011868929
B,4,968,6,2,0.00046972951208757753,0.00046972951208757753,0.00046972951208757753,0.00082298907587280835,0.00082298907587293011,0.00082298907587280835
B,4,969,6,2,0.00059842858087682561,0.00059842858087747614,0.00059842858087682561,0.0010323733497432596,0.0010323733497433906,0.0010323733497432596
B,4,970,6,2,0.00084937139033583464,0.00084937139033626832,0.00084937139033583464,0.0052182804218771674,0.0052182804218773799,0.0052182804218771665
B,4,971,6,2,0.0004812280597879439,0.00048122805978816074,0.0004812280597879439,0.0006128726848563037,0.00061287268485635314,0.0006128726848563037
B,4,972,6,2,0.0010201275804947937,0.0010201275804950106,0.0010201275804947937,0.00091809942469467973,0.00091809942469533383,0.00091809942469467983
B,4,973,6,2,4.5655071823124185e-05,4.5655071823341026e-05,4.5655071823124185e-05,0.00015053800949548505,0.00015053800949551188,0.00015053800949548505
B,4,974,6,2,0.00074828045001039661,0.00074828045001050503,0.00074828045001039672,0.003704613470749029,0.0037046134707490338,0.003704613470749029
B,4,975,6,2,0.00096902248440157174,0.00096902248440168016,0.00096902248440157174,0.0010549156324093955,0.0010549156324095017,0.0010549156324093955
B,4,976,6,2,0.0019891123285004347,0.0019891123285004347,0.0019891123285004347,0.0017442589914589235,0.0017442589914592557,0.0017442589914589235
B,4,977,6,2,0.00023246904063138792,0.00023246904063138792,0.00023246904063138792,0.0039700984891861482,0.0039700984891862983,0.0039700984891861482
B,4,978,6,2,0.00096769136543836155,0.00096769136543836155,0.00096769136543836155,0.0013970666482936522,0.0013970666482936522,0.0013970666482936522
B,4,979,6,2,0.0006892424205848062,0.0006892424205848062,0.0006892424205848062,0.00045180692240622157,0.00045180692240689172,0.00045180692240622157
B,4,980,6,2,0.0001012860220136547,0.00010128602201376312,0.0001012860220136547,0.0005014188793225371,0.00050141887932289087,0.0005014188793225372
B,4,981,6,2,0.00098489500233991598,0.00098489500233991598,0.00098489500233991598,0.0016758520654168347,0.0016758520654168347,0.0016758520654168347
B,4,982,6,2,0.0015338703526370347,0.0015338703526371431,0.0015338703526370347,0.0015362852761918191,0.0015362852761921625,0.0015362852761918191
B,4,983,6,2,0.00021895743357509302,0.00021895743357530986,0.00021895743357509302,0.0044090423539404153,0.0044090423539407727,0.0044090423539404153
B,4,984,6,2,0.00098336884828879954,0.0009833688482891248,0.00098336884828879954,0.00019967392117683011,0.00019967392117717413,0.00019967392117683014
B,4,985,6,2,0.0007082675990974837,0.0007082675990974837,0.0007082675990974837,0.0010813772731633762,0.0010813772731633762,0.0010813772731633762
B,4,986,6,2,0.00042145050947294937,0.00042145050947305779,0.00042145050947294937,0.0045852745588819532,0.0045852745588819644,0.004585274558881954
B,4,987,6,2,0.0015094491492000529,0.0015094491492002697,0.0015094491492000529,0.0012334252569461521,0.0012334252569462616,0.0012334252569461521
B,4,988,6,2,0.00065712505669605469,0.00065712505669616311,0.00065712505669605469,0.00090747121983363955,0.00090747121983378602,0.00090747121983363965
B,4,989,6,2,7.2977915567149984e-06,7.2977915568234186e-06,7.2977915567149984e-06,0.0008185018112401121,0.00081850181124029035,0.0008185018112401121
B,4,990,6,2,0.001500619117262539,0.0015006191172626474,0.001500619117262539,0.0012045933143373087,0.0012045933143376918,0.0012045933143373087
B,4,991,6,2,0.00075010975981353381,0.00075010975981353381,0.00075010975981353381,0.0015642855501176362,0.0015642855501176362,0.0015642855501176362
B,4,992,6,2,0.00021251708208882072,0.00021251708208882072,0.00021251708208882072,0.0011021000341530703,0.0011021000341531707,0.0011021000341530703
B,4,993,6,2,0.00089638303653642119,0.00089638303653674645,0.00089638303653642119,6.2135443281432056e-05,6.2135443281527791e-05,6.2135443281432056e-05
B,4,994,6,2,0.00075977350112374498,0.00075977350112374498,0.00075977350112374498,0.001464290606367301,0.0014642906063673296,0.0014642906063673008
B,4,995,6,2,7.1627956570023167e-05,7.1627956570131587e-05,7.1627956570023167e-05,0.0013933401106840646,0.0013933401106841217,0.0013933401106840646
B,4,996,6,2,0.0014964266231047097,0.0014964266231048181,0.0014964266231047097,0.0012278654334144557,0.0012278654334154566,0.0012278654334144557
B,4,997,6,2,0.00075090526802275293,0.00075090526802275293,0.00075090526802275293,0.00066037742294531069,0.00066037742294534332,0.00066037742294531069
B,4,998,6,2,0.00031431889071175355,0.00031431889071197039,0.00031431889071175355,0.0006891147123422954,0.0006891147123428671,0.0006891147123422954
B,4,999,6,2,0.0012696493008441338,0.0012696493008443506,0.0012696493008441338,0.0010950173223905379,0.0010950173223906927,0.0010950173223905379
B,4,1000,6,2,0.00055701249877272967,0.00055701249877305493,0.00055701249877272967,0.0011137111891035036,0.0011137111891038269,0.0011137111891035033
B,4,1001,6,2,0.00017621818803183024,0.00017621818803204709,0.00017621818803183022,0.0002830202133954718,0.00028302021339572707,0.0002830202133954718
B,4,1002,6,2,0.0010009619345337879,0.0010009619345338963,0.0010009619345337879,0.00072270326440165324,0.0007227032644018884,0.00072270326440165324
B,4,1003,6,2,0.00067093036892613804,0.00067093036892635488,0.00067093036892613804,0.00030806649197004214,0.00030806649197016791,0.00030806649197004214
B,4,1004,6,2,9.2787609521044305e-05,9.2787609521152725e-05,9.2787609521044305e-05,0.0011739759306667189,0.0011739759306668958,0.0011739759306667187
B,4,1005,6,2,0.00036949787589530582,0.00036949787589552266,0.00036949787589530582,0.001774862763571112,0.0017748627635715568,0.0017748627635711123
B,4,1006,6,2,0.0010430448964252785,0.001043044896425387,0.0010430448964252785,0.00034224144704091532,0.00034224144704122887,0.00034224144704091537
B,4,1007,6,2,0.00076826775834626035,0.00076826775834647719,0.00076826775834626035,0.0010939713602029664,0.0010939713602031258,0.0010939713602029664
B,4,1008,6,2,0.00041662939233148323,0.00041662939233170007,0.00041662939233148323,0.0020707763733827751,0.0020707763733827933,0.0020707763733827751
B,4,1009,6,2,0.0003852953192458276,0.00038529531924593602,0.0003852953192458276,0.00061482816831861056,0.00061482816831877839,0.00061482816831861056
B,4,1010,6,2,0.0010312793419085158,0.001031279341908841,0.0010312793419085158,0.0017237533646103005,0.0017237533646107606,0.0017237533646103005
B,4,1011,6,2,0.0010395924736455444,0.0010395924736456529,0.0010395924736455444,0.0010299556935579779,0.0010299556935580568,0.0010299556935579779
B,4,1012,6,2,0.00061681813305267379,0.00061681813305278221,0.00061681813305267379,0.00010347416715341926,0.00010347416715355195,0.00010347416715341926
B,4,1013,6,2,0.0010803032358942767,0.0010803032358943851,0.0010803032358942767,0.0016709399914927659,0.0016709399914929938,0.0016709399914927659
B,4,1014,6,2,0.00074024467749673854,0.00074024467749673854,0.00074024467749673854,0.0019841092599849068,0.0019841092599849068,0.0019841092599849068
B,4,1015,6,2,0.00054622015858627176,0.00054622015858638018,0.00054622015858627176,0.0012953895265155123,0.0012953895265156729,0.0012953895265155121
B,4,1016,6,2,0.00071489271407038438,0.00071489271407038438,0.00071489271407038438,0.001614066648341067,0.0016140666483413805,0.0016140666483410672
B,4,1017,6,2,0.0010886081437082437,0.0010886081437083521,0.0010886081437082437,0.00041471729674218616,0.00041471729674234505,0.00041471729674218616
B,4,1018,6,2,0.00055206973913343119,0.00055206973913353961,0.00055206973913343119,0.0012953477310847933,0.0012953477310852978,0.0012953477310847933
B,4,1019,6,2,0.00060451119461351829,0.00060451119461351829,0.00060451119461351829,0.00068572118299990736,0.0006857211830002607,0.00068572118299990736
B,4,1020,6,2,0.00029887655648215983,0.00029887655648226825,0.00029887655648215983,0.00035981177300363064,0.00035981177300365666,0.00035981177300363064
B,4,1021,6,2,0.0011706929114836066,0.0011706929114836066,0.0011706929114836066,0.0012851671056693867,0.0012851671056694769,0.0012851671056693865
B,4,1022,6,2,0.00039871496277873748,0.0003987149627788459,0.00039871496277873748,0.00056767649601594319,0.00056767649601596705,0.00056767649601594319
B,4,1023,6,2,0.0022357086138932118,0.0022357086138934286,0.0022357086138932118,0.0035296048733501817,0.00352960487335051,0.0035296048733501817
B,4,1024,6,2,0.00024081568635633387,0.00024081568635665913,0.00024081568635633387,0.00051820101052664643,0.00051820101052670693,0.00051820101052664643
B,4,1025,6,2,0.00021126494335367563,0.00021126494335410931,0.00021126494335367563,0.00098200638076197176,0.00098200638076205481,0.00098200638076197176
B,4,1026,6,2,0.00089371687588663505,0.00089371687588685189,0.00089371687588663505,0.0011092160555512922,0.0011092160555513087,0.0011092160555512922
B,4,1027,6,2,0.0001070359977390278,0.00010703599773913622,0.0001070359977390278,0.00025153715174068298,0.00025153715174126059,0.00025153715174068298
B,4,1028,6,2,0.0024334188462935133,0.0024334188462936217,0.0024334188462935133,0.0032814608227902486,0.0032814608227903913,0.0032814608227902486
B,4,1029,6,2,0.00037232626935105716,0.00037232626935116558,0.00037232626935105716,0.00071145906984590489,0.0007114590698459127,0.00071145906984590489
B,4,1030,6,2,0.00017006189717842964,0.00017006189717864648,0.00017006189717842964,0.001563891935645247,0.0015638919356452527,0.0015638919356452468
B,4,1031,6,2,9.8626394797384984e-06,9.8626394798469186e-06,9.8626394797384984e-06,0.0034641951945030228,0.0034641951945030263,0.0034641951945030228
B,4,1032,6,2,6.9055819468298932e-05,6.9055819468298932e-05,6.9055819468298932e-05,0.0009717093075417351,0.0009717093075417351,0.0009717093075417351
B,4,1033,6,2,0.00093604921667044504,0.00093604921667044504,0.00093604921667044504,0.0011437337840275081,0.0011437337840275352,0.0011437337840275081
B,4,1034,6,2,0.00028851263364796861,0.00028851263364818545,0.00028851263364796861,0.0032012509108172637,0.0032012509108173808,0.0032012509108172642
B,4,1035,6,2,0.00011049378145918613,0.00011049378145929455,0.00011049378145918613,0.0012619965517095006,0.0012619965517095043,0.0012619965517095006
B,4,1036,6,2,0.0010953118158255493,0.0010953118158257662,0.0010953118158255493,0.0019211513325774901,0.0019211513325775569,0.0019211513325774899
B,4,1037,6,2,0.00034894185221867081,0.00034894185221888765,0.00034894185221867081,0.000747944872875689,0.00074794487287577769,0.000747944872875689
B,4,1038,6,2,0.001892446433004037,0.0018924464330041454,0.001892446433004037,0.0025123168249140656,0.0025123168249142598,0.002512316824914066
B,4,1039,6,2,0.00085660344701970949,0.00085660344701981792,0.00085660344701970949,0.0017186161725946036,0.0017186161725952004,0.0017186161725946036
B,4,1040,6,2,0.00082126463311178125,0.00082126463311188967,0.00082126463311178125,0.0028991278106427964,0.0028991278106428116,0.0028991278106427964
B,4,1041,6,2,0.00034489424917091057,0.00034489424917123583,0.00034489424917091057,0.0010540045195123258,0.0010540045195126691,0.0010540045195123258
B,4,1042,6,2,0.00069474567183024864,0.00069474567183079074,0.00069474567183024864,0.0011465613491992177,0.0011465613491995483,0.0011465613491992177
B,4,1043,6,2,0.00081596855150119305,0.00081596855150130147,0.00081596855150119305,0.0027889119658383865,0.0027889119658383952,0.002788911965838387
B,4,1044,6,2,0.0017055145721265111,0.0017055145721265111,0.0017055145721265111,0.0021038251410102453,0.0021038251410103186,0.0021038251410102453
B,4,1045,6,2,0.00081067350942624992,0.00081067350942635834,0.00081067350942624992,0.00080923606945274712,0.00080923606945291213,0.00080923606945274712
B,4,1046,6,2,0.00051750221915494374,0.00051750221915494374,0.00051750221915494374,0.0012606907912306006,0.0012606907912309198,0.0012606907912306006
B,4,1047,6,2,0.00023492098179418979,0.00023492098179429821,0.00023492098179418979,0.0009570600580557382,0.00095706005805590484,0.0009570600580557382
B,4,1048,6,2,0.00063248857849480377,0.00063248857849491219,0.00063248857849480377,0.00083915602780008274,0.00083915602780018346,0.00083915602780008274
B,4,1049,6,2,0.0001425221930100376,0.00014252219301025444,0.0001425221930100376,0.0037973241841241802,0.0037973241841242011,0.0037973241841241802
B,4,1050,6,2,0.00060355838030722291,0.00060355838030754817,0.00060355838030722291,0.0010245582918246153,0.0010245582918247394,0.0010245582918246153
B,4,1051,6,2,0.00021463611615867104,0.00021463611615877946,0.00021463611615867104,0.00090401191863442539,0.00090401191863460212,0.00090401191863442539
B,4,1052,6,2,0.0010303865484800282,0.0010303865484802451,0.0010303865484800282,0.0011342978854718834,0.0011342978854721455,0.0011342978854718834
B,4,1053,6,2,0.00023972911373756119,0.00023972911373766961,0.00023972911373756119,0.00081355367490248878,0.00081355367490251631,0.00081355367490248878
B,4,1054,6,2,0.00016123502022315911,0.00016123502022337595,0.00016123502022315911,0.0034376929000518612,0.0034376929000518746,0.0034376929000518616
B,4,1055,6,2,0.0006627793405868717,0.00066277934058708854,0.0006627793405868717,0.00090881655230245291,0.00090881655230260643,0.00090881655230245291
B,4,1056,6,2,0.00032914325112675703,0.00032914325112697387,0.00032914325112675703,0.0011158712095426498,0.0011158712095427252,0.0011158712095426498
B,4,1057,6,2,0.00020723410242961399,0.00020723410242961399,0.00020723410242961399,0.00085674018270100085,0.00085674018270100085,0.00085674018270100085
B,4,1058,6,2,0.00097215217694087905,0.00097215217694109589,0.00097215217694087905,0.0011309004504423048,0.0011309004504423668,0.0011309004504423048
B,4,1059,6,2,0.00035065919848234831,0.00035065919848234831,0.00035065919848234831,0.0007200542292391431,0.0007200542292391431,0.0007200542292391431
B,4,1060,6,2,0.0011642570748743048,0.0011642570748745217,0.0011642570748743048,0.0016105454466049914,0.0016105454466050655,0.0016105454466049912
B,4,1061,6,2,0.00060854232773136646,0.00060854232773180014,0.00060854232773136646,0.00064508922830275534,0.00064508922830299408,0.00064508922830275545
B,4,1062,6,2,0.00050370874575187113,0.00050370874575197955,0.00050370874575187113,0.0029787727923915206,0.002978772792391535,0.0029787727923915202
B,4,1063,6,2,0.00097459412945954602,0.0009745941294599797,0.00097459412945954602,0.0017603120854195881,0.0017603120854198294,0.0017603120854195881
B,4,1064,6,2,0.00012725963381666431,0.00012725963381698957,0.00012725963381666431,0.00065431421219545199,0.0006543142121958345,0.00065431421219545199
B,4,1065,6,2,0.00072419880545009085,0.00072419880545052454,0.00072419880545009085,0.00086111943430339059,0.00086111943430339081,0.00086111943430339049
B,4,1066,6,2,0.00056998940010726754,0.00056998940010737596,0.00056998940010726754,0.0028451997992340206,0.0028451997992345575,0.0028451997992340206
B,4,1067,6,2,0.00087051633797946299,0.00087051633797957141,0.00087051633797946299,0.00068492915304033694,0.00068492915304038324,0.00068492915304033694
B,4,1068,6,2,0.00074708328573697483,0.00074708328573719167,0.00074708328573697483,0.00098653164655878667,0.00098653164655932032,0.00098653164655878689
B,4,1069,6,2,0.00010085121806440757,0.00010085121806462441,0.00010085121806440757,0.00097384620418055983,0.00097384620418124982,0.00097384620418055994
B,4,1070,6,2,0.0020146211076577623,0.002014621107658196,0.0020146211076577623,0.0043525010866913173,0.0043525010866913971,0.0043525010866913173
B,4,1071,6,2,0.00053903481911094907,0.00053903481911170802,0.00053903481911094907,0.0006689727025784893,0.000668972702578497,0.0006689727025784893
B,4,1072,6,2,0.00067003081892546071,0.00067003081892567755,0.00067003081892546071,0.00054157090592826373,0.00054157090592838126,0.00054157090592826362
B,4,1073,6,2,0.001563123505092111,0.0015631235050922194,0.001563123505092111,0.0042057381967443149,0.0042057381967445292,0.0042057381967443149
B,4,1074,6,2,0.00038147028715745154,0.0003814702871577768,0.00038147028715745154,0.00011296326122989798,0.00011296326122998813,0.00011296326122989798
B,4,1075,6,2,0.00045476058426992868,0.00045476058427047078,0.00045476058426992868,0.0008777592527648571,0.00087775925276519569,0.0008777592527648571
B,4,1076,6,2,0.00027971931458581605,0.00027971931458592447,0.00027971931458581605,0.0009260211004111596,0.0009260211004112639,0.0009260211004111596
B,4,1077,6,2,0.00040144912713665701,0.00040144912713665701,0.00040144912713665701,0.00023568981835363242,0.00023568981835363242,0.00023568981835363242
B,4,1078,6,2,0.00070407053107015942,0.00070407053107037626,0.00070407053107015942,0.00059562050902747647,0.00059562050902777712,0.00059562050902747647
B,4,1079,6,2,0.0009705956581570075,0.0009705956581570075,0.0009705956581570075,0.0040969592923554843,0.0040969592923555806,0.0040969592923554834
B,4,1080,6,2,0.00047219891789252507,0.00047219891789285033,0.00047219891789252507,0.00035568138180684596,0.00035568138180696771,0.00035568138180684596
B,4,1081,6,2,0.00046114277848781186,0.00046114277848781186,0.00046114277848781186,0.0010475389786275659,0.0010475389786280247,0.0010475389786275659
B,4,1082,6,2,0.00096461242416227225,0.00096461242416259751,0.00096461242416227225,0.0040635879721958234,0.0040635879721963343,0.0040635879721958234
B,4,1083,6,2,0.00023676461458532663,0.00023676461458586873,0.00023676461458532663,0.00046868963571135362,0.00046868963571175542,0.00046868963571135362
B,4,1084,6,2,0.00024854691328441043,0.00024854691328462727,0.00024854691328441043,0.00061966207136343533,0.00061966207136379843,0.00061966207136343533
B,4,1085,6,2,0.00030679169432646335,0.00030679169432646335,0.00030679169432646335,0.00093753530288912196,0.00093753530288940212,0.00093753530288912196
B,4,1086,6,2,0.00032173077485183124,0.00032173077485183124,0.00032173077485183124,0.001309815544460393,0.0013098155444609119,0.001309815544460393
B,4,1087,6,2,0.00051517038198085376,0.00051517038198085376,0.00051517038198085376,0.00040707674501266514,0.00040707674501289906,0.00040707674501266514
B,4,1088,6,2,0.00090537086670197837,0.00090537086670284574,0.00090537086670197837,0.00088907047288162453,0.00088907047288219851,0.00088907047288162453
B,4,1089,6,2,0.00020731847200170656,0.00020731847200170656,0.00020731847200170656,0.0011209850368740408,0.0011209850368740504,0.0011209850368740408
B,4,1090,6,2,0.00046446199580656156,0.0004644619958067784,0.00046446199580656156,0.00057497144092086847,0.00057497144092087877,0.00057497144092086858
B,4,1091,6,2,0.00010996832340483959,0.00010996832340527327,0.00010996832340483959,0.00058443412146051655,0.00058443412146088811,0.00058443412146051644
B,4,1092,6,2,0.0005300627105218848,0.00053006271052221006,0.0005300627105218848,0.0010033615008364755,0.0010033615008368543,0.0010033615008364755
B,4,1093,6,2,0.00018282200551491753,0.00018282200551513438,0.00018282200551491753,0.0005392849950979112,0.00053928499509791185,0.0005392849950979112
B,4,1094,6,2,0.00052142304859720181,0.00052142304859731023,0.00052142304859720181,0.00074257304985906984,0.00074257304985916872,0.00074257304985906984
B,4,1095,6,2,0.00036875182996877216,0.00036875182996888058,0.00036875182996877216,0.00059413991097149207,0.00059413991097188217,0.00059413991097149218
B,4,1096,6,2,0.0006926186619251283,0.0006926186619251283,0.0006926186619251283,0.00081307909970783224,0.00081307909970803618,0.00081307909970783224
B,4,1097,6,2,0.00037781280322975088,0.0003778128032298593,0.00037781280322975088,0.00052157928517106936,0.00052157928517108205,0.00052157928517106936
B,4,1098,6,2,0.00075660311990100385,0.00075660311990122069,0.00075660311990100385,0.0012813174449117803,0.0012813174449120637,0.0012813174449117803
B,4,1099,6,2,0.0001246894232742211,0.00012468942327432952,0.0001246894232742211,0.0011000601606744253,0.0011000601606746595,0.0011000601606744253
B,4,1100,6,2,0.00060644931110589995,0.00060644931110589995,0.00060644931110589995,0.00091032520153897282,0.00091032520153898127,0.00091032520153897282
B,4,1101,6,2,0.00065982009929974397,0.00065982009929974397,0.00065982009929974397,0.00056288658127648503,0.00056288658127648503,0.00056288658127648503
B,4,1102,6,2,0.00092197213344272829,0.00092197213344305355,0.00092197213344272829,0.001908503633876831,0.001908503633877446,0.001908503633876831
B,4,1103,6,2,0.00035085622942306483,0.00035085622942317325,0.00035085622942306483,0.00093003893555424475,0.00093003893555457598,0.00093003893555424464
B,4,1104,6,2,0.00024209173284171596,0.00024209173284193281,0.00024209173284171596,0.0008069198946473045,0.00080691989464752362,0.00080691989464730461
B,4,1105,6,2,0.00067058243046554285,0.00067058243046597653,0.00067058243046554285,0.0018664307581927378,0.0018664307581928241,0.0018664307581927378
B,4,1106,6,2,0.00014117322373705544,0.00014117322373716386,0.00014117322373705544,0.0014946681954908321,0.0014946681954908661,0.0014946681954908321
B,4,1107,6,2,0.0007269650010270504,0.00072696500102715882,0.0007269650010270504,0.00094650555558628015,0.00094650555558680306,0.00094650555558628015
B,4,1108,6,2,4.6064118807776291e-05,4.6064118807993132e-05,4.6064118807776291e-05,0.0011126690059718256,0.0011126690059718267,0.0011126690059718254
B,4,1109,6,2,0.00077184506601824399,0.00077184506601835241,0.00077184506601824399,0.0012802224601284845,0.0012802224601290554,0.0012802224601284845
B,4,1110,6,2,7.4972888938003475e-05,7.4972888938111895e-05,7.4972888938003475e-05,0.0010449179155277491,0.0010449179155282385,0.0010449179155277491
B,4,1111,6,2,0.00012370110846066096,0.0001237011084608778,0.00012370110846066096,0.0010527634388456924,0.0010527634388457971,0.0010527634388456924
B,4,1112,6,2,0.0008092893613836482,0.0008092893613836482,0.0008092893613836482,0.0012463735588501812,0.0012463735588501812,0.0012463735588501812
B,4,1113,6,2,0.00056766061210064989,0.00056766061210075831,0.00056766061210064989,0.00081562578716929345,0.00081562578716936067,0.00081562578716929356
B,4,1114,6,2,0.000270376494593879,0.000270376494593879,0.000270376494593879,0.0010239411062377382,0.0010239411062377382,0.0010239411062377382
B,4,1115,6,2,0.00019346406647134315,0.00019346406647177683,0.00019346406647134315,0.0017008436824589358,0.001700843682459243,0.0017008436824589358
B,4,1116,6,2,0.00096744929455798521,0.00096744929455809363,0.00096744929455798521,0.00077830873183863821,0.00077830873183870131,0.0007783087318386381
B,4,1117,6,2,0.0011313395810780193,0.001131339581078453,0.0011313395810780193,0.0011211518722769351,0.0011211518722772085,0.0011211518722769351
B,4,1118,6,2,3.9848412250464982e-05,3.9848412251115503e-05,3.9848412250464982e-05,0.0014177788323121721,0.0014177788323123106,0.0014177788323121721
B,4,1119,6,2,0.00025644607566156254,0.00025644607566177938,0.00025644607566156254,0.001151025398560092,0.0011510253985604121,0.0011510253985600918
B,4,1120,6,2,0.00078650357388291257,0.00078650357388312941,0.00078650357388291257,0.00032170272263981625,0.00032170272263995866,0.00032170272263981625
B,4,1121,6,2,0.00094510293612449364,0.00094510293612492732,0.00094510293612449364,0.0046760782829869899,0.0046760782829873334,0.0046760782829869908
B,4,1122,6,2,0.00083243073325080588,0.00083243073325102272,0.00083243073325080588,0.00073346464675592515,0.00073346464675597297,0.00073346464675592515
B,4,1123,6,2,0.0010279203404107767,0.001027920340411102,0.0010279203404107767,0.0012063368876325694,0.0012063368876325913,0.0012063368876325694
B,4,1124,6,2,0.0010508525133577033,0.0010508525133579201,0.0010508525133577033,0.0045926440144198758,0.0045926440144200978,0.0045926440144198758
B,4,1125,6,2,0.00059062279908277896,0.00059062279908288738,0.00059062279908277896,0.00033672154370795139,0.00033672154370813451,0.00033672154370795133
B,4,1126,6,2,0.0010285644969769718,0.0010285644969770802,0.0010285644969769718,0.0017849253914202199,0.0017849253914204266,0.0017849253914202199
B,4,1127,6,2,4.2048093308860029e-05,4.2048093308860029e-05,4.2048093308860029e-05,0.0011952042268255838,0.0011952042268255838,0.0011952042268255838
B,4,1128,6,2,0.0014798833832299326,0.001479883383230041,0.0014798833832299326,0.0017244846658591166,0.0017244846658597327,0.0017244846658591166
B,4,1129,6,2,0.00065891722027190854,0.00065891722027190854,0.00065891722027190854,0.0042732705986716106,0.0042732705986716106,0.0042732705986716106
B,4,1130,6,2,0.00088870084874481149,0.00088870084874481149,0.00088870084874481149,0.0009399544120926005,0.00093995441209322424,0.00093995441209260061
B,4,1131,6,2,0.00083902247897200879,0.00083902247897211721,0.00083902247897200879,0.0012324207158453204,0.0012324207158453939,0.0012324207158453204
B,4,1132,6,2,0.00045794404749212921,0.00045794404749245447,0.00045794404749212921,0.0040812425930734746,0.0040812425930737096,0.0040812425930734746
B,4,1133,6,2,0.00089174443923024666,0.00089174443923035508,0.00089174443923024666,0.0010539492851052196,0.0010539492851053035,0.0010539492851052196
B,4,1134,6,2,0.00016316222073669943,0.00016316222073691627,0.00016316222073669943,0.0011062100505099496,0.0011062100505099645,0.0011062100505099496
B,4,1135,6,2,0.0010804423606166529,0.0010804423606167613,0.0010804423606166529,0.001376898610642534,0.0013768986106425893,0.001376898610642534
B,4,1136,6,2,0.00027371308614564886,0.00027371308614575728,0.00027371308614564886,0.00093873567843519214,0.00093873567843526674,0.00093873567843519203
B,4,1137,6,2,0.0001769574777494903,0.00017695747774981556,0.00017695747774949027,0.0043063749543041617,0.0043063749543042111,0.0043063749543041617
B,4,1138,6,2,0.00048276816768083163,0.00048276816768094005,0.00048276816768083163,0.0015645228909376778,0.0015645228909377076,0.0015645228909376778
B,4,1139,6,2,0.0006697059102607093,0.00066970591026081772,0.0006697059102607093,0.00030470067561579327,0.00030470067561630632,0.00030470067561579327
B,4,1140,6,2,0.00076764692411707396,0.00076764692411739922,0.00076764692411707396,0.00087809608672618166,0.00087809608672643352,0.00087809608672618177
B,4,1141,6,2,0.00047847870278156131,0.00047847870278156131,0.00047847870278156131,0.0015503208596880219,0.0015503208596880219,0.0015503208596880219
B,4,1142,6,2,0.00011641934966619485,0.00011641934966619485,0.00011641934966619485,0.0042208440360354173,0.0042208440360355275,0.0042208440360354182
B,4,1143,6,2,0.00050097490404557923,0.00050097490404557923,0.00050097490404557923,0.00050936860217664249,0.00050936860217664249,0.00050936860217664249
B,4,1144,6,2,0.00064865163104384053,0.00064865163104427422,0.00064865163104384053,0.0012480541438818125,0.0012480541438819263,0.0012480541438818127
B,4,1145,6,2,0.00067390971889079269,0.00067390971889079269,0.00067390971889079269,0.0005935481007441171,0.0005935481007441171,0.0005935481007441171
B,4,1146,6,2,0.00068646038862778778,0.00068646038862778778,0.00068646038862778778,0.00018362033603641634,0.00018362033603677838,0.00018362033603641634
B,4,1147,6,2,0.00066754947154355412,0.00066754947154355412,0.00066754947154355412,0.0012071866172244465,0.0012071866172246979,0.0012071866172244465
B,4,1148,6,2,0.00070075169360380926,0.00070075169360380926,0.00070075169360380926,0.0014698809303677017,0.0014698809303679027,0.0014698809303677017
B,4,1149,6,2,0.00059135722381799868,0.0005913572238181071,0.00059135722381799868,0.0010331512272031141,0.0010331512272032583,0.0010331512272031141
B,4,1150,6,2,6.2733005819562426e-05,6.2733005819562426e-05,6.2733005819562426e-05,0.0041515654966305503,0.0041515654966306466,0.0041515654966305495
B,4,1151,6,2,0.00075413817039564346,0.00075413817039564346,0.00075413817039564346,0.0014427447071155687,0.0014427447071157921,0.0014427447071155687
B,4,1152,6,2,0.00069287423125883631,0.00069287423125883631,0.00069287423125883631,0.00035894394677005279,0.00035894394677049189,0.00035894394677005279
B,4,1153,6,2,0.00060236889722433719,0.00060236889722433719,0.00060236889722433719,0.0010265415950973492,0.001026541595097535,0.0010265415950973494
B,4,1154,6,2,3.849116942474147e-05,3.849116942474147e-05,3.849116942474147e-05,0.0041303803017978804,0.0041303803017978804,0.0041303803017978804
B,4,1155,6,2,0.00067555212908204047,0.00067555212908214889,0.00067555212908204047,0.0005757078892128847,0.00057570788921303432,0.0005757078892128847
B,4,1156,6,2,0.00044547411098014387,0.00044547411098025229,0.00044547411098014387,0.00035146867787807959,0.00035146867787853701,0.00035146867787807964
B,4,1157,6,2,0.00077075438205821255,0.00077075438205832097,0.00077075438205821245,0.0010620551174909325,0.001062055117491009,0.0010620551174909325
B,4,1158,6,2,0.00075776474451564463,0.00075776474451607831,0.00075776474451564452,0.0044530874958863438,0.0044530874958867254,0.0044530874958863447
B,4,1159,6,2,0.00060117436490720027,0.00060117436490730869,0.00060117436490720027,0.0012899381520840093,0.001289938152084392,0.0012899381520840093
B,4,1160,6,2,0.0010626271088128199,0.0010626271088128199,0.0010626271088128199,0.0046414574328924249,0.004641457432892784,0.004641457432892424
B,4,1161,6,2,0.0011969827760217704,0.0011969827760217704,0.0011969827760217704,0.0018900591754633831,0.0018900591754639042,0.0018900591754633831
B,4,1162,6,2,0.00084074361812226401,0.00084074361812237243,0.00084074361812226401,0.0010373831461942538,0.0010373831461945608,0.0010373831461942538
B,4,1163,6,2,0.00034246872865763105,0.00034246872865784789,0.00034246872865763105,0.001305682301435978,0.001305682301436212,0.001305682301435978
B,4,1164,6,2,0.00080434819958675931,0.00080434819958708458,0.00080434819958675931,0.0018302851221786934,0.0018302851221788064,0.0018302851221786934
B,4,1165,6,2,0.0018625808562602701,0.0018625808562602701,0.0018625808562602701,0.0048813694291755041,0.0048813694291757401,0.004881369429175505
B,4,1166,6,2,0.00090980333148434241,0.00090980333148434241,0.00090980333148434241,0.0014618399968766818,0.0014618399968766818,0.0014618399968766818
B,4,1167,6,2,0.00064150296674432648,0.0006415029667444349,0.00064150296674432648,0.00044316716837834366,0.00044316716837835554,0.00044316716837834366
B,4,1168,6,2,0.0018856590878866706,0.0018856590878867791,0.0018856590878866706,0.0049499763199634559,0.0049499763199635895,0.0049499763199634559
B,4,1169,6,2,0.00091150346870783744,0.00091150346870783744,0.00091150346870783744,0.0010134221627879961,0.0010134221627883439,0.0010134221627879961
B,4,1170,6,2,0.00022535010044187447,0.00022535010044187447,0.00022535010044187447,0.0014339486505791901,0.0014339486505793178,0.0014339486505791901
B,4,1171,6,2,0.00079156638363333913,0.00079156638363398965,0.00079156638363333913,0.00041509463641574109,0.0004150946364157657,0.00041509463641574109
B,4,1172,6,2,0.00031078489781655692,0.00031078489781655692,0.00031078489781655692,0.0016837147425118309,0.001683714742512208,0.0016837147425118311
B,4,1173,6,2,0.00098171155678999401,0.00098171155678999401,0.00098171155678999401,0.0013171371514453102,0.0013171371514456075,0.0013171371514453104
B,4,1174,6,2,0.00037206189042670538,0.00037206189042724748,0.00037206189042670538,0.0019826371858533889,0.0019826371858536747,0.0019826371858533889
B,4,1175,6,2,0.00095145797290733039,0.00095145797290733039,0.00095145797290733039,0.0010305361557266849,0.0010305361557266849,0.0010305361557266849
B,4,1176,6,2,0.00014022236038079526,0.0001402223603810121,0.00014022236038079526,0.001277933463025733,0.0012779334630258125,0.0012779334630257327
B,4,1177,6,2,0.0002034601129613468,0.00020346011296167206,0.0002034601129613468,0.0013053232150640989,0.0013053232150642771,0.0013053232150640989
B,4,1178,6,2,0.00077112191138365392,0.00077112191138365392,0.00077112191138365392,0.0012829929610296774,0.0012829929610297215,0.0012829929610296774
B,4,1179,6,2,0.0010206884945985865,0.0010206884945990202,0.0010206884945985865,0.001566822916872018,0.0015668229168727514,0.001566822916872018
B,4,1180,6,2,0.00057450640739804219,0.00057450640739836745,0.00057450640739804219,0.001246502672056442,0.0012465026720564771,0.001246502672056442
B,4,1181,6,2,0.00056604076711247193,0.00056604076711279719,0.00056604076711247193,0.0017286051382851462,0.0017286051382853025,0.0017286051382851462
B,4,1182,6,2,0.00029406936973897825,0.00029406936973919509,0.00029406936973897825,0.0012348750663671749,0.001234875066367202,0.0012348750663671749
B,4,1183,6,2,0.0011516348820353071,0.0011516348820354155,0.0011516348820353071,0.0017967767110563535,0.0017967767110563754,0.0017967767110563533
B,4,1184,6,2,0.00021825542703040116,0.00021825542703040116,0.00021825542703040116,0.0014596447031142066,0.0014596447031143037,0.0014596447031142066
B,4,1185,6,2,0.00064779445123450304,0.00064779445123450304,0.00064779445123450304,0.0013821805280915451,0.0013821805280915503,0.0013821805280915451
B,4,1186,6,2,0.00023935706006366752,0.00023935706006377594,0.00023935706006366752,0.0015559606521809266,0.0015559606521811859,0.0015559606521809266
B,4,1187,6,2,0.00034457060686665653,0.00034457060686665653,0.00034457060686665653,0.0013529333720664208,0.0013529333720666047,0.001352933372066421
B,4,1188,6,2,0.0011839952446448133,0.0011839952446450301,0.0011839952446448133,0.0019265028180485994,0.0019265028180486716,0.0019265028180485994
B,4,1189,6,2,6.4072158394959562e-05,6.4072158395067982e-05,6.4072158394959562e-05,0.0013091419433643129,0.0013091419433643582,0.0013091419433643129
B,4,1190,6,2,0.0013506139829126945,0.0013506139829129113,0.0013506139829126945,0.0028950378159188451,0.0028950378159189011,0.0028950378159188451
B,4,1191,6,2,0.00068189307603108533,0.00068189307603108533,0.00068189307603108533,0.0012907847765013646,0.0012907847765015674,0.0012907847765013646
B,4,1192,6,2,0.0013027537511130748,0.0013027537511132916,0.0013027537511130748,0.0029690917325429947,0.0029690917325433139,0.0029690917325429947
B,4,1193,6,2,0.00043327921863756461,0.00043327921863756461,0.00043327921863756461,0.0013144063938066259,0.0013144063938068178,0.0013144063938066259
B,4,1194,6,2,0.00078380139412323122,0.00078380139412344806,0.00078380139412323122,0.0016840586575347172,0.0016840586575347324,0.001684058657534717
B,4,1195,6,2,0.0010010384615083238,0.0010010384615085407,0.0010010384615083238,0.001144774633897632,0.0011447746338976675,0.001144774633897632
B,4,1196,6,2,0.00083330590874472997,0.00083330590874494681,0.00083330590874472997,0.0017881275366111525,0.0017881275366113186,0.0017881275366111525
B,4,1197,6,2,0.0004686610361038894,0.0004686610361038894,0.0004686610361038894,0.001762892913508907,0.0017628929135092273,0.001762892913508907
B,4,1198,6,2,0.0002986804978293402,0.00029868049782944862,0.0002986804978293402,0.00087762570683697647,0.00087762570683706006,0.00087762570683697658
B,4,1199,6,2,3.4157104800407873e-05,3.4157104800407873e-05,3.4157104800407873e-05,0.0010677267439625296,0.0010677267439625296,0.0010677267439625296
B,4,1200,6,2,0.0010810006046484914,0.0010810006046487082,0.0010810006046484914,0.0014231719336651235,0.0014231719336652816,0.0014231719336651235
B,4,1201,6,2,0.00047175123530772845,0.00047175123530783687,0.00047175123530772845,0.00098199714190000485,0.00098199714190003802,0.00098199714190000506
B,4,1202,6,2,0.00019260836406700954,0.00019260836406700954,0.00019260836406700954,0.0012113348134414417,0.0012113348134414417,0.0012113348134414417
B,4,1203,6,2,0.00036529594328008237,0.00036529594328008237,0.00036529594328008237,0.0011529334171475505,0.0011529334171475505,0.0011529334171475505
B,4,1204,6,2,0.0012472937449269387,0.001247293744927264,0.0012472937449269387,0.0025106062076760693,0.0025106062076764041,0.0025106062076760693
B,4,1205,6,2,0.0011602349006486785,0.0011602349006486785,0.0011602349006486785,0.0031403754228410802,0.0031403754228410802,0.0031403754228410802
B,4,1206,6,2,0.00087817255374847154,0.0008781725537487968,0.00087817255374847154,0.0015403505629239911,0.001540350562924157,0.0015403505629239911
B,4,1207,6,2,0.00057239831019700697,0.00057239831019700697,0.00057239831019700697,0.0012769747137660239,0.0012769747137663552,0.0012769747137660241
B,4,1208,6,2,0.0010033423142117703,0.0010033423142119871,0.0010033423142117703,0.0033412192800939926,0.0033412192800941487,0.0033412192800939921
B,4,1209,6,2,0.0012053181945115374,0.0012053181945115374,0.0012053181945115374,0.0023629546826493516,0.0023629546826493516,0.0023629546826493516
B,4,1210,6,2,0.00043978928726930502,0.00043978928726930502,0.00043978928726930502,0.0014621715177730293,0.0014621715177732452,0.0014621715177730295
B,4,1211,6,2,0.0002869199194119711,0.00028691991941229636,0.0002869199194119711,0.0009966076349043904,0.00099660763490444634,0.0009966076349043904
B,4,1212,6,2,0.00021144086812517095,0.00021144086812560463,0.00021144086812517095,0.0013650345182022567,0.0013650345182025831,0.0013650345182022567
B,4,1213,6,2,0.00021716039587805873,0.00021716039587827557,0.00021716039587805873,0.0038260442060813983,0.0038260442060815232,0.0038260442060813983
B,4,1214,6,2,0.0011114005834622718,0.0011114005834622718,0.0011114005834622718,0.001541810174805331,0.0015418101748060184,0.0015418101748053308
B,4,1215,6,2,0.00042124984901703317,0.00042124984901714159,0.00042124984901703317,0.0011307326430125301,0.0011307326430126383,0.0011307326430125301
B,4,1216,6,2,2.5732995518300272e-05,2.5732995518300272e-05,2.5732995518300272e-05,0.004112884879734359,0.0041128848797344448,0.0041128848797343581
B,4,1217,6,2,0.00059354591804700041,0.00059354591804700041,0.00059354591804700041,0.0014062012867037746,0.001406201286703855,0.0014062012867037746
B,4,1218,6,2,0.00049109968753668735,0.00049109968753668735,0.00049109968753668735,0.0015311816201270473,0.0015311816201273132,0.0015311816201270475
B,4,1219,6,2,0.00099518760841713679,0.00099518760841724521,0.00099518760841713679,0.00092683047046161217,0.00092683047046163082,0.00092683047046161217
B,4,1220,6,2,0.00053314461367557058,0.00053314461367589584,0.00053314461367557058,0.00085242722314702105,0.00085242722314711591,0.00085242722314702105
B,4,1221,6,2,0.0021748070006320872,0.0021748070006323041,0.0021748070006320872,0.0051787313227021105,0.0051787313227021538,0.0051787313227021105
B,4,1222,6,2,0.00037247281792565645,0.00037247281792565645,0.00037247281792565645,0.00045557354658792295,0.00045557354658792295,0.00045557354658792295
B,4,1223,6,2,0.00026322581157150245,0.00026322581157182771,0.00026322581157150245,0.0011629322569393788,0.0011629322569394584,0.0011629322569393788
B,4,1224,6,2,0.00057835835732373501,0.00057835835732427711,0.00057835835732373501,0.00096333886481821487,0.00096333886481878613,0.00096333886481821476
B,4,1225,6,2,0.00049049178116864801,0.00049049178116886485,0.00049049178116864801,0.00071445192547230161,0.00071445192547231809,0.00071445192547230161
B,4,1226,6,2,0.0018576232826382488,0.0018576232826382488,0.0018576232826382488,0.0051175994834867043,0.0051175994834867051,0.0051175994834867034
B,4,1227,6,2,0.00054074675695189346,0.0005407467569521103,0.00054074675695189346,0.00050364255557321341,0.00050364255557339708,0.00050364255557321341
B,4,1228,6,2,0.00029215362169461925,0.00029215362169483609,0.00029215362169461925,0.0016301317439939319,0.001630131743993959,0.0016301317439939317
B,4,1229,6,2,4.2610529882194763e-05,4.2610529882303183e-05,4.2610529882194763e-05,0.00075476826199177784,0.00075476826199405087,0.00075476826199177784
B,4,1230,6,2,0.00059666533640603814,0.00059666533640603814,0.00059666533640603814,0.00056207752811015762,0.00056207752811091591,0.00056207752811015773
B,4,1231,6,2,0.00027783740682370446,0.00027783740682370446,0.00027783740682370446,0.0015540190978595863,0.0015540190978595863,0.0015540190978595863
B,4,1232,6,2,0.00063206820853601783,0.00063206820853645151,0.00063206820853601783,0.0010274453411800314,0.0010274453411804065,0.0010274453411800316
B,4,1233,6,2,0.00048816596408729398,0.0004881659640874024,0.00048816596408729398,0.000813130047275157,0.00081313004727552823,0.000813130047275157
B,4,1234,6,2,0.001672631649736727,0.001672631649736727,0.001672631649736727,0.0050267898303314254,0.0050267898303314254,0.0050267898303314254
B,4,1235,6,2,0.00041291873609521253,0.00041291873609542937,0.00041291873609521253,0.00079515853401271471,0.00079515853401307954,0.00079515853401271471
B,4,1236,6,2,0.00026620293705655051,0.0002662029370569842,0.00026620293705655051,0.0010690088072704967,0.0010690088072705993,0.001069008807270497
B,4,1237,6,2,0.00051973432383355112,0.00051973432383376796,0.00051973432383355112,0.00081232011501808983,0.00081232011501812279,0.00081232011501808983
B,4,1238,6,2,0.0018268660015548829,0.0018268660015548829,0.0018268660015548829,0.0049546332869212254,0.0049546332869212254,0.0049546332869212254
B,4,1239,6,2,0.00056511213490173864,0.00056511213490173864,0.00056511213490173864,0.00095352599502694603,0.00095352599502738036,0.00095352599502694613
B,4,1240,6,2,0.00052596986281996418,0.00052596986282018102,0.00052596986281996418,0.00098875930674154761,0.00098875930674191081,0.00098875930674154782
B,4,1241,6,2,0.0001171017438920648,0.00011710174389217322,0.0001171017438920648,0.00068532762671590216,0.0006853276267166443,0.00068532762671590216
B,4,1242,6,2,0.00017689477660790247,0.0001768947766080109,0.0001768947766079025,0.0045405420743138023,0.0045405420743140244,0.0045405420743138023
B,4,1243,6,2,0.00051571030290999999,0.00051571030291065051,0.00051571030290999999,0.0010751113830810494,0.001075111383081307,0.0010751113830810494
B,4,1244,6,2,2.7538212865651016e-06,2.7538212866735218e-06,2.7538212865651016e-06,0.0041882861710757883,0.0041882861710758768,0.0041882861710757883
B,4,1245,6,2,0.00015589221238432403,0.00015589221238443245,0.00015589221238432403,0.0011176297913693903,0.0011176297913694615,0.0011176297913693906
B,4,1246,6,2,0.001145337756348311,0.0011453377563484194,0.001145337756348311,0.0015499345410614315,0.0015499345410617895,0.0015499345410614315
B,4,1247,6,2,0.00017413598101326255,0.00017413598101326255,0.00017413598101326255,0.0011478242930159028,0.0011478242930159387,0.0011478242930159028
B,4,1248,6,2,0.00047276345284071909,0.00047276345284071909,0.00047276345284071909,0.001145547624176742,0.001145547624176742,0.001145547624176742
B,4,1249,6,2,0.00081474809018574137,0.00081474809018595822,0.00081474809018574137,0.0036181936495746931,0.0036181936495754069,0.0036181936495746931
B,4,1250,6,2,0.00054852593709753868,0.0005485259370976471,0.00054852593709753868,0.0011474554838643099,0.0011474554838646722,0.0011474554838643099
B,4,1251,6,2,0.0013187586789697352,0.0013187586789698436,0.0013187586789697352,0.0022928899851239657,0.0022928899851239934,0.0022928899851239657
B,4,1252,6,2,0.0010570547740704249,0.0010570547740705333,0.0010570547740704249,0.0033583472051054849,0.0033583472051057421,0.0033583472051054849
B,4,1253,6,2,0.00089120849778516042,0.00089120849778548568,0.00089120849778516042,0.0014291057871519157,0.0014291057871524851,0.0014291057871519157
B,4,1254,6,2,0.00028585645406667155,0.00028585645406677997,0.00028585645406667155,0.0011465265453925245,0.0011465265453928098,0.0011465265453925245
B,4,1255,6,2,0.0011956089024129247,0.0011956089024129247,0.0011956089024129247,0.002380874279725879,0.002380874279725879,0.002380874279725879
B,4,1256,6,2,7.5455396783205564e-05,7.5455396783422404e-05,7.5455396783205564e-05,0.0015101504953974154,0.0015101504953975091,0.0015101504953974152
B,4,1257,6,2,0.00052228089455715922,0.00052228089455715922,0.00052228089455715922,0.001004938723169532,0.001004938723169532,0.001004938723169532
B,4,1258,6,2,5.0822974004402152e-05,5.0822974004402152e-05,5.0822974004402152e-05,0.001259870803446886,0.0012598708034469823,0.0012598708034468862
B,4,1259,6,2,0.00110370705724166,0.00110370705724166,0.00110370705724166,0.0014272663299617402,0.0014272663299617623,0.0014272663299617402
B,4,1260,6,2,0.00014558207702829347,0.00014558207702851031,0.00014558207702829347,0.001039852200257536,0.0010398522002580393,0.001039852200257536
B,4,1261,6,2,0.00037503935694028264,0.0003750393569406079,0.00037503935694028264,0.0014249724460881281,0.0014249724460882296,0.0014249724460881281
B,4,1262,6,2,0.00064453543666955979,0.00064453543667021031,0.00064453543666955979,0.0014313153557033225,0.0014313153557036363,0.0014313153557033223
B,4,1263,6,2,0.0010101802496520831,0.0010101802496520831,0.0010101802496520831,0.00096859429118848839,0.00096859429118858109,0.00096859429118848839
B,4,1264,6,2,0.00043210026858171192,0.00043210026858192876,0.00043210026858171192,0.001594921629743042,0.0015949216297433452,0.001594921629743042
B,4,1265,6,2,0.00057565655585259997,0.00057565655585270839,0.00057565655585259997,0.0020505952672949341,0.0020505952672951661,0.0020505952672949341
B,4,1266,6,2,0.00082148860162782351,0.00082148860162814877,0.00082148860162782351,0.0016883264806127618,0.0016883264806132226,0.0016883264806127618
B,4,1267,6,2,0.00087030840304055598,0.0008703084030412065,0.00087030840304055598,0.0012386295329938359,0.0012386295329940504,0.0012386295329938359
B,4,1268,6,2,0.00083650055397385681,0.00083650055397472417,0.00083650055397385681,0.0023669711784849862,0.0023669711784854801,0.0023669711784849866
B,4,1269,6,2,0.00074381803332292714,0.00074381803332303556,0.00074381803332292714,0.0015064110677608762,0.0015064110677608816,0.0015064110677608762
B,4,1270,6,2,0.00066246539485493878,0.0006624653948550472,0.00066246539485493878,0.0022812078046304382,0.002281207804631041,0.0022812078046304382
B,4,1271,6,2,0.00033991799592875561,0.00033991799592908087,0.00033991799592875561,0.001525217513032576,0.0015252175130327193,0.001525217513032576
B,4,1272,6,2,0.00083673123907985689,0.00083673123907985689,0.00083673123907985689,0.0011151900610095987,0.0011151900610099617,0.0011151900610095987
B,4,1273,6,2,0.00092815190893017971,0.00092815190893017971,0.00092815190893017971,0.0025117522542269901,0.0025117522542272477,0.0025117522542269901
B,4,1274,6,2,0.00068778115034685578,0.0006877811503469642,0.00068778115034685578,0.00045633036017654616,0.00045633036017670299,0.0004563303601765461
B,4,1275,6,2,0.00061644858287326215,0.00061644858287369583,0.00061644858287326215,0.0016062800404858055,0.0016062800404859786,0.0016062800404858055
B,4,1276,6,2,0.00060145624407488552,0.00060145624407488552,0.00060145624407488552,0.00018314677480505358,0.00018314677480514905,0.00018314677480505356
B,4,1277,6,2,0.0007095615419670017,0.00070956154196721855,0.0007095615419670017,0.0017014063832706885,0.0017014063832708451,0.0017014063832706885
B,4,1278,6,2,0.00089779496697780029,0.00089779496697780029,0.00089779496697780029,0.0010164828257053587,0.001016482825705376,0.0010164828257053587
B,4,1279,6,2,0.0010192145835621804,0.0010192145835623972,0.0010192145835621804,0.0019238889142391539,0.0019238889142393343,0.0019238889142391539
B,4,1280,6,2,0.00055519789288270126,0.00055519789288302653,0.00055519789288270126,0.0015518340651992247,0.0015518340651995278,0.0015518340651992247
B,4,1281,6,2,0.00057381587784870267,0.00057381587784902793,0.00057381587784870267,0.0014526503866124905,0.0014526503866133468,0.0014526503866124905
