run,source_level,time_step,step,time,registered_surface_energy,delta_psi,viscous_dissipation,delta_psi_plus_d_zeta,positive_delta_psi_plus_d_zeta,cumulative_positive_delta_psi_plus_d_zeta
C,1,0.0001,0,0,0.2330212616885757,0,0,0,0,0
C,1,0.0001,1,0.0001,0.2330210745245864,-1.8716398930695988e-07,1.8716402798289731e-07,3.8675937432542038e-14,3.8675937432542038e-14,3.8675937432542038e-14
C,1,0.0001,2,0.00020000000000000001,0.23302088736060111,-1.8716398528240141e-07,1.8716402381576486e-07,3.8533363443961875e-14,3.8533363443961875e-14,7.7209300876503913e-14
C,1,0.0001,3,0.00030000000000000003,0.23302070019662008,-1.8716398103579834e-07,1.8716401964865197e-07,3.8612853621473869e-14,3.8612853621473869e-14,1.1582215449797778e-13
C,1,0.0001,4,0.00040000000000000002,0.23302051303264334,-1.8716397673368412e-07,1.8716401548155861e-07,3.8747874484914468e-14,3.8747874484914468e-14,1.5457002898289225e-13
C,1,0.0001,5,0.00050000000000000001,0.23302032586867072,-1.8716397262585893e-07,1.8716401131448481e-07,3.8688625880212789e-14,3.8688625880212789e-14,1.9325865486310504e-13
C,1,0.0001,6,0.00060000000000000006,0.23302013870470223,-1.8716396849027817e-07,1.871640071474306e-07,3.8657152438763645e-14,3.8657152438763645e-14,2.3191580730186868e-13
C,1,0.0001,7,0.00069999999999999999,0.23301995154073787,-1.871639643546974e-07,1.871640029803958e-07,3.8625698399662948e-14,3.8625698399662948e-14,2.7054150570153163e-13
C,1,0.0001,8,0.00080000000000000004,0.23301976437677771,-1.8716396016360548e-07,1.8716399881338066e-07,3.8649775178839754e-14,3.8649775178839754e-14,3.0919128088037139e-13
C,1,0.0001,9,0.00090000000000000008,0.23301957721282182,-1.8716395588924684e-07,1.8716399464638498e-07,3.8757138140151453e-14,3.8757138140151453e-14,3.4794841902052284e-13
C,1,0.0001,10,0.001,0.23301939004886996,-1.8716395186468837e-07,1.871639904794088e-07,3.8614720429150059e-14,3.8614720429150059e-14,3.865631394496729e-13
C,1,0.0001,11,0.0011000000000000001,0.23301920288492234,-1.871639476180853e-07,1.8716398631245224e-07,3.8694366937180381e-14,3.8694366937180381e-14,4.2525750638685328e-13
C,1,0.0001,12,0.0012000000000000001,0.23301901572097891,-1.8716394342699338e-07,1.8716398214551519e-07,3.8718521802207011e-14,3.8718521802207011e-14,4.6397602818906029e-13
C,1,0.0001,13,0.0013000000000000002,0.23301882855703945,-1.8716393945794607e-07,1.8716397797859764e-07,3.8520651570536177e-14,3.8520651570536177e-14,5.0249667975959647e-13
C,1,0.0001,14,0.0014,0.23301864139310433,-1.8716393512807628e-07,1.8716397381169966e-07,3.8683623383035644e-14,3.8683623383035644e-14,5.4118030314263211e-13
C,1,0.0001,15,0.0015,0.23301845422917339,-1.8716393093698436e-07,1.8716396964482126e-07,3.8707836905093872e-14,3.8707836905093872e-14,5.7988814004772598e-13
C,1,0.0001,16,0.0016000000000000001,0.23301826706524645,-1.8716392694018147e-07,1.8716396547796232e-07,3.8537780853130704e-14,3.8537780853130704e-14,6.1842592090085669e-13
C,1,0.0001,17,0.0017000000000000001,0.23301807990132381,-1.8716392263806725e-07,1.8716396131112289e-07,3.8673055641167022e-14,3.8673055641167022e-14,6.5709897654202371e-13
C,1,0.0001,18,0.0018000000000000002,0.23301789273740547,-1.8716391833595303e-07,1.8716395714430299e-07,3.8808349963900685e-14,3.8808349963900685e-14,6.9590732650592439e-13
C,1,0.0001,19,0.0019,0.23301770557349127,-1.8716391420037226e-07,1.8716395297750268e-07,3.877713042057748e-14,3.877713042057748e-14,7.3468445692650187e-13
C,1,0.0001,20,0.002,0.23301751840958101,-1.8716391025908052e-07,1.8716394881072193e-07,3.8551641409111998e-14,3.8551641409111998e-14,7.7323609833561387e-13
C,1,0.0001,21,0.0021000000000000003,0.23301733124567495,-1.8716390606798861e-07,1.8716394464396056e-07,3.8575971954065845e-14,3.8575971954065845e-14,8.1181207028967972e-13
C,1,0.0001,22,0.0022000000000000001,0.23301714408177318,-1.8716390176587439e-07,1.8716394047721891e-07,3.8711344521468011e-14,3.8711344521468011e-14,8.5052341481114773e-13
C,1,0.0001,23,0.0023,0.23301695691787555,-1.8716389763029362e-07,1.8716393631049679e-07,3.8680203169873749e-14,3.8680203169873749e-14,8.8920361798102148e-13
C,1,0.0001,24,0.0024000000000000002,0.23301676975398206,-1.8716389349471285e-07,1.871639321437941e-07,3.8649081247097716e-14,3.8649081247097716e-14,9.2785269922811919e-13
C,1,0.0001,25,0.0025000000000000001,0.23301658259009272,-1.8716388933137651e-07,1.8716392797711094e-07,3.8645734434634657e-14,3.8645734434634657e-14,9.6649843366275385e-13
C,1,0.0001,26,0.0026000000000000003,0.23301639542620764,-1.8716388508477344e-07,1.871639238104474e-07,3.8725673963125169e-14,3.8725673963125169e-14,1.005224107625879e-12
C,1,0.0001,27,0.0027000000000000001,0.23301620826232658,-1.8716388106021498e-07,1.8716391964380337e-07,3.8583588394918217e-14,3.8583588394918217e-14,1.0438076960207972e-12
C,1,0.0001,28,0.0028,0.23301602109844979,-1.8716387678585633e-07,1.8716391547717885e-07,3.8691322515479491e-14,3.8691322515479491e-14,1.0824990185362767e-12
C,1,0.0001,29,0.0029000000000000002,0.23301583393457709,-1.8716387270578672e-07,1.8716391131057383e-07,3.860478711495893e-14,3.860478711495893e-14,1.1211038056512357e-12
C,1,0.0001,30,0.0030000000000000001,0.23301564677070871,-1.8716386837591692e-07,1.8716390714398838e-07,3.8768071456146154e-14,3.8768071456146154e-14,1.1598718771073818e-12
C,1,0.0001,31,0.0031000000000000003,0.23301545960684439,-1.8716386432360288e-07,1.8716390297742243e-07,3.8653819549404656e-14,3.8653819549404656e-14,1.1985256966567865e-12
C,1,0.0001,32,0.0032000000000000002,0.23301527244298428,-1.8716386010475539e-07,1.8716389881087607e-07,3.8706120683993837e-14,3.8706120683993837e-14,1.2372318173407803e-12
C,1,0.0001,33,0.0033,0.23301508527912826,-1.8716385602468577e-07,1.8716389464434922e-07,3.8619663448732439e-14,3.8619663448732439e-14,1.2758514807895127e-12
C,1,0.0001,34,0.0034000000000000002,0.23301489811527634,-1.8716385191686058e-07,1.8716389047784185e-07,3.8560981270844457e-14,3.8560981270844457e-14,1.3144124620603572e-12
C,1,0.0001,35,0.0035000000000000001,0.2330147109514287,-1.8716384764250193e-07,1.871638863113541e-07,3.8668852160756933e-14,3.8668852160756933e-14,1.3530813142211141e-12
C,1,0.0001,36,0.0036000000000000003,0.23301452378758533,-1.8716384336814329e-07,1.8716388214488582e-07,3.8776742532427197e-14,3.8776742532427197e-14,1.3918580567535413e-12
C,1,0.0001,37,0.0037000000000000002,0.23301433662374596,-1.871638393713404e-07,1.8716387797843708e-07,3.8607096682638517e-14,3.8607096682638517e-14,1.4304651534361798e-12
C,1,0.0001,38,0.0038,0.23301414945991078,-1.8716383518024848e-07,1.8716387381200785e-07,3.8631759370386806e-14,3.8631759370386806e-14,1.4690969128065667e-12
C,1,0.0001,39,0.0039000000000000003,0.23301396229607987,-1.8716383090588984e-07,1.8716386964559824e-07,3.8739708399088666e-14,3.8739708399088666e-14,1.5078366212056553e-12
C,1,0.0001,40,0.0040000000000000001,0.23301377513225291,-1.871638269645981e-07,1.871638654792081e-07,3.8514610002160767e-14,3.8514610002160767e-14,1.5463512312078161e-12
C,1,0.0001,41,0.0041000000000000003,0.23301358796843041,-1.8716382249595043e-07,1.871638613128375e-07,3.8816887076627163e-14,3.8816887076627163e-14,1.5851681182844432e-12
C,1,0.0001,42,0.0042000000000000006,0.23301340080461191,-1.8716381849914754e-07,1.8716385714648647e-07,3.8647338926794993e-14,3.8647338926794993e-14,1.6238154572112382e-12
C,1,0.0001,43,0.0043,0.23301321364079758,-1.871638143358112e-07,1.8716385298015488e-07,3.8644343685944604e-14,3.8644343685944604e-14,1.6624598008971828e-12
C,1,0.0001,44,0.0044000000000000003,0.2330130264769876,-1.8716380997818582e-07,1.8716384881384291e-07,3.8835657088510302e-14,3.8835657088510302e-14,1.7012954579856931e-12
C,1,0.0001,45,0.0045000000000000005,0.23301283931318145,-1.8716380614791639e-07,1.8716384464755043e-07,3.8499634036136837e-14,3.8499634036136837e-14,1.73979509202183e-12
C,1,0.0001,46,0.0045999999999999999,0.23301265214937952,-1.871638019290689e-07,1.871638404812775e-07,3.8552208603549303e-14,3.8552208603549303e-14,1.7783473006253793e-12
C,1,0.0001,47,0.0047000000000000002,0.23301246498558198,-1.8716379754368795e-07,1.8716383631502408e-07,3.8771336132883109e-14,3.8771336132883109e-14,1.8171186367582624e-12
C,1,0.0001,48,0.0048000000000000004,0.2330122778217886,-1.8716379338035161e-07,1.8716383214879017e-07,3.876843856551945e-14,3.876843856551945e-14,1.8558870753237818e-12
C,1,0.0001,49,0.0048999999999999998,0.23301209065799933,-1.8716378927252642e-07,1.8716382798257577e-07,3.87100493551521e-14,3.87100493551521e-14,1.8945971246789339e-12
C,1,0.0001,50,0.0050000000000000001,0.23301190349421405,-1.8716378527572353e-07,1.8716382381638112e-07,3.8540657588777817e-14,3.8540657588777817e-14,1.9331377822677118e-12
C,1,0.0001,51,0.0051000000000000004,0.23301171633043305,-1.8716378100136488e-07,1.8716381965020573e-07,3.8648840848559373e-14,3.8648840848559373e-14,1.9717866231162711e-12
C,1,0.0001,52,0.0052000000000000006,0.23301152916665621,-1.8716377683802854e-07,1.8716381548405001e-07,3.8646021472924657e-14,3.8646021472924657e-14,2.0104326445891958e-12
C,1,0.0001,53,0.0053,0.23301134200288356,-1.8716377264693662e-07,1.871638113179138e-07,3.8670977181133137e-14,3.8670977181133137e-14,2.0491036217703289e-12
C,1,0.0001,54,0.0054000000000000003,0.23301115483911519,-1.8716376837257798e-07,1.8716380715179713e-07,3.877921915088585e-14,3.877921915088585e-14,2.0878828409212148e-12
C,1,0.0001,55,0.0055000000000000005,0.23301096767535087,-1.8716376432026394e-07,1.8716380298569999e-07,3.8665436050410877e-14,3.8665436050410877e-14,2.1265482769716257e-12
C,1,0.0001,56,0.0055999999999999999,0.23301078051159063,-1.8716376024019432e-07,1.8716379881962228e-07,3.8579427954369761e-14,3.8579427954369761e-14,2.1651277049259954e-12
C,1,0.0001,57,0.0057000000000000002,0.23301059334783464,-1.8716375599359125e-07,1.8716379465356423e-07,3.8659972979068663e-14,3.8659972979068663e-14,2.2037876779050641e-12
C,1,0.0001,58,0.0058000000000000005,0.23301040618408272,-1.8716375191352164e-07,1.8716379048752567e-07,3.8574004031831577e-14,3.8574004031831577e-14,2.2423616819368957e-12
C,1,0.0001,59,0.0058999999999999999,0.2330102190203352,-1.8716374752814069e-07,1.8716378632150667e-07,3.8793365977533536e-14,3.8793365977533536e-14,2.2811550479144292e-12
C,1,0.0001,60,0.0060000000000000001,0.23301003185659169,-1.8716374350358223e-07,1.8716378215550717e-07,3.8651924948459885e-14,3.8651924948459885e-14,2.3198069728628891e-12
C,1,0.0001,61,0.0061000000000000004,0.23300984469285241,-1.8716373928473473e-07,1.8716377798952711e-07,3.8704792377513864e-14,3.8704792377513864e-14,2.3585117652404029e-12
C,1,0.0001,62,0.0062000000000000006,0.23300965752911723,-1.8716373517690954e-07,1.8716377382356671e-07,3.8646657171151572e-14,3.8646657171151572e-14,2.3971584224115545e-12
C,1,0.0001,63,0.0063,0.23300947036538616,-1.8716373106908435e-07,1.8716376965762585e-07,3.8588541499486625e-14,3.8588541499486625e-14,2.4357469639110411e-12
C,1,0.0001,64,0.0064000000000000003,0.23300928320165931,-1.8716372685023686e-07,1.8716376549170444e-07,3.8641467585572202e-14,3.8641467585572202e-14,2.4743884314966133e-12
C,1,0.0001,65,0.0065000000000000006,0.23300909603793668,-1.8716372263138936e-07,1.8716376132580265e-07,3.8694413285764463e-14,3.8694413285764463e-14,2.5130828447823778e-12
C,1,0.0001,66,0.0066,0.23300890887421821,-1.8716371846805302e-07,1.8716375715992026e-07,3.8691867237073915e-14,3.8691867237073915e-14,2.5517747120194517e-12
C,1,0.0001,67,0.0067000000000000002,0.23300872171050394,-1.871637142769611e-07,1.8716375299405748e-07,3.871709637810568e-14,3.871709637810568e-14,2.5904918083975574e-12
C,1,0.0001,68,0.0068000000000000005,0.23300853454679382,-1.8716371011362476e-07,1.8716374882821421e-07,3.8714589451749383e-14,3.8714589451749383e-14,2.6292063978493068e-12
C,1,0.0001,69,0.0069000000000000008,0.2330083473830877,-1.8716370611682187e-07,1.8716374466239045e-07,3.8545568579926879e-14,3.8545568579926879e-14,2.6677519664292337e-12
C,1,0.0001,70,0.0070000000000000001,0.23300816021938595,-1.871637017591965e-07,1.8716374049658636e-07,3.8737389858153795e-14,3.8737389858153795e-14,2.7064893562873875e-12
C,1,0.0001,71,0.0071000000000000004,0.23300797305568821,-1.8716369773463803e-07,1.8716373633080172e-07,3.8596163684281171e-14,3.8596163684281171e-14,2.7450855199716686e-12
C,1,0.0001,72,0.0072000000000000007,0.23300778589199472,-1.8716369348803497e-07,1.8716373216503648e-07,3.8677001517682026e-14,3.8677001517682026e-14,2.7837625214893507e-12
C,1,0.0001,73,0.0073000000000000001,0.23300759872830537,-1.871636893524542e-07,1.8716372799929094e-07,3.864683674213639e-14,3.864683674213639e-14,2.822409358231487e-12
C,1,0.0001,74,0.0074000000000000003,0.23300741156462021,-1.8716368516136228e-07,1.8716372383356485e-07,3.8672202573110018e-14,3.8672202573110018e-14,2.8610815608045971e-12
C,1,0.0001,75,0.0075000000000000006,0.23300722440093921,-1.8716368099802594e-07,1.8716371966785825e-07,3.8669832310225805e-14,3.8669832310225805e-14,2.8997513931148229e-12
C,1,0.0001,76,0.0076,0.23300703723726249,-1.8716367672366729e-07,1.8716371550217123e-07,3.8778503937441012e-14,3.8778503937441012e-14,2.9385298970522639e-12
C,1,0.0001,77,0.0077000000000000002,0.23300685007358968,-1.8716367281013113e-07,1.8716371133650375e-07,3.8526372616350389e-14,3.8526372616350389e-14,2.9770562696686143e-12
C,1,0.0001,78,0.0078000000000000005,0.23300666290992125,-1.8716366842475018e-07,1.871637071708558e-07,3.8746105615422805e-14,3.8746105615422805e-14,3.0158023752840371e-12
C,1,0.0001,79,0.0079000000000000008,0.23300647574625682,-1.871636644279473e-07,1.8716370300522736e-07,3.8577280064103981e-14,3.8577280064103981e-14,3.0543796553481411e-12
C,1,0.0001,80,0.0080000000000000002,0.23300628858259681,-1.8716366001481077e-07,1.8716369883961851e-07,3.8824807734656497e-14,3.8824807734656497e-14,3.0932044630827976e-12
C,1,0.0001,81,0.0080999999999999996,0.23300610141894068,-1.8716365612903019e-07,1.8716369467402911e-07,3.8544998923800071e-14,3.8544998923800071e-14,3.1317494620065976e-12
C,1,0.0001,82,0.0082000000000000007,0.23300591425528897,-1.8716365171589366e-07,1.8716369050845925e-07,3.879256558433794e-14,3.879256558433794e-14,3.1705420275909356e-12
C,1,0.0001,83,0.0083000000000000001,0.23300572709164116,-1.871636478023575e-07,1.8716368634290905e-07,3.8540551550840732e-14,3.8540551550840732e-14,3.2090825791417763e-12
C,1,0.0001,84,0.0084000000000000012,0.23300553992799763,-1.8716364352799886e-07,1.8716368217737815e-07,3.8649379296816031e-14,3.8649379296816031e-14,3.2477319584385923e-12
C,1,0.0001,85,0.0085000000000000006,0.2330053527643583,-1.8716363933690694e-07,1.8716367801186698e-07,3.8674960035930245e-14,3.8674960035930245e-14,3.2864069184745226e-12
C,1,0.0001,86,0.0086,0.2330051656007231,-1.8716363520132617e-07,1.871636738463752e-07,3.864504902616165e-14,3.864504902616165e-14,3.3250519675006842e-12
C,1,0.0001,87,0.0087000000000000011,0.23300497843709206,-1.8716363103798983e-07,1.8716366968090304e-07,3.8642913206115369e-14,3.8642913206115369e-14,3.3636948807067996e-12
C,1,0.0001,88,0.0088000000000000005,0.23300479127346524,-1.8716362681914234e-07,1.871636655154503e-07,3.8696307966118573e-14,3.8696307966118573e-14,3.4023911886729182e-12
C,1,0.0001,89,0.0088999999999999999,0.23300460410984261,-1.8716362262805042e-07,1.8716366135001732e-07,3.8721966896961731e-14,3.8721966896961731e-14,3.4411131555698799e-12
C,1,0.0001,90,0.0090000000000000011,0.23300441694622406,-1.871636185479808e-07,1.8716365718460357e-07,3.8636622768872144e-14,3.8636622768872144e-14,3.479749778338752e-12
C,1,0.0001,91,0.0091000000000000004,0.23300422978260979,-1.8716361427362216e-07,1.8716365301920955e-07,3.8745587390077763e-14,3.8745587390077763e-14,3.5184953657288298e-12
C,1,0.0001,92,0.0091999999999999998,0.23300404261899949,-1.8716361030457485e-07,1.8716364885383493e-07,3.8549260081859911e-14,3.8549260081859911e-14,3.5570446258106897e-12
C,1,0.0001,93,0.009300000000000001,0.23300385545539357,-1.871636059191939e-07,1.8716364468847995e-07,3.8769286048452958e-14,3.8769286048452958e-14,3.5958139118591427e-12
C,1,0.0001,94,0.0094000000000000004,0.23300366829179162,-1.8716360195014659e-07,1.8716364052314447e-07,3.8572997889039137e-14,3.8572997889039137e-14,3.6343869097481818e-12
C,1,0.0001,95,0.0094999999999999998,0.23300348112819394,-1.8716359767578794e-07,1.8716363635782848e-07,3.8682040543155022e-14,3.8682040543155022e-14,3.6730689502913368e-12
C,1,0.0001,96,0.0096000000000000009,0.2330032939646004,-1.8716359354020717e-07,1.8716363219253205e-07,3.8652324880359887e-14,3.8652324880359887e-14,3.7117212751716967e-12
C,1,0.0001,97,0.0097000000000000003,0.23300310680101105,-1.8716358934911526e-07,1.8716362802725513e-07,3.8678139877023577e-14,3.8678139877023577e-14,3.7503994150487203e-12
C,1,0.0001,98,0.0097999999999999997,0.23300291963742581,-1.8716358524129006e-07,1.8716362386199775e-07,3.8620707681537726e-14,3.8620707681537726e-14,3.789020122730258e-12
C,1,0.0001,99,0.0099000000000000008,0.23300273247384484,-1.8716358096693142e-07,1.8716361969675989e-07,3.8729828474442994e-14,3.8729828474442994e-14,3.827749951204701e-12
C,1,0.0001,100,0.01,0.23300254531026798,-1.8716357685910623e-07,1.8716361553154155e-07,3.8672435321882056e-14,3.8672435321882056e-14,3.8664223865265831e-12
C,1,0.0001,101,0.010100000000000001,0.23300235814669529,-1.8716357269576989e-07,1.8716361136634277e-07,3.8670572881719501e-14,3.8670572881719501e-14,3.9050929594083026e-12
C,1,0.0001,102,0.010200000000000001,0.2330021709831267,-1.871635685879447e-07,1.8716360720116352e-07,3.8613218825023034e-14,3.8613218825023034e-14,3.9437061782333256e-12
C,1,0.0001,103,0.0103,0.23300198381956225,-1.8716356445236393e-07,1.8716360303600373e-07,3.8583639799230203e-14,3.8583639799230203e-14,3.9822898180325558e-12
C,1,0.0001,104,0.010400000000000001,0.23300179665600212,-1.8716356012249413e-07,1.8716359887086358e-07,3.874836944332324e-14,3.874836944332324e-14,4.021038187475879e-12
C,1,0.0001,105,0.010500000000000001,0.233001609492446,-1.8716355612569124e-07,1.8716359470574283e-07,3.8580051582377177e-14,3.8580051582377177e-14,4.0596182390582562e-12
C,1,0.0001,106,0.0106,0.2330014223288942,-1.8716355179582145e-07,1.8716359054064166e-07,3.8744820216455567e-14,3.8744820216455567e-14,4.0983630592747118e-12
C,1,0.0001,107,0.010700000000000001,0.23300123516534654,-1.8716354766024068e-07,1.8716358637556004e-07,3.87153193559219e-14,3.87153193559219e-14,4.1370783786306337e-12
C,1,0.0001,108,0.010800000000000001,0.23300104800180305,-1.8716354349690434e-07,1.8716358221049797e-07,3.8713593632170988e-14,3.8713593632170988e-14,4.1757919722628047e-12
C,1,0.0001,109,0.0109,0.23300086083826346,-1.8716353958336818e-07,1.8716357804545533e-07,3.8462087156697643e-14,3.8462087156697643e-14,4.2142540594195023e-12
C,1,0.0001,110,0.011000000000000001,0.23300067367472835,-1.871635351147205e-07,1.8716357388043228e-07,3.8765711781173781e-14,3.8765711781173781e-14,4.2530197712006761e-12
C,1,0.0001,111,0.0111,0.2330004865111974,-1.8716353095138416e-07,1.8716356971542882e-07,3.8764044661514907e-14,3.8764044661514907e-14,4.291783815862191e-12
C,1,0.0001,112,0.0112,0.23300029934767044,-1.8716352695458127e-07,1.8716356555044484e-07,3.8595863569920047e-14,3.8595863569920047e-14,4.3303796794321111e-12
C,1,0.0001,113,0.011300000000000001,0.23300011218414771,-1.8716352273573378e-07,1.8716356138548037e-07,3.8649746591477784e-14,3.8649746591477784e-14,4.3690294260235888e-12
C,1,0.0001,114,0.0114,0.23299992502062908,-1.8716351862790859e-07,1.8716355722053541e-07,3.8592626818800572e-14,3.8592626818800572e-14,4.4076220528423894e-12
C,1,0.0001,115,0.0115,0.23299973785711486,-1.8716351421477206e-07,1.8716355305561e-07,3.8840837939062403e-14,3.8840837939062403e-14,4.4464628907814518e-12
C,1,0.0001,116,0.011600000000000001,0.23299955069360465,-1.8716351021796918e-07,1.8716354889070408e-07,3.8672734906847588e-14,3.8672734906847588e-14,4.4851356256882994e-12
C,1,0.0001,117,0.0117,0.23299936353009856,-1.8716350608238841e-07,1.8716354472581778e-07,3.8643429366817602e-14,3.8643429366817602e-14,4.523779055055117e-12
C,1,0.0001,118,0.0118,0.23299917636659664,-1.8716350191905207e-07,1.8716354056095082e-07,3.8641898751812134e-14,3.8641898751812134e-14,4.5624209538069291e-12
C,1,0.0001,119,0.011900000000000001,0.23299898920309886,-1.871634977834713e-07,1.8716353639610358e-07,3.861263228117684e-14,3.861263228117684e-14,4.601033586088106e-12
C,1,0.0001,120,0.012,0.2329988020396053,-1.8716349356462381e-07,1.8716353223127572e-07,3.8666651913267101e-14,3.8666651913267101e-14,4.6397002380013731e-12
C,1,0.0001,121,0.012100000000000001,0.23299861487611587,-1.8716348942904304e-07,1.8716352806646753e-07,3.863742448555672e-14,3.863742448555672e-14,4.6783376624869298e-12
C,1,0.0001,122,0.012200000000000001,0.23299842771263068,-1.8716348518243997e-07,1.8716352390167876e-07,3.8719238789127082e-14,3.8719238789127082e-14,4.7170569012760569e-12
C,1,0.0001,123,0.0123,0.23299824054914972,-1.8716348096359248e-07,1.8716351973690956e-07,3.8773317078248941e-14,3.8773317078248941e-14,4.7558302183543058e-12
C,1,0.0001,124,0.012400000000000001,0.23299805338567275,-1.8716347696678959e-07,1.8716351557215986e-07,3.8605370270673335e-14,3.8605370270673335e-14,4.7944355886249792e-12
C,1,0.0001,125,0.012500000000000001,0.23299786622220006,-1.8716347269243094e-07,1.8716351140742975e-07,3.8714998806890923e-14,3.8714998806890923e-14,4.8331505874318701e-12
C,1,0.0001,126,0.0126,0.23299767905873137,-1.8716346869562805e-07,1.8716350724271912e-07,3.8547091068710009e-14,3.8547091068710009e-14,4.8716976785005801e-12
C,1,0.0001,127,0.012700000000000001,0.232997491895267,-1.8716346436575826e-07,1.8716350307802803e-07,3.8712269772613988e-14,3.8712269772613988e-14,4.9104099482731941e-12
C,1,0.0001,128,0.012800000000000001,0.23299730473180671,-1.8716346028568864e-07,1.8716349891335642e-07,3.8627667777735094e-14,3.8627667777735094e-14,4.9490376160509292e-12
C,1,0.0001,129,0.0129,0.23299711756835059,-1.871634561223523e-07,1.8716349474870432e-07,3.8626352017930653e-14,3.8626352017930653e-14,4.9876639680688598e-12
C,1,0.0001,130,0.013000000000000001,0.23299693040489877,-1.8716345182023808e-07,1.871634905840718e-07,3.8763833723841261e-14,3.8763833723841261e-14,5.0264278017927011e-12
C,1,0.0001,131,0.013100000000000001,0.23299674324145109,-1.8716344768465731e-07,1.871634864194588e-07,3.8734801484285663e-14,3.8734801484285663e-14,5.0651626032769867e-12
C,1,0.0001,132,0.0132,0.2329965560780074,-1.8716344368785442e-07,1.8716348225486533e-07,3.8567010901349266e-14,3.8567010901349266e-14,5.103729614178336e-12
C,1,0.0001,133,0.013300000000000001,0.23299636891456796,-1.8716343944125136e-07,1.8716347809029134e-07,3.8649039980711316e-14,3.8649039980711316e-14,5.1423786541590473e-12
C,1,0.0001,134,0.0134,0.23299618175113268,-1.8716343527791501e-07,1.8716347392573693e-07,3.8647821920863385e-14,3.8647821920863385e-14,5.1810264760799107e-12
C,1,0.0001,135,0.0135,0.23299599458770159,-1.871634310868231e-07,1.8716346976120212e-07,3.8674379024267988e-14,3.8674379024267988e-14,5.2197008551041787e-12
C,1,0.0001,136,0.013600000000000001,0.23299580742427467,-1.8716342692348675e-07,1.8716346559668671e-07,3.867319995440541e-14,3.867319995440541e-14,5.2583740550585841e-12
C,1,0.0001,137,0.0137,0.23299562026085202,-1.8716342264912811e-07,1.8716346143219086e-07,3.8783062748172473e-14,3.8783062748172473e-14,5.2971571178067566e-12
C,1,0.0001,138,0.013800000000000002,0.2329954330974334,-1.8716341862456964e-07,1.8716345726771454e-07,3.8643144896096223e-14,3.8643144896096223e-14,5.3358002627028528e-12
C,1,0.0001,139,0.013900000000000001,0.23299524593401896,-1.8716341443347773e-07,1.8716345310325776e-07,3.8669780032411091e-14,3.8669780032411091e-14,5.3744700427352639e-12
C,1,0.0001,140,0.014,0.23299505877060853,-1.8716341043667484e-07,1.8716344893882046e-07,3.8502145621174344e-14,3.8502145621174344e-14,5.4129721883564382e-12
C,1,0.0001,141,0.014100000000000001,0.23299487160720239,-1.8716340613456062e-07,1.8716344477440275e-07,3.8639842129346421e-14,3.8639842129346421e-14,5.4516120304857847e-12
C,1,0.0001,142,0.014200000000000001,0.23299468444380053,-1.8716340186020197e-07,1.8716344061000449e-07,3.8749802517190876e-14,3.8749802517190876e-14,5.4903618330029755e-12
C,1,0.0001,143,0.0143,0.23299449728040281,-1.8716339772462121e-07,1.8716343644562585e-07,3.8721004641063871e-14,3.8721004641063871e-14,5.5290828376440394e-12
C,1,0.0001,144,0.014400000000000001,0.23299431011700913,-1.8716339367230717e-07,1.8716343228126669e-07,3.8608959519847766e-14,3.8608959519847766e-14,5.5676917971638872e-12
C,1,0.0001,145,0.014500000000000001,0.23299412295361965,-1.8716338948121525e-07,1.8716342811692693e-07,3.8635711679058254e-14,3.8635711679058254e-14,5.6063275088429454e-12
C,1,0.0001,146,0.0146,0.23299393579023442,-1.8716338523461218e-07,1.8716342395260686e-07,3.8717994683016023e-14,3.8717994683016023e-14,5.6450455035259615e-12
C,1,0.0001,147,0.014700000000000001,0.23299374862685329,-1.8716338112678699e-07,1.8716341978830625e-07,3.8661519264183655e-14,3.8661519264183655e-14,5.6837070227901451e-12
C,1,0.0001,148,0.014800000000000001,0.23299356146347638,-1.8716337690793949e-07,1.8716341562402523e-07,3.8716085735450708e-14,3.8716085735450708e-14,5.7224231085255958e-12
C,1,0.0001,149,0.0149,0.23299337430010356,-1.8716337282786988e-07,1.8716341145976369e-07,3.8631893810397403e-14,3.8631893810397403e-14,5.7610550023359932e-12
C,1,0.0001,150,0.015000000000000001,0.23299318713673503,-1.8716336852575566e-07,1.8716340729552163e-07,3.8769765972026916e-14,3.8769765972026916e-14,5.7998247683080201e-12
C,1,0.0001,151,0.015100000000000001,0.23299299997337056,-1.8716336447344162e-07,1.8716340313129908e-07,3.8657857461343336e-14,3.8657857461343336e-14,5.8384826257693635e-12
C,1,0.0001,152,0.0152,0.23299281281001022,-1.8716336033786085e-07,1.8716339896709614e-07,3.8629235291613327e-14,3.8629235291613327e-14,5.8771118610609768e-12
C,1,0.0001,153,0.015300000000000001,0.23299262564665399,-1.8716335623003566e-07,1.8716339480291264e-07,3.8572876975085917e-14,3.8572876975085917e-14,5.9156847380360627e-12
C,1,0.0001,154,0.0154,0.23299243848330214,-1.8716335184465471e-07,1.8716339063874877e-07,3.879409405529126e-14,3.879409405529126e-14,5.954478832091354e-12
C,1,0.0001,155,0.0155,0.23299225131995427,-1.871633478756074e-07,1.8716338647460433e-07,3.8598996930080398e-14,3.8598996930080398e-14,5.9930778290214344e-12
C,1,0.0001,156,0.015600000000000001,0.23299206415661061,-1.8716334365675991e-07,1.871633823104794e-07,3.8653719493637762e-14,3.8653719493637762e-14,6.0317315485150721e-12
C,1,0.0001,157,0.015700000000000002,0.23299187699327115,-1.8716333946566799e-07,1.8716337814637419e-07,3.86807062015653e-14,3.86807062015653e-14,6.0704122547166374e-12
C,1,0.0001,158,0.015800000000000002,0.2329916898299359,-1.8716333524682049e-07,1.8716337398228825e-07,3.8735467755108017e-14,3.8735467755108017e-14,6.1091477224717455e-12
C,1,0.0001,159,0.015900000000000001,0.23299150266660465,-1.8716333125001761e-07,1.8716336981822195e-07,3.8568204344302168e-14,3.8568204344302168e-14,6.1477159268160476e-12
C,1,0.0001,160,0.016,0.23299131550327762,-1.8716332703117011e-07,1.8716336565417513e-07,3.8623005020179137e-14,3.8623005020179137e-14,6.1863389318362268e-12
C,1,0.0001,161,0.0161,0.23299112833995483,-1.8716332278456704e-07,1.871633614901479e-07,3.8705580859308639e-14,3.8705580859308639e-14,6.2250445126955354e-12
C,1,0.0001,162,0.016199999999999999,0.23299094117663618,-1.8716331864898628e-07,1.8716335732614013e-07,3.8677153851263634e-14,3.8677153851263634e-14,6.263721666546799e-12
C,1,0.0001,163,0.016300000000000002,0.23299075401332167,-1.8716331451340551e-07,1.8716335316215191e-07,3.8648746404385754e-14,3.8648746404385754e-14,6.3023704129511848e-12
C,1,0.0001,164,0.016400000000000001,0.2329905668500114,-1.8716331026680244e-07,1.8716334899818326e-07,3.8731380821137515e-14,3.8731380821137515e-14,6.3411017937723223e-12
C,1,0.0001,165,0.016500000000000001,0.23299037968670525,-1.8716330615897725e-07,1.8716334483423406e-07,3.867525681509914e-14,3.867525681509914e-14,6.3797770505874214e-12
C,1,0.0001,166,0.0166,0.23299019252340331,-1.8716330194012976e-07,1.8716334067030435e-07,3.8730174593281066e-14,3.8730174593281066e-14,6.4185072251807025e-12
C,1,0.0001,167,0.0167,0.23299000536010531,-1.8716329799883802e-07,1.8716333650639433e-07,3.8507556308822727e-14,3.8507556308822727e-14,6.4570147814895252e-12
C,1,0.0001,168,0.016800000000000002,0.23298981819681178,-1.8716329353019034e-07,1.8716333234250371e-07,3.8812313363409786e-14,3.8812313363409786e-14,6.495827094852935e-12
C,1,0.0001,169,0.016900000000000002,0.23298963103352216,-1.8716328961665418e-07,1.8716332817863262e-07,3.8561978440381612e-14,3.8561978440381612e-14,6.5343890732933166e-12
C,1,0.0001,170,0.017000000000000001,0.23298944387023682,-1.8716328534229554e-07,1.8716332401478102e-07,3.8672485482114401e-14,3.8672485482114401e-14,6.573061558775431e-12
C,1,0.0001,171,0.017100000000000001,0.23298925670695572,-1.8716328109569247e-07,1.8716331985094898e-07,3.8755256509398687e-14,3.8755256509398687e-14,6.6118168152848297e-12
C,1,0.0001,172,0.0172,0.23298906954367865,-1.87163277071134e-07,1.8716331568713644e-07,3.8616002439985508e-14,3.8616002439985508e-14,6.6504328177248152e-12
C,1,0.0001,173,0.017299999999999999,0.23298888238040583,-1.8716327282453094e-07,1.871633115233435e-07,3.8698812563134265e-14,3.8698812563134265e-14,6.6891316302879495e-12
C,1,0.0001,174,0.017400000000000002,0.23298869521713705,-1.871632687722169e-07,1.8716330735957006e-07,3.8587353165201187e-14,3.8587353165201187e-14,6.7277189834531507e-12
C,1,0.0001,175,0.017500000000000002,0.23298850805387261,-1.871632644423471e-07,1.871633031958161e-07,3.8753469005182184e-14,3.8753469005182184e-14,6.7664724524583329e-12
C,1,0.0001,176,0.017600000000000001,0.23298832089061225,-1.8716326036227748e-07,1.8716329903208163e-07,3.8669804146380308e-14,3.8669804146380308e-14,6.8051422566047132e-12
C,1,0.0001,177,0.0177,0.23298813372735591,-1.8716325633771902e-07,1.8716329486836677e-07,3.853064775045386e-14,3.853064775045386e-14,6.843672904355167e-12
C,1,0.0001,178,0.0178,0.23298794656410404,-1.8716325186907135e-07,1.8716329070467142e-07,3.883560007260504e-14,3.883560007260504e-14,6.8825085044277721e-12
C,1,0.0001,179,0.017899999999999999,0.23298775940085617,-1.8716324787226846e-07,1.8716328654099552e-07,3.8668727064578536e-14,3.8668727064578536e-14,6.9211772314923506e-12
C,1,0.0001,180,0.018000000000000002,0.23298757223761249,-1.8716324368117654e-07,1.8716328237733921e-07,3.8696162673498339e-14,3.8696162673498339e-14,6.9598733941658489e-12
C,1,0.0001,181,0.018100000000000002,0.23298738507437289,-1.8716323960110692e-07,1.8716327821370241e-07,3.8612595488183194e-14,3.8612595488183194e-14,6.9984859896540321e-12
C,1,0.0001,182,0.018200000000000001,0.23298719791113745,-1.8716323543777058e-07,1.8716327405008509e-07,3.8612314511472722e-14,3.8612314511472722e-14,7.0370983041655049e-12
C,1,0.0001,183,0.0183,0.23298701074790626,-1.8716323119116751e-07,1.8716326988648733e-07,3.8695319822776262e-14,3.8695319822776262e-14,7.0757936239882811e-12
C,1,0.0001,184,0.0184,0.23298682358467931,-1.8716322694456444e-07,1.8716326572290903e-07,3.877834458936781e-14,3.877834458936781e-14,7.1145719685776489e-12
C,1,0.0001,185,0.018500000000000003,0.23298663642145631,-1.8716322300327271e-07,1.8716326155935037e-07,3.8556077664763904e-14,3.8556077664763904e-14,7.1531280462424128e-12
C,1,0.0001,186,0.018600000000000002,0.23298644925823764,-1.8716321867340291e-07,1.8716325739581111e-07,3.8722408201127251e-14,3.8722408201127251e-14,7.1918504544435401e-12
C,1,0.0001,187,0.018700000000000001,0.23298626209502299,-1.8716321464884444e-07,1.8716325323229144e-07,3.8583446993355585e-14,3.8583446993355585e-14,7.2304339014368957e-12
C,1,0.0001,188,0.018800000000000001,0.23298607493181261,-1.871632103744858e-07,1.8716324906879135e-07,3.8694305553761484e-14,3.8694305553761484e-14,7.2691282069906572e-12
C,1,0.0001,189,0.0189,0.23298588776860624,-1.8716320637768291e-07,1.8716324490531065e-07,3.8527627733889763e-14,3.8527627733889763e-14,7.3076558347245469e-12
C,1,0.0001,190,0.019,0.23298570060540416,-1.8716320207556869e-07,1.871632407418495e-07,3.8666280806957086e-14,3.8666280806957086e-14,7.346322115531504e-12
C,1,0.0001,191,0.019100000000000002,0.23298551344220642,-1.8716319774569889e-07,1.8716323657840794e-07,3.8832709043276942e-14,3.8832709043276942e-14,7.3851548245747809e-12
C,1,0.0001,192,0.019200000000000002,0.23298532627901253,-1.8716319388767388e-07,1.8716323241498583e-07,3.8527311949419115e-14,3.8527311949419115e-14,7.4236821365242001e-12
C,1,0.0001,193,0.019300000000000001,0.23298513911582305,-1.8716318947453736e-07,1.8716322825158332e-07,3.8777045955510771e-14,3.8777045955510771e-14,7.4624591824797108e-12
C,1,0.0001,194,0.019400000000000001,0.23298495195263758,-1.8716318547773447e-07,1.8716322408820023e-07,3.8610465756186221e-14,3.8610465756186221e-14,7.5010696482358971e-12
C,1,0.0001,195,0.0195,0.23298476478945637,-1.8716318120337583e-07,1.8716321992483673e-07,3.8721460900654865e-14,3.8721460900654865e-14,7.5397911091365519e-12
C,1,0.0001,196,0.019599999999999999,0.23298457762627917,-1.8716317720657294e-07,1.8716321576149276e-07,3.8554919823664566e-14,3.8554919823664566e-14,7.5783460289602165e-12
C,1,0.0001,197,0.019700000000000002,0.23298439046310634,-1.8716317282119199e-07,1.8716321159816836e-07,3.8776976366460198e-14,3.8776976366460198e-14,7.6171230053266767e-12
C,1,0.0001,198,0.019800000000000002,0.2329842032999376,-1.8716316874112238e-07,1.8716320743486336e-07,3.869374097983236e-14,3.869374097983236e-14,7.655816746306509e-12
C,1,0.0001,199,0.019900000000000001,0.23298401613677289,-1.8716316471656391e-07,1.8716320327157789e-07,3.855501397667061e-14,3.855501397667061e-14,7.6943717602831797e-12
C,1,0.0001,200,0.02,0.23298382897361258,-1.8716316030342739e-07,1.8716319910831198e-07,3.880488459329479e-14,3.880488459329479e-14,7.7331766448764744e-12
C,2,0.0001,0,0,0.24650757491270003,0,0,0,0,0
C,2,0.0001,1,0.0001,0.24650737744043927,-1.9747226076560764e-07,1.9747230179229682e-07,4.102668917751338e-14,4.102668917751338e-14,4.102668917751338e-14
C,2,0.0001,2,0.00020000000000000001,0.24650717996818416,-1.9747225510347022e-07,1.9747229612581989e-07,4.1022349668905919e-14,4.1022349668905919e-14,8.20490388464193e-14
C,2,0.0001,3,0.00030000000000000003,0.24650698249593458,-1.9747224958011067e-07,1.9747229045948854e-07,4.0879377866008122e-14,4.0879377866008122e-14,1.2292841671242742e-13
C,2,0.0001,4,0.00040000000000000002,0.24650678502369086,-1.9747224372368422e-07,1.97472284793302e-07,4.1069617786662074e-14,4.1069617786662074e-14,1.639980344990895e-13
C,2,0.0001,5,0.00050000000000000001,0.2465065875514528,-1.9747223806154679e-07,1.9747227912726058e-07,4.1065713785338399e-14,4.1065713785338399e-14,2.0506374828442789e-13
C,2,0.0001,6,0.00060000000000000006,0.24650639007922015,-1.9747223264920954e-07,1.9747227346136418e-07,4.0812154631396502e-14,4.0812154631396502e-14,2.458759029158244e-13
C,2,0.0001,7,0.00069999999999999999,0.24650619260699327,-1.9747222687604982e-07,1.9747226779561315e-07,4.0919563332487353e-14,4.0919563332487353e-14,2.8679546624831175e-13
C,2,0.0001,8,0.00080000000000000004,0.24650599513477214,-1.9747222113064566e-07,1.9747226213000728e-07,4.0999361618233911e-14,4.0999361618233911e-14,3.2779482786654566e-13
C,2,0.0001,9,0.00090000000000000008,0.24650579766255654,-1.9747221560728612e-07,1.9747225646454628e-07,4.0857260168159198e-14,4.0857260168159198e-14,3.6865208803470486e-13
C,2,0.0001,10,0.001,0.24650560019034704,-1.9747220950105948e-07,1.9747225079923053e-07,4.1298171045693366e-14,4.1298171045693366e-14,4.0995025908039822e-13
C,2,0.0001,11,0.0011000000000000001,0.24650540271814272,-1.9747220431076684e-07,1.9747224513405969e-07,4.08232928499551e-14,4.08232928499551e-14,4.5077355193035332e-13
C,2,0.0001,12,0.0012000000000000001,0.24650520524594435,-1.9747219837107366e-07,1.974722394690342e-07,4.1097960541398607e-14,4.1097960541398607e-14,4.9187151247175193e-13
C,2,0.0001,13,0.0013000000000000002,0.24650500777375159,-1.9747219276444739e-07,1.9747223380415374e-07,4.1039706353377005e-14,4.1039706353377005e-14,5.3291121882512894e-13
C,2,0.0001,14,0.0014,0.24650481030156454,-1.9747218704679881e-07,1.9747222813941817e-07,4.1092619363391458e-14,4.1092619363391458e-14,5.7400383818852039e-13
C,2,0.0001,15,0.0015,0.24650461282938277,-1.9747218177323944e-07,1.9747222247482787e-07,4.0701588429706303e-14,4.0701588429706303e-14,6.147054266182267e-13
C,2,0.0001,16,0.0016000000000000001,0.24650441535720688,-1.9747217588905741e-07,1.9747221681038252e-07,4.0921325108078083e-14,4.0921325108078083e-14,6.5562675172630478e-13
C,2,0.0001,17,0.0017000000000000001,0.2465042178850369,-1.974721699771198e-07,1.9747221114608238e-07,4.1168962575276386e-14,4.1168962575276386e-14,6.9679571430158117e-13
C,2,0.0001,18,0.0018000000000000002,0.24650402041287225,-1.9747216464804929e-07,1.9747220548192722e-07,4.0833877929529361e-14,4.0833877929529361e-14,7.3762959223111053e-13
C,2,0.0001,19,0.0019,0.24650382294071344,-1.9747215881937841e-07,1.9747219981791713e-07,4.0998538725725653e-14,4.0998538725725653e-14,7.7862813095683618e-13
C,2,0.0001,20,0.002,0.24650362546856039,-1.9747215304621868e-07,1.9747219415405221e-07,4.1107833530962024e-14,4.1107833530962024e-14,8.1973596448779821e-13
C,2,0.0001,21,0.0021000000000000003,0.24650342799641306,-1.974721473285701e-07,1.9747218849033232e-07,4.1161762212889574e-14,4.1161762212889574e-14,8.6089772670068778e-13
C,2,0.0001,22,0.0022000000000000001,0.24650323052427101,-1.9747214205501074e-07,1.974721828267574e-07,4.0771746659949939e-14,4.0771746659949939e-14,9.0166947336063772e-13
C,2,0.0001,23,0.0023,0.24650303305213489,-1.9747213611531755e-07,1.9747217716332764e-07,4.1048010082056735e-14,4.1048010082056735e-14,9.4271748344269445e-13
C,2,0.0001,24,0.0024000000000000002,0.2465028355800043,-1.9747213059195801e-07,1.9747217150004272e-07,4.0908084712563077e-14,4.0908084712563077e-14,9.8362556815525753e-13
C,2,0.0001,25,0.0025000000000000001,0.24650263810787945,-1.9747212484655385e-07,1.9747216583690312e-07,4.0990349267084464e-14,4.0990349267084464e-14,1.024615917422342e-12
C,2,0.0001,26,0.0026000000000000003,0.24650244063576007,-1.9747211937870546e-07,1.9747216017390837e-07,4.0795202908083542e-14,4.0795202908083542e-14,1.0654111203304255e-12
C,2,0.0001,27,0.0027000000000000001,0.24650224316364674,-1.9747211332798997e-07,1.9747215451105888e-07,4.1183068903161282e-14,4.1183068903161282e-14,1.1065941892335868e-12
C,2,0.0001,28,0.0028,0.2465020456915388,-1.974721079434083e-07,1.9747214884835412e-07,4.090494582021879e-14,4.090494582021879e-14,1.1474991350538056e-12
C,2,0.0001,29,0.0029000000000000002,0.24650184821943669,-1.9747210211473742e-07,1.9747214318579451e-07,4.1071057080927916e-14,4.1071057080927916e-14,1.1885701921347335e-12
C,2,0.0001,30,0.0030000000000000001,0.24650165074734021,-1.9747209648035557e-07,1.9747213752338005e-07,4.1043024472598976e-14,4.1043024472598976e-14,1.2296132166073325e-12
C,2,0.0001,31,0.0031000000000000003,0.24650145327524939,-1.9747209081821815e-07,1.974721318611104e-07,4.1042892256049865e-14,4.1042892256049865e-14,1.2706561088633824e-12
C,2,0.0001,32,0.0032000000000000002,0.2465012558031637,-1.9747208568343666e-07,1.9747212619898574e-07,4.0515549077786684e-14,4.0515549077786684e-14,1.311171657941169e-12
C,2,0.0001,33,0.0033,0.24650105833108449,-1.9747207921638754e-07,1.9747212053700634e-07,4.1320618795224144e-14,4.1320618795224144e-14,1.3524922767363932e-12
C,2,0.0001,34,0.0034000000000000002,0.24650086085901055,-1.9747207394282817e-07,1.9747211487517202e-07,4.0932343842051559e-14,4.0932343842051559e-14,1.3934246205784448e-12
C,2,0.0001,35,0.0035000000000000001,0.24650066338694235,-1.9747206819742402e-07,1.9747210921348241e-07,4.1016058384629747e-14,4.1016058384629747e-14,1.4344406789630745e-12
C,2,0.0001,36,0.0036000000000000003,0.24650046591487978,-1.9747206256304217e-07,1.9747210355193798e-07,4.0988895811486535e-14,4.0988895811486535e-14,1.475429574774561e-12
C,2,0.0001,37,0.0037000000000000002,0.24650026844282269,-1.9747205709519378e-07,1.9747209789053851e-07,4.0795344733162648e-14,4.0795344733162648e-14,1.5162249195077237e-12
C,2,0.0001,38,0.0038,0.24650007097077159,-1.9747205109998944e-07,1.9747209222928404e-07,4.1129294592988369e-14,4.1129294592988369e-14,1.5573542141007121e-12
C,2,0.0001,39,0.0039000000000000003,0.24649987349872585,-1.9747204574316335e-07,1.9747208656817443e-07,4.0825011082758385e-14,4.0825011082758385e-14,1.5981792251834704e-12
C,2,0.0001,40,0.0040000000000000001,0.24649967602668607,-1.9747203977571459e-07,1.9747208090721004e-07,4.1131495449283132e-14,4.1131495449283132e-14,1.6393107206327536e-12
C,2,0.0001,41,0.0041000000000000003,0.24649947855465179,-1.9747203428011062e-07,1.9747207524639057e-07,4.0966279952385506e-14,4.0966279952385506e-14,1.6802770005851391e-12
C,2,0.0001,42,0.0042000000000000006,0.24649928108262295,-1.974720288400178e-07,1.97472069585716e-07,4.0745698199830163e-14,4.0745698199830163e-14,1.7210226987849692e-12
C,2,0.0001,43,0.0043,0.24649908361060027,-1.9747202267828001e-07,1.9747206392518656e-07,4.1246906547082727e-14,4.1246906547082727e-14,1.762269605332052e-12
C,2,0.0001,44,0.0044000000000000003,0.24649888613858303,-1.9747201723818719e-07,1.9747205826480175e-07,4.1026614559204683e-14,4.1026614559204683e-14,1.8032962198912566e-12
C,2,0.0001,45,0.0045000000000000005,0.24649868866657126,-1.974720117703388e-07,1.9747205260456231e-07,4.0834223518971841e-14,4.0834223518971841e-14,1.8441304434102285e-12
C,2,0.0001,46,0.0045999999999999999,0.24649849119456527,-1.9747200599717907e-07,1.9747204694446767e-07,4.0947288600205338e-14,4.0947288600205338e-14,1.8850777320104338e-12
C,2,0.0001,47,0.0047000000000000002,0.24649829372256521,-1.9747200005748589e-07,1.9747204128451794e-07,4.1227032057175928e-14,4.1227032057175928e-14,1.9263047640676098e-12
C,2,0.0001,48,0.0048000000000000004,0.24649809625057034,-1.9747199486719325e-07,1.9747203562471322e-07,4.0757519973977195e-14,4.0757519973977195e-14,1.9670622840415869e-12
C,2,0.0001,49,0.0048999999999999998,0.24649789877858153,-1.9747198881647776e-07,1.9747202996505344e-07,4.1148575683376057e-14,4.1148575683376057e-14,2.008210859724963e-12
C,2,0.0001,50,0.0050000000000000001,0.24649770130659834,-1.9747198318209591e-07,1.9747202430553862e-07,4.1123442707053585e-14,4.1123442707053585e-14,2.0493343024320166e-12
C,2,0.0001,51,0.0051000000000000004,0.24649750383462044,-1.9747197790853654e-07,1.9747201864616869e-07,4.0737632143301476e-14,4.0737632143301476e-14,2.0900719345753181e-12
C,2,0.0001,52,0.0052000000000000006,0.24649730636264852,-1.9747197191333221e-07,1.9747201298694376e-07,4.1073611547008378e-14,4.1073611547008378e-14,2.1311455461223264e-12
C,2,0.0001,53,0.0053,0.24649710889068208,-1.9747196644548382e-07,1.9747200732786375e-07,4.0882379936061649e-14,4.0882379936061649e-14,2.1720279260583881e-12
C,2,0.0001,54,0.0054000000000000003,0.2464969114187214,-1.9747196067232409e-07,1.9747200166892867e-07,4.0996604578930157e-14,4.0996604578930157e-14,2.2130245306373183e-12
C,2,0.0001,55,0.0055000000000000005,0.24649671394676639,-1.9747195501018666e-07,1.974719960101384e-07,4.0999951735500351e-14,4.0999951735500351e-14,2.2540244823728186e-12
C,2,0.0001,56,0.0055999999999999999,0.24649651647481713,-1.9747194926478251e-07,1.9747199035149342e-07,4.1086710911537665e-14,4.1086710911537665e-14,2.2951111932843563e-12
C,2,0.0001,57,0.0057000000000000002,0.24649631900287325,-1.9747194388020084e-07,1.9747198469299308e-07,4.0812792235447547e-14,4.0812792235447547e-14,2.3359239855198038e-12
C,2,0.0001,58,0.0058000000000000005,0.24649612153093514,-1.9747193810704111e-07,1.974719790346376e-07,4.0927596487079994e-14,4.0927596487079994e-14,2.3768515820068838e-12
C,2,0.0001,59,0.0058999999999999999,0.24649592405900281,-1.9747193233388138e-07,1.9747197337642734e-07,4.1042545951923336e-14,4.1042545951923336e-14,2.4178941279588071e-12
C,2,0.0001,60,0.0060000000000000001,0.24649572658707633,-1.9747192647745493e-07,1.9747196771836154e-07,4.1240906615670631e-14,4.1240906615670631e-14,2.4591350345744778e-12
C,2,0.0001,61,0.0061000000000000004,0.24649552911515479,-1.9747192153696247e-07,1.9747196206044105e-07,4.0523478576722405e-14,4.0523478576722405e-14,2.4996585131512002e-12
C,2,0.0001,62,0.0062000000000000006,0.24649533164323945,-1.9747191534746911e-07,1.9747195640266526e-07,4.1055196150762563e-14,4.1055196150762563e-14,2.5407137093019627e-12
C,2,0.0001,63,0.0063,0.24649513417132979,-1.9747190965757611e-07,1.9747195074503434e-07,4.108745823282516e-14,4.108745823282516e-14,2.5818011675347879e-12
C,2,0.0001,64,0.0064000000000000003,0.24649493669942568,-1.9747190410646098e-07,1.9747194508754861e-07,4.0981087623550728e-14,4.0981087623550728e-14,2.6227822551583386e-12
C,2,0.0001,65,0.0065000000000000006,0.24649473922752727,-1.9747189841656798e-07,1.9747193943020745e-07,4.1013639470290626e-14,4.1013639470290626e-14,2.6637958946286293e-12
C,2,0.0001,66,0.0066,0.24649454175563462,-1.9747189264340825e-07,1.974719337730113e-07,4.1129603045330068e-14,4.1129603045330068e-14,2.7049254976739593e-12
C,2,0.0001,67,0.0067000000000000002,0.24649434428374745,-1.9747188717555986e-07,1.9747192811596009e-07,4.094040023711069e-14,4.094040023711069e-14,2.74586589791107e-12
C,2,0.0001,68,0.0068000000000000005,0.24649414681186585,-1.9747188159668916e-07,1.9747192245905373e-07,4.0862364573987809e-14,4.0862364573987809e-14,2.7867282624850578e-12
C,2,0.0001,69,0.0069000000000000008,0.24649394933999003,-1.9747187582352943e-07,1.9747191680229213e-07,4.0978762703398972e-14,4.0978762703398972e-14,2.8277070251884568e-12
C,2,0.0001,70,0.0070000000000000001,0.24649375186811986,-1.97471870161392e-07,1.9747191114567562e-07,4.0984283611209617e-14,4.0984283611209617e-14,2.8686913087996664e-12
C,2,0.0001,71,0.0071000000000000004,0.24649355439625542,-1.9747186444374343e-07,1.9747190548920378e-07,4.1045460354066822e-14,4.1045460354066822e-14,2.9097367691537332e-12
C,2,0.0001,72,0.0072000000000000007,0.24649335692439653,-1.974718588926283e-07,1.9747189983287687e-07,4.0940248565273573e-14,4.0940248565273573e-14,2.9506770177190068e-12
C,2,0.0001,73,0.0073000000000000001,0.2464931594525433,-1.9747185323049088e-07,1.974718941766948e-07,4.094620392157682e-14,4.094620392157682e-14,2.9916232216405836e-12
C,2,0.0001,74,0.0074000000000000003,0.24649296198069595,-1.9747184734630885e-07,1.9747188852065765e-07,4.1174348804848417e-14,4.1174348804848417e-14,3.032797570445432e-12
C,2,0.0001,75,0.0075000000000000006,0.24649276450885388,-1.9747184207274948e-07,1.9747188286476532e-07,4.079201584074038e-14,4.079201584074038e-14,3.0735895862861724e-12
C,2,0.0001,76,0.0076,0.24649256703701766,-1.9747183621632303e-07,1.9747187720901789e-07,4.0992694860134089e-14,4.0992694860134089e-14,3.1145822811463065e-12
C,2,0.0001,77,0.0077000000000000002,0.24649236956518722,-1.974718304431633e-07,1.9747187155341516e-07,4.1110251862965994e-14,4.1110251862965994e-14,3.1556925330092725e-12
C,2,0.0001,78,0.0078000000000000005,0.24649217209336211,-1.9747182511409278e-07,1.9747186589795741e-07,4.0783864630930715e-14,4.0783864630930715e-14,3.1964763976402032e-12
C,2,0.0001,79,0.0079000000000000008,0.2464919746215431,-1.9747181900786615e-07,1.9747186024264437e-07,4.1234778226418128e-14,4.1234778226418128e-14,3.2377111758666214e-12
C,2,0.0001,80,0.0080000000000000002,0.24649177714972925,-1.9747181384532908e-07,1.9747185458747644e-07,4.0742147358305934e-14,4.0742147358305934e-14,3.2784533232249273e-12
C,2,0.0001,81,0.0080999999999999996,0.24649157967792149,-1.9747180776685802e-07,1.97471848932453e-07,4.116559498403634e-14,4.116559498403634e-14,3.3196189182089636e-12
C,2,0.0001,82,0.0082000000000000007,0.2464913822061191,-1.9747180238227635e-07,1.9747184327757455e-07,4.0895298194358902e-14,4.0895298194358902e-14,3.3605142164033225e-12
C,2,0.0001,83,0.0083000000000000001,0.24649118473432244,-1.9747179666462777e-07,1.9747183762284088e-07,4.0958213101763432e-14,4.0958213101763432e-14,3.401472429505086e-12
C,2,0.0001,84,0.0084000000000000012,0.24649098726253141,-1.9747179103024592e-07,1.9747183196825223e-07,4.0938006310243513e-14,4.0938006310243513e-14,3.4424104358153295e-12
C,2,0.0001,85,0.0085000000000000006,0.24649078979074604,-1.974717853681085e-07,1.9747182631380809e-07,4.0945699592866069e-14,4.0945699592866069e-14,3.4833561354081955e-12
C,2,0.0001,86,0.0086,0.24649059231896669,-1.9747177934514859e-07,1.97471820659509e-07,4.1314360412884017e-14,4.1314360412884017e-14,3.5246704958210796e-12
C,2,0.0001,87,0.0087000000000000011,0.24649039484719226,-1.9747177443241171e-07,1.974718150053546e-07,4.0572942892092112e-14,4.0572942892092112e-14,3.5652434387131717e-12
C,2,0.0001,88,0.0088000000000000005,0.24649019737542394,-1.9747176832618507e-07,1.9747180935134501e-07,4.1025159938936452e-14,4.1025159938936452e-14,3.6062685986521081e-12
C,2,0.0001,89,0.0088999999999999999,0.24648999990366124,-1.9747176269180322e-07,1.9747180369748026e-07,4.100567704294908e-14,4.100567704294908e-14,3.6472742756950572e-12
C,2,0.0001,90,0.0090000000000000011,0.24648980243190438,-1.9747175686313234e-07,1.9747179804376033e-07,4.1180627992435311e-14,4.1180627992435311e-14,3.6884549036874925e-12
C,2,0.0001,91,0.0091000000000000004,0.24648960496015285,-1.9747175153406182e-07,1.9747179239018519e-07,4.0856123370534644e-14,4.0856123370534644e-14,3.7293110270580272e-12
C,2,0.0001,92,0.0091999999999999998,0.24648940748840717,-1.9747174567763537e-07,1.9747178673675482e-07,4.1059119448555567e-14,4.1059119448555567e-14,3.7703701465065827e-12
C,2,0.0001,93,0.009300000000000001,0.24648921001666704,-1.9747174012652025e-07,1.9747178108346918e-07,4.0956948931559434e-14,4.0956948931559434e-14,3.8113270954381422e-12
C,2,0.0001,94,0.0094000000000000004,0.2464890125449325,-1.9747173454764955e-07,1.9747177543032825e-07,4.0882678700464013e-14,4.0882678700464013e-14,3.8522097741386062e-12
C,2,0.0001,95,0.0094999999999999998,0.24648881507320372,-1.9747172877448982e-07,1.9747176977733227e-07,4.1002842447191093e-14,4.1002842447191093e-14,3.8932126165857973e-12
C,2,0.0001,96,0.0096000000000000009,0.24648861760148089,-1.9747172283479664e-07,1.9747176412448099e-07,4.1289684357897029e-14,4.1289684357897029e-14,3.9345023009436943e-12
C,2,0.0001,97,0.0097000000000000003,0.2464884201297631,-1.9747171778328187e-07,1.9747175847177454e-07,4.0688492665067041e-14,4.0688492665067041e-14,3.9751907936087613e-12
C,2,0.0001,98,0.0097999999999999997,0.24648822265805148,-1.9747171162154409e-07,1.9747175281921282e-07,4.1197668733617071e-14,4.1197668733617071e-14,4.0163884623423784e-12
C,2,0.0001,99,0.0099000000000000008,0.24648802518634527,-1.9747170620920684e-07,1.9747174716679576e-07,4.0957588917890644e-14,4.0957588917890644e-14,4.0573460512602691e-12
C,2,0.0001,100,0.01,0.2464878277146445,-1.9747170076911402e-07,1.9747174151452352e-07,4.0745409493944047e-14,4.0745409493944047e-14,4.0980914607542131e-12
C,2,0.0001,101,0.010100000000000001,0.24648763024294962,-1.9747169488493199e-07,1.9747173586239625e-07,4.0977464254830391e-14,4.0977464254830391e-14,4.1390689250090435e-12
C,2,0.0001,102,0.010200000000000001,0.24648743277126053,-1.9747168908401669e-07,1.9747173021041337e-07,4.1126396681517575e-14,4.1126396681517575e-14,4.1801953216905611e-12
C,2,0.0001,103,0.0103,0.24648723529957672,-1.9747168381045732e-07,1.9747172455857536e-07,4.074811804061157e-14,4.074811804061157e-14,4.2209434397311726e-12
C,2,0.0001,104,0.010400000000000001,0.24648703782789891,-1.9747167781525299e-07,1.9747171890688222e-07,4.1091629234815677e-14,4.1091629234815677e-14,4.2620350689659883e-12
C,2,0.0001,105,0.010500000000000001,0.24648684035622664,-1.9747167226413787e-07,1.9747171325533369e-07,4.0991195823575686e-14,4.0991195823575686e-14,4.303026264789564e-12
C,2,0.0001,106,0.0106,0.24648664288456013,-1.9747166651873371e-07,1.974717076039301e-07,4.1085196390158195e-14,4.1085196390158195e-14,4.3441114611797222e-12
C,2,0.0001,107,0.010700000000000001,0.24648644541289927,-1.9747166085659629e-07,1.9747170195267094e-07,4.1096074649011325e-14,4.1096074649011325e-14,4.3852075358287335e-12
C,2,0.0001,108,0.010800000000000001,0.24648624794124377,-1.9747165549977019e-07,1.9747169630155677e-07,4.0801786577545195e-14,4.0801786577545195e-14,4.4260093224062787e-12
C,2,0.0001,109,0.0109,0.24648605046959401,-1.9747164975436604e-07,1.9747169065058713e-07,4.0896221089694495e-14,4.0896221089694495e-14,4.4669055434959732e-12
C,2,0.0001,110,0.011000000000000001,0.24648585299795023,-1.9747164378691728e-07,1.9747168499976241e-07,4.1212845128812145e-14,4.1212845128812145e-14,4.5081183886247854e-12
C,2,0.0001,111,0.0111,0.24648565552631169,-1.9747163854111349e-07,1.9747167934908214e-07,4.080796864751073e-14,4.080796864751073e-14,4.5489263572722961e-12
C,2,0.0001,112,0.0112,0.246485458054679,-1.9747163268468704e-07,1.9747167369854682e-07,4.101385977826625e-14,4.101385977826625e-14,4.5899402170505623e-12
C,2,0.0001,113,0.011300000000000001,0.24648526058305187,-1.9747162713357191e-07,1.974716680481561e-07,4.0914584181655817e-14,4.0914584181655817e-14,4.6308548012322181e-12
C,2,0.0001,114,0.0114,0.24648506311143054,-1.9747162133265661e-07,1.9747166239791011e-07,4.1065253502340905e-14,4.1065253502340905e-14,4.6719200547345591e-12
C,2,0.0001,115,0.0115,0.24648486563981489,-1.9747161564276361e-07,1.9747165674780889e-07,4.110504528378812e-14,4.110504528378812e-14,4.7130251000183472e-12
C,2,0.0001,116,0.011600000000000001,0.24648466816820452,-1.9747161036920424e-07,1.974716510978522e-07,4.0728647955997526e-14,4.0728647955997526e-14,4.7537537479743447e-12
C,2,0.0001,117,0.0117,0.24648447069660009,-1.9747160442951106e-07,1.9747164544804035e-07,4.1018529285616006e-14,4.1018529285616006e-14,4.7947722772599607e-12
C,2,0.0001,118,0.0118,0.24648427322500133,-1.9747159876737364e-07,1.9747163979837307e-07,4.1030999437014382e-14,4.1030999437014382e-14,4.8358032766969751e-12
C,2,0.0001,119,0.011900000000000001,0.24648407575340819,-1.9747159313299179e-07,1.9747163414885048e-07,4.1015858696612432e-14,4.1015858696612432e-14,4.8768191353935875e-12
C,2,0.0001,120,0.012,0.24648387828182039,-1.9747158780392127e-07,1.9747162849947271e-07,4.0695551440602764e-14,4.0695551440602764e-14,4.9175146868341903e-12
C,2,0.0001,121,0.012100000000000001,0.246483680810239,-1.974715813923833e-07,1.9747162285023959e-07,4.1457856290948148e-14,4.1457856290948148e-14,4.9589725431251384e-12
C,2,0.0001,122,0.012200000000000001,0.2464834833386626,-1.9747157639637969e-07,1.9747161720115116e-07,4.080477146871176e-14,4.080477146871176e-14,4.9997773145938502e-12
C,2,0.0001,123,0.0123,0.24648328586709212,-1.9747157048444208e-07,1.974716115522072e-07,4.1067765113848192e-14,4.1067765113848192e-14,5.0408450797076984e-12
C,2,0.0001,124,0.012400000000000001,0.24648308839552702,-1.9747156509986041e-07,1.9747160590340818e-07,4.0803547770800773e-14,4.0803547770800773e-14,5.0816486274784992e-12
C,2,0.0001,125,0.012500000000000001,0.24648289092396775,-1.9747155927118953e-07,1.9747160025475367e-07,4.0983564136130263e-14,4.0983564136130263e-14,5.1226321916146294e-12
C,2,0.0001,126,0.0126,0.24648269345241422,-1.9747155352578538e-07,1.9747159460624371e-07,4.1080458326079271e-14,4.1080458326079271e-14,5.1637126499407087e-12
C,2,0.0001,127,0.012700000000000001,0.24648249598086636,-1.9747154786364796e-07,1.974715889578788e-07,4.109423084357361e-14,4.109423084357361e-14,5.2048068807842823e-12
C,2,0.0001,128,0.012800000000000001,0.24648229850932393,-1.9747154242355514e-07,1.9747158330965813e-07,4.0886102989971966e-14,4.0886102989971966e-14,5.2456929837742543e-12
C,2,0.0001,129,0.0129,0.24648210103778731,-1.9747153662263983e-07,1.9747157766158229e-07,4.103894246200748e-14,4.103894246200748e-14,5.2867319262362617e-12
C,2,0.0001,130,0.013000000000000001,0.24648190356625599,-1.9747153132132489e-07,1.9747157201365099e-07,4.0692326097958298e-14,4.0692326097958298e-14,5.32742425233422e-12
C,2,0.0001,131,0.013100000000000001,0.24648170609473094,-1.974715250485648e-07,1.9747156636586428e-07,4.1317299484862092e-14,4.1317299484862092e-14,5.3687415518190821e-12
C,2,0.0001,132,0.0132,0.24648150862321114,-1.9747151980276101e-07,1.9747156071822248e-07,4.0915461469561156e-14,4.0915461469561156e-14,5.4096570132886433e-12
C,2,0.0001,133,0.013300000000000001,0.24648131115169691,-1.9747151422389031e-07,1.9747155507072506e-07,4.0846834754295494e-14,4.0846834754295494e-14,5.4505038480429388e-12
C,2,0.0001,134,0.0134,0.2464811136801886,-1.974715083119527e-07,1.9747154942337241e-07,4.1111419709642021e-14,4.1111419709642021e-14,5.4916152677525808e-12
C,2,0.0001,135,0.0135,0.24648091620868581,-1.9747150278859316e-07,1.9747154377616431e-07,4.0987571157836148e-14,4.0987571157836148e-14,5.532602838910417e-12
C,2,0.0001,136,0.013600000000000001,0.24648071873718866,-1.9747149715421131e-07,1.97471538129101e-07,4.0974889698187211e-14,4.0974889698187211e-14,5.5735777286086042e-12
C,2,0.0001,137,0.0137,0.24648052126569681,-1.9747149185289636e-07,1.9747153248218198e-07,4.0629285617919337e-14,4.0629285617919337e-14,5.6142070142265235e-12
C,2,0.0001,138,0.013800000000000002,0.24648032379421128,-1.9747148552462512e-07,1.974715268354078e-07,4.1310782678063713e-14,4.1310782678063713e-14,5.6555177969045872e-12
C,2,0.0001,139,0.013900000000000001,0.24648012632273092,-1.9747148036208806e-07,1.9747152118877817e-07,4.082669011381808e-14,4.082669011381808e-14,5.6963444870184053e-12
C,2,0.0001,140,0.014,0.24647992885125658,-1.9747147433912815e-07,1.9747151554229325e-07,4.1203165103942025e-14,4.1203165103942025e-14,5.7375476521223473e-12
C,2,0.0001,141,0.014100000000000001,0.24647973137978749,-1.9747146909332436e-07,1.9747150989595286e-07,4.0802628501824986e-14,4.0802628501824986e-14,5.7783502806241723e-12
C,2,0.0001,142,0.014200000000000001,0.24647953390832456,-1.9747146293158657e-07,1.9747150424975705e-07,4.1318170472959886e-14,4.1318170472959886e-14,5.8196684510971322e-12
C,2,0.0001,143,0.0143,0.2464793364368667,-1.9747145785231623e-07,1.9747149860370589e-07,4.0751389652430781e-14,4.0751389652430781e-14,5.860419840749563e-12
C,2,0.0001,144,0.014400000000000001,0.24647913896541476,-1.9747145194037863e-07,1.9747149295779923e-07,4.1017420598897389e-14,4.1017420598897389e-14,5.9014372613484604e-12
C,2,0.0001,145,0.014500000000000001,0.24647894149396846,-1.9747144630599678e-07,1.9747148731203707e-07,4.1006040287734554e-14,4.1006040287734554e-14,5.9424433016361949e-12
C,2,0.0001,146,0.0146,0.24647874402252748,-1.9747144097692626e-07,1.9747148166641975e-07,4.0689493487433781e-14,4.0689493487433781e-14,5.9831327951236287e-12
C,2,0.0001,147,0.014700000000000001,0.24647854655109266,-1.9747143481518847e-07,1.9747147602094682e-07,4.1205758348249603e-14,4.1205758348249603e-14,6.0243385534718783e-12
C,2,0.0001,148,0.014800000000000001,0.24647834907966321,-1.9747142945836238e-07,1.9747147037561842e-07,4.0917256041208812e-14,4.0917256041208812e-14,6.0652558095130871e-12
C,2,0.0001,149,0.0149,0.24647815160823952,-1.9747142368520265e-07,1.974714647304347e-07,4.1045232052217757e-14,4.1045232052217757e-14,6.1063010415653049e-12
C,2,0.0001,150,0.015000000000000001,0.24647795413682133,-1.9747141818959868e-07,1.9747145908539572e-07,4.0895797043825275e-14,4.0895797043825275e-14,6.1471968386091301e-12
C,2,0.0001,151,0.015100000000000001,0.24647775666540886,-1.974714124719501e-07,1.9747145344050103e-07,4.0968550927126434e-14,4.0968550927126434e-14,6.1881653895362566e-12
C,2,0.0001,152,0.0152,0.24647755919400222,-1.9747140664327922e-07,1.9747144779575094e-07,4.1152471717296072e-14,4.1152471717296072e-14,6.2293178612535526e-12
C,2,0.0001,153,0.015300000000000001,0.24647736172260096,-1.9747140125869755e-07,1.9747144215114548e-07,4.0892447928491391e-14,4.0892447928491391e-14,6.270210309182044e-12
C,2,0.0001,154,0.0154,0.24647716425120528,-1.9747139567982686e-07,1.9747143650668458e-07,4.0826857720462518e-14,4.0826857720462518e-14,6.3110371669025066e-12
C,2,0.0001,155,0.0155,0.24647696677981543,-1.9747138985115598e-07,1.974714308623683e-07,4.1011212323850048e-14,4.1011212323850048e-14,6.3520483792263566e-12
C,2,0.0001,156,0.015600000000000001,0.24647676930843135,-1.9747138407799625e-07,1.9747142521819636e-07,4.1140200115714488e-14,4.1140200115714488e-14,6.3931885793420711e-12
C,2,0.0001,157,0.015700000000000002,0.24647657183705249,-1.9747137885994803e-07,1.9747141957416919e-07,4.0714221158490992e-14,4.0714221158490992e-14,6.4339028005005621e-12
C,2,0.0001,158,0.015800000000000002,0.24647637436567954,-1.9747137294801043e-07,1.9747141393028636e-07,4.0982275931366387e-14,4.0982275931366387e-14,6.4748850764319285e-12
C,2,0.0001,159,0.015900000000000001,0.24647617689431237,-1.974713671748507e-07,1.9747140828654823e-07,4.111169753644872e-14,4.111169753644872e-14,6.5159967739683772e-12
C,2,0.0001,160,0.016,0.2464759794229508,-1.9747136156822442e-07,1.9747140264295445e-07,4.1074730027545447e-14,4.1074730027545447e-14,6.5570715039959226e-12
C,2,0.0001,161,0.0161,0.24647578195159456,-1.9747135623915391e-07,1.974713969995053e-07,4.0760351393361629e-14,4.0760351393361629e-14,6.5978318553892843e-12
C,2,0.0001,162,0.016199999999999999,0.24647558448024448,-1.9747135007741612e-07,1.9747139135620083e-07,4.1278784711461981e-14,4.1278784711461981e-14,6.6391106401007463e-12
C,2,0.0001,163,0.016300000000000002,0.2464753870088997,-1.9747134477610118e-07,1.974713857130406e-07,4.0936939419306887e-14,4.0936939419306887e-14,6.6800475795200531e-12
C,2,0.0001,164,0.016400000000000001,0.24647518953756059,-1.9747133911396375e-07,1.9747138007002491e-07,4.0956061161621373e-14,4.0956061161621373e-14,6.7210036406816745e-12
C,2,0.0001,165,0.016500000000000001,0.24647499206622706,-1.9747133353509305e-07,1.9747137442715391e-07,4.0892060860904276e-14,4.0892060860904276e-14,6.7618957015425788e-12
C,2,0.0001,166,0.0166,0.2464747945948994,-1.9747132765091102e-07,1.9747136878442725e-07,4.1133516231667264e-14,4.1133516231667264e-14,6.8030292177742461e-12
C,2,0.0001,167,0.0167,0.24647459712357719,-1.974713222108182e-07,1.9747136314184509e-07,4.0931026891107036e-14,4.0931026891107036e-14,6.8439602446653531e-12
C,2,0.0001,168,0.016800000000000002,0.24647439965226065,-1.9747131654868078e-07,1.9747135749940764e-07,4.0950726865756921e-14,4.0950726865756921e-14,6.88491097153111e-12
C,2,0.0001,169,0.016900000000000002,0.2464742021809499,-1.9747131074776547e-07,1.9747135185711461e-07,4.1109349137602458e-14,4.1109349137602458e-14,6.9260203206687125e-12
C,2,0.0001,170,0.017000000000000001,0.24647400470964445,-1.9747130544645053e-07,1.9747134621496589e-07,4.0768515361605062e-14,4.0768515361605062e-14,6.9667888360303175e-12
C,2,0.0001,171,0.017100000000000001,0.24647380723834492,-1.9747129953451292e-07,1.9747134057296186e-07,4.1038448932966806e-14,4.1038448932966806e-14,7.0078272849632843e-12
C,2,0.0001,172,0.0172,0.24647360976705085,-1.9747129406666453e-07,1.9747133493110227e-07,4.0864437740065774e-14,4.0864437740065774e-14,7.0486917227033501e-12
C,2,0.0001,173,0.017299999999999999,0.24647341229576261,-1.9747128823799365e-07,1.9747132928938688e-07,4.1051393237527187e-14,4.1051393237527187e-14,7.0897431159408773e-12
C,2,0.0001,174,0.017400000000000002,0.24647321482448006,-1.9747128254810065e-07,1.9747132364781624e-07,4.1099715593665318e-14,4.1099715593665318e-14,7.1308428315345426e-12
C,2,0.0001,175,0.017500000000000002,0.24647301735320282,-1.974712772467857e-07,1.9747131800639001e-07,4.0759604310302151e-14,4.0759604310302151e-14,7.1716024358448448e-12
C,2,0.0001,176,0.017600000000000001,0.24647281988193165,-1.9747127116831464e-07,1.9747131236510834e-07,4.1196793695642998e-14,4.1196793695642998e-14,7.2127992295404878e-12
C,2,0.0001,177,0.0177,0.24647262241066575,-1.9747126589475528e-07,1.9747130672397119e-07,4.0829215913127233e-14,4.0829215913127233e-14,7.253628445453615e-12
C,2,0.0001,178,0.0178,0.24647242493940577,-1.9747125998281767e-07,1.974713010829783e-07,4.1100160630069761e-14,4.1100160630069761e-14,7.2947286060836848e-12
C,2,0.0001,179,0.017899999999999999,0.24647222746815131,-1.9747125445945812e-07,1.9747129544212986e-07,4.0982671733980771e-14,4.0982671733980771e-14,7.3357112778176655e-12
C,2,0.0001,180,0.018000000000000002,0.24647202999690224,-1.9747124907487645e-07,1.9747128980142597e-07,4.0726549511280042e-14,4.0726549511280042e-14,7.3764378273289456e-12
C,2,0.0001,181,0.018100000000000002,0.24647183252565932,-1.9747124291313867e-07,1.9747128416086673e-07,4.1247728063162445e-14,4.1247728063162445e-14,7.417685555392108e-12
C,2,0.0001,182,0.018200000000000001,0.2464716350544216,-1.9747123772284603e-07,1.9747127852045146e-07,4.079760543762909e-14,4.079760543762909e-14,7.4584831608297371e-12
C,2,0.0001,183,0.0183,0.24647143758318982,-1.9747123178315285e-07,1.9747127288018099e-07,4.1097028143412137e-14,4.1097028143412137e-14,7.4995801889731492e-12
C,2,0.0001,184,0.0184,0.24647124011196345,-1.974712263708156e-07,1.9747126724005491e-07,4.0869239305145962e-14,4.0869239305145962e-14,7.5404494282782952e-12
C,2,0.0001,185,0.018500000000000003,0.2464710426407429,-1.9747122054214472e-07,1.9747126160007321e-07,4.1057928493761948e-14,4.1057928493761948e-14,7.5815073567720572e-12
C,2,0.0001,186,0.018600000000000002,0.246470845169528,-1.9747121490776287e-07,1.9747125596023586e-07,4.1052472992776699e-14,4.1052472992776699e-14,7.6225598297648339e-12
C,2,0.0001,187,0.018700000000000001,0.24647064769831853,-1.9747120946767005e-07,1.9747125032054322e-07,4.0852873172767131e-14,4.0852873172767131e-14,7.663412702937601e-12
C,2,0.0001,188,0.018800000000000001,0.24647045022711506,-1.9747120347246572e-07,1.9747124468099474e-07,4.1208529019489852e-14,4.1208529019489852e-14,7.7046212319570908e-12
C,2,0.0001,189,0.0189,0.24647025275591686,-1.9747119819890635e-07,1.9747123904159064e-07,4.0842684292853948e-14,4.0842684292853948e-14,7.7454639162499448e-12
C,2,0.0001,190,0.019,0.2464700552847246,-1.9747119225921317e-07,1.9747123340233118e-07,4.1143118011868882e-14,4.1143118011868882e-14,7.7866070342618137e-12
C,2,0.0001,191,0.019100000000000002,0.24646985781353767,-1.9747118693014265e-07,1.9747122776321593e-07,4.0833073274699249e-14,4.0833073274699249e-14,7.8274401075365129e-12
C,2,0.0001,192,0.019200000000000002,0.24646966034235657,-1.9747118110147177e-07,1.9747122212424514e-07,4.1022773370668003e-14,4.1022773370668003e-14,7.8684628809071809e-12
C,2,0.0001,193,0.019300000000000001,0.24646946287118116,-1.9747117541157877e-07,1.9747121648541886e-07,4.1073840087085459e-14,4.1073840087085459e-14,7.9095367209942664e-12
C,2,0.0001,194,0.019400000000000001,0.24646926540001107,-1.9747117008250825e-07,1.9747121084673689e-07,4.0764228633738127e-14,4.0764228633738127e-14,7.9503009496280045e-12
C,2,0.0001,195,0.0195,0.24646906792884685,-1.974711642260818e-07,1.9747120520819925e-07,4.0982117456795912e-14,4.0982117456795912e-14,7.9912830670848004e-12
C,2,0.0001,196,0.019599999999999999,0.24646887045768837,-1.9747115848067764e-07,1.9747119956980601e-07,4.1089128370038909e-14,4.1089128370038909e-14,8.0323721954548393e-12
C,2,0.0001,197,0.019700000000000002,0.24646867298653546,-1.9747115290180695e-07,1.9747119393155727e-07,4.1029750328114978e-14,4.1029750328114978e-14,8.0734019457829543e-12
C,2,0.0001,198,0.019800000000000002,0.24646847551538806,-1.9747114740620297e-07,1.9747118829345271e-07,4.0887249740233651e-14,4.0887249740233651e-14,8.114289195523188e-12
C,2,0.0001,199,0.019900000000000001,0.24646827804424642,-1.9747114163304325e-07,1.9747118265549297e-07,4.1022449724672814e-14,4.1022449724672814e-14,8.1553116452478608e-12
C,2,0.0001,200,0.02,0.24646808057311023,-1.9747113619295042e-07,1.9747117701767712e-07,4.0824726691446344e-14,4.0824726691446344e-14,8.1961363719393071e-12
C,3,0.0001,0,0,0.25010642026090901,0,0,0,0,0
C,3,0.0001,1,0.0001,0.25010622010661321,-2.0015429580411137e-07,2.0015433781013009e-07,4.2006018718491672e-14,4.2006018718491672e-14,4.2006018718491672e-14
C,3,0.0001,2,0.00020000000000000001,0.25010601995232268,-2.00154290530552e-07,2.0015433169207339e-07,4.1161521390834757e-14,4.1161521390834757e-14,8.316754010932643e-14
C,3,0.0001,3,0.00030000000000000003,0.25010581979803903,-2.0015428364716925e-07,2.0015432557469605e-07,4.1927526795777797e-14,4.1927526795777797e-14,1.2509506690510423e-13
C,3,0.0001,4,0.00040000000000000002,0.25010561964376116,-2.0015427787400952e-07,2.0015431945799818e-07,4.1583988655338055e-14,4.1583988655338055e-14,1.6667905556044228e-13
C,3,0.0001,5,0.00050000000000000001,0.250105419489489,-2.0015427215636095e-07,2.0015431334198019e-07,4.1185619239956126e-14,4.1185619239956126e-14,2.0786467480039841e-13
C,3,0.0001,6,0.00060000000000000006,0.25010521933522328,-2.001542657170674e-07,2.0015430722664165e-07,4.1509574243353144e-14,4.1509574243353144e-14,2.4937424904375155e-13
C,3,0.0001,7,0.00069999999999999999,0.25010501918096428,-2.001542590002181e-07,2.0015430111198208e-07,4.2111763979223014e-14,4.2111763979223014e-14,2.9148601302297457e-13
C,3,0.0001,8,0.00080000000000000004,0.25010481902671067,-2.0015425361563643e-07,2.0015429499800197e-07,4.1382365538315292e-14,4.1382365538315292e-14,3.3286837856128986e-13
C,3,0.0001,9,0.00090000000000000008,0.25010461887246327,-2.001542473983875e-07,2.0015428888470089e-07,4.1486313395132561e-14,4.1486313395132561e-14,3.7435469195642242e-13
C,3,0.0001,10,0.001,0.25010441871822187,-2.0015424140318316e-07,2.0015428277207879e-07,4.1368895623341361e-14,4.1368895623341361e-14,4.1572358757976378e-13
C,3,0.0001,11,0.0011000000000000001,0.25010421856398712,-2.0015423474184502e-07,2.0015427666013608e-07,4.1918291066158291e-14,4.1918291066158291e-14,4.5764187864592207e-13
C,3,0.0001,12,0.0012000000000000001,0.2501040184097576,-2.001542295237968e-07,2.0015427054887175e-07,4.1025074944474151e-14,4.1025074944474151e-14,4.9866695359039622e-13
C,3,0.0001,13,0.0013000000000000002,0.25010381825553529,-2.0015422230734714e-07,2.0015426443828668e-07,4.2130939534599431e-14,4.2130939534599431e-14,5.4079789312499565e-13
C,3,0.0001,14,0.0014,0.25010361810131854,-2.0015421675623202e-07,2.0015425832838042e-07,4.1572148405284861e-14,4.1572148405284861e-14,5.8237004153028051e-13
C,3,0.0001,15,0.0015,0.25010341794710794,-2.0015421059449423e-07,2.0015425221915264e-07,4.1624658412904879e-14,4.1624658412904879e-14,6.2399469994318539e-13
C,3,0.0001,16,0.0016000000000000001,0.25010321779290329,-2.0015420465480105e-07,2.0015424611060358e-07,4.1455802527218632e-14,4.1455802527218632e-14,6.6545050247040402e-13
C,3,0.0001,17,0.0017000000000000001,0.25010301763870546,-2.0015419782692945e-07,2.0015424000273285e-07,4.2175803402274363e-14,4.2175803402274363e-14,7.0762630587267839e-13
C,3,0.0001,18,0.0018000000000000002,0.25010281748451263,-2.0015419283092584e-07,2.0015423389554036e-07,4.106461452186132e-14,4.106461452186132e-14,7.4869092039453971e-13
C,3,0.0001,19,0.0019,0.25010261733032646,-2.0015418616958769e-07,2.0015422778902637e-07,4.1619438678246542e-14,4.1619438678246542e-14,7.9031035907278625e-13
C,3,0.0001,20,0.002,0.25010241717614617,-2.0015418028540566e-07,2.0015422168319088e-07,4.1397785217254685e-14,4.1397785217254685e-14,8.3170814429004093e-13
C,3,0.0001,21,0.0021000000000000003,0.25010221702197233,-2.0015417384611212e-07,2.0015421557803386e-07,4.1731921741966157e-14,4.1731921741966157e-14,8.7344006603200709e-13
C,3,0.0001,22,0.0022000000000000001,0.25010201686780442,-2.0015416790641893e-07,2.0015420947355457e-07,4.1567135637833231e-14,4.1567135637833231e-14,9.1500720166984032e-13
C,3,0.0001,23,0.0023,0.25010181671364273,-2.0015416168917e-07,2.0015420336975326e-07,4.1680583260321531e-14,4.1680583260321531e-14,9.5668778493016185e-13
C,3,0.0001,24,0.0024000000000000002,0.25010161655948671,-2.0015415602703257e-07,2.0015419726663002e-07,4.123959744684131e-14,4.123959744684131e-14,9.9792738237700316e-13
C,3,0.0001,25,0.0025000000000000001,0.25010141640533745,-2.0015414925467212e-07,2.0015419116418443e-07,4.1909512310813829e-14,4.1909512310813829e-14,1.039836894687817e-12
C,3,0.0001,26,0.0026000000000000003,0.25010121625119397,-2.0015414348151239e-07,2.0015418506241713e-07,4.1580904740726001e-14,4.1580904740726001e-14,1.081417799428543e-12
C,3,0.0001,27,0.0027000000000000001,0.25010101609705665,-2.0015413731977461e-07,2.0015417896132704e-07,4.1641552432098306e-14,4.1641552432098306e-14,1.1230593518606413e-12
C,3,0.0001,28,0.0028,0.25010081594292488,-2.0015413176865948e-07,2.0015417286091505e-07,4.1092255562740613e-14,4.1092255562740613e-14,1.1641516074233819e-12
C,3,0.0001,29,0.0029000000000000002,0.25010061578879955,-2.0015412532936594e-07,2.0015416676117991e-07,4.1431813971817239e-14,4.1431813971817239e-14,1.2055834213951992e-12
C,3,0.0001,30,0.0030000000000000001,0.25010041563468116,-2.0015411839047204e-07,2.0015416066212307e-07,4.2271651030077479e-14,4.2271651030077479e-14,1.2478550724252766e-12
C,3,0.0001,31,0.0031000000000000003,0.25010021548056793,-2.0015411322793497e-07,2.0015415456374316e-07,4.1335808187081003e-14,4.1335808187081003e-14,1.2891908806123576e-12
C,3,0.0001,32,0.0032000000000000002,0.25010001532646137,-2.0015410656659682e-07,2.0015414846604064e-07,4.1899443815458275e-14,4.1899443815458275e-14,1.3310903244278159e-12
C,3,0.0001,33,0.0033,0.2500998151723603,-2.0015410107099285e-07,2.0015414236901522e-07,4.1298022364941344e-14,4.1298022364941344e-14,1.3723883467927573e-12
C,3,0.0001,34,0.0034000000000000002,0.2500996150182655,-2.0015409479823276e-07,2.0015413627266684e-07,4.1474434075684674e-14,4.1474434075684674e-14,1.4138627808684419e-12
C,3,0.0001,35,0.0035000000000000001,0.25009941486417675,-2.0015408874751728e-07,2.001541301769959e-07,4.142947862257232e-14,4.142947862257232e-14,1.4552922594910142e-12
C,3,0.0001,36,0.0036000000000000003,0.25009921471009416,-2.0015408258577949e-07,2.0015412408200169e-07,4.1496222198307778e-14,4.1496222198307778e-14,1.496788481689322e-12
C,3,0.0001,37,0.0037000000000000002,0.25009901455601802,-2.0015407614648595e-07,2.0015411798768466e-07,4.1841198706571076e-14,4.1841198706571076e-14,1.5386296803958931e-12
C,3,0.0001,38,0.0038,0.25009881440194809,-2.0015406992923701e-07,2.0015411189404432e-07,4.196480730982486e-14,4.196480730982486e-14,1.580594487705718e-12
C,3,0.0001,39,0.0039000000000000003,0.25009861424788349,-2.0015406460016649e-07,2.0015410580108061e-07,4.1200914113884697e-14,4.1200914113884697e-14,1.6217954018196027e-12
C,3,0.0001,40,0.0040000000000000001,0.25009841409382544,-2.0015405804985065e-07,2.0015409970879365e-07,4.1658942997887282e-14,4.1658942997887282e-14,1.6634543448174899e-12
C,3,0.0001,41,0.0041000000000000003,0.25009821393977327,-2.0015405216566862e-07,2.0015409361718344e-07,4.1451514819969851e-14,4.1451514819969851e-14,1.7049058596374598e-12
C,3,0.0001,42,0.0042000000000000006,0.25009801378572749,-2.0015404578188623e-07,2.0015408752624953e-07,4.1744363306002563e-14,4.1744363306002563e-14,1.7466502229434624e-12
C,3,0.0001,43,0.0043,0.25009781363168737,-2.001540401197488e-07,2.0015408143599182e-07,4.1316243023018629e-14,4.1316243023018629e-14,1.787966465966481e-12
C,3,0.0001,44,0.0044000000000000003,0.25009761347765375,-2.0015403362494411e-07,2.0015407534641084e-07,4.1721466734888859e-14,4.1721466734888859e-14,1.8296879327013698e-12
C,3,0.0001,45,0.0045000000000000005,0.25009741332362606,-2.0015402768525092e-07,2.0015406925750574e-07,4.157225481379886e-14,4.157225481379886e-14,1.8712601875151687e-12
C,3,0.0001,46,0.0045999999999999999,0.25009721316960432,-2.0015402174555774e-07,2.0015406316927741e-07,4.1423719672033718e-14,4.1423719672033718e-14,1.9126839071872024e-12
C,3,0.0001,47,0.0047000000000000002,0.25009701301558934,-2.0015401497319729e-07,2.00154057081725e-07,4.2108527704559572e-14,4.2108527704559572e-14,1.954792434891762e-12
C,3,0.0001,48,0.0048000000000000004,0.25009681286157964,-2.0015400969963792e-07,2.0015405099484811e-07,4.129521018908668e-14,4.129521018908668e-14,1.9960876450808487e-12
C,3,0.0001,49,0.0048999999999999998,0.25009661270757638,-2.0015400326034438e-07,2.0015404490864761e-07,4.1648303231748364e-14,4.1648303231748364e-14,2.037735948312597e-12
C,3,0.0001,50,0.0050000000000000001,0.25009641255357873,-2.0015399765371811e-07,2.0015403882312289e-07,4.1169404779414412e-14,4.1169404779414412e-14,2.0789053530920114e-12
C,3,0.0001,51,0.0051000000000000004,0.2500962123995879,-2.0015399082584651e-07,2.0015403273827383e-07,4.1912427321762246e-14,4.1912427321762246e-14,2.1208177804137737e-12
C,3,0.0001,52,0.0052000000000000006,0.25009601224560274,-2.0015398516370908e-07,2.0015402665410094e-07,4.149039185877359e-14,4.149039185877359e-14,2.1623081722725473e-12
C,3,0.0001,53,0.0053,0.25009581209162357,-2.0015397916850475e-07,2.0015402057060298e-07,4.1402098229612765e-14,4.1402098229612765e-14,2.20371027050216e-12
C,3,0.0001,54,0.0054000000000000003,0.25009561193765106,-2.001539725071666e-07,2.0015401448778113e-07,4.1980614532807401e-14,4.1980614532807401e-14,2.2456908850349674e-12
C,3,0.0001,55,0.0055000000000000005,0.25009541178368389,-2.0015396717809608e-07,2.0015400840563451e-07,4.1227538424059708e-14,4.1227538424059708e-14,2.2869184234590272e-12
C,3,0.0001,56,0.0055999999999999999,0.25009521162972292,-2.0015396096084714e-07,2.0015400232416326e-07,4.1363316111438678e-14,4.1363316111438678e-14,2.3282817395704658e-12
C,3,0.0001,57,0.0057000000000000002,0.25009501147576829,-2.001539546325759e-07,2.0015399624336706e-07,4.1610791160069346e-14,4.1610791160069346e-14,2.3698925307305352e-12
C,3,0.0001,58,0.0058000000000000005,0.25009481132181999,-2.0015394830430466e-07,2.0015399016324622e-07,4.1858941558656771e-14,4.1858941558656771e-14,2.4117514722891919e-12
C,3,0.0001,59,0.0058999999999999999,0.25009461116787729,-2.0015394269767839e-07,2.0015398408380105e-07,4.1386122658831957e-14,4.1386122658831957e-14,2.4531375949480239e-12
C,3,0.0001,60,0.0060000000000000001,0.25009441101394103,-2.0015393625838485e-07,2.0015397800503016e-07,4.1746645318641585e-14,4.1746645318641585e-14,2.4948842402666655e-12
C,3,0.0001,61,0.0061000000000000004,0.25009421086001071,-2.0015393031869166e-07,2.0015397192693468e-07,4.1608243020266209e-14,4.1608243020266209e-14,2.5364924832869317e-12
C,3,0.0001,62,0.0062000000000000006,0.25009401070608628,-2.0015392443450963e-07,2.0015396584951405e-07,4.141500441769052e-14,4.141500441769052e-14,2.5779074877046222e-12
C,3,0.0001,63,0.0063,0.25009381055216823,-2.0015391805072724e-07,2.0015395977276827e-07,4.1722041023227097e-14,4.1722041023227097e-14,2.6196295287278493e-12
C,3,0.0001,64,0.0064000000000000003,0.25009361039825562,-2.0015391261063442e-07,2.0015395369669706e-07,4.108606264016544e-14,4.108606264016544e-14,2.6607155913680148e-12
C,3,0.0001,65,0.0065000000000000006,0.25009341024435006,-2.0015390556071821e-07,2.0015394762130055e-07,4.2060582331022528e-14,4.2060582331022528e-14,2.7027761736990373e-12
C,3,0.0001,66,0.0066,0.25009321009044999,-2.0015390006511424e-07,2.0015394154657893e-07,4.1481464687374901e-14,4.1481464687374901e-14,2.7442576383864122e-12
C,3,0.0001,67,0.0067000000000000002,0.25009300993655631,-2.0015389368133185e-07,2.0015393547253153e-07,4.1791199675183635e-14,4.1791199675183635e-14,2.7860488380615958e-12
C,3,0.0001,68,0.0068000000000000005,0.25009280978266801,-2.0015388829675018e-07,2.0015392939915871e-07,4.1102408523162876e-14,4.1102408523162876e-14,2.8271512465847587e-12
C,3,0.0001,69,0.0069000000000000008,0.25009260962878682,-2.0015388119132282e-07,2.001539233264602e-07,4.2135137376946464e-14,4.2135137376946464e-14,2.8692863839617052e-12
C,3,0.0001,70,0.0070000000000000001,0.25009240947491124,-2.0015387558469655e-07,2.0015391725443559e-07,4.1669739041604969e-14,4.1669739041604969e-14,2.9109561230033101e-12
C,3,0.0001,71,0.0071000000000000004,0.25009220932104126,-2.0015386997807028e-07,2.0015391118308543e-07,4.1205015156247726e-14,4.1205015156247726e-14,2.9521611381595579e-12
C,3,0.0001,72,0.0072000000000000007,0.25009200916717789,-2.0015386337224328e-07,2.0015390511240925e-07,4.1740165966581343e-14,4.1740165966581343e-14,2.9939013041261392e-12
C,3,0.0001,73,0.0073000000000000001,0.2500918090133204,-2.0015385748806125e-07,2.0015389904240722e-07,4.1554345969725283e-14,4.1554345969725283e-14,3.0354556500958645e-12
C,3,0.0001,74,0.0074000000000000003,0.25009160885946885,-2.0015385154836807e-07,2.0015389297307919e-07,4.1424711124098479e-14,4.1424711124098479e-14,3.076880361219963e-12
C,3,0.0001,75,0.0075000000000000006,0.25009140870562324,-2.0015384560867489e-07,2.0015388690442471e-07,4.1295749828483419e-14,4.1295749828483419e-14,3.1181761110484464e-12
C,3,0.0001,76,0.0076,0.25009120855178446,-2.0015383878080328e-07,2.0015388083644421e-07,4.2055640926096704e-14,4.2055640926096704e-14,3.1602317519745431e-12
C,3,0.0001,77,0.0077000000000000002,0.25009100839795084,-2.0015383361826622e-07,2.0015387476913749e-07,4.1150871275012015e-14,4.1150871275012015e-14,3.2013826232495551e-12
C,3,0.0001,78,0.0078000000000000005,0.25009080824412411,-2.0015382673488347e-07,2.0015386870250428e-07,4.1967620809168504e-14,4.1967620809168504e-14,3.2433502440587236e-12
C,3,0.0001,79,0.0079000000000000008,0.25009060809030281,-2.0015382129479065e-07,2.0015386263654477e-07,4.1341754120142711e-14,4.1341754120142711e-14,3.2846919981788663e-12
C,3,0.0001,80,0.0080000000000000002,0.25009040793648746,-2.0015381535509746e-07,2.0015385657125846e-07,4.121616099810285e-14,4.121616099810285e-14,3.3259081591769692e-12
C,3,0.0001,81,0.0080999999999999996,0.25009020778267926,-2.0015380819415896e-07,2.0015385050664566e-07,4.2312486700222846e-14,4.2312486700222846e-14,3.368220645877192e-12
C,3,0.0001,82,0.0082000000000000007,0.25009000762887601,-2.001538032536665e-07,2.0015384444270624e-07,4.1189039744285596e-14,4.1189039744285596e-14,3.4094096856214776e-12
C,3,0.0001,83,0.0083000000000000001,0.25008980747507903,-2.0015379698090641e-07,2.001538383794399e-07,4.1398533491454246e-14,4.1398533491454246e-14,3.4508082191129319e-12
C,3,0.0001,84,0.0084000000000000012,0.25008960732128854,-2.0015379048610171e-07,2.0015383231684647e-07,4.1830744758284961e-14,4.1830744758284961e-14,3.4926389638712168e-12
C,3,0.0001,85,0.0085000000000000006,0.25008940716750372,-2.0015378482396429e-07,2.0015382625492646e-07,4.1430962174309656e-14,4.1430962174309656e-14,3.5340699260455265e-12
C,3,0.0001,86,0.0086,0.25008920701372483,-2.0015377888427111e-07,2.001538201936796e-07,4.1309408499455691e-14,4.1309408499455691e-14,3.5753793345449822e-12
C,3,0.0001,87,0.0087000000000000011,0.25008900685995267,-2.0015377216742181e-07,2.0015381413310513e-07,4.1965683327180778e-14,4.1965683327180778e-14,3.6173450178721629e-12
C,3,0.0001,88,0.0088000000000000005,0.25008880670618611,-2.0015376656079553e-07,2.0015380807320384e-07,4.1512408309715538e-14,4.1512408309715538e-14,3.6588574261818785e-12
C,3,0.0001,89,0.0088999999999999999,0.25008860655242554,-2.001537605655912e-07,2.0015380201397486e-07,4.1448383656801207e-14,4.1448383656801207e-14,3.7003058098386797e-12
C,3,0.0001,90,0.0090000000000000011,0.25008840639867097,-2.0015375457038687e-07,2.0015379595541886e-07,4.1385031998033249e-14,4.1385031998033249e-14,3.7416908418367129e-12
C,3,0.0001,91,0.0091000000000000004,0.25008820624492267,-2.0015374829762678e-07,2.0015378989753547e-07,4.1599908692521259e-14,4.1599908692521259e-14,3.7832907505292342e-12
C,3,0.0001,92,0.0091999999999999998,0.25008800609118054,-2.0015374213588899e-07,2.0015378384032462e-07,4.1704435628706874e-14,4.1704435628706874e-14,3.8249951861579411e-12
C,3,0.0001,93,0.009300000000000001,0.25008780593744467,-2.001537358631289e-07,2.0015377778378599e-07,4.1920657093877768e-14,4.1920657093877768e-14,3.8669158432518188e-12
C,3,0.0001,94,0.0094000000000000004,0.25008760578371464,-2.0015373003445802e-07,2.0015377172791976e-07,4.1693461734540043e-14,4.1693461734540043e-14,3.9086093049863589e-12
C,3,0.0001,95,0.0094999999999999998,0.2500874056299901,-2.0015372453885405e-07,2.0015376567272564e-07,4.1133871588458417e-14,4.1133871588458417e-14,3.9497431765748173e-12
C,3,0.0001,96,0.0096000000000000009,0.25008720547627222,-2.001537178775159e-07,2.0015375961820414e-07,4.1740688241802664e-14,4.1740688241802664e-14,3.99148386481662e-12
C,3,0.0001,97,0.0097000000000000003,0.25008700532255979,-2.0015371243742308e-07,2.0015375356435453e-07,4.1126931450474868e-14,4.1126931450474868e-14,4.0326107962670948e-12
C,3,0.0001,98,0.0097999999999999997,0.25008680516885412,-2.0015370566506263e-07,2.0015374751117659e-07,4.1846113959354654e-14,4.1846113959354654e-14,4.0744569102264495e-12
C,3,0.0001,99,0.0099000000000000008,0.25008660501515434,-2.001536997808806e-07,2.0015374145867101e-07,4.1677790407405977e-14,4.1677790407405977e-14,4.1161347006338555e-12
C,3,0.0001,100,0.01,0.25008640486146055,-2.0015369378567627e-07,2.0015373540683699e-07,4.162116072269809e-14,4.162116072269809e-14,4.1577558613565535e-12
C,3,0.0001,101,0.010100000000000001,0.25008620470777287,-2.0015368767944963e-07,2.0015372935567504e-07,4.1676225408156806e-14,4.1676225408156806e-14,4.1994320867647104e-12
C,3,0.0001,102,0.010200000000000001,0.25008600455409069,-2.0015368218384566e-07,2.0015372330518452e-07,4.1121338862501063e-14,4.1121338862501063e-14,4.2405534256272114e-12
C,3,0.0001,103,0.0103,0.25008580440041511,-2.0015367557801866e-07,2.0015371725536591e-07,4.1677347250355885e-14,4.1677347250355885e-14,4.2822307728775673e-12
C,3,0.0001,104,0.010400000000000001,0.2500856042467457,-2.0015366941628088e-07,2.0015371120621869e-07,4.1789937807850463e-14,4.1789937807850463e-14,4.3240207106854178e-12
C,3,0.0001,105,0.010500000000000001,0.25008540409308194,-2.0015366375414345e-07,2.0015370515774281e-07,4.1403599357283757e-14,4.1403599357283757e-14,4.3654243100427015e-12
C,3,0.0001,106,0.0106,0.25008520393942435,-2.0015365759240566e-07,2.0015369910993863e-07,4.1517532964925545e-14,4.1517532964925545e-14,4.4069418430076271e-12
C,3,0.0001,107,0.010700000000000001,0.25008500378577314,-2.0015365120862327e-07,2.0015369306280506e-07,4.1854181789358573e-14,4.1854181789358573e-14,4.4487960247969856e-12
C,3,0.0001,108,0.010800000000000001,0.25008480363212737,-2.0015364576853045e-07,2.0015368701634343e-07,4.1247812978215408e-14,4.1247812978215408e-14,4.490043837775201e-12
C,3,0.0001,109,0.0109,0.25008460347848771,-2.0015363966230382e-07,2.0015368097055241e-07,4.1308248593713545e-14,4.1308248593713545e-14,4.5313520863689146e-12
C,3,0.0001,110,0.011000000000000001,0.25008440332485438,-2.0015363333403258e-07,2.0015367492543285e-07,4.1591400273035869e-14,4.1591400273035869e-14,4.5729434866419505e-12
C,3,0.0001,111,0.0111,0.25008420317122726,-2.0015362711678364e-07,2.0015366888098406e-07,4.1764200420580565e-14,4.1764200420580565e-14,4.614707687062531e-12
C,3,0.0001,112,0.0112,0.25008400301760625,-2.00153621010557e-07,2.0015366283720636e-07,4.1826649353984987e-14,4.1826649353984987e-14,4.656534336416516e-12
C,3,0.0001,113,0.011300000000000001,0.25008380286399073,-2.0015361551495303e-07,2.0015365679409951e-07,4.1279146473939798e-14,4.1279146473939798e-14,4.6978134828904558e-12
C,3,0.0001,114,0.0114,0.25008360271038171,-2.0015360902014834e-07,2.0015365075166337e-07,4.1731515033802577e-14,4.1731515033802577e-14,4.7395449979242584e-12
C,3,0.0001,115,0.0115,0.25008340255677852,-2.0015360319147746e-07,2.0015364470989772e-07,4.1518420258407574e-14,4.1518420258407574e-14,4.781063418182666e-12
C,3,0.0001,116,0.011600000000000001,0.25008320240318122,-2.0015359730729543e-07,2.0015363866880225e-07,4.1361506822593563e-14,4.1361506822593563e-14,4.8224249250052595e-12
C,3,0.0001,117,0.0117,0.25008300224959035,-2.0015359086800188e-07,2.0015363262837808e-07,4.176037619917261e-14,4.176037619917261e-14,4.8641853012044321e-12
C,3,0.0001,118,0.0118,0.25008280209600542,-2.001535849283087e-07,2.0015362658862382e-07,4.1660315111852496e-14,4.1660315111852496e-14,4.9058456163162846e-12
C,3,0.0001,119,0.011900000000000001,0.25008260194242671,-2.0015357871105977e-07,2.0015362054954029e-07,4.1838480524903778e-14,4.1838480524903778e-14,4.9476840968411884e-12
C,3,0.0001,120,0.012,0.25008240178885338,-2.001535733264781e-07,2.0015361451112695e-07,4.1184648857835928e-14,4.1184648857835928e-14,4.9888687456990243e-12
C,3,0.0001,121,0.012100000000000001,0.25008220163528611,-2.0015356727576261e-07,2.0015360847338365e-07,4.1197621035074229e-14,4.1197621035074229e-14,5.0300663667340986e-12
C,3,0.0001,122,0.012200000000000001,0.25008200148172521,-2.0015356089198022e-07,2.0015360243631055e-07,4.1544330334519593e-14,4.1544330334519593e-14,5.0716106970686182e-12
C,3,0.0001,123,0.0123,0.25008180132817098,-2.0015355423064207e-07,2.0015359639990712e-07,4.2169265049075389e-14,4.2169265049075389e-14,5.1137799621176935e-12
C,3,0.0001,124,0.012400000000000001,0.25008160117462191,-2.0015354906810501e-07,2.0015359036417359e-07,4.1296068577569383e-14,4.1296068577569383e-14,5.1550760306952629e-12
C,3,0.0001,125,0.012500000000000001,0.25008140102107929,-2.0015354262881146e-07,2.0015358432911045e-07,4.170029898449028e-14,4.170029898449028e-14,5.1967763296797532e-12
C,3,0.0001,126,0.0126,0.25008120086754254,-2.0015353674462943e-07,2.0015357829471718e-07,4.1550087749810978e-14,4.1550087749810978e-14,5.2383264174295642e-12
C,3,0.0001,127,0.012700000000000001,0.2500810007140119,-2.001535306384028e-07,2.0015357226099292e-07,4.1622590117266361e-14,4.1622590117266361e-14,5.2799490075468305e-12
C,3,0.0001,128,0.012800000000000001,0.25008080056048765,-2.0015352425462041e-07,2.0015356622793878e-07,4.197331837628821e-14,4.197331837628821e-14,5.3219223259231188e-12
C,3,0.0001,129,0.0129,0.2500806004069685,-2.0015351914759449e-07,2.0015356019555386e-07,4.1047959365959018e-14,4.1047959365959018e-14,5.3629702852890778e-12
C,3,0.0001,130,0.013000000000000001,0.25008040025345613,-2.0015351237523404e-07,2.0015355416383886e-07,4.1788604816219501e-14,4.1788604816219501e-14,5.4047588901052973e-12
C,3,0.0001,131,0.013100000000000001,0.25008020009994925,-2.0015350687963007e-07,2.0015354813279296e-07,4.1253162891249825e-14,4.1253162891249825e-14,5.4460120529965471e-12
C,3,0.0001,132,0.0132,0.25007999994644903,-2.0015350021829192e-07,2.0015354210241641e-07,4.1884124483453352e-14,4.1884124483453352e-14,5.4878961774800005e-12
C,3,0.0001,133,0.013300000000000001,0.25007979979295397,-2.0015349505575486e-07,2.001535360727093e-07,4.1016954439608824e-14,4.1016954439608824e-14,5.5289131319196093e-12
C,3,0.0001,134,0.0134,0.25007959963946585,-2.0015348811686096e-07,2.0015353004367092e-07,4.1926809967676403e-14,4.1926809967676403e-14,5.5708399418872857e-12
C,3,0.0001,135,0.0135,0.25007939948598351,-2.0015348234370123e-07,2.0015352401530165e-07,4.167160042297634e-14,4.167160042297634e-14,5.612511542310262e-12
C,3,0.0001,136,0.013600000000000001,0.25007919933250683,-2.001534766815638e-07,2.0015351798760161e-07,4.1306037811251431e-14,4.1306037811251431e-14,5.6538175801215134e-12
C,3,0.0001,137,0.0137,0.2500789991790362,-2.0015347063084832e-07,2.0015351196057049e-07,4.1329722175945642e-14,4.1329722175945642e-14,5.6951473022974591e-12
C,3,0.0001,138,0.013800000000000002,0.25007879902557206,-2.0015346413604362e-07,2.0015350593420819e-07,4.1798164562411111e-14,4.1798164562411111e-14,5.7369454668598702e-12
C,3,0.0001,139,0.013900000000000001,0.25007859887211398,-2.0015345808532814e-07,2.0015349990851443e-07,4.1823186286249917e-14,4.1823186286249917e-14,5.7787686531461201e-12
C,3,0.0001,140,0.014,0.25007839871866133,-2.0015345264523532e-07,2.001534938834894e-07,4.1238254079056745e-14,4.1238254079056745e-14,5.8200069072251769e-12
C,3,0.0001,141,0.014100000000000001,0.25007819856521535,-2.0015344598389717e-07,2.0015348785913313e-07,4.1875235957932881e-14,4.1875235957932881e-14,5.8618821431831097e-12
C,3,0.0001,142,0.014200000000000001,0.25007799841177475,-2.001534405993155e-07,2.0015348183544541e-07,4.1236129905713488e-14,4.1236129905713488e-14,5.9031182730888232e-12
C,3,0.0001,143,0.0143,0.25007779825834087,-2.001534338824662e-07,2.0015347581242607e-07,4.1929959871449005e-14,4.1929959871449005e-14,5.9450482329602722e-12
C,3,0.0001,144,0.014400000000000001,0.25007759810491209,-2.0015342877544029e-07,2.0015346979007476e-07,4.1014634469305853e-14,4.1014634469305853e-14,5.9860628674295781e-12
C,3,0.0001,145,0.014500000000000001,0.25007739795149042,-2.0015342167001293e-07,2.0015346376839218e-07,4.209837924399984e-14,4.209837924399984e-14,6.0281612466735779e-12
C,3,0.0001,146,0.0146,0.25007719779807397,-2.0015341645196472e-07,2.001534577473774e-07,4.1295412682900633e-14,4.1295412682900633e-14,6.0694566593564786e-12
C,3,0.0001,147,0.014700000000000001,0.25007699764466385,-2.0015341012369348e-07,2.0015345172703098e-07,4.1603337508361524e-14,4.1603337508361524e-14,6.1110599968648401e-12
C,3,0.0001,148,0.014800000000000001,0.25007679749125972,-2.0015340412848914e-07,2.0015344570735283e-07,4.1578863682490693e-14,4.1578863682490693e-14,6.1526388605473308e-12
C,3,0.0001,149,0.0149,0.25007659733786153,-2.0015339818879596e-07,2.0015343968834208e-07,4.1499546114411482e-14,4.1499546114411482e-14,6.1941384066617423e-12
C,3,0.0001,150,0.015000000000000001,0.25007639718446928,-2.0015339224910278e-07,2.0015343366999934e-07,4.1420896564160078e-14,4.1420896564160078e-14,6.2355593032259023e-12
C,3,0.0001,151,0.015100000000000001,0.25007619703108369,-2.0015338558776463e-07,2.0015342765232466e-07,4.2064560024212614e-14,4.2064560024212614e-14,6.277623863250115e-12
C,3,0.0001,152,0.0152,0.25007599687770332,-2.0015338036971642e-07,2.0015342163531754e-07,4.1265601120094001e-14,4.1265601120094001e-14,6.318889464370209e-12
C,3,0.0001,153,0.015300000000000001,0.25007579672432934,-2.0015337398593402e-07,2.001534156189782e-07,4.1633044171431594e-14,4.1633044171431594e-14,6.3605225085416406e-12
C,3,0.0001,154,0.0154,0.25007559657096112,-2.001533682127743e-07,2.0015340960330605e-07,4.1390531756489992e-14,4.1390531756489992e-14,6.4019130402981305e-12
C,3,0.0001,155,0.0155,0.25007539641759974,-2.0015336138490269e-07,2.0015340358830198e-07,4.2203399285709655e-14,4.2203399285709655e-14,6.4441164395838402e-12
C,3,0.0001,156,0.015600000000000001,0.25007519626424324,-2.0015335649992139e-07,2.0015339757396479e-07,4.1074043401462579e-14,4.1074043401462579e-14,6.4851904829853028e-12
C,3,0.0001,157,0.015700000000000002,0.25007499611089318,-2.0015335006062784e-07,2.0015339156029532e-07,4.1499667478350955e-14,4.1499667478350955e-14,6.5266901504636537e-12
C,3,0.0001,158,0.015800000000000002,0.25007479595754922,-2.0015334395440121e-07,2.0015338554729287e-07,4.1592891659827968e-14,4.1592891659827968e-14,6.5682830421234817e-12
C,3,0.0001,159,0.015900000000000001,0.25007459580421137,-2.0015333784817457e-07,2.0015337953495732e-07,4.1686782747402045e-14,4.1686782747402045e-14,6.6099698248708837e-12
C,3,0.0001,160,0.016,0.2500743956508793,-2.0015333207501484e-07,2.0015337352328929e-07,4.144827444249057e-14,4.144827444249057e-14,6.6514180993133743e-12
C,3,0.0001,161,0.0161,0.25007419549755316,-2.0015332613532166e-07,2.0015336751228784e-07,4.1376966179732579e-14,4.1376966179732579e-14,6.6927950654931069e-12
C,3,0.0001,162,0.016199999999999999,0.25007399534423314,-2.0015332002909503e-07,2.0015336150195399e-07,4.1472858964979696e-14,4.1472858964979696e-14,6.7342679244580866e-12
C,3,0.0001,163,0.016300000000000002,0.2500737951909196,-2.0015331353429033e-07,2.0015335549228633e-07,4.1957996000258633e-14,4.1957996000258633e-14,6.7762259204583452e-12
C,3,0.0001,164,0.016400000000000001,0.2500735950376114,-2.0015330820521982e-07,2.0015334948328582e-07,4.1278066004006236e-14,4.1278066004006236e-14,6.8175039864623515e-12
C,3,0.0001,165,0.016500000000000001,0.25007339488430924,-2.0015330215450433e-07,2.001533434749515e-07,4.1320447165173207e-14,4.1320447165173207e-14,6.8588244336275247e-12
C,3,0.0001,166,0.0166,0.25007319473101414,-2.0015329510458812e-07,2.0015333746728426e-07,4.2362696139888341e-14,4.2362696139888341e-14,6.901187129767413e-12
C,3,0.0001,167,0.0167,0.25007299457772325,-2.0015329088574063e-07,2.0015333146028352e-07,4.0574542884389917e-14,4.0574542884389917e-14,6.9417616726518029e-12
C,3,0.0001,168,0.016800000000000002,0.25007279442443958,-2.0015328366929097e-07,2.001533254539493e-07,4.1784658330899565e-14,4.1784658330899565e-14,6.9835463309827025e-12
C,3,0.0001,169,0.016900000000000002,0.25007259427116213,-2.0015327745204203e-07,2.0015331944828104e-07,4.1996239008431572e-14,4.1996239008431572e-14,7.0255425699911341e-12
C,3,0.0001,170,0.017000000000000001,0.25007239411789001,-2.0015327212297152e-07,2.0015331344327956e-07,4.1320308040011621e-14,4.1320308040011621e-14,7.0668628780311457e-12
C,3,0.0001,171,0.017100000000000001,0.25007219396462393,-2.0015326607225603e-07,2.0015330743894407e-07,4.1366688043722579e-14,4.1366688043722579e-14,7.1082295660748683e-12
C,3,0.0001,172,0.0172,0.25007199381136425,-2.0015325968847364e-07,2.0015330143527476e-07,4.174680111976432e-14,4.174680111976432e-14,7.1499763671946326e-12
C,3,0.0001,173,0.017299999999999999,0.25007179365811039,-2.0015325385980276e-07,2.0015329543227185e-07,4.1572469086664736e-14,4.1572469086664736e-14,7.1915488362812973e-12
C,3,0.0001,174,0.017400000000000002,0.25007159350486252,-2.0015324786459843e-07,2.0015328942993407e-07,4.1565335639880756e-14,4.1565335639880756e-14,7.2331141719211781e-12
C,3,0.0001,175,0.017500000000000002,0.25007139335162043,-2.001532420914387e-07,2.0015328342826277e-07,4.1336824070752336e-14,4.1336824070752336e-14,7.2744509959919304e-12
C,3,0.0001,176,0.017600000000000001,0.25007119319838461,-2.0015323581867861e-07,2.0015327742725724e-07,4.1608578630601779e-14,4.1608578630601779e-14,7.3160595746225322e-12
C,3,0.0001,177,0.0177,0.25007099304515484,-2.0015322976796313e-07,2.0015327142691716e-07,4.1658954035785376e-14,4.1658954035785376e-14,7.3577185286583176e-12
C,3,0.0001,178,0.0178,0.25007079289193096,-2.001532238837811e-07,2.0015326542724319e-07,4.1543462099278877e-14,4.1543462099278877e-14,7.3992619907575964e-12
C,3,0.0001,179,0.017899999999999999,0.2500705927387129,-2.0015321805511022e-07,2.0015325942823452e-07,4.137312430298163e-14,4.137312430298163e-14,7.4406351150605781e-12
C,3,0.0001,180,0.018000000000000002,0.25007039258550118,-2.0015321172683898e-07,2.0015325342989111e-07,4.1703052132736432e-14,4.1703052132736432e-14,7.4823381671933145e-12
C,3,0.0001,181,0.018100000000000002,0.25007019243229556,-2.0015320562061234e-07,2.0015324743221344e-07,4.1811601098992965e-14,4.1811601098992965e-14,7.5241497682923075e-12
C,3,0.0001,182,0.018200000000000001,0.25006999227909577,-2.0015319979194146e-07,2.0015324143520109e-07,4.1643259627003497e-14,4.1643259627003497e-14,7.565793027919311e-12
C,3,0.0001,183,0.0183,0.25006979212590164,-2.0015319412980404e-07,2.0015323543885416e-07,4.1309050125109664e-14,4.1309050125109664e-14,7.6071020780444206e-12
C,3,0.0001,184,0.0184,0.25006959197271394,-2.0015318769051049e-07,2.0015322944317226e-07,4.1752661767196152e-14,4.1752661767196152e-14,7.6488547398116168e-12
C,3,0.0001,185,0.018500000000000003,0.25006939181953192,-2.0015318202837307e-07,2.0015322344815525e-07,4.1419782186438847e-14,4.1419782186438847e-14,7.6902745219980556e-12
C,3,0.0001,186,0.018600000000000002,0.25006919166635577,-2.0015317614419104e-07,2.0015321745380367e-07,4.1309612634395979e-14,4.1309612634395979e-14,7.7315841346324516e-12
C,3,0.0001,187,0.018700000000000001,0.25006899151318612,-2.0015316964938634e-07,2.0015321146011653e-07,4.181073019030451e-14,4.181073019030451e-14,7.7733948648227561e-12
C,3,0.0001,188,0.018800000000000001,0.25006879136002286,-2.0015316326560395e-07,2.0015320546709471e-07,4.2201490761660813e-14,4.2201490761660813e-14,7.8155963555844169e-12
C,3,0.0001,189,0.0189,0.25006859120686442,-2.0015315843613379e-07,2.0015319947473763e-07,4.1038603834117035e-14,4.1038603834117035e-14,7.856634959418534e-12
C,3,0.0001,190,0.019,0.25006839105371187,-2.0015315255195176e-07,2.0015319348304512e-07,4.0931093356723615e-14,4.0931093356723615e-14,7.8975660527752576e-12
C,3,0.0001,191,0.019100000000000002,0.25006819090056659,-2.0015314527999095e-07,2.0015318749201711e-07,4.2212026157458762e-14,4.2212026157458762e-14,7.9397780789327163e-12
C,3,0.0001,192,0.019200000000000002,0.25006799074742647,-2.0015314011745389e-07,2.0015318150165399e-07,4.1384200105799927e-14,4.1384200105799927e-14,7.9811622790385163e-12
C,3,0.0001,193,0.019300000000000001,0.25006779059429252,-2.001531339557161e-07,2.0015317551195519e-07,4.1556239088362396e-14,4.1556239088362396e-14,8.0227185181268787e-12
C,3,0.0001,194,0.019400000000000001,0.25006759044116467,-2.0015312784948947e-07,2.0015316952292091e-07,4.1673431443510508e-14,4.1673431443510508e-14,8.0643919495703892e-12
C,3,0.0001,195,0.0195,0.25006739028804215,-2.0015312252041895e-07,2.0015316353455083e-07,4.1014131887600556e-14,4.1014131887600556e-14,8.1054060814579897e-12
C,3,0.0001,196,0.019599999999999999,0.25006719013492662,-2.0015311552601389e-07,2.0015315754684481e-07,4.2020830915989206e-14,4.2020830915989206e-14,8.1474269123739789e-12
C,3,0.0001,197,0.019700000000000002,0.25006698998181642,-2.0015311019694337e-07,2.0015315155980317e-07,4.1362859798908124e-14,4.1362859798908124e-14,8.1887897721728871e-12
C,3,0.0001,198,0.019800000000000002,0.25006678982871244,-2.0015310397969444e-07,2.001531455734254e-07,4.1593730963599578e-14,4.1593730963599578e-14,8.2303835031364866e-12
C,3,0.0001,199,0.019900000000000001,0.25006658967561457,-2.001530978734678e-07,2.0015313958771181e-07,4.1714244005538282e-14,4.1714244005538282e-14,8.2720977471420249e-12
C,3,0.0001,200,0.02,0.25006638952252241,-2.0015309215581922e-07,2.001531336026626e-07,4.1446843380326184e-14,4.1446843380326184e-14,8.3135445905223511e-12
C,4,0.0001,0,0,0.25102114866861597,0,0,0,0,0
C,4,0.0001,1,0.0001,0.25102094783469114,-2.0083392482383999e-07,2.0083396714202524e-07,4.2318185246724397e-14,4.2318185246724397e-14,4.2318185246724397e-14
C,4,0.0001,2,0.00020000000000000001,0.25102074700077276,-2.0083391838454645e-07,2.0083396091370209e-07,4.2529155637017907e-14,4.2529155637017907e-14,8.4847340883742304e-14
C,4,0.0001,3,0.00030000000000000003,0.25102054616686065,-2.0083391211178636e-07,2.0083395468819513e-07,4.2576408772878807e-14,4.2576408772878807e-14,1.2742374965662111e-13
C,4,0.0001,4,0.00040000000000000002,0.25102034533295281,-2.0083390783742772e-07,2.0083394846550115e-07,4.0628073434362477e-14,4.0628073434362477e-14,1.6805182309098359e-13
C,4,0.0001,5,0.00050000000000000001,0.25102014449905258,-2.008339002324e-07,2.0083394224561918e-07,4.2013219186757603e-14,4.2013219186757603e-14,2.1006504227774119e-13
C,4,0.0001,6,0.00060000000000000006,0.25101994366515817,-2.0083389440372912e-07,2.0083393602854717e-07,4.1624818052145656e-14,4.1624818052145656e-14,2.5168986032988685e-13
C,4,0.0001,7,0.00069999999999999999,0.25101974283126988,-2.0083388829750248e-07,2.0083392981428469e-07,4.1516782202566702e-14,4.1516782202566702e-14,2.9320664253245355e-13
C,4,0.0001,8,0.00080000000000000004,0.2510195419973883,-2.0083388158065318e-07,2.0083392360283094e-07,4.20221777513149e-14,4.20221777513149e-14,3.3522882028376845e-13
C,4,0.0001,9,0.00090000000000000008,0.25101934116351221,-2.0083387608504921e-07,2.0083391739418338e-07,4.1309134166659899e-14,4.1309134166659899e-14,3.7653795445042835e-13
C,4,0.0001,10,0.001,0.25101914032964301,-2.0083386920166646e-07,2.0083391118834127e-07,4.1986674815316989e-14,4.1986674815316989e-14,4.1852462926574534e-13
C,4,0.0001,11,0.0011000000000000001,0.25101893949577947,-2.0083386353952903e-07,2.0083390498530256e-07,4.1445773524774243e-14,4.1445773524774243e-14,4.5997040279051958e-13
C,4,0.0001,12,0.0012000000000000001,0.25101873866192248,-2.0083385698921319e-07,2.0083389878506747e-07,4.1795854280047475e-14,4.1795854280047475e-14,5.0176625707056706e-13
C,4,0.0001,13,0.0013000000000000002,0.25101853782807132,-2.0083385116054231e-07,2.0083389258763256e-07,4.1427090254358859e-14,4.1427090254358859e-14,5.4319334732492592e-13
C,4,0.0001,14,0.0014,0.25101833699422671,-2.0083384461022646e-07,2.0083388639299753e-07,4.1782771062083744e-14,4.1782771062083744e-14,5.8497611838700966e-13
C,4,0.0001,15,0.0015,0.25101813616038821,-2.0083383850399983e-07,2.0083388020116064e-07,4.1697160806830041e-14,4.1697160806830041e-14,6.266732791938397e-13
C,4,0.0001,16,0.0016000000000000001,0.25101793532655636,-2.0083383184266168e-07,2.0083387401212086e-07,4.2169459178438988e-14,4.2169459178438988e-14,6.6884273837227869e-13
C,4,0.0001,17,0.0017000000000000001,0.25101773449273063,-2.0083382573643505e-07,2.008338678258773e-07,4.2089442252312919e-14,4.2089442252312919e-14,7.1093218062459161e-13
C,4,0.0001,18,0.0018000000000000002,0.25101753365891138,-2.0083381924163035e-07,2.0083386164242759e-07,4.2400797243572836e-14,4.2400797243572836e-14,7.5333297786816444e-13
C,4,0.0001,19,0.0019,0.25101733282509614,-2.0083381524482746e-07,2.0083385546177109e-07,4.0216943626448839e-14,4.0216943626448839e-14,7.9354992149461328e-13
C,4,0.0001,20,0.002,0.25101713199128911,-2.0083380702917708e-07,2.0083384928390627e-07,4.225472919114569e-14,4.225472919114569e-14,8.3580465068575897e-13
C,4,0.0001,21,0.0021000000000000003,0.25101693115748719,-2.0083380192215117e-07,2.0083384310883163e-07,4.1186680466359917e-14,4.1186680466359917e-14,8.7699133115211889e-13
C,4,0.0001,22,0.0022000000000000001,0.25101673032369243,-2.0083379476121266e-07,2.0083383693654532e-07,4.2175332663713926e-14,4.2175332663713926e-14,9.1916666381583282e-13
C,4,0.0001,23,0.0023,0.2510165294899025,-2.008337899317425e-07,2.0083383076704752e-07,4.0835305021226807e-14,4.0835305021226807e-14,9.6000196883705962e-13
C,4,0.0001,24,0.0024000000000000002,0.25101632865612056,-2.0083378193813672e-07,2.008338246003349e-07,4.2662198175600854e-14,4.2662198175600854e-14,1.0026641670126605e-12
C,4,0.0001,25,0.0025000000000000001,0.25101612782234417,-2.008337763870216e-07,2.0083381843640809e-07,4.2049386487753737e-14,4.2049386487753737e-14,1.0447135535004142e-12
C,4,0.0001,26,0.0026000000000000003,0.25101592698857295,-2.0083377122448454e-07,2.0083381227526367e-07,4.1050779138640428e-14,4.1050779138640428e-14,1.0857643326390546e-12
C,4,0.0001,27,0.0027000000000000001,0.25101572615480922,-2.0083376373047912e-07,2.0083380611690195e-07,4.2386422829760134e-14,4.2386422829760134e-14,1.1281507554688148e-12
C,4,0.0001,28,0.0028,0.25101552532104943,-2.0083375978918738e-07,2.0083379996132103e-07,4.0172133651245176e-14,4.0172133651245176e-14,1.16832288912006e-12
C,4,0.0001,29,0.0029000000000000002,0.25101532448729824,-2.0083375118495894e-07,2.008337938085191e-07,4.2623560158906918e-14,4.2623560158906918e-14,1.2109464492789669e-12
C,4,0.0001,30,0.0030000000000000001,0.25101512365355211,-2.0083374613344418e-07,2.0083378765849557e-07,4.1525051388184052e-14,4.1525051388184052e-14,1.2524715006671509e-12
C,4,0.0001,31,0.0031000000000000003,0.25101492281981297,-2.0083373913903912e-07,2.0083378151124869e-07,4.2372209563965648e-14,4.2372209563965648e-14,1.2948437102311166e-12
C,4,0.0001,32,0.0032000000000000002,0.25101472198607899,-2.0083373397650206e-07,2.0083377536677635e-07,4.1390274284943806e-14,4.1390274284943806e-14,1.3362339845160604e-12
C,4,0.0001,33,0.0033,0.25101452115235118,-2.0083372781476427e-07,2.0083376922507835e-07,4.1410314078624218e-14,4.1410314078624218e-14,1.3776442985946846e-12
C,4,0.0001,34,0.0034000000000000002,0.25101432031862947,-2.0083372170853764e-07,2.0083376308615333e-07,4.1377615695184446e-14,4.1377615695184446e-14,1.419021914289869e-12
C,4,0.0001,35,0.0035000000000000001,0.25101411948491537,-2.0083371410350992e-07,2.0083375694999983e-07,4.284648991326183e-14,4.284648991326183e-14,1.4618684042031309e-12
C,4,0.0001,36,0.0036000000000000003,0.25101391865120609,-2.0083370927403976e-07,2.0083375081661573e-07,4.1542575970467151e-14,4.1542575970467151e-14,1.503410980173598e-12
C,4,0.0001,37,0.0037000000000000002,0.25101371781750298,-2.0083370311230198e-07,2.0083374468599995e-07,4.1573697972652524e-14,4.1573697972652524e-14,1.5449846781462505e-12
C,4,0.0001,38,0.0038,0.25101351698380664,-2.0083369633994153e-07,2.0083373855815171e-07,4.2218210186187988e-14,4.2218210186187988e-14,1.5872028883324385e-12
C,4,0.0001,39,0.0039000000000000003,0.25101331615011546,-2.0083369117740446e-07,2.0083373243306951e-07,4.1255665053045794e-14,4.1255665053045794e-14,1.6284585533854843e-12
C,4,0.0001,40,0.0040000000000000001,0.25101311531643056,-2.0083368490464437e-07,2.0083372631075129e-07,4.1406106918914765e-14,4.1406106918914765e-14,1.6698646603043991e-12
C,4,0.0001,41,0.0041000000000000003,0.25101291448275165,-2.0083367890944004e-07,2.0083372019119651e-07,4.1281756473617864e-14,4.1281756473617864e-14,1.711146416778017e-12
C,4,0.0001,42,0.0042000000000000006,0.25101271364908012,-2.0083367152645692e-07,2.0083371407440394e-07,4.2547947010013185e-14,4.2547947010013185e-14,1.7536943637880301e-12
C,4,0.0001,43,0.0043,0.25101251281541398,-2.0083366614187526e-07,2.0083370796037186e-07,4.1818496608928105e-14,4.1818496608928105e-14,1.7955128603969582e-12
C,4,0.0001,44,0.0044000000000000003,0.25101231198175311,-2.0083366086831589e-07,2.0083370184909818e-07,4.0980782294643023e-14,4.0980782294643023e-14,1.8364936426916013e-12
C,4,0.0001,45,0.0045000000000000005,0.25101211114809852,-2.008336545955558e-07,2.0083369574058294e-07,4.1145027144722654e-14,4.1145027144722654e-14,1.8776386698363239e-12
C,4,0.0001,46,0.0045999999999999999,0.25101191031445114,-2.0083364737910614e-07,2.0083368963482379e-07,4.2255717652125356e-14,4.2255717652125356e-14,1.9198943874884493e-12
C,4,0.0001,47,0.0047000000000000002,0.25101170948080831,-2.0083364282719174e-07,2.0083368353181903e-07,4.0704627292753476e-14,4.0704627292753476e-14,1.9605990147812028e-12
C,4,0.0001,48,0.0048000000000000004,0.25101150864717403,-2.0083363427847445e-07,2.0083367743156935e-07,4.3153094902572222e-14,4.3153094902572222e-14,2.003752109683775e-12
C,4,0.0001,49,0.0048999999999999998,0.25101130781354442,-2.0083362961553775e-07,2.0083367133407163e-07,4.1718533883308991e-14,4.1718533883308991e-14,2.045470643567084e-12
C,4,0.0001,50,0.0050000000000000001,0.25101110697992074,-2.0083362367584456e-07,2.0083366523932467e-07,4.1563480108330677e-14,4.1563480108330677e-14,2.0870341236754146e-12
C,4,0.0001,51,0.0051000000000000004,0.25101090614630356,-2.0083361718103987e-07,2.0083365914732819e-07,4.1966288320463354e-14,4.1966288320463354e-14,2.129000411995878e-12
C,4,0.0001,52,0.0052000000000000006,0.25101070531269143,-2.0083361212952511e-07,2.0083365305807959e-07,4.0928554481343339e-14,4.0928554481343339e-14,2.1699289664772213e-12
C,4,0.0001,53,0.0053,0.25101050447908629,-2.0083360513512005e-07,2.0083364697157826e-07,4.1836458207272428e-14,4.1836458207272428e-14,2.2117654246844938e-12
C,4,0.0001,54,0.0054000000000000003,0.25101030364548765,-2.0083359864031536e-07,2.0083364088782206e-07,4.224750670002313e-14,4.224750670002313e-14,2.2540129313845169e-12
C,4,0.0001,55,0.0055000000000000005,0.25101010281189401,-2.0083359364431175e-07,2.0083363480681077e-07,4.1162499025674566e-14,4.1162499025674566e-14,2.2951754304101915e-12
C,4,0.0001,56,0.0055999999999999999,0.25100990197830636,-2.0083358764910741e-07,2.0083362872854295e-07,4.1079435533795461e-14,4.1079435533795461e-14,2.3362548659439869e-12
C,4,0.0001,57,0.0057000000000000002,0.25100970114472587,-2.0083358048816891e-07,2.008336226530158e-07,4.2164846898752731e-14,4.2164846898752731e-14,2.3784197128427397e-12
C,4,0.0001,58,0.0058000000000000005,0.25100950031115082,-2.0083357504807609e-07,2.0083361658022955e-07,4.1532153468279204e-14,4.1532153468279204e-14,2.4199518663110189e-12
C,4,0.0001,59,0.0058999999999999999,0.25100929947758244,-2.0083356838673794e-07,2.0083361051018221e-07,4.2123444272398075e-14,4.2123444272398075e-14,2.4620753105834169e-12
C,4,0.0001,60,0.0060000000000000001,0.25100909864402071,-2.0083356172539979e-07,2.0083360444287232e-07,4.2717472528183795e-14,4.2717472528183795e-14,2.5047927831116007e-12
C,4,0.0001,61,0.0061000000000000004,0.25100889781046287,-2.008335578396192e-07,2.0083359837829937e-07,4.053868017114766e-14,4.053868017114766e-14,2.5453314632827484e-12
C,4,0.0001,62,0.0062000000000000006,0.25100869697691242,-2.0083355045663609e-07,2.0083359231646155e-07,4.185982546400701e-14,4.185982546400701e-14,2.5871912887467554e-12
C,4,0.0001,63,0.0063,0.25100849614336818,-2.0083354423938715e-07,2.0083358625735711e-07,4.2017969956330736e-14,4.2017969956330736e-14,2.6292092587030861e-12
C,4,0.0001,64,0.0064000000000000003,0.25100829530982954,-2.0083353863276088e-07,2.0083358020098511e-07,4.156822423398913e-14,4.156822423398913e-14,2.6707774829370753e-12
C,4,0.0001,65,0.0065000000000000006,0.25100809447629696,-2.0083353258204539e-07,2.0083357414734424e-07,4.156529884688711e-14,4.156529884688711e-14,2.7123427817839624e-12
C,4,0.0001,66,0.0066,0.25100789364277032,-2.0083352664235221e-07,2.0083356809643264e-07,4.1454080429827525e-14,4.1454080429827525e-14,2.7537968622137899e-12
C,4,0.0001,67,0.0067000000000000002,0.25100769280924995,-2.0083352036959212e-07,2.0083356204825021e-07,4.167865808678132e-14,4.167865808678132e-14,2.7954755203005712e-12
C,4,0.0001,68,0.0068000000000000005,0.25100749197573646,-2.0083351348620937e-07,2.0083355600279374e-07,4.2516584371061453e-14,4.2516584371061453e-14,2.8379921046716327e-12
C,4,0.0001,69,0.0069000000000000008,0.25100729114222753,-2.0083350893429497e-07,2.0083354996006435e-07,4.1025769379142001e-14,4.1025769379142001e-14,2.8790178740507747e-12
C,4,0.0001,70,0.0070000000000000001,0.2510070903087257,-2.0083350182886761e-07,2.0083354392005867e-07,4.2091191057711644e-14,4.2091191057711644e-14,2.9211090651084863e-12
C,4,0.0001,71,0.0071000000000000004,0.25100688947522992,-2.0083349577815213e-07,2.0083353788277625e-07,4.2104624126752371e-14,4.2104624126752371e-14,2.9632136892352387e-12
C,4,0.0001,72,0.0072000000000000007,0.25100668864173936,-2.0083349056010391e-07,2.0083353184821504e-07,4.1288111126546403e-14,4.1288111126546403e-14,3.0045018003617851e-12
C,4,0.0001,73,0.0073000000000000001,0.25100648780825419,-2.0083348517552224e-07,2.0083352581637473e-07,4.0640852488088805e-14,4.0640852488088805e-14,3.0451426528498739e-12
C,4,0.0001,74,0.0074000000000000003,0.25100628697477728,-2.0083347690436071e-07,2.008335197872534e-07,4.2882892689417301e-14,4.2882892689417301e-14,3.0880255455392912e-12
C,4,0.0001,75,0.0075000000000000006,0.2510060861413051,-2.0083347218591285e-07,2.0083351376085041e-07,4.1574937552431272e-14,4.1574937552431272e-14,3.1296004830917225e-12
C,4,0.0001,76,0.0076,0.25100588530783852,-2.0083346657928658e-07,2.0083350773716266e-07,4.115787607866713e-14,4.115787607866713e-14,3.1707583591703896e-12
C,4,0.0001,77,0.0077000000000000002,0.25100568447437871,-2.0083345980692613e-07,2.00833501716191e-07,4.1909264871314113e-14,4.1909264871314113e-14,3.2126676240417037e-12
C,4,0.0001,78,0.0078000000000000005,0.25100548364092479,-2.008334539227441e-07,2.0083349569793342e-07,4.177518932311243e-14,4.177518932311243e-14,3.2544428133648161e-12
C,4,0.0001,79,0.0079000000000000008,0.25100528280747653,-2.0083344826060667e-07,2.0083348968238757e-07,4.1421780893026791e-14,4.1421780893026791e-14,3.2958645942578429e-12
C,4,0.0001,80,0.0080000000000000002,0.25100508197403487,-2.0083344165477968e-07,2.0083348366955259e-07,4.2014772909880664e-14,4.2014772909880664e-14,3.3378793671677236e-12
C,4,0.0001,81,0.0080999999999999996,0.25100488114059877,-2.0083343610366455e-07,2.0083347765942861e-07,4.1555764061697664e-14,4.1555764061697664e-14,3.3794351312294213e-12
C,4,0.0001,82,0.0082000000000000007,0.25100468030716899,-2.0083342977539331e-07,2.0083347165201221e-07,4.1876618898037952e-14,4.1876618898037952e-14,3.4213117501274592e-12
C,4,0.0001,83,0.0083000000000000001,0.25100447947374416,-2.0083342483490085e-07,2.0083346564730351e-07,4.081240265323137e-14,4.081240265323137e-14,3.4621241527806906e-12
C,4,0.0001,84,0.0084000000000000012,0.2510042786403261,-2.008334180625404e-07,2.0083345964530054e-07,4.1582760139927181e-14,4.1582760139927181e-14,3.5037069129206178e-12
C,4,0.0001,85,0.0085000000000000006,0.25100407780691475,-2.008334113456911e-07,2.0083345364600221e-07,4.2300311104531878e-14,4.2300311104531878e-14,3.5460072240251496e-12
C,4,0.0001,86,0.0086,0.25100387697350895,-2.0083340579457598e-07,2.0083344764940755e-07,4.1854831569508236e-14,4.1854831569508236e-14,3.5878620555946579e-12
C,4,0.0001,87,0.0087000000000000011,0.25100367614010888,-2.008334000769274e-07,2.0083344165551429e-07,4.1578586888005398e-14,4.1578586888005398e-14,3.6294406424826633e-12
C,4,0.0001,88,0.0088000000000000005,0.25100347530671552,-2.0083339336007811e-07,2.0083343566432204e-07,4.2304243931445538e-14,4.2304243931445538e-14,3.6717448864141088e-12
C,4,0.0001,89,0.0088999999999999999,0.25100327447332604,-2.0083338947429752e-07,2.008334296758293e-07,4.0201531782564209e-14,4.0201531782564209e-14,3.711946418196673e-12
C,4,0.0001,90,0.0090000000000000011,0.25100307363994506,-2.0083338098109138e-07,2.008334236900341e-07,4.2708942721116487e-14,4.2708942721116487e-14,3.7546553609177895e-12
C,4,0.0001,91,0.0091000000000000004,0.25100287280656824,-2.0083337681775504e-07,2.0083341770693546e-07,4.0889180419488019e-14,4.0889180419488019e-14,3.7955445413372775e-12
C,4,0.0001,92,0.0091999999999999998,0.25100267197319837,-2.0083336987886113e-07,2.0083341172653255e-07,4.1847671414716638e-14,4.1847671414716638e-14,3.8373922127519942e-12
C,4,0.0001,93,0.009300000000000001,0.25100247113983465,-2.0083336371712335e-07,2.0083340574882368e-07,4.2031700333935949e-14,4.2031700333935949e-14,3.8794239130859301e-12
C,4,0.0001,94,0.0094000000000000004,0.25100227030647604,-2.0083335861009743e-07,2.0083339977380735e-07,4.1163709912212226e-14,4.1163709912212226e-14,3.9205876229981423e-12
C,4,0.0001,95,0.0094999999999999998,0.2510020694731242,-2.0083335183773698e-07,2.0083339380148315e-07,4.1963746162830407e-14,4.1963746162830407e-14,3.9625513691609727e-12
C,4,0.0001,96,0.0096000000000000009,0.25100186863977725,-2.0083334695275568e-07,2.0083338783184836e-07,4.0879092680602694e-14,4.0879092680602694e-14,4.0034304618415754e-12
C,4,0.0001,97,0.0097000000000000003,0.25100166780643862,-2.0083333862608299e-07,2.0083338186490226e-07,4.3238819269045788e-14,4.3238819269045788e-14,4.0466692811106212e-12
C,4,0.0001,98,0.0097999999999999997,0.25100146697310322,-2.0083333540643622e-07,2.0083337590064409e-07,4.0494207870922375e-14,4.0494207870922375e-14,4.0871634889815436e-12
C,4,0.0001,99,0.0099000000000000008,0.25100126613977525,-2.0083332796794195e-07,2.0083336993907215e-07,4.1971130199017876e-14,4.1971130199017876e-14,4.1291346191805615e-12
C,4,0.0001,100,0.01,0.25100106530645327,-2.0083332197273762e-07,2.0083336398018468e-07,4.2007447054268759e-14,4.2007447054268759e-14,4.1711420662348302e-12
C,4,0.0001,101,0.010100000000000001,0.25100086447313696,-2.008333163106002e-07,2.0083335802398115e-07,4.1713380958374369e-14,4.1713380958374369e-14,4.2128554471932046e-12
C,4,0.0001,102,0.010200000000000001,0.25100066363982582,-2.0083331114806313e-07,2.0083335207046037e-07,4.092239724003107e-14,4.092239724003107e-14,4.2537778444332357e-12
C,4,0.0001,103,0.0103,0.25100046280652211,-2.0083330370956887e-07,2.0083334611962055e-07,4.241005168732652e-14,4.241005168732652e-14,4.2961878961205622e-12
C,4,0.0001,104,0.010400000000000001,0.25100026197322334,-2.0083329876907641e-07,2.008333401714598e-07,4.1402383388548415e-14,4.1402383388548415e-14,4.3375902795091106e-12
C,4,0.0001,105,0.010500000000000001,0.25100006113993106,-2.0083329227427171e-07,2.0083333422597738e-07,4.1951705668894526e-14,4.1951705668894526e-14,4.3795419851780051e-12
C,4,0.0001,106,0.0106,0.25099986030664428,-2.0083328677866774e-07,2.0083332828317241e-07,4.1504504671754488e-14,4.1504504671754488e-14,4.4210464898497596e-12
C,4,0.0001,107,0.010700000000000001,0.25099965947336494,-2.0083327934017348e-07,2.0083332234304354e-07,4.3002870062426205e-14,4.3002870062426205e-14,4.4640493599121858e-12
C,4,0.0001,108,0.010800000000000001,0.25099945864008832,-2.0083327662012707e-07,2.0083331640558851e-07,3.9785461443227473e-14,3.9785461443227473e-14,4.5038348213554133e-12
C,4,0.0001,109,0.0109,0.25099925780681998,-2.0083326834896553e-07,2.0083331047080719e-07,4.2121841659592091e-14,4.2121841659592091e-14,4.5459566630150054e-12
C,4,0.0001,110,0.011000000000000001,0.25099905697355718,-2.0083326279785041e-07,2.0083330453869726e-07,4.1740846848722037e-14,4.1740846848722037e-14,4.5876975098637274e-12
C,4,0.0001,111,0.0111,0.2509988561403001,-2.0083325708020183e-07,2.0083329860925844e-07,4.1529056609944924e-14,4.1529056609944924e-14,4.6292265664736724e-12
C,4,0.0001,112,0.0112,0.25099865530704962,-2.0083325047437484e-07,2.0083329268248871e-07,4.2208113871094072e-14,4.2208113871094072e-14,4.6714346803447664e-12
C,4,0.0001,113,0.011300000000000001,0.25099845447380437,-2.0083324525632662e-07,2.0083328675838668e-07,4.1502060055259373e-14,4.1502060055259373e-14,4.7129367404000258e-12
C,4,0.0001,114,0.0114,0.25099825364056416,-2.0083324020481186e-07,2.0083328083695182e-07,4.0632139960132907e-14,4.0632139960132907e-14,4.7535688803601587e-12
C,4,0.0001,115,0.0115,0.25099805280733084,-2.0083323332142911e-07,2.0083327491818202e-07,4.1596752912457586e-14,4.1596752912457586e-14,4.7951656332726163e-12
C,4,0.0001,116,0.011600000000000001,0.25099785197410379,-2.0083322704866902e-07,2.0083326900207637e-07,4.195340735808556e-14,4.195340735808556e-14,4.8371190406307019e-12
C,4,0.0001,117,0.0117,0.25099765114088241,-2.0083322138653159e-07,2.0083326308863341e-07,4.1702101814709172e-14,4.1702101814709172e-14,4.878821142445411e-12
C,4,0.0001,118,0.0118,0.25099745030766624,-2.0083321616848337e-07,2.0083325717785221e-07,4.1009368836049688e-14,4.1009368836049688e-14,4.9198305112814607e-12
C,4,0.0001,119,0.011900000000000001,0.25099724947445734,-2.0083320889652256e-07,2.0083325126973086e-07,4.23732082952198e-14,4.23732082952198e-14,4.9622037195766805e-12
C,4,0.0001,120,0.012,0.25099704864125355,-2.0083320378949665e-07,2.008332453642689e-07,4.1574772248657659e-14,4.1574772248657659e-14,5.0037784918253382e-12
C,4,0.0001,121,0.012100000000000001,0.25099684780805598,-2.0083319757224771e-07,2.0083323946146406e-07,4.1889216342606432e-14,4.1889216342606432e-14,5.0456677081679446e-12
C,4,0.0001,122,0.012200000000000001,0.25099664697486396,-2.0083319202113259e-07,2.008332335613163e-07,4.1540183711196089e-14,4.1540183711196089e-14,5.0872078918791407e-12
C,4,0.0001,123,0.0123,0.25099644614167849,-2.0083318547081674e-07,2.0083322766382254e-07,4.2193005794400151e-14,4.2193005794400151e-14,5.1294008976735408e-12
C,4,0.0001,124,0.012400000000000001,0.2509962453084979,-2.0083318058583544e-07,2.0083322176898364e-07,4.1183148206620969e-14,4.1183148206620969e-14,5.1705840458801618e-12
C,4,0.0001,125,0.012500000000000001,0.25099604447532348,-2.0083317442409765e-07,2.0083321587679646e-07,4.1452698813211435e-14,4.1452698813211435e-14,5.2120367446933732e-12
C,4,0.0001,126,0.0126,0.25099584364215599,-2.0083316748520375e-07,2.0083320998726081e-07,4.2502057067801772e-14,4.2502057067801772e-14,5.254538801761175e-12
C,4,0.0001,127,0.012700000000000001,0.25099564280899406,-2.0083316193408862e-07,2.0083320410037418e-07,4.2166285557743862e-14,4.2166285557743862e-14,5.2967050873189189e-12
C,4,0.0001,128,0.012800000000000001,0.25099544197583673,-2.0083315732666307e-07,2.0083319821613775e-07,4.0889474684027851e-14,4.0889474684027851e-14,5.3375945620029467e-12
C,4,0.0001,129,0.0129,0.25099524114268518,-2.0083315155350334e-07,2.0083319233454735e-07,4.0781044011216358e-14,4.0781044011216358e-14,5.3783756060141631e-12
C,4,0.0001,130,0.013000000000000001,0.25099504030953967,-2.0083314550278786e-07,2.0083318645560353e-07,4.095281567547463e-14,4.095281567547463e-14,5.4193284216896377e-12
C,4,0.0001,131,0.013100000000000001,0.250994839476403,-2.0083313667651481e-07,2.0083318057930468e-07,4.3902789867552713e-14,4.3902789867552713e-14,5.4632312115571904e-12
C,4,0.0001,132,0.0132,0.25099463864326843,-2.0083313456709107e-07,2.008331747056482e-07,4.0138557132867117e-14,4.0138557132867117e-14,5.5033697686900576e-12
C,4,0.0001,133,0.013300000000000001,0.25099443781014108,-2.008331273506414e-07,2.008331688346347e-07,4.1483993292480692e-14,4.1483993292480692e-14,5.5448537619825382e-12
C,4,0.0001,134,0.0134,0.25099423697702028,-2.0083312080032556e-07,2.0083316296626209e-07,4.2165936527230034e-14,4.2165936527230034e-14,5.5870196985097683e-12
C,4,0.0001,135,0.0135,0.25099403614390547,-2.0083311480512123e-07,2.0083315710052854e-07,4.2295407313162867e-14,4.2295407313162867e-14,5.6293151058229311e-12
C,4,0.0001,136,0.013600000000000001,0.25099383531079517,-2.0083311030871798e-07,2.0083315123743363e-07,4.0928715655831334e-14,4.0928715655831334e-14,5.6702438214787625e-12
C,4,0.0001,137,0.0137,0.25099363447769119,-2.0083310398044674e-07,2.0083314537697594e-07,4.1396529199742805e-14,4.1396529199742805e-14,5.7116403506785053e-12
C,4,0.0001,138,0.013800000000000002,0.25099343364459353,-2.008330976521755e-07,2.008331395191545e-07,4.1866979001353708e-14,4.1866979001353708e-14,5.753507329679859e-12
C,4,0.0001,139,0.013900000000000001,0.25099323281150188,-2.0083309165697116e-07,2.0083313366396667e-07,4.2006995506298534e-14,4.2006995506298534e-14,5.7955143251861575e-12
C,4,0.0001,140,0.014,0.25099303197841527,-2.008330866054564e-07,2.0083312781141168e-07,4.120595528340984e-14,4.120595528340984e-14,5.8367202804695674e-12
C,4,0.0001,141,0.014100000000000001,0.2509928311453356,-2.008330796665625e-07,2.0083312196148944e-07,4.2294926939602656e-14,4.2294926939602656e-14,5.87901520740917e-12
C,4,0.0001,142,0.014200000000000001,0.2509926303122606,-2.0083307500362579e-07,2.0083311611419765e-07,4.1110571856131599e-14,4.1110571856131599e-14,5.9201257792653016e-12
C,4,0.0001,143,0.0143,0.25099242947919204,-2.0083306856433225e-07,2.0083311026953487e-07,4.1705202617040612e-14,4.1705202617040612e-14,5.9618309818823422e-12
C,4,0.0001,144,0.014400000000000001,0.25099222864612947,-2.0083306256912792e-07,2.0083310442750077e-07,4.1858372855442028e-14,4.1858372855442028e-14,6.0036893547377843e-12
C,4,0.0001,145,0.014500000000000001,0.25099202781307284,-2.0083305662943474e-07,2.0083309858809259e-07,4.1958657850627793e-14,4.1958657850627793e-14,6.0456480125884121e-12
C,4,0.0001,146,0.0146,0.25099182698002154,-2.0083305130036422e-07,2.008330927513102e-07,4.1450945984406211e-14,4.1450945984406211e-14,6.0870989585728183e-12
C,4,0.0001,147,0.014700000000000001,0.25099162614697551,-2.0083304602680485e-07,2.0083308691715235e-07,4.0890347498540437e-14,4.0890347498540437e-14,6.1279893060713587e-12
C,4,0.0001,148,0.014800000000000001,0.25099142531393598,-2.0083303953200016e-07,2.0083308108561818e-07,4.1553618024316456e-14,4.1553618024316456e-14,6.1695429240956752e-12
C,4,0.0001,149,0.0149,0.25099122448090283,-2.0083303314821777e-07,2.008330752567041e-07,4.2108486332294054e-14,4.2108486332294054e-14,6.2116514104279692e-12
C,4,0.0001,150,0.015000000000000001,0.25099102364787523,-2.0083302759710264e-07,2.0083306943041121e-07,4.1833308568197622e-14,4.1833308568197622e-14,6.2534847189961668e-12
C,4,0.0001,151,0.015100000000000001,0.25099082281485297,-2.0083302226803212e-07,2.0083306360673846e-07,4.1338706336779813e-14,4.1338706336779813e-14,6.2948234253329466e-12
C,4,0.0001,152,0.0152,0.25099062198183614,-2.008330168279393e-07,2.0083305778568212e-07,4.0957742813189249e-14,4.0957742813189249e-14,6.3357811681461359e-12
C,4,0.0001,153,0.015300000000000001,0.25099042114882641,-2.0083300972251195e-07,2.0083305196724276e-07,4.22447308142363e-14,4.22447308142363e-14,6.3780258989603722e-12
C,4,0.0001,154,0.0154,0.25099022031582185,-2.0083300455997488e-07,2.0083304615141894e-07,4.1591444054051331e-14,4.1591444054051331e-14,6.4196173430144235e-12
C,4,0.0001,155,0.0155,0.25099001948282307,-2.0083299878681515e-07,2.0083304033820884e-07,4.1551393689327187e-14,4.1551393689327187e-14,6.4611687367037507e-12
C,4,0.0001,156,0.015600000000000001,0.25098981864983078,-2.0083299229201046e-07,2.0083303452761185e-07,4.2235601387251675e-14,4.2235601387251675e-14,6.5034043380910024e-12
C,4,0.0001,157,0.015700000000000002,0.2509896178168432,-2.008329875735626e-07,2.0083302871962665e-07,4.1146064045398991e-14,4.1146064045398991e-14,6.5445504021364014e-12
C,4,0.0001,158,0.015800000000000002,0.25098941698386185,-2.0083298135631367e-07,2.0083302291425151e-07,4.1557937839407894e-14,4.1557937839407894e-14,6.5861083399758093e-12
C,4,0.0001,159,0.015900000000000001,0.25098921615088682,-2.0083297502804243e-07,2.0083301711148477e-07,4.2083442347370603e-14,4.2083442347370603e-14,6.6281917823231799e-12
C,4,0.0001,160,0.016,0.25098901531791684,-2.0083296997652766e-07,2.008330113113264e-07,4.1334798735566112e-14,4.1334798735566112e-14,6.669526581058746e-12
C,4,0.0001,161,0.0161,0.25098881448495247,-2.0083296436990139e-07,2.0083300551377427e-07,4.1143872877043563e-14,4.1143872877043563e-14,6.7106704539357896e-12
C,4,0.0001,162,0.016199999999999999,0.2509886136519956,-2.0083295687589597e-07,2.008329997188274e-07,4.2842931421971297e-14,4.2842931421971297e-14,6.7535133853577608e-12
C,4,0.0001,163,0.016300000000000002,0.25098841281904216,-2.008329534342046e-07,2.0083299392648467e-07,4.0492280076873983e-14,4.0492280076873983e-14,6.7940056654346348e-12
C,4,0.0001,164,0.016400000000000001,0.25098821198609594,-2.0083294621775494e-07,2.0083298813674367e-07,4.1918988730139253e-14,4.1918988730139253e-14,6.8359246541647741e-12
C,4,0.0001,165,0.016500000000000001,0.25098801115315511,-2.0083294083317327e-07,2.0083298234960498e-07,4.1516431716214996e-14,4.1516431716214996e-14,6.8774410858809891e-12
C,4,0.0001,166,0.0166,0.25098781032022049,-2.0083293461592433e-07,2.0083297656506592e-07,4.1949141594284069e-14,4.1949141594284069e-14,6.9193902274752731e-12
C,4,0.0001,167,0.0167,0.25098760948729121,-2.0083292928685381e-07,2.0083297078312636e-07,4.1496272543828581e-14,4.1496272543828581e-14,6.9608865000191017e-12
C,4,0.0001,168,0.016800000000000002,0.25098740865436858,-2.0083292262551566e-07,2.0083296500378305e-07,4.2378267384785733e-14,4.2378267384785733e-14,7.0032647674038875e-12
C,4,0.0001,169,0.016900000000000002,0.25098720782144979,-2.0083291879524623e-07,2.0083295922703788e-07,4.0431791654165541e-14,4.0431791654165541e-14,7.043696559058053e-12
C,4,0.0001,170,0.017000000000000001,0.25098700698853843,-2.0083291135675196e-07,2.0083295345288678e-07,4.2096134818447853e-14,4.2096134818447853e-14,7.0857926938765009e-12
C,4,0.0001,171,0.017100000000000001,0.25098680615563235,-2.008329060831926e-07,2.0083294768132969e-07,4.1598137096642297e-14,4.1598137096642297e-14,7.1273908309731432e-12
C,4,0.0001,172,0.0172,0.25098660532273248,-2.0083289986594366e-07,2.0083294191236524e-07,4.2046421581270772e-14,4.2046421581270772e-14,7.1694372525544139e-12
C,4,0.0001,173,0.017299999999999999,0.25098640448983672,-2.0083289575811847e-07,2.0083293614599181e-07,4.038787333995754e-14,4.038787333995754e-14,7.2098251258943715e-12
C,4,0.0001,174,0.017400000000000002,0.25098620365694924,-2.0083288748695693e-07,2.0083293038220807e-07,4.2895251138345758e-14,4.2895251138345758e-14,7.2527203770327172e-12
C,4,0.0001,175,0.017500000000000002,0.25098600282406586,-2.0083288337913174e-07,2.0083292462101435e-07,4.1241882609384105e-14,4.1241882609384105e-14,7.2939622596421013e-12
C,4,0.0001,176,0.017600000000000001,0.25098580199118831,-2.0083287755046086e-07,2.0083291886240686e-07,4.1311945998407428e-14,4.1311945998407428e-14,7.3352742056405088e-12
C,4,0.0001,177,0.0177,0.25098560115831681,-2.0083287149974538e-07,2.0083291310638629e-07,4.1606640910386036e-14,4.1606640910386036e-14,7.3768808465508948e-12
C,4,0.0001,178,0.0178,0.25098540032545147,-2.0083286533800759e-07,2.0083290735295115e-07,4.2014943560549756e-14,4.2014943560549756e-14,7.4188957901114445e-12
C,4,0.0001,179,0.017899999999999999,0.2509851994925919,-2.0083285956484787e-07,2.0083290160209934e-07,4.2037251470234899e-14,4.2037251470234899e-14,7.4609330415816794e-12
C,4,0.0001,180,0.018000000000000002,0.250984998659737,-2.0083285490191116e-07,2.0083289585382964e-07,4.095191848229503e-14,4.095191848229503e-14,7.5018849600639745e-12
C,4,0.0001,181,0.018100000000000002,0.25098479782688837,-2.0083284862915107e-07,2.0083289010814179e-07,4.1478990715894208e-14,4.1478990715894208e-14,7.5433639507798687e-12
C,4,0.0001,182,0.018200000000000001,0.25098459699404629,-2.0083284207883523e-07,2.0083288436503378e-07,4.2286198556248776e-14,4.2286198556248776e-14,7.5856501493361175e-12
C,4,0.0001,183,0.0183,0.25098439616120805,-2.0083283824856579e-07,2.0083287862450484e-07,4.0375939042777421e-14,4.0375939042777421e-14,7.6260260883788949e-12
C,4,0.0001,184,0.0184,0.25098419532837751,-2.0083283053251577e-07,2.0083287288655224e-07,4.2354036472082307e-14,4.2354036472082307e-14,7.6683801248509772e-12
C,4,0.0001,185,0.018500000000000003,0.25098399449555209,-2.0083282542548986e-07,2.0083286715117704e-07,4.1725687182427672e-14,4.1725687182427672e-14,7.7101058120334049e-12
C,4,0.0001,186,0.018600000000000002,0.25098379366273205,-2.0083282004090819e-07,2.0083286141837645e-07,4.1377468258512064e-14,4.1377468258512064e-14,7.7514832802919169e-12
C,4,0.0001,187,0.018700000000000001,0.2509835928299175,-2.0083281454530422e-07,2.0083285568814935e-07,4.1142845134910968e-14,4.1142845134910968e-14,7.7926261254268279e-12
C,4,0.0001,188,0.018800000000000001,0.25098339199710978,-2.0083280771743262e-07,2.0083284996049485e-07,4.2243062238739548e-14,4.2243062238739548e-14,7.8348691876655674e-12
C,4,0.0001,189,0.0189,0.25098319116430662,-2.0083280316551821e-07,2.0083284423541139e-07,4.106989317824905e-14,4.106989317824905e-14,7.8759390808438165e-12
C,4,0.0001,190,0.019,0.25098299033151011,-2.0083279650418007e-07,2.0083283851289862e-07,4.2008718556601707e-14,4.2008718556601707e-14,7.9179477994004182e-12
C,4,0.0001,191,0.019100000000000002,0.25098278949871977,-2.0083279034244228e-07,2.0083283279295461e-07,4.245051233363449e-14,4.245051233363449e-14,7.9603983117340527e-12
C,4,0.0001,192,0.019200000000000002,0.25098258866593365,-2.0083278612359479e-07,2.0083282707557746e-07,4.0951982671510564e-14,4.0951982671510564e-14,8.0013502944055633e-12
C,4,0.0001,193,0.019300000000000001,0.25098238783315358,-2.008327800728793e-07,2.0083282136076681e-07,4.1287887509848327e-14,4.1287887509848327e-14,8.0426381819154116e-12
C,4,0.0001,194,0.019400000000000001,0.25098218700037944,-2.0083277413318612e-07,2.0083281564852148e-07,4.1515335364413673e-14,4.1515335364413673e-14,8.0841535172798253e-12
C,4,0.0001,195,0.0195,0.2509819861676113,-2.0083276813798179e-07,2.008328099388397e-07,4.1800857915425143e-14,4.1800857915425143e-14,8.1259543751952504e-12
C,4,0.0001,196,0.019599999999999999,0.25098178533484822,-2.0083276308646703e-07,2.0083280423172001e-07,4.1145252984882216e-14,4.1145252984882216e-14,8.1670996281801326e-12
C,4,0.0001,197,0.019700000000000002,0.25098158450209185,-2.0083275636961773e-07,2.0083279852716177e-07,4.21575440453793e-14,4.21575440453793e-14,8.2092571722255119e-12
C,4,0.0001,198,0.019800000000000002,0.25098138366933997,-2.0083275187321448e-07,2.0083279282516406e-07,4.0951949584286062e-14,4.0951949584286062e-14,8.250209121809798e-12
C,4,0.0001,199,0.019900000000000001,0.25098118283659482,-2.0083274515636518e-07,2.0083278712572447e-07,4.1969359291353184e-14,4.1969359291353184e-14,8.2921784811011512e-12
C,4,0.0001,200,0.02,0.25098098200385488,-2.0083273993831696e-07,2.0083278142884302e-07,4.1490526060556171e-14,4.1490526060556171e-14,8.3336690071617073e-12
C_dt_half,4,5.0000000000000002e-05,0,0,0.25102114866861597,0,0,0,0,0
C_dt_half,4,5.0000000000000002e-05,1,5.0000000000000002e-05,0.25102104825164462,-1.0041697134921534e-07,1.0041698357101262e-07,1.2221797275129688e-14,1.2221797275129688e-14,1.2221797275129688e-14
C_dt_half,4,5.0000000000000002e-05,2,0.0001,0.25102094783467221,-1.0041697240392722e-07,1.004169820138442e-07,9.6099169853973188e-15,9.6099169853973188e-15,2.1831714260527007e-14
C_dt_half,4,5.0000000000000002e-05,3,0.00015000000000000001,0.25102084741770186,-1.0041697035001462e-07,1.004169804570275e-07,1.0107012881811845e-14,1.0107012881811845e-14,3.1938727142338852e-14
C_dt_half,4,5.0000000000000002e-05,4,0.00020000000000000001,0.25102074700073423,-1.0041696762996821e-07,1.0041697890056281e-07,1.1270594601365498e-14,1.1270594601365498e-14,4.3209321743704351e-14
C_dt_half,4,5.0000000000000002e-05,5,0.00025000000000000001,0.25102064658376722,-1.0041696701934555e-07,1.0041697734444965e-07,1.0325104106039355e-14,1.0325104106039355e-14,5.3534425849743705e-14
C_dt_half,4,5.0000000000000002e-05,6,0.00030000000000000003,0.25102054616680153,-1.0041696568707792e-07,1.0041697578868836e-07,1.0101610439499808e-14,1.0101610439499808e-14,6.3636036289243514e-14
C_dt_half,4,5.0000000000000002e-05,7,0.00035,0.25102044574983678,-1.0041696474338835e-07,1.0041697423327891e-07,9.4898905638868123e-15,9.4898905638868123e-15,7.3125926853130326e-14
C_dt_half,4,5.0000000000000002e-05,8,0.00040000000000000002,0.25102034533287571,-1.0041696107965237e-07,1.0041697267822018e-07,1.1598567809950283e-14,1.1598567809950283e-14,8.4724494663080609e-14
C_dt_half,4,5.0000000000000002e-05,9,0.00045000000000000004,0.25102024491591468,-1.0041696102414122e-07,1.004169711235133e-07,1.009937208876224e-14,1.009937208876224e-14,9.4823866751842848e-14
C_dt_half,4,5.0000000000000002e-05,10,0.00050000000000000001,0.25102014449895604,-1.0041695863716171e-07,1.0041696956915758e-07,1.0931995867383221e-14,1.0931995867383221e-14,1.0575586261922607e-13
C_dt_half,4,5.0000000000000002e-05,11,0.00055000000000000003,0.25102004408199818,-1.004169578600056e-07,1.0041696801515294e-07,1.0155147342219473e-14,1.0155147342219473e-14,1.1591100996144554e-13
C_dt_half,4,5.0000000000000002e-05,12,0.00060000000000000006,0.25101994366504149,-1.0041695669427142e-07,1.0041696646149962e-07,9.7672281958242937e-15,9.7672281958242937e-15,1.2567823815726984e-13
C_dt_half,4,5.0000000000000002e-05,13,0.00065000000000000008,0.25101984324808874,-1.0041695275297968e-07,1.0041696490819731e-07,1.2155217626739303e-14,1.2155217626739303e-14,1.3783345578400914e-13
C_dt_half,4,5.0000000000000002e-05,14,0.00069999999999999999,0.25101974283113399,-1.0041695475138113e-07,1.0041696335524611e-07,8.6038649843012523e-15,8.6038649843012523e-15,1.4643732076831039e-13
C_dt_half,4,5.0000000000000002e-05,15,0.00075000000000000002,0.25101964241418356,-1.0041695042151133e-07,1.0041696180264569e-07,1.1381134359745875e-14,1.1381134359745875e-14,1.5781845512805627e-13
C_dt_half,4,5.0000000000000002e-05,16,0.00080000000000000004,0.25101954199723359,-1.0041694997742212e-07,1.0041696025039578e-07,1.0272973661823936e-14,1.0272973661823936e-14,1.680914287898802e-13
C_dt_half,4,5.0000000000000002e-05,17,0.00085000000000000006,0.2510194415802855,-1.0041694809004298e-07,1.0041695869849661e-07,1.0608453633729312e-14,1.0608453633729312e-14,1.7869988242360952e-13
C_dt_half,4,5.0000000000000002e-05,18,0.00090000000000000008,0.25101934116333813,-1.0041694736839801e-07,1.0041695714694847e-07,9.7785504587604623e-15,9.7785504587604623e-15,1.8847843288236998e-13
C_dt_half,4,5.0000000000000002e-05,19,0.00095,0.25101924074639359,-1.004169445373293e-07,1.0041695559575042e-07,1.1058421119884422e-14,1.1058421119884422e-14,1.995368540022544e-13
C_dt_half,4,5.0000000000000002e-05,20,0.001,0.25101914032944972,-1.0041694387119549e-07,1.0041695404490312e-07,1.0173707634038828e-14,1.0173707634038828e-14,2.0971056163629323e-13
C_dt_half,4,5.0000000000000002e-05,21,0.0010500000000000002,0.25101903991250746,-1.004169422613721e-07,1.0041695249440584e-07,1.023303374225518e-14,1.023303374225518e-14,2.1994359537854841e-13
C_dt_half,4,5.0000000000000002e-05,22,0.0011000000000000001,0.25101893949556692,-1.0041694054052641e-07,1.004169509442588e-07,1.0403732387822848e-14,1.0403732387822848e-14,2.3034732776637126e-13
C_dt_half,4,5.0000000000000002e-05,23,0.00115,0.25101883907862887,-1.0041693804252461e-07,1.0041694939446245e-07,1.1351937848738069e-14,1.1351937848738069e-14,2.4169926561510933e-13
C_dt_half,4,5.0000000000000002e-05,24,0.0012000000000000001,0.25101873866169078,-1.0041693809803576e-07,1.004169478450159e-07,9.7469801379179756e-15,9.7469801379179756e-15,2.514462457530273e-13
C_dt_half,4,5.0000000000000002e-05,25,0.00125,0.25101863824475579,-1.0041693498941129e-07,1.0041694629591953e-07,1.1306508242463709e-14,1.1306508242463709e-14,2.6275275399549101e-13
C_dt_half,4,5.0000000000000002e-05,26,0.0013000000000000002,0.25101853782782008,-1.0041693571105625e-07,1.004169447471727e-07,9.036116445492293e-15,9.036116445492293e-15,2.717888704409833e-13
C_dt_half,4,5.0000000000000002e-05,27,0.0013500000000000001,0.25101843741088753,-1.0041693254692063e-07,1.0041694319877616e-07,1.0651855522537284e-14,1.0651855522537284e-14,2.8244072596352059e-13
C_dt_half,4,5.0000000000000002e-05,28,0.0014,0.25101833699395693,-1.0041693060403034e-07,1.0041694165072908e-07,1.1046698739759794e-14,1.1046698739759794e-14,2.9348742470328038e-13
C_dt_half,4,5.0000000000000002e-05,29,0.0014500000000000001,0.25101823657702743,-1.0041692949380732e-07,1.0041694010303175e-07,1.0609224433711314e-14,1.0609224433711314e-14,3.0409664913699169e-13
C_dt_half,4,5.0000000000000002e-05,30,0.0015,0.25101813616009905,-1.0041692838358429e-07,1.0041693855568415e-07,1.0172099859625821e-14,1.0172099859625821e-14,3.1426874899661752e-13
C_dt_half,4,5.0000000000000002e-05,31,0.0015500000000000002,0.25101803574317227,-1.0041692677376091e-07,1.0041693700868586e-07,1.0234924955068162e-14,1.0234924955068162e-14,3.2450367395168568e-13
C_dt_half,4,5.0000000000000002e-05,32,0.0016000000000000001,0.25101793532624772,-1.0041692455331486e-07,1.0041693546203713e-07,1.090872227396376e-14,1.090872227396376e-14,3.3541239622564944e-13
C_dt_half,4,5.0000000000000002e-05,33,0.00165,0.25101783490932372,-1.0041692399820334e-07,1.0041693391573744e-07,9.9175340996703407e-15,9.9175340996703407e-15,3.4532993032531978e-13
C_dt_half,4,5.0000000000000002e-05,34,0.0017000000000000001,0.25101773449240267,-1.0041692105611233e-07,1.0041693236978733e-07,1.1313675001465318e-14,1.1313675001465318e-14,3.566436053267851e-13
C_dt_half,4,5.0000000000000002e-05,35,0.00175,0.25101763407548133,-1.0041692133366809e-07,1.004169308241865e-07,9.4905184138240748e-15,9.4905184138240748e-15,3.6613412374060917e-13
C_dt_half,4,5.0000000000000002e-05,36,0.0018000000000000002,0.25101753365856255,-1.0041691878015513e-07,1.0041692927893439e-07,1.0498779265088344e-14,1.0498779265088344e-14,3.7663290300569751e-13
C_dt_half,4,5.0000000000000002e-05,37,0.0018500000000000001,0.25101743324164527,-1.0041691728135405e-07,1.0041692773403144e-07,1.045267739258655e-14,1.045267739258655e-14,3.8708558039828406e-13
C_dt_half,4,5.0000000000000002e-05,38,0.0019,0.25101733282472982,-1.0041691544948605e-07,1.0041692618947741e-07,1.0739991352107013e-14,1.0739991352107013e-14,3.9782557175039108e-13
C_dt_half,4,5.0000000000000002e-05,39,0.0019500000000000001,0.25101723240781532,-1.0041691450579648e-07,1.004169246452719e-07,1.0139475419515366e-14,1.0139475419515366e-14,4.0796504716990644e-13
C_dt_half,4,5.0000000000000002e-05,40,0.002,0.2510171319909022,-1.004169131180177e-07,1.0041692310141583e-07,9.983398124334304e-15,9.983398124334304e-15,4.1794844529424075e-13
C_dt_half,4,5.0000000000000002e-05,41,0.0020500000000000002,0.25101703157399158,-1.004169106200159e-07,1.004169215579078e-07,1.0937891904910381e-14,1.0937891904910381e-14,4.2888633719915113e-13
C_dt_half,4,5.0000000000000002e-05,42,0.0021000000000000003,0.25101693115708168,-1.0041690989837093e-07,1.0041692001474832e-07,1.0116377386909113e-14,1.0116377386909113e-14,4.3900271458606024e-13
C_dt_half,4,5.0000000000000002e-05,43,0.00215,0.25101683074017372,-1.0041690795548064e-07,1.0041691847193744e-07,1.0516456802992872e-14,1.0516456802992872e-14,4.4951917138905311e-13
C_dt_half,4,5.0000000000000002e-05,44,0.0022000000000000001,0.25101673032326738,-1.0041690634565725e-07,1.0041691692947508e-07,1.0583817826042209e-14,1.0583817826042209e-14,4.6010298921509532e-13
C_dt_half,4,5.0000000000000002e-05,45,0.0022500000000000003,0.25101662990636248,-1.0041690490236732e-07,1.0041691538736087e-07,1.0484993552408874e-14,1.0484993552408874e-14,4.705879827675042e-13
C_dt_half,4,5.0000000000000002e-05,46,0.0023,0.25101652948945896,-1.0041690351458854e-07,1.0041691384559494e-07,1.033100640366939e-14,1.033100640366939e-14,4.8091898917117359e-13
C_dt_half,4,5.0000000000000002e-05,47,0.0023500000000000001,0.25101642907255722,-1.004169017382317e-07,1.0041691230417722e-07,1.0565945523499372e-14,1.0565945523499372e-14,4.9148493469467296e-13
C_dt_half,4,5.0000000000000002e-05,48,0.0024000000000000002,0.25101632865565682,-1.0041690040596407e-07,1.0041691076310778e-07,1.03571437096044e-14,1.03571437096044e-14,5.0184207840427736e-13
C_dt_half,4,5.0000000000000002e-05,49,0.0024499999999999999,0.25101622823875852,-1.0041689829654032e-07,1.0041690922238579e-07,1.0925845468508979e-14,1.0925845468508979e-14,5.1276792387278634e-13
C_dt_half,4,5.0000000000000002e-05,50,0.0025000000000000001,0.25101612782186083,-1.0041689768591766e-07,1.0041690768201225e-07,9.9960945923482743e-15,9.9960945923482743e-15,5.2276401846513461e-13
C_dt_half,4,5.0000000000000002e-05,51,0.0025500000000000002,0.25101602740496509,-1.0041689574302737e-07,1.0041690614198597e-07,1.0398958602776352e-14,1.0398958602776352e-14,5.3316297706791096e-13
C_dt_half,4,5.0000000000000002e-05,52,0.0026000000000000003,0.25101592698807074,-1.0041689435524859e-07,1.004169046023075e-07,1.0247058913795817e-14,1.0247058913795817e-14,5.4341003598170678e-13
C_dt_half,4,5.0000000000000002e-05,53,0.00265,0.25101582657117777,-1.0041689296746981e-07,1.0041690306297712e-07,1.0095507315651935e-14,1.0095507315651935e-14,5.5350554329735871e-13
C_dt_half,4,5.0000000000000002e-05,54,0.0027000000000000001,0.2510157261542873,-1.00416890469468e-07,1.0041690152399408e-07,1.1054526078581142e-14,1.1054526078581142e-14,5.6456006937593986e-13
C_dt_half,4,5.0000000000000002e-05,55,0.0027500000000000003,0.25101562573739761,-1.0041688969231188e-07,1.004168999853584e-07,1.029304651625907e-14,1.029304651625907e-14,5.7485311589219893e-13
C_dt_half,4,5.0000000000000002e-05,56,0.0028,0.25101552532051019,-1.0041688741635468e-07,1.0041689844706994e-07,1.1030715254514885e-14,1.1030715254514885e-14,5.8588383114671381e-13
C_dt_half,4,5.0000000000000002e-05,57,0.0028500000000000001,0.25101542490362333,-1.0041688686124317e-07,1.004168969091291e-07,1.0047885932217216e-14,1.0047885932217216e-14,5.9593171707893103e-13
C_dt_half,4,5.0000000000000002e-05,58,0.0029000000000000002,0.2510153244867378,-1.0041688552897554e-07,1.0041689537153531e-07,9.8425597724375143e-15,9.8425597724375143e-15,6.0577427685136854e-13
C_dt_half,4,5.0000000000000002e-05,59,0.0029499999999999999,0.25101522406985516,-1.0041688264239568e-07,1.0041689383428852e-07,1.1191892839473831e-14,1.1191892839473831e-14,6.1696616969084237e-13
C_dt_half,4,5.0000000000000002e-05,60,0.0030000000000000001,0.25101512365297213,-1.0041688303097374e-07,1.0041689229738907e-07,9.2664153335487583e-15,9.2664153335487583e-15,6.2623258502439113e-13
C_dt_half,4,5.0000000000000002e-05,61,0.0030500000000000002,0.25101502323609298,-1.0041687914519315e-07,1.0041689076083647e-07,1.161564331918755e-14,1.161564331918755e-14,6.3784822834357868e-13
C_dt_half,4,5.0000000000000002e-05,62,0.0031000000000000003,0.25101492281921378,-1.004168792007043e-07,1.004168892246307e-07,1.0023926400929156e-14,1.0023926400929156e-14,6.4787215474450784e-13
C_dt_half,4,5.0000000000000002e-05,63,0.00315,0.25101482240233652,-1.0041687725781401e-07,1.004168876887716e-07,1.0430957588464598e-14,1.0430957588464598e-14,6.5830311233297243e-13
C_dt_half,4,5.0000000000000002e-05,64,0.0032000000000000002,0.25101472198546143,-1.0041687509287911e-07,1.0041688615325926e-07,1.1060380148272743e-14,1.1060380148272743e-14,6.6936349248124518e-13
C_dt_half,4,5.0000000000000002e-05,65,0.0032500000000000003,0.25101462156858717,-1.0041687426021184e-07,1.004168846180937e-07,1.0357881859113263e-14,1.0357881859113263e-14,6.7972137434035844e-13
C_dt_half,4,5.0000000000000002e-05,66,0.0033,0.25101452115171402,-1.0041687314998882e-07,1.0041688308327451e-07,9.933285696411049e-15,9.933285696411049e-15,6.8965466003676949e-13
C_dt_half,4,5.0000000000000002e-05,67,0.0033500000000000001,0.25101442073484304,-1.0041687098505392e-07,1.004168815488017e-07,1.0563747777403712e-14,1.0563747777403712e-14,7.002184078141732e-13
C_dt_half,4,5.0000000000000002e-05,68,0.0034000000000000002,0.25101432031797349,-1.0041686954176399e-07,1.0041688001467529e-07,1.0472911302395671e-14,1.0472911302395671e-14,7.1069131911656887e-13
C_dt_half,4,5.0000000000000002e-05,69,0.0034500000000000004,0.25101421990110606,-1.0041686743234024e-07,1.0041687848089552e-07,1.1048555277161498e-14,1.1048555277161498e-14,7.2173987439373037e-13
C_dt_half,4,5.0000000000000002e-05,70,0.0035000000000000001,0.25101411948423769,-1.0041686837602981e-07,1.0041687694746159e-07,8.5714317751135299e-15,8.5714317751135299e-15,7.303113061688439e-13
C_dt_half,4,5.0000000000000002e-05,71,0.0035500000000000002,0.25101401906737336,-1.0041686432371577e-07,1.0041687541437365e-07,1.109065788360283e-14,1.109065788360283e-14,7.4140196405244673e-13
C_dt_half,4,5.0000000000000002e-05,72,0.0036000000000000003,0.25101391865051048,-1.0041686288042584e-07,1.0041687388163205e-07,1.1001206214819321e-14,1.1001206214819321e-14,7.5240317026726605e-13
C_dt_half,4,5.0000000000000002e-05,73,0.00365,0.25101381823364827,-1.0041686221429202e-07,1.0041687234923628e-07,1.0134944256468699e-14,1.0134944256468699e-14,7.6253811452373475e-13
C_dt_half,4,5.0000000000000002e-05,74,0.0037000000000000002,0.25101371781678766,-1.0041686060446864e-07,1.0041687081718659e-07,1.0212717948182862e-14,1.0212717948182862e-14,7.7275083247191761e-13
C_dt_half,4,5.0000000000000002e-05,75,0.0037500000000000003,0.25101361739992878,-1.0041685888362295e-07,1.0041686928548251e-07,1.04018595582718e-14,1.04018595582718e-14,7.8315269203018941e-13
C_dt_half,4,5.0000000000000002e-05,76,0.0038,0.25101351698307228,-1.0041685649664345e-07,1.0041686775412405e-07,1.1257480599048091e-14,1.1257480599048091e-14,7.944101726292375e-13
C_dt_half,4,5.0000000000000002e-05,77,0.0038500000000000001,0.25101341656621623,-1.0041685605255424e-07,1.0041686622311116e-07,1.0170556922937948e-14,1.0170556922937948e-14,8.0458072955217545e-13
C_dt_half,4,5.0000000000000002e-05,78,0.0039000000000000003,0.25101331614936118,-1.0041685505335352e-07,1.0041686469244378e-07,9.6390902691735248e-15,9.6390902691735248e-15,8.1421981982134898e-13
C_dt_half,4,5.0000000000000002e-05,79,0.0039500000000000004,0.25101321573250934,-1.0041685183370674e-07,1.0041686316212187e-07,1.1328415121752996e-14,1.1328415121752996e-14,8.2554823494310197e-13
C_dt_half,4,5.0000000000000002e-05,80,0.0040000000000000001,0.25101311531565779,-1.0041685155615099e-07,1.0041686163214551e-07,1.0075994522048503e-14,1.0075994522048503e-14,8.3562422946515047e-13
C_dt_half,4,5.0000000000000002e-05,81,0.0040499999999999998,0.25101301489880873,-1.0041684905814918e-07,1.0041686010251408e-07,1.1044364899292312e-14,1.1044364899292312e-14,8.4666859436444279e-13
C_dt_half,4,5.0000000000000002e-05,82,0.0041000000000000003,0.2510129144819595,-1.0041684922468264e-07,1.0041685857322797e-07,9.34854532894554e-15,9.34854532894554e-15,8.5601713969338833e-13
C_dt_half,4,5.0000000000000002e-05,83,0.00415,0.25101281406511328,-1.0041684622708047e-07,1.0041685704428719e-07,1.0817206716760037e-14,1.0817206716760037e-14,8.6683434641014836e-13
C_dt_half,4,5.0000000000000002e-05,84,0.0042000000000000006,0.2510127136482681,-1.004168451723686e-07,1.0041685551569143e-07,1.0343322831822729e-14,1.0343322831822729e-14,8.7717766924197109e-13
C_dt_half,4,5.0000000000000002e-05,85,0.0042500000000000003,0.25101261323142499,-1.00416843118456e-07,1.0041685398744009e-07,1.0868984093820239e-14,1.0868984093820239e-14,8.8804665333579133e-13
C_dt_half,4,5.0000000000000002e-05,86,0.0043,0.2510125128145832,-1.0041684178618837e-07,1.0041685245953407e-07,1.0673345701321191e-14,1.0673345701321191e-14,8.9871999903711252e-13
C_dt_half,4,5.0000000000000002e-05,87,0.0043500000000000006,0.25101241239774152,-1.0041684167516607e-07,1.004168509319727e-07,9.2568066314997749e-15,9.2568066314997749e-15,9.079768056686123e-13
C_dt_half,4,5.0000000000000002e-05,88,0.0044000000000000003,0.25101231198090246,-1.0041683906614196e-07,1.004168494047559e-07,1.0338613937440926e-14,1.0338613937440926e-14,9.1831541960605322e-13
C_dt_half,4,5.0000000000000002e-05,89,0.00445,0.251012211564066,-1.0041683645711785e-07,1.004168478778839e-07,1.1420766051966059e-14,1.1420766051966059e-14,9.2973618565801928e-13
C_dt_half,4,5.0000000000000002e-05,90,0.0045000000000000005,0.2510121111472296,-1.004168364016067e-07,1.0041684635135626e-07,9.9497495552161697e-15,9.9497495552161697e-15,9.3968593521323545e-13
C_dt_half,4,5.0000000000000002e-05,91,0.0045500000000000002,0.25101201073039503,-1.0041683456973871e-07,1.0041684482517294e-07,1.025543422999448e-14,1.025543422999448e-14,9.4994136944322993e-13
C_dt_half,4,5.0000000000000002e-05,92,0.0045999999999999999,0.25101191031356235,-1.0041683268235957e-07,1.0041684329933414e-07,1.0616974573420454e-14,1.0616974573420454e-14,9.6055834401665039e-13
C_dt_half,4,5.0000000000000002e-05,93,0.0046500000000000005,0.25101180989673144,-1.0041683090600273e-07,1.0041684177383958e-07,1.0867836853867632e-14,1.0867836853867632e-14,9.7142618087051802e-13
C_dt_half,4,5.0000000000000002e-05,94,0.0047000000000000002,0.2510117094799012,-1.0041683023986891e-07,1.0041684024868934e-07,1.0008820428582713e-14,1.0008820428582713e-14,9.8143500129910073e-13
C_dt_half,4,5.0000000000000002e-05,95,0.0047499999999999999,0.25101160906307302,-1.0041682818595632e-07,1.0041683872388292e-07,1.0537926600046485e-14,1.0537926600046485e-14,9.9197292789914722e-13
C_dt_half,4,5.0000000000000002e-05,96,0.0048000000000000004,0.25101150864624616,-1.0041682685368869e-07,1.0041683719942088e-07,1.0345732190571414e-14,1.0345732190571414e-14,1.0023186600897186e-12
C_dt_half,4,5.0000000000000002e-05,97,0.0048500000000000001,0.25101140822942097,-1.0041682518835415e-07,1.0041683567530227e-07,1.0486948120639332e-14,1.0486948120639332e-14,1.012805608210358e-12
C_dt_half,4,5.0000000000000002e-05,98,0.0048999999999999998,0.25101130781259701,-1.0041682396710883e-07,1.0041683415152769e-07,1.0184418868582671e-14,1.0184418868582671e-14,1.0229900270789406e-12
C_dt_half,4,5.0000000000000002e-05,99,0.0049500000000000004,0.25101120739577509,-1.0041682191319623e-07,1.0041683262809702e-07,1.0714900793606352e-14,1.0714900793606352e-14,1.033704927872547e-12
C_dt_half,4,5.0000000000000002e-05,100,0.0050000000000000001,0.25101110697895435,-1.0041682074746205e-07,1.0041683110501004e-07,1.0357547982548257e-14,1.0357547982548257e-14,1.0440624758550952e-12
C_dt_half,4,5.0000000000000002e-05,101,0.0050500000000000007,0.25101100656213488,-1.0041681947070558e-07,1.0041682958226663e-07,1.0111561051691907e-14,1.0111561051691907e-14,1.0541740369067871e-12
C_dt_half,4,5.0000000000000002e-05,102,0.0051000000000000004,0.25101090614531796,-1.0041681691719262e-07,1.0041682805986654e-07,1.1142673925430811e-14,1.1142673925430811e-14,1.065316710832218e-12
C_dt_half,4,5.0000000000000002e-05,103,0.0051500000000000001,0.25101080572850137,-1.0041681658412571e-07,1.0041682653781008e-07,9.9536843673633007e-15,9.9536843673633007e-15,1.0752703951995813e-12
C_dt_half,4,5.0000000000000002e-05,104,0.0052000000000000006,0.25101070531168729,-1.0041681408612391e-07,1.0041682501609691e-07,1.092997300712139e-14,1.092997300712139e-14,1.0862003682067027e-12
C_dt_half,4,5.0000000000000002e-05,105,0.0052500000000000003,0.25101060489487409,-1.0041681319794549e-07,1.0041682349472698e-07,1.0296781494805098e-14,1.0296781494805098e-14,1.0964971497015077e-12
C_dt_half,4,5.0000000000000002e-05,106,0.0053,0.25101050447806283,-1.0041681125505519e-07,1.0041682197370023e-07,1.0718645036575241e-14,1.0718645036575241e-14,1.107215794738083e-12
C_dt_half,4,5.0000000000000002e-05,107,0.0053500000000000006,0.25101040406125302,-1.0041680981176526e-07,1.0041682045301632e-07,1.0641251053849464e-14,1.0641251053849464e-14,1.1178570457919325e-12
C_dt_half,4,5.0000000000000002e-05,108,0.0054000000000000003,0.25101030364444316,-1.0041680986727641e-07,1.0041681893267575e-07,9.0653993406258297e-15,9.0653993406258297e-15,1.1269224451325583e-12
C_dt_half,4,5.0000000000000002e-05,109,0.00545,0.25101020322763679,-1.0041680637007389e-07,1.0041681741267816e-07,1.1042604275136995e-14,1.1042604275136995e-14,1.1379650494076953e-12
C_dt_half,4,5.0000000000000002e-05,110,0.0055000000000000005,0.25101010281083153,-1.0041680525985086e-07,1.0041681589302348e-07,1.0633172622698814e-14,1.0633172622698814e-14,1.1485982220303941e-12
C_dt_half,4,5.0000000000000002e-05,111,0.0055500000000000002,0.25101000239402704,-1.0041680448269474e-07,1.0041681437371102e-07,9.8910162774186667e-15,9.8910162774186667e-15,1.1584892383078128e-12
C_dt_half,4,5.0000000000000002e-05,112,0.0055999999999999999,0.25100990197722539,-1.0041680165162603e-07,1.0041681285474136e-07,1.1203115324575791e-14,1.1203115324575791e-14,1.1696923536323886e-12
C_dt_half,4,5.0000000000000002e-05,113,0.0056500000000000005,0.25100980156042385,-1.0041680154060373e-07,1.0041681133611457e-07,9.7955108376913516e-15,9.7955108376913516e-15,1.1794878644700799e-12
C_dt_half,4,5.0000000000000002e-05,114,0.0057000000000000002,0.25100970114362386,-1.0041679998629149e-07,1.0041680981783003e-07,9.831538537069866e-15,9.831538537069866e-15,1.1893194030071498e-12
C_dt_half,4,5.0000000000000002e-05,115,0.0057499999999999999,0.25100960072682582,-1.004167980434012e-07,1.0041680829988788e-07,1.0256486681666333e-14,1.0256486681666333e-14,1.1995758896888161e-12
C_dt_half,4,5.0000000000000002e-05,116,0.0058000000000000005,0.25100950031003011,-1.0041679571193285e-07,1.0041680678228829e-07,1.107035544353432e-14,1.107035544353432e-14,1.2106462451323504e-12
C_dt_half,4,5.0000000000000002e-05,117,0.0058500000000000002,0.25100939989323517,-1.0041679493477673e-07,1.0041680526503126e-07,1.0330254529579804e-14,1.0330254529579804e-14,1.2209764996619302e-12
C_dt_half,4,5.0000000000000002e-05,118,0.0058999999999999999,0.25100929947644246,-1.0041679271433068e-07,1.0041680374811586e-07,1.103378517984842e-14,1.103378517984842e-14,1.2320102848417786e-12
C_dt_half,4,5.0000000000000002e-05,119,0.0059500000000000004,0.25100919905965008,-1.0041679238126378e-07,1.0041680223154277e-07,9.8502789954440796e-15,9.8502789954440796e-15,1.2418605638372227e-12
C_dt_half,4,5.0000000000000002e-05,120,0.0060000000000000001,0.25100909864286036,-1.0041678971672852e-07,1.0041680071531185e-07,1.0998583337593479e-14,1.0998583337593479e-14,1.2528591471748162e-12
C_dt_half,4,5.0000000000000002e-05,121,0.0060500000000000007,0.2510089982260712,-1.00416789161617e-07,1.0041679919942265e-07,1.0037805644574849e-14,1.0037805644574849e-14,1.2628969528193911e-12
C_dt_half,4,5.0000000000000002e-05,122,0.0061000000000000004,0.25100889780928426,-1.0041678694117095e-07,1.0041679768387551e-07,1.0742704557455746e-14,1.0742704557455746e-14,1.2736396573768468e-12
C_dt_half,4,5.0000000000000002e-05,123,0.0061500000000000001,0.25100879739249771,-1.004167865525929e-07,1.004167961686695e-07,9.6160766089897521e-15,9.6160766089897521e-15,1.2832557339858366e-12
C_dt_half,4,5.0000000000000002e-05,124,0.0062000000000000006,0.25100869697571387,-1.0041678383254649e-07,1.0041679465380588e-07,1.0821259398835735e-14,1.0821259398835735e-14,1.2940769933846723e-12
C_dt_half,4,5.0000000000000002e-05,125,0.0062500000000000003,0.25100859655893187,-1.004167820006785e-07,1.004167931392833e-07,1.113860480562198e-14,1.113860480562198e-14,1.3052155981902943e-12
C_dt_half,4,5.0000000000000002e-05,126,0.0063,0.25100849614215009,-1.0041678177863389e-07,1.0041679162510267e-07,9.8464687765495337e-15,9.8464687765495337e-15,1.3150620669668438e-12
C_dt_half,4,5.0000000000000002e-05,127,0.0063500000000000006,0.25100839572537031,-1.0041677978023245e-07,1.0041679011126306e-07,1.0331030610282836e-14,1.0331030610282836e-14,1.3253930975771266e-12
C_dt_half,4,5.0000000000000002e-05,128,0.0064000000000000003,0.25100829530859226,-1.0041677805938676e-07,1.0041678859776521e-07,1.0538378452419176e-14,1.0538378452419176e-14,1.3359314760295458e-12
C_dt_half,4,5.0000000000000002e-05,129,0.00645,0.25100819489181642,-1.0041677583894071e-07,1.0041678708460822e-07,1.1245667506988768e-14,1.1245667506988768e-14,1.3471771435365346e-12
C_dt_half,4,5.0000000000000002e-05,130,0.0065000000000000006,0.25100809447504069,-1.0041677572791841e-07,1.0041678557179257e-07,9.843874169048306e-15,9.843874169048306e-15,1.3570210177055829e-12
C_dt_half,4,5.0000000000000002e-05,131,0.0065500000000000003,0.25100799405826651,-1.0041677417360617e-07,1.0041678405931814e-07,9.885711971814503e-15,9.885711971814503e-15,1.3669067296773974e-12
C_dt_half,4,5.0000000000000002e-05,132,0.0066,0.25100789364149473,-1.0041677178662667e-07,1.0041678254718473e-07,1.0760558066455066e-14,1.0760558066455066e-14,1.3776672877438525e-12
C_dt_half,4,5.0000000000000002e-05,133,0.0066500000000000005,0.25100779322472361,-1.0041677112049285e-07,1.0041678103539215e-07,9.9148992978087877e-15,9.9148992978087877e-15,1.3875821870416612e-12
C_dt_half,4,5.0000000000000002e-05,134,0.0067000000000000002,0.25100769280795465,-1.0041676895555796e-07,1.0041677952394002e-07,1.0568382066711708e-14,1.0568382066711708e-14,1.398150569108373e-12
C_dt_half,4,5.0000000000000002e-05,135,0.0067499999999999999,0.25100759239118681,-1.0041676784533493e-07,1.0041677801282906e-07,1.0167494131210016e-14,1.0167494131210016e-14,1.408318063239583e-12
C_dt_half,4,5.0000000000000002e-05,136,0.0068000000000000005,0.25100749197442174,-1.0041676506977737e-07,1.004167765020586e-07,1.1432281226655964e-14,1.1432281226655964e-14,1.4197503444662389e-12
C_dt_half,4,5.0000000000000002e-05,137,0.0068500000000000002,0.25100739155765672,-1.0041676501426622e-07,1.0041677499162885e-07,9.9773626307733128e-15,9.9773626307733128e-15,1.4297277070970122e-12
C_dt_half,4,5.0000000000000002e-05,138,0.0069000000000000008,0.25100729114089315,-1.0041676357097629e-07,1.0041677348154001e-07,9.9105637199635972e-15,9.9105637199635972e-15,1.4396382708169758e-12
C_dt_half,4,5.0000000000000002e-05,139,0.0069500000000000004,0.25100719072413258,-1.0041676057337412e-07,1.0041677197179104e-07,1.1398416915599187e-14,1.1398416915599187e-14,1.451036687732575e-12
C_dt_half,4,5.0000000000000002e-05,140,0.0070000000000000001,0.25100709030737234,-1.0041676024030721e-07,1.0041677046238282e-07,1.0222075610842103e-14,1.0222075610842103e-14,1.4612587633434171e-12
C_dt_half,4,5.0000000000000002e-05,141,0.0070500000000000007,0.2510069898906141,-1.0041675824190577e-07,1.0041676895331452e-07,1.0711408754697509e-14,1.0711408754697509e-14,1.4719701720981146e-12
C_dt_half,4,5.0000000000000002e-05,142,0.0071000000000000004,0.25100688947385574,-1.0041675835292807e-07,1.0041676744458632e-07,9.0916582487283296e-15,9.0916582487283296e-15,1.481061830346843e-12
C_dt_half,4,5.0000000000000002e-05,143,0.0071500000000000001,0.25100678905710022,-1.0041675552185936e-07,1.0041676593619881e-07,1.0414339450549069e-14,1.0414339450549069e-14,1.491476169797392e-12
C_dt_half,4,5.0000000000000002e-05,144,0.0072000000000000007,0.25100668864034686,-1.0041675335692446e-07,1.0041676442815073e-07,1.1071226272813437e-14,1.1071226272813437e-14,1.5025473960702055e-12
C_dt_half,4,5.0000000000000002e-05,145,0.0072500000000000004,0.25100658822359428,-1.0041675257976834e-07,1.0041676292044282e-07,1.034067447743402e-14,1.034067447743402e-14,1.5128880705476395e-12
C_dt_half,4,5.0000000000000002e-05,146,0.0073000000000000001,0.25100648780684387,-1.0041675041483344e-07,1.0041676141307434e-07,1.0998240898054772e-14,1.0998240898054772e-14,1.5238863114456943e-12
C_dt_half,4,5.0000000000000002e-05,147,0.0073500000000000006,0.25100638739009368,-1.0041675019278884e-07,1.0041675990604658e-07,9.7132577445845322e-15,9.7132577445845322e-15,1.5335995691902788e-12
C_dt_half,4,5.0000000000000002e-05,148,0.0074000000000000003,0.25100628697334598,-1.0041674769478703e-07,1.0041675839935756e-07,1.0704570525365427e-14,1.0704570525365427e-14,1.5443041397156442e-12
C_dt_half,4,5.0000000000000002e-05,149,0.00745,0.25100618655659945,-1.0041674652905286e-07,1.0041675689300876e-07,1.0363955905908244e-14,1.0363955905908244e-14,1.5546680956215525e-12
C_dt_half,4,5.0000000000000002e-05,150,0.0075000000000000006,0.25100608613985431,-1.0041674514127408e-07,1.0041675538699905e-07,1.024572496925279e-14,1.024572496925279e-14,1.5649138205908053e-12
C_dt_half,4,5.0000000000000002e-05,151,0.0075500000000000003,0.25100598572311117,-1.0041674314287263e-07,1.0041675388132883e-07,1.0738456197534343e-14,1.0738456197534343e-14,1.5756522767883396e-12
C_dt_half,4,5.0000000000000002e-05,152,0.0076,0.25100588530636903,-1.0041674214367191e-07,1.0041675237599792e-07,1.023232600652308e-14,1.023232600652308e-14,1.5858846027948627e-12
C_dt_half,4,5.0000000000000002e-05,153,0.0076500000000000005,0.25100578488962849,-1.0041674053384853e-07,1.0041675087100662e-07,1.0337158099562833e-14,1.0337158099562833e-14,1.5962217608944255e-12
C_dt_half,4,5.0000000000000002e-05,154,0.0077000000000000002,0.2510056844728899,-1.0041673859095823e-07,1.0041674936635405e-07,1.0775395820524805e-14,1.0775395820524805e-14,1.6069971567149503e-12
C_dt_half,4,5.0000000000000002e-05,155,0.0077499999999999999,0.25100558405615242,-1.0041673748073521e-07,1.0041674786204113e-07,1.038130591999487e-14,1.038130591999487e-14,1.6173784626349452e-12
C_dt_half,4,5.0000000000000002e-05,156,0.0078000000000000005,0.25100548363941583,-1.0041673659255679e-07,1.0041674635806682e-07,9.7655100291954577e-15,9.7655100291954577e-15,1.6271439726641406e-12
C_dt_half,4,5.0000000000000002e-05,157,0.0078500000000000011,0.25100538322268229,-1.0041673353944347e-07,1.0041674485443154e-07,1.1314988074587129e-14,1.1314988074587129e-14,1.6384589607387278e-12
C_dt_half,4,5.0000000000000002e-05,158,0.0079000000000000008,0.25100528280594886,-1.0041673342842117e-07,1.0041674335113506e-07,9.9227138914312579e-15,9.9227138914312579e-15,1.648381674630159e-12
C_dt_half,4,5.0000000000000002e-05,159,0.0079500000000000005,0.2510051823892176,-1.0041673126348627e-07,1.0041674184817769e-07,1.0584691421413293e-14,1.0584691421413293e-14,1.6589663660515723e-12
C_dt_half,4,5.0000000000000002e-05,160,0.0080000000000000002,0.25100508197248794,-1.0041672965366288e-07,1.0041674034555843e-07,1.0691895550812493e-14,1.0691895550812493e-14,1.6696582616023848e-12
C_dt_half,4,5.0000000000000002e-05,161,0.0080499999999999999,0.2510049815557594,-1.0041672854343986e-07,1.0041673884327823e-07,1.029983837053729e-14,1.029983837053729e-14,1.6799580999729221e-12
C_dt_half,4,5.0000000000000002e-05,162,0.0080999999999999996,0.25100488113903202,-1.0041672737770568e-07,1.0041673734133639e-07,9.9636307046859935e-15,9.9636307046859935e-15,1.6899217306776081e-12
C_dt_half,4,5.0000000000000002e-05,163,0.008150000000000001,0.25100478072230609,-1.0041672593441575e-07,1.0041673583973302e-07,9.9053172640627531e-15,9.9053172640627531e-15,1.6998270479416709e-12
C_dt_half,4,5.0000000000000002e-05,164,0.0082000000000000007,0.25100468030558387,-1.0041672221516862e-07,1.0041673433846822e-07,1.2123299598871969e-14,1.2123299598871969e-14,1.7119503475405428e-12
C_dt_half,4,5.0000000000000002e-05,165,0.0082500000000000004,0.25100457988885999,-1.0041672388050316e-07,1.0041673283754151e-07,8.957038349509138e-15,8.957038349509138e-15,1.720907385890052e-12
C_dt_half,4,5.0000000000000002e-05,166,0.0083000000000000001,0.25100447947213911,-1.0041672088290099e-07,1.0041673133695289e-07,1.0454051902066817e-14,1.0454051902066817e-14,1.7313614377921188e-12
C_dt_half,4,5.0000000000000002e-05,167,0.0083499999999999998,0.25100437905542039,-1.0041671871796609e-07,1.0041672983670246e-07,1.111873636405982e-14,1.111873636405982e-14,1.7424801741561786e-12
C_dt_half,4,5.0000000000000002e-05,168,0.0084000000000000012,0.2510042786387025,-1.0041671788529882e-07,1.0041672833679006e-07,1.0451491242057929e-14,1.0451491242057929e-14,1.7529316653982365e-12
C_dt_half,4,5.0000000000000002e-05,169,0.0084500000000000009,0.25100417822198623,-1.0041671627547544e-07,1.004167268372156e-07,1.0561740163734932e-14,1.0561740163734932e-14,1.7634934055619715e-12
C_dt_half,4,5.0000000000000002e-05,170,0.0085000000000000006,0.25100407780527101,-1.0041671522076356e-07,1.0041672533797893e-07,1.0117215367191744e-14,1.0117215367191744e-14,1.7736106209291632e-12
C_dt_half,4,5.0000000000000002e-05,171,0.0085500000000000003,0.25100397738855673,-1.0041671427707399e-07,1.0041672383908058e-07,9.5620065916740188e-15,9.5620065916740188e-15,1.7831726275208372e-12
C_dt_half,4,5.0000000000000002e-05,172,0.0086,0.25100387697184556,-1.0041671116844952e-07,1.0041672234051954e-07,1.1172070018576814e-14,1.1172070018576814e-14,1.794344697539414e-12
C_dt_half,4,5.0000000000000002e-05,173,0.0086499999999999997,0.25100377655513567,-1.0041670989169305e-07,1.0041672084229599e-07,1.0950602944538022e-14,1.0950602944538022e-14,1.8052953004839521e-12
C_dt_half,4,5.0000000000000002e-05,174,0.0087000000000000011,0.25100367613842645,-1.0041670922555923e-07,1.0041671934440993e-07,1.0118850696645316e-14,1.0118850696645316e-14,1.8154141511805974e-12
C_dt_half,4,5.0000000000000002e-05,175,0.0087500000000000008,0.25100357572171844,-1.004167080043139e-07,1.0041671784686179e-07,9.8425478875064731e-15,9.8425478875064731e-15,1.8252566990681038e-12
C_dt_half,4,5.0000000000000002e-05,176,0.0088000000000000005,0.25100347530501277,-1.0041670567284555e-07,1.0041671634965047e-07,1.0676804917703329e-14,1.0676804917703329e-14,1.8359335039858072e-12
C_dt_half,4,5.0000000000000002e-05,177,0.0088500000000000002,0.25100337488830859,-1.0041670417404447e-07,1.0041671485277669e-07,1.0678732222060798e-14,1.0678732222060798e-14,1.846612236207868e-12
C_dt_half,4,5.0000000000000002e-05,178,0.0088999999999999999,0.25100327447160464,-1.0041670395199986e-07,1.004167133562402e-07,9.4042403392659112e-15,9.4042403392659112e-15,1.8560164765471339e-12
C_dt_half,4,5.0000000000000002e-05,179,0.0089499999999999996,0.25100317405490435,-1.0041670028826388e-07,1.0041671186004086e-07,1.1571776978391797e-14,1.1571776978391797e-14,1.8675882535255257e-12
C_dt_half,4,5.0000000000000002e-05,180,0.0090000000000000011,0.25100307363820462,-1.0041669973315237e-07,1.0041671036417844e-07,1.0631026069156904e-14,1.0631026069156904e-14,1.8782192795946826e-12
C_dt_half,4,5.0000000000000002e-05,181,0.0090500000000000008,0.25100297322150616,-1.0041669845639589e-07,1.0041670886865293e-07,1.0412257033283134e-14,1.0412257033283134e-14,1.8886315366279657e-12
C_dt_half,4,5.0000000000000002e-05,182,0.0091000000000000004,0.25100287280480821,-1.0041669795679553e-07,1.0041670737346454e-07,9.4166690125196511e-15,9.4166690125196511e-15,1.8980482056404854e-12
C_dt_half,4,5.0000000000000002e-05,183,0.0091500000000000001,0.25100277238811308,-1.0041669512572682e-07,1.004167058786127e-07,1.0752885880246853e-14,1.0752885880246853e-14,1.9088010915207322e-12
C_dt_half,4,5.0000000000000002e-05,184,0.0091999999999999998,0.25100267197141884,-1.004166942375484e-07,1.0041670438409771e-07,1.0146549309295242e-14,1.0146549309295242e-14,1.9189476408300275e-12
C_dt_half,4,5.0000000000000002e-05,185,0.0092500000000000013,0.25100257155472655,-1.0041669229465811e-07,1.0041670288991927e-07,1.0595261161750276e-14,1.0595261161750276e-14,1.9295429019917777e-12
C_dt_half,4,5.0000000000000002e-05,186,0.009300000000000001,0.25100247113803531,-1.0041669123994623e-07,1.0041670139607731e-07,1.0156131078343481e-14,1.0156131078343481e-14,1.9396990330701212e-12
C_dt_half,4,5.0000000000000002e-05,187,0.0093500000000000007,0.25100237072134607,-1.0041668924154479e-07,1.0041669990257235e-07,1.0661027565867068e-14,1.0661027565867068e-14,1.9503600606359883e-12
C_dt_half,4,5.0000000000000002e-05,188,0.0094000000000000004,0.25100227030465866,-1.004166874096768e-07,1.0041669840940302e-07,1.0999726223267341e-14,1.0999726223267341e-14,1.9613597868592556e-12
C_dt_half,4,5.0000000000000002e-05,189,0.0094500000000000001,0.25100216988797142,-1.0041668724314334e-07,1.0041669691657074e-07,9.673427396668438e-15,9.673427396668438e-15,1.9710332142559241e-12
C_dt_half,4,5.0000000000000002e-05,190,0.0094999999999999998,0.25100206947128689,-1.0041668452309693e-07,1.0041669542407439e-07,1.090097745468032e-14,1.090097745468032e-14,1.9819341917106044e-12
C_dt_half,4,5.0000000000000002e-05,191,0.0095500000000000012,0.25100196905460254,-1.0041668435656348e-07,1.0041669393191395e-07,9.5753504707923772e-15,9.5753504707923772e-15,1.9915095421813968e-12
C_dt_half,4,5.0000000000000002e-05,192,0.0096000000000000009,0.25100186863792212,-1.0041668041527174e-07,1.0041669244008933e-07,1.2024817592723773e-14,1.2024817592723773e-14,2.0035343597741205e-12
C_dt_half,4,5.0000000000000002e-05,193,0.0096500000000000006,0.25100176822124098,-1.0041668113691671e-07,1.0041669094860148e-07,9.8116847730004948e-15,9.8116847730004948e-15,2.013346044547121e-12
C_dt_half,4,5.0000000000000002e-05,194,0.0097000000000000003,0.25100166780456196,-1.0041667902749296e-07,1.0041668945744924e-07,1.0429956276406935e-14,1.0429956276406935e-14,2.023776000823528e-12
C_dt_half,4,5.0000000000000002e-05,195,0.00975,0.25100156738788415,-1.0041667780624763e-07,1.0041668796663264e-07,1.016038501015349e-14,1.016038501015349e-14,2.0339363858336815e-12
C_dt_half,4,5.0000000000000002e-05,196,0.0097999999999999997,0.25100146697120773,-1.0041667641846885e-07,1.0041668647615177e-07,1.0057682913808506e-14,1.0057682913808506e-14,2.04399406874749e-12
C_dt_half,4,5.0000000000000002e-05,197,0.0098500000000000011,0.25100136655453387,-1.004166738649559e-07,1.00416684986007e-07,1.1121051106581319e-14,1.1121051106581319e-14,2.0551151198540713e-12
C_dt_half,4,5.0000000000000002e-05,198,0.0099000000000000008,0.25100126613786056,-1.0041667330984438e-07,1.004166834961972e-07,1.018635281685482e-14,1.018635281685482e-14,2.0653014726709261e-12
C_dt_half,4,5.0000000000000002e-05,199,0.0099500000000000005,0.25100116572118852,-1.0041667203308791e-07,1.0041668200672334e-07,9.9736354343424877e-15,9.9736354343424877e-15,2.0752751081052686e-12
C_dt_half,4,5.0000000000000002e-05,200,0.01,0.25100106530451854,-1.0041666997917531e-07,1.0041668051758436e-07,1.0538409051484396e-14,1.0538409051484396e-14,2.085813517156753e-12
C_dt_half,4,5.0000000000000002e-05,201,0.01005,0.25100096488785112,-1.0041666742566235e-07,1.0041667902878132e-07,1.1603118970915439e-14,1.1603118970915439e-14,2.0974166361276684e-12
C_dt_half,4,5.0000000000000002e-05,202,0.010100000000000001,0.25100086447118342,-1.0041666770321811e-07,1.0041667754031302e-07,9.8370949143851766e-15,9.8370949143851766e-15,2.1072537310420536e-12
C_dt_half,4,5.0000000000000002e-05,203,0.010150000000000001,0.25100076405451721,-1.0041666620441703e-07,1.004166760521802e-07,9.8477631752418363e-15,9.8477631752418363e-15,2.1171014942172954e-12
C_dt_half,4,5.0000000000000002e-05,204,0.010200000000000001,0.2510006636378535,-1.0041666370641522e-07,1.0041667456438224e-07,1.0857967014207988e-14,1.0857967014207988e-14,2.1279594612315034e-12
C_dt_half,4,5.0000000000000002e-05,205,0.01025,0.25100056322119108,-1.0041666242965874e-07,1.0041667307691987e-07,1.0647261123187148e-14,1.0647261123187148e-14,2.1386067223546906e-12
C_dt_half,4,5.0000000000000002e-05,206,0.0103,0.25100046280452942,-1.0041666165250263e-07,1.0041667158979182e-07,9.9372891976362465e-15,9.9372891976362465e-15,2.1485440115523268e-12
C_dt_half,4,5.0000000000000002e-05,207,0.01035,0.25100036238786955,-1.0041665987614579e-07,1.0041667010299866e-07,1.0226852876664617e-14,1.0226852876664617e-14,2.1587708644289914e-12
C_dt_half,4,5.0000000000000002e-05,208,0.010400000000000001,0.25100026197121089,-1.0041665865490046e-07,1.0041666861654066e-07,9.9616402037297255e-15,9.9616402037297255e-15,2.1687325046327212e-12
C_dt_half,4,5.0000000000000002e-05,209,0.010450000000000001,0.25100016155455573,-1.0041665515769793e-07,1.0041666713041699e-07,1.1972719057827664e-14,1.1972719057827664e-14,2.1807052236905488e-12
C_dt_half,4,5.0000000000000002e-05,210,0.010500000000000001,0.25100006113789969,-1.0041665604587635e-07,1.0041666564462758e-07,9.5987512250330452e-15,9.5987512250330452e-15,2.1903039749155819e-12
C_dt_half,4,5.0000000000000002e-05,211,0.01055,0.25099996072124575,-1.004166539364526e-07,1.0041666415917311e-07,1.0222720507317428e-14,1.0222720507317428e-14,2.2005266954228993e-12
C_dt_half,4,5.0000000000000002e-05,212,0.0106,0.25099986030459437,-1.0041665138293965e-07,1.0041666267405338e-07,1.1291113736284717e-14,1.1291113736284717e-14,2.211817809159184e-12
C_dt_half,4,5.0000000000000002e-05,213,0.01065,0.25099975988794287,-1.0041665149396195e-07,1.0041666118926763e-07,9.6953056753608654e-15,9.6953056753608654e-15,2.2215131148345449e-12
C_dt_half,4,5.0000000000000002e-05,214,0.010700000000000001,0.25099965947129355,-1.0041664932902705e-07,1.0041665970481594e-07,1.0375788890006937e-14,1.0375788890006937e-14,2.2318889037245518e-12
C_dt_half,4,5.0000000000000002e-05,215,0.010750000000000001,0.25099955905464638,-1.0041664716409215e-07,1.0041665822069892e-07,1.1056606762076513e-14,1.1056606762076513e-14,2.2429455104866283e-12
C_dt_half,4,5.0000000000000002e-05,216,0.010800000000000001,0.25099945863799955,-1.0041664683102525e-07,1.0041665673691583e-07,9.905890586254036e-15,9.905890586254036e-15,2.2528514010728824e-12
C_dt_half,4,5.0000000000000002e-05,217,0.01085,0.25099935822135444,-1.0041664511017956e-07,1.0041665525346669e-07,1.0143287133952459e-14,1.0143287133952459e-14,2.2629946882068348e-12
C_dt_half,4,5.0000000000000002e-05,218,0.0109,0.25099925780471216,-1.0041664227911085e-07,1.0041665377035159e-07,1.1491240741659723e-14,1.1491240741659723e-14,2.2744859289484946e-12
C_dt_half,4,5.0000000000000002e-05,219,0.01095,0.25099915738806894,-1.0041664322280042e-07,1.0041665228757021e-07,9.0647697966226727e-15,9.0647697966226727e-15,2.2835506987451172e-12
C_dt_half,4,5.0000000000000002e-05,220,0.011000000000000001,0.25099905697142894,-1.0041664000315365e-07,1.0041665080512284e-07,1.0801969189608974e-14,1.0801969189608974e-14,2.2943526679347262e-12
C_dt_half,4,5.0000000000000002e-05,221,0.011050000000000001,0.25099895655478927,-1.0041663967008674e-07,1.0041664932300891e-07,9.6529221716183997e-15,9.6529221716183997e-15,2.3040055901063446e-12
C_dt_half,4,5.0000000000000002e-05,222,0.0111,0.25099885613815237,-1.0041663689452918e-07,1.0041664784122857e-07,1.0946699393200601e-14,1.0946699393200601e-14,2.3149522894995452e-12
C_dt_half,4,5.0000000000000002e-05,223,0.01115,0.25099875572151664,-1.00416635728795e-07,1.0041664635978208e-07,1.0630987079171551e-14,1.0630987079171551e-14,2.3255832765787168e-12
C_dt_half,4,5.0000000000000002e-05,224,0.0112,0.25099865530488147,-1.0041663517368349e-07,1.00416644878669e-07,9.7049855149425283e-15,9.7049855149425283e-15,2.3352882620936593e-12
C_dt_half,4,5.0000000000000002e-05,225,0.011250000000000001,0.25099855488824907,-1.0041663239812593e-07,1.0041664339788921e-07,1.0999763280958784e-14,1.0999763280958784e-14,2.3462880253746181e-12
C_dt_half,4,5.0000000000000002e-05,226,0.011300000000000001,0.250998454471618,-1.004166310658583e-07,1.0041664191744244e-07,1.0851584144494394e-14,1.0851584144494394e-14,2.3571396095191125e-12
C_dt_half,4,5.0000000000000002e-05,227,0.011350000000000001,0.25099835405498722,-1.0041663078830254e-07,1.0041664043732931e-07,9.6490267729730956e-15,9.6490267729730956e-15,2.3667886362920856e-12
C_dt_half,4,5.0000000000000002e-05,228,0.0114,0.25099825363835865,-1.0041662856785649e-07,1.0041663895754916e-07,1.038969267113832e-14,1.038969267113832e-14,2.3771783289632239e-12
C_dt_half,4,5.0000000000000002e-05,229,0.01145,0.25099815322173197,-1.0041662668047735e-07,1.0041663747810178e-07,1.0797624426750261e-14,1.0797624426750261e-14,2.3879759533899741e-12
C_dt_half,4,5.0000000000000002e-05,230,0.0115,0.25099805280510668,-1.0041662529269857e-07,1.004166359989877e-07,1.0706289128745626e-14,1.0706289128745626e-14,2.3986822425187198e-12
C_dt_half,4,5.0000000000000002e-05,231,0.011550000000000001,0.25099795238848205,-1.0041662462656475e-07,1.0041663452020656e-07,9.8936418016224692e-15,9.8936418016224692e-15,2.4085758843203422e-12
C_dt_half,4,5.0000000000000002e-05,232,0.011600000000000001,0.25099785197185981,-1.0041662223958525e-07,1.0041663304175778e-07,1.0802172530455874e-14,1.0802172530455874e-14,2.4193780568507981e-12
C_dt_half,4,5.0000000000000002e-05,233,0.011650000000000001,0.25099775155523857,-1.0041662124038453e-07,1.0041663156364241e-07,1.0323257878616806e-14,1.0323257878616806e-14,2.4297013147294149e-12
C_dt_half,4,5.0000000000000002e-05,234,0.0117,0.2509976511386191,-1.0041661946402769e-07,1.0041663008585931e-07,1.0621831619158688e-14,1.0621831619158688e-14,2.4403231463485736e-12
C_dt_half,4,5.0000000000000002e-05,235,0.01175,0.25099755072200064,-1.0041661846482697e-07,1.0041662860840864e-07,1.0143581676424977e-14,1.0143581676424977e-14,2.4504667280249986e-12
C_dt_half,4,5.0000000000000002e-05,236,0.0118,0.25099745030538428,-1.0041661635540322e-07,1.0041662713129064e-07,1.0775887417271568e-14,1.0775887417271568e-14,2.4612426154422701e-12
C_dt_half,4,5.0000000000000002e-05,237,0.011850000000000001,0.25099734988876898,-1.0041661530069135e-07,1.0041662565450528e-07,1.0353813930444515e-14,1.0353813930444515e-14,2.4715964293727147e-12
C_dt_half,4,5.0000000000000002e-05,238,0.011900000000000001,0.25099724947215452,-1.0041661446802408e-07,1.0041662417805199e-07,9.710027915312423e-15,9.710027915312423e-15,2.4813064572880271e-12
C_dt_half,4,5.0000000000000002e-05,239,0.011950000000000001,0.25099714905554305,-1.0041661147042191e-07,1.0041662270193068e-07,1.1231508768940261e-14,1.1231508768940261e-14,2.4925379660569673e-12
C_dt_half,4,5.0000000000000002e-05,240,0.012,0.25099704863893185,-1.0041661119286616e-07,1.0041662122614199e-07,1.0033275831486941e-14,1.0033275831486941e-14,2.5025712418884543e-12
C_dt_half,4,5.0000000000000002e-05,241,0.01205,0.25099694822232244,-1.0041660941650932e-07,1.0041661975068528e-07,1.0334175961253346e-14,1.0334175961253346e-14,2.5129054178497076e-12
C_dt_half,4,5.0000000000000002e-05,242,0.012100000000000001,0.25099684780571413,-1.0041660830628629e-07,1.0041661827556026e-07,9.9692739690528467e-15,9.9692739690528467e-15,2.5228746918187605e-12
C_dt_half,4,5.0000000000000002e-05,243,0.012150000000000001,0.25099674738910799,-1.0041660614135139e-07,1.0041661680076741e-07,1.0659416019510468e-14,1.0659416019510468e-14,2.5335341078382709e-12
C_dt_half,4,5.0000000000000002e-05,244,0.012200000000000001,0.25099664697250357,-1.0041660442050571e-07,1.0041661532630638e-07,1.0905800672040223e-14,1.0905800672040223e-14,2.5444399085103112e-12
C_dt_half,4,5.0000000000000002e-05,245,0.01225,0.2509965465558997,-1.0041660386539419e-07,1.0041661385217747e-07,9.986783278273116e-15,9.986783278273116e-15,2.5544266917885843e-12
C_dt_half,4,5.0000000000000002e-05,246,0.0123,0.25099644613929772,-1.0041660197801505e-07,1.0041661237837958e-07,1.0400364531885006e-14,1.0400364531885006e-14,2.5648270563204693e-12
C_dt_half,4,5.0000000000000002e-05,247,0.01235,0.25099634572269697,-1.0041660075676972e-07,1.0041661090491348e-07,1.014814375617422e-14,1.014814375617422e-14,2.5749752000766435e-12
C_dt_half,4,5.0000000000000002e-05,248,0.012400000000000001,0.25099624530609876,-1.0041659820325677e-07,1.0041660943177916e-07,1.1228522395466039e-14,1.1228522395466039e-14,2.5862037224721095e-12
C_dt_half,4,5.0000000000000002e-05,249,0.012450000000000001,0.25099614488950134,-1.0041659742610065e-07,1.0041660795897614e-07,1.0532875491119102e-14,1.0532875491119102e-14,2.5967365979632287e-12
C_dt_half,4,5.0000000000000002e-05,250,0.012500000000000001,0.25099604447290524,-1.0041659609383302e-07,1.0041660648650473e-07,1.0392671712483593e-14,1.0392671712483593e-14,2.6071292696757122e-12
C_dt_half,4,5.0000000000000002e-05,251,0.01255,0.25099594405631004,-1.004165952056546e-07,1.00416605014364e-07,9.8087093977196967e-15,9.8087093977196967e-15,2.6169379790734319e-12
C_dt_half,4,5.0000000000000002e-05,252,0.0126,0.25099584363971678,-1.0041659326276431e-07,1.0041660354255504e-07,1.0279790728567226e-14,1.0279790728567226e-14,2.6272177698019992e-12
C_dt_half,4,5.0000000000000002e-05,253,0.01265,0.25099574322312618,-1.0041659059822905e-07,1.0041660207107689e-07,1.147284784472657e-14,1.147284784472657e-14,2.6386906176467257e-12
C_dt_half,4,5.0000000000000002e-05,254,0.012700000000000001,0.25099564280653519,-1.0041659098680711e-07,1.0041660059992998e-07,9.6131228727537783e-15,9.6131228727537783e-15,2.6483037405194795e-12
C_dt_half,4,5.0000000000000002e-05,255,0.012750000000000001,0.2509955423899472,-1.0041658798920494e-07,1.0041659912911364e-07,1.113990869373027e-14,1.113990869373027e-14,2.6594436492132098e-12
C_dt_half,4,5.0000000000000002e-05,256,0.012800000000000001,0.25099544197335932,-1.0041658787818264e-07,1.0041659765862841e-07,9.7804457743892826e-15,9.7804457743892826e-15,2.6692240949875991e-12
C_dt_half,4,5.0000000000000002e-05,257,0.01285,0.25099534155677444,-1.0041658488058047e-07,1.0041659618847421e-07,1.1307893736902511e-14,1.1307893736902511e-14,2.6805319887245016e-12
C_dt_half,4,5.0000000000000002e-05,258,0.0129,0.2509952411401889,-1.0041658554671429e-07,1.0041659471865026e-07,9.1719359683579233e-15,9.1719359683579233e-15,2.6897039246928595e-12
C_dt_half,4,5.0000000000000002e-05,259,0.012950000000000001,0.2509951407236064,-1.0041658249360097e-07,1.0041659324915706e-07,1.0755556085438623e-14,1.0755556085438623e-14,2.7004594807782981e-12
C_dt_half,4,5.0000000000000002e-05,260,0.013000000000000001,0.25099504030702463,-1.00416581771956e-07,1.0041659177999474e-07,1.0008038736286405e-14,1.0008038736286405e-14,2.7104675195145845e-12
C_dt_half,4,5.0000000000000002e-05,261,0.013050000000000001,0.25099493989044525,-1.004165793849765e-07,1.0041659031116264e-07,1.0926186134572453e-14,1.0926186134572453e-14,2.721393705649157e-12
C_dt_half,4,5.0000000000000002e-05,262,0.013100000000000001,0.25099483947386575,-1.004165794959988e-07,1.0041658884266122e-07,9.3466624144084631e-15,9.3466624144084631e-15,2.7307403680635654e-12
C_dt_half,4,5.0000000000000002e-05,263,0.01315,0.25099473905729014,-1.0041657561021822e-07,1.0041658737448973e-07,1.1764271515462882e-14,1.1764271515462882e-14,2.7425046395790283e-12
C_dt_half,4,5.0000000000000002e-05,264,0.0132,0.2509946386407147,-1.0041657544368476e-07,1.0041658590664862e-07,1.0462963853342235e-14,1.0462963853342235e-14,2.7529676034323706e-12
C_dt_half,4,5.0000000000000002e-05,265,0.013250000000000001,0.25099453822413936,-1.0041657533266246e-07,1.0041658443913771e-07,9.1064752504908613e-15,9.1064752504908613e-15,2.7620740786828614e-12
C_dt_half,4,5.0000000000000002e-05,266,0.013300000000000001,0.25099443780756781,-1.0041657155790418e-07,1.0041658297195674e-07,1.141405256147035e-14,1.141405256147035e-14,2.7734881312443318e-12
C_dt_half,4,5.0000000000000002e-05,267,0.013350000000000001,0.25099433739099586,-1.0041657194648224e-07,1.004165815051055e-07,9.5586232641499993e-15,9.5586232641499993e-15,2.7830467545084818e-12
C_dt_half,4,5.0000000000000002e-05,268,0.0134,0.25099423697442641,-1.0041656944848043e-07,1.0041658003858474e-07,1.0590104306053383e-14,1.0590104306053383e-14,2.7936368588145352e-12
C_dt_half,4,5.0000000000000002e-05,269,0.01345,0.25099413655785852,-1.004165678941682e-07,1.0041657857239392e-07,1.0678225722828119e-14,1.0678225722828119e-14,2.8043150845373633e-12
C_dt_half,4,5.0000000000000002e-05,270,0.0135,0.25099403614129151,-1.0041656700598978e-07,1.0041657710653258e-07,1.0100542807409353e-14,1.0100542807409353e-14,2.8144156273447726e-12
C_dt_half,4,5.0000000000000002e-05,271,0.013550000000000001,0.25099393572472684,-1.0041656467452142e-07,1.0041657564100048e-07,1.0966479055121977e-14,1.0966479055121977e-14,2.8253821063998946e-12
C_dt_half,4,5.0000000000000002e-05,272,0.013600000000000001,0.25099383530816288,-1.0041656395287646e-07,1.0041657417579818e-07,1.0222921717347071e-14,1.0222921717347071e-14,2.8356050281172417e-12
C_dt_half,4,5.0000000000000002e-05,273,0.013650000000000001,0.25099373489160104,-1.0041656184345271e-07,1.0041657271092539e-07,1.0867472682639872e-14,1.0867472682639872e-14,2.8464725007998815e-12
C_dt_half,4,5.0000000000000002e-05,274,0.0137,0.25099363447503975,-1.004165612883412e-07,1.0041657124638265e-07,9.9580414519044176e-15,9.9580414519044176e-15,2.856430542251786e-12
C_dt_half,4,5.0000000000000002e-05,275,0.01375,0.25099353405847957,-1.0041656017811817e-07,1.004165697821687e-07,9.6040505278488641e-15,9.6040505278488641e-15,2.8660345927796348e-12
C_dt_half,4,5.0000000000000002e-05,276,0.013800000000000002,0.25099343364192206,-1.0041655751358292e-07,1.0041656831828406e-07,1.0804701148796554e-14,1.0804701148796554e-14,2.8768392939284314e-12
C_dt_half,4,5.0000000000000002e-05,277,0.013850000000000001,0.25099333322536677,-1.0041655529313687e-07,1.004165668547288e-07,1.1561591936596656e-14,1.1561591936596656e-14,2.888400885865028e-12
C_dt_half,4,5.0000000000000002e-05,278,0.013900000000000001,0.25099323280881075,-1.0041655601478183e-07,1.004165653915023e-07,9.3767204638027456e-15,9.3767204638027456e-15,2.8977776063288308e-12
C_dt_half,4,5.0000000000000002e-05,279,0.013950000000000001,0.25099313239225657,-1.0041655418291384e-07,1.0041656392860533e-07,9.7456914831678466e-15,9.7456914831678466e-15,2.9075232978119986e-12
C_dt_half,4,5.0000000000000002e-05,280,0.014,0.2509930319757061,-1.0041655046366671e-07,1.0041656246603675e-07,1.2002370041716342e-14,1.2002370041716342e-14,2.919525667853715e-12
C_dt_half,4,5.0000000000000002e-05,281,0.01405,0.25099293155915459,-1.0041655151837858e-07,1.0041656100379725e-07,9.485418666676673e-15,9.485418666676673e-15,2.9290110865203916e-12
C_dt_half,4,5.0000000000000002e-05,282,0.014100000000000001,0.25099283114260523,-1.0041654935344368e-07,1.0041655954188652e-07,1.0188442830947501e-14,1.0188442830947501e-14,2.9391995293513391e-12
C_dt_half,4,5.0000000000000002e-05,283,0.014150000000000001,0.2509927307260581,-1.0041654713299764e-07,1.0041655808030485e-07,1.0947307218749594e-14,1.0947307218749594e-14,2.9501468365700887e-12
C_dt_half,4,5.0000000000000002e-05,284,0.014200000000000001,0.25099263030951247,-1.0041654563419655e-07,1.0041655661905146e-07,1.0984854905517067e-14,1.0984854905517067e-14,2.9611316914756058e-12
C_dt_half,4,5.0000000000000002e-05,285,0.014250000000000001,0.25099252989296655,-1.0041654591175231e-07,1.0041655515812663e-07,9.2463743222584847e-15,9.2463743222584847e-15,2.9703780657978643e-12
C_dt_half,4,5.0000000000000002e-05,286,0.0143,0.25099242947642397,-1.0041654258108323e-07,1.0041655369752999e-07,1.1116446754594053e-14,1.1116446754594053e-14,2.9814945125524583e-12
C_dt_half,4,5.0000000000000002e-05,287,0.01435,0.25099232905988245,-1.0041654152637136e-07,1.0041655223726237e-07,1.0710891005808499e-14,1.0710891005808499e-14,2.9922054035582668e-12
C_dt_half,4,5.0000000000000002e-05,288,0.014400000000000001,0.25099222864334236,-1.0041654008308143e-07,1.0041655077732271e-07,1.0694241276211016e-14,1.0694241276211016e-14,3.0028996448344779e-12
C_dt_half,4,5.0000000000000002e-05,289,0.014450000000000001,0.25099212822680239,-1.0041653997205913e-07,1.0041654931771151e-07,9.3456523805584215e-15,9.3456523805584215e-15,3.0122452972150363e-12
C_dt_half,4,5.0000000000000002e-05,290,0.014500000000000001,0.25099202781026614,-1.0041653625281199e-07,1.0041654785842804e-07,1.1605616050513725e-14,1.1605616050513725e-14,3.02385091326555e-12
C_dt_half,4,5.0000000000000002e-05,291,0.01455,0.25099192739372933,-1.0041653680792351e-07,1.0041654639947318e-07,9.5915496715061503e-15,9.5915496715061503e-15,3.0334424629370562e-12
C_dt_half,4,5.0000000000000002e-05,292,0.0146,0.25099182697719491,-1.00416534420944e-07,1.0041654494084617e-07,1.0519902162445388e-14,1.0519902162445388e-14,3.0439623650995015e-12
C_dt_half,4,5.0000000000000002e-05,293,0.014650000000000002,0.25099172656066143,-1.0041653347725443e-07,1.0041654348254697e-07,1.0005292536357399e-14,1.0005292536357399e-14,3.0539676576358589e-12
C_dt_half,4,5.0000000000000002e-05,294,0.014700000000000001,0.25099162614413029,-1.0041653114578608e-07,1.004165420245752e-07,1.0878789122224528e-14,1.0878789122224528e-14,3.0648464467580835e-12
C_dt_half,4,5.0000000000000002e-05,295,0.014750000000000001,0.25099152572759958,-1.0041653070169687e-07,1.0041654056693183e-07,9.8652349635495201e-15,9.8652349635495201e-15,3.074711681721633e-12
C_dt_half,4,5.0000000000000002e-05,296,0.014800000000000001,0.25099142531107144,-1.0041652814818391e-07,1.0041653910961563e-07,1.0961431718138186e-14,1.0961431718138186e-14,3.0856731134397712e-12
C_dt_half,4,5.0000000000000002e-05,297,0.01485,0.25099132489454368,-1.0041652775960586e-07,1.0041653765262734e-07,9.8930214823375034e-15,9.8930214823375034e-15,3.0955661349221087e-12
C_dt_half,4,5.0000000000000002e-05,298,0.0149,0.25099122447801847,-1.004165252060929e-07,1.0041653619596649e-07,1.0989873588964438e-14,1.0989873588964438e-14,3.1065560085110731e-12
C_dt_half,4,5.0000000000000002e-05,299,0.014950000000000001,0.25099112406149343,-1.0041652503955945e-07,1.0041653473963319e-07,9.700073742934968e-15,9.700073742934968e-15,3.1162560822540081e-12
C_dt_half,4,5.0000000000000002e-05,300,0.015000000000000001,0.25099102364497139,-1.0041652204195728e-07,1.0041653328362727e-07,1.1241669987933761e-14,1.1241669987933761e-14,3.1274977522419419e-12
C_dt_half,4,5.0000000000000002e-05,301,0.015050000000000001,0.25099092322844935,-1.0041652204195728e-07,1.004165318279483e-07,9.7859910211622707e-15,9.7859910211622707e-15,3.1372837432631041e-12
C_dt_half,4,5.0000000000000002e-05,302,0.015100000000000001,0.25099082281193008,-1.0041651926639972e-07,1.0041653037259645e-07,1.110619672948999e-14,1.110619672948999e-14,3.1483899399925941e-12
C_dt_half,4,5.0000000000000002e-05,303,0.01515,0.25099072239541165,-1.0041651843373245e-07,1.0041652891757188e-07,1.048383943031357e-14,1.048383943031357e-14,3.1588737794229077e-12
C_dt_half,4,5.0000000000000002e-05,304,0.0152,0.25099062197889388,-1.0041651776759863e-07,1.0041652746287466e-07,9.6952760292077115e-15,9.6952760292077115e-15,3.1685690554521154e-12
C_dt_half,4,5.0000000000000002e-05,305,0.015250000000000001,0.25099052156237872,-1.0041651515857453e-07,1.0041652600850415e-07,1.084992962445061e-14,1.084992962445061e-14,3.179418985076566e-12
C_dt_half,4,5.0000000000000002e-05,306,0.015300000000000001,0.2509904211458639,-1.0041651482550762e-07,1.0041652455446059e-07,9.7289529739295788e-15,9.7289529739295788e-15,3.1891479380504956e-12
C_dt_half,4,5.0000000000000002e-05,307,0.015350000000000001,0.25099032072935179,-1.0041651210546121e-07,1.0041652310074341e-07,1.0995282198735123e-14,1.0995282198735123e-14,3.2001432202492307e-12
C_dt_half,4,5.0000000000000002e-05,308,0.0154,0.25099022031284096,-1.0041651082870473e-07,1.0041652164735372e-07,1.0818648988876085e-14,1.0818648988876085e-14,3.2109618692381068e-12
C_dt_half,4,5.0000000000000002e-05,309,0.01545,0.25099011989633019,-1.0041651077319358e-07,1.0041652019429031e-07,9.4210967316676352e-15,9.4210967316676352e-15,3.2203829659697744e-12
C_dt_half,4,5.0000000000000002e-05,310,0.0155,0.25099001947982341,-1.0041650677639069e-07,1.0041651874155322e-07,1.1965162531321421e-14,1.1965162531321421e-14,3.2323481285010958e-12
C_dt_half,4,5.0000000000000002e-05,311,0.015550000000000001,0.25098991906331525,-1.0041650816416947e-07,1.0041651728914321e-07,9.124973735374846e-15,9.124973735374846e-15,3.2414731022364707e-12
C_dt_half,4,5.0000000000000002e-05,312,0.015600000000000001,0.2509898186468103,-1.004165049445227e-07,1.0041651583705876e-07,1.0892536056676882e-14,1.0892536056676882e-14,3.2523656382931476e-12
C_dt_half,4,5.0000000000000002e-05,313,0.015650000000000001,0.25098971823030636,-1.0041650394532198e-07,1.0041651438530119e-07,1.0439979217271795e-14,1.0439979217271795e-14,3.2628056175104194e-12
C_dt_half,4,5.0000000000000002e-05,314,0.015700000000000002,0.25098961781380308,-1.0041650327918816e-07,1.0041651293386946e-07,9.6546813002311693e-15,9.6546813002311693e-15,3.2724602988106505e-12
C_dt_half,4,5.0000000000000002e-05,315,0.01575,0.25098951739730235,-1.0041650072567521e-07,1.0041651148276429e-07,1.0757089082724255e-14,1.0757089082724255e-14,3.2832173878933748e-12
C_dt_half,4,5.0000000000000002e-05,316,0.015800000000000002,0.25098941698080202,-1.0041650033709715e-07,1.0041651003198494e-07,9.6948877969502934e-15,9.6948877969502934e-15,3.2929122756903251e-12
C_dt_half,4,5.0000000000000002e-05,317,0.01585,0.25098931656430395,-1.0041649806113995e-07,1.0041650858153204e-07,1.0520392091596035e-14,1.0520392091596035e-14,3.3034326677819211e-12
C_dt_half,4,5.0000000000000002e-05,318,0.015900000000000001,0.25098921614780828,-1.0041649567416044e-07,1.0041650713140499e-07,1.145724454492608e-14,1.145724454492608e-14,3.3148899123268472e-12
C_dt_half,4,5.0000000000000002e-05,319,0.015950000000000002,0.25098911573131227,-1.0041649600722735e-07,1.0041650568160321e-07,9.674375861811126e-15,9.674375861811126e-15,3.3245642881886583e-12
C_dt_half,4,5.0000000000000002e-05,320,0.016,0.25098901531481921,-1.0041649306513634e-07,1.0041650423212743e-07,1.1166991089911069e-14,1.1166991089911069e-14,3.3357312792785694e-12
C_dt_half,4,5.0000000000000002e-05,321,0.016050000000000002,0.25098891489832681,-1.0041649239900252e-07,1.0041650278297777e-07,1.0383975251683913e-14,1.0383975251683913e-14,3.3461152545302533e-12
C_dt_half,4,5.0000000000000002e-05,322,0.0161,0.25098881448183569,-1.0041649112224604e-07,1.0041650133415334e-07,1.021190729794767e-14,1.021190729794767e-14,3.356327161828201e-12
C_dt_half,4,5.0000000000000002e-05,323,0.016150000000000001,0.2509887140653464,-1.0041648929037805e-07,1.0041649988565446e-07,1.0595276408343326e-14,1.0595276408343326e-14,3.3669224382365443e-12
C_dt_half,4,5.0000000000000002e-05,324,0.016199999999999999,0.25098861364885755,-1.0041648884628884e-07,1.00416498437481e-07,9.59119215742796e-15,9.59119215742796e-15,3.3765136303939723e-12
C_dt_half,4,5.0000000000000002e-05,325,0.016250000000000001,0.25098851323237154,-1.0041648601522013e-07,1.0041649698963313e-07,1.0974413000980671e-14,1.0974413000980671e-14,3.3874880433949529e-12
C_dt_half,4,5.0000000000000002e-05,326,0.016300000000000002,0.25098841281588685,-1.004164846829525e-07,1.0041649554211058e-07,1.0859158074880726e-14,1.0859158074880726e-14,3.3983472014698337e-12
C_dt_half,4,5.0000000000000002e-05,327,0.01635,0.25098831239940195,-1.0041648490499711e-07,1.0041649409491295e-07,9.1899158440850618e-15,9.1899158440850618e-15,3.4075371173139187e-12
C_dt_half,4,5.0000000000000002e-05,328,0.016400000000000001,0.25098821198292104,-1.0041648090819422e-07,1.0041649264804064e-07,1.1739846420456298e-14,1.1739846420456298e-14,3.419276963734375e-12
C_dt_half,4,5.0000000000000002e-05,329,0.016449999999999999,0.25098811156644035,-1.0041648068614961e-07,1.0041649120149328e-07,1.0515343669351281e-14,1.0515343669351281e-14,3.4297923074037263e-12
C_dt_half,4,5.0000000000000002e-05,330,0.016500000000000001,0.25098801114996044,-1.0041647990899349e-07,1.00416489755271e-07,9.8462775059221318e-15,9.8462775059221318e-15,3.4396385849096484e-12
C_dt_half,4,5.0000000000000002e-05,331,0.016550000000000002,0.2509879107334817,-1.0041647874325932e-07,1.004164883093736e-07,9.5661142779517285e-15,9.5661142779517285e-15,3.4492046991876002e-12
C_dt_half,4,5.0000000000000002e-05,332,0.0166,0.25098781031700651,-1.0041647519054564e-07,1.0041648686380095e-07,1.1673255310651345e-14,1.1673255310651345e-14,3.4608779544982515e-12
C_dt_half,4,5.0000000000000002e-05,333,0.016650000000000002,0.25098770990053082,-1.00416475690146e-07,1.0041648541855304e-07,9.7284070347252938e-15,9.7284070347252938e-15,3.4706063615329768e-12
C_dt_half,4,5.0000000000000002e-05,334,0.0167,0.25098760948405702,-1.0041647380276686e-07,1.0041648397362996e-07,1.0170863098878601e-14,1.0170863098878601e-14,3.4807772246318554e-12
C_dt_half,4,5.0000000000000002e-05,335,0.016750000000000001,0.25098750906758499,-1.0041647202641002e-07,1.0041648252903135e-07,1.050262132712775e-14,1.050262132712775e-14,3.4912798459589832e-12
C_dt_half,4,5.0000000000000002e-05,336,0.016800000000000002,0.25098740865111557,-1.0041646941738591e-07,1.0041648108475733e-07,1.1667371422753023e-14,1.1667371422753023e-14,3.5029472173817362e-12
C_dt_half,4,5.0000000000000002e-05,337,0.01685,0.25098730823464627,-1.0041646930636361e-07,1.0041647964080751e-07,1.0334443901597364e-14,1.0334443901597364e-14,3.5132816612833335e-12
C_dt_half,4,5.0000000000000002e-05,338,0.016900000000000002,0.25098720781817652,-1.0041646975045282e-07,1.0041647819718221e-07,8.4467293876270449e-15,8.4467293876270449e-15,3.5217283906709606e-12
C_dt_half,4,5.0000000000000002e-05,339,0.01695,0.25098710740171087,-1.0041646564262763e-07,1.0041647675388099e-07,1.111125335736642e-14,1.111125335736642e-14,3.532839644028327e-12
C_dt_half,4,5.0000000000000002e-05,340,0.017000000000000001,0.25098700698524662,-1.0041646425484885e-07,1.0041647531090427e-07,1.1056055423037189e-14,1.1056055423037189e-14,3.5438956994513642e-12
C_dt_half,4,5.0000000000000002e-05,341,0.017049999999999999,0.25098690656878186,-1.0041646475444921e-07,1.004164738682516e-07,9.1138023898870764e-15,9.1138023898870764e-15,3.5530095018412513e-12
C_dt_half,4,5.0000000000000002e-05,342,0.017100000000000001,0.25098680615232077,-1.0041646109071323e-07,1.004164724259229e-07,1.1335209675948735e-14,1.1335209675948735e-14,3.5643447115172e-12
C_dt_half,4,5.0000000000000002e-05,343,0.017150000000000002,0.25098670573586007,-1.0041646070213517e-07,1.0041647098391789e-07,1.0281782725066042e-14,1.0281782725066042e-14,3.574626494242266e-12
C_dt_half,4,5.0000000000000002e-05,344,0.0172,0.25098660531940076,-1.0041645931435639e-07,1.0041646954223707e-07,1.0227880684971661e-14,1.0227880684971661e-14,3.5848543749272377e-12
C_dt_half,4,5.0000000000000002e-05,345,0.017250000000000001,0.25098650490294283,-1.0041645792657761e-07,1.0041646810088008e-07,1.0174302476160927e-14,1.0174302476160927e-14,3.5950286774033986e-12
C_dt_half,4,5.0000000000000002e-05,346,0.017299999999999999,0.2509864044864859,-1.0041645692737688e-07,1.0041646665984678e-07,9.732469894431248e-15,9.732469894431248e-15,3.6047611472978299e-12
C_dt_half,4,5.0000000000000002e-05,347,0.017350000000000001,0.25098630407003197,-1.0041645392977472e-07,1.004164652191368e-07,1.1289362085384685e-14,1.1289362085384685e-14,3.6160505093832146e-12
C_dt_half,4,5.0000000000000002e-05,348,0.017400000000000002,0.25098620365357921,-1.0041645276404054e-07,1.0041646377875058e-07,1.1014710037580923e-14,1.1014710037580923e-14,3.6270652194207955e-12
C_dt_half,4,5.0000000000000002e-05,349,0.01745,0.25098610323712717,-1.0041645204239558e-07,1.0041646233868763e-07,1.0296292055345373e-14,1.0296292055345373e-14,3.6373615114761409e-12
C_dt_half,4,5.0000000000000002e-05,350,0.017500000000000002,0.25098600282067696,-1.0041645021052759e-07,1.0041646089894866e-07,1.0688421074602415e-14,1.0688421074602415e-14,3.6480499325507433e-12
C_dt_half,4,5.0000000000000002e-05,351,0.01755,0.25098590240422608,-1.004164508766614e-07,1.0041645945953267e-07,8.5828712727035545e-15,8.5828712727035545e-15,3.6566328038234468e-12
C_dt_half,4,5.0000000000000002e-05,352,0.017600000000000001,0.25098580198777998,-1.0041644610270239e-07,1.0041645802044013e-07,1.1917737738939804e-14,1.1917737738939804e-14,3.6685505415623866e-12
C_dt_half,4,5.0000000000000002e-05,353,0.017650000000000002,0.25098570157133371,-1.0041644626923585e-07,1.0041645658167035e-07,1.031243450485168e-14,1.031243450485168e-14,3.6788629760672383e-12
C_dt_half,4,5.0000000000000002e-05,354,0.0177,0.2509856011548886,-1.0041644510350167e-07,1.0041645514322391e-07,1.0039722241906469e-14,1.0039722241906469e-14,3.6889026983091448e-12
C_dt_half,4,5.0000000000000002e-05,355,0.017750000000000002,0.25098550073844567,-1.0041644293856677e-07,1.0041645370510045e-07,1.0766533672139708e-14,1.0766533672139708e-14,3.6996692319812845e-12
C_dt_half,4,5.0000000000000002e-05,356,0.0178,0.25098540032200373,-1.0041644193936605e-07,1.0041645226729979e-07,1.0327933738713666e-14,1.0327933738713666e-14,3.7099971657199982e-12
C_dt_half,4,5.0000000000000002e-05,357,0.017850000000000001,0.25098529990556295,-1.0041644077363188e-07,1.0041645082982213e-07,1.0056190256466987e-14,1.0056190256466987e-14,3.7200533559764651e-12
C_dt_half,4,5.0000000000000002e-05,358,0.017899999999999999,0.25098519948912429,-1.0041643866420813e-07,1.0041644939266737e-07,1.0728459236758162e-14,1.0728459236758162e-14,3.7307818152132233e-12
C_dt_half,4,5.0000000000000002e-05,359,0.017950000000000001,0.25098509907268635,-1.0041643794256316e-07,1.0041644795583507e-07,1.0013271904357889e-14,1.0013271904357889e-14,3.7407950871175812e-12
C_dt_half,4,5.0000000000000002e-05,360,0.018000000000000002,0.25098499865625029,-1.0041643605518402e-07,1.0041644651932537e-07,1.0464141348252927e-14,1.0464141348252927e-14,3.7512592284658341e-12
C_dt_half,4,5.0000000000000002e-05,361,0.01805,0.25098489823981579,-1.0041643450087179e-07,1.004164450831383e-07,1.0582266511669092e-14,1.0582266511669092e-14,3.7618414949775032e-12
C_dt_half,4,5.0000000000000002e-05,362,0.018100000000000002,0.25098479782338223,-1.0041643355718222e-07,1.004164436472736e-07,1.0090091386987191e-14,1.0090091386987191e-14,3.7719315863644904e-12
C_dt_half,4,5.0000000000000002e-05,363,0.018149999999999999,0.25098469740695034,-1.0041643189184768e-07,1.0041644221173144e-07,1.0319883762576088e-14,1.0319883762576088e-14,3.7822514701270665e-12
C_dt_half,4,5.0000000000000002e-05,364,0.018200000000000001,0.25098459699052078,-1.0041642956037933e-07,1.0041644077651205e-07,1.1216132725432542e-14,1.1216132725432542e-14,3.793467602852499e-12
C_dt_half,4,5.0000000000000002e-05,365,0.018250000000000002,0.25098449657409083,-1.0041642994895739e-07,1.0041643934161419e-07,9.392656806370184e-15,9.392656806370184e-15,3.8028602596588692e-12
C_dt_half,4,5.0000000000000002e-05,366,0.0183,0.25098439615766471,-1.0041642611868795e-07,1.0041643790703859e-07,1.1788350637215182e-14,1.1788350637215182e-14,3.8146486102960844e-12
C_dt_half,4,5.0000000000000002e-05,367,0.018350000000000002,0.25098429574123815,-1.0041642656277716e-07,1.0041643647278512e-07,9.91000796047108e-15,9.91000796047108e-15,3.8245586182565555e-12
C_dt_half,4,5.0000000000000002e-05,368,0.0184,0.25098419532481392,-1.0041642423130881e-07,1.0041643503885355e-07,1.0807544744279606e-14,1.0807544744279606e-14,3.8353661630008351e-12
C_dt_half,4,5.0000000000000002e-05,369,0.018450000000000001,0.25098409490839052,-1.0041642339864154e-07,1.0041643360524427e-07,1.020660272764571e-14,1.020660272764571e-14,3.8455727657284808e-12
C_dt_half,4,5.0000000000000002e-05,370,0.018500000000000003,0.25098399449196857,-1.0041642195535161e-07,1.0041643217195662e-07,1.0216605008847591e-14,1.0216605008847591e-14,3.8557893707373284e-12
C_dt_half,4,5.0000000000000002e-05,371,0.018550000000000001,0.250983894075548,-1.0041642056757283e-07,1.0041643073899036e-07,1.0171417534882138e-14,1.0171417534882138e-14,3.8659607882722105e-12
C_dt_half,4,5.0000000000000002e-05,372,0.018600000000000002,0.25098379365912993,-1.0041641806957102e-07,1.0041642930634636e-07,1.1236775341873603e-14,1.1236775341873603e-14,3.8771975636140841e-12
C_dt_half,4,5.0000000000000002e-05,373,0.01865,0.2509836932427118,-1.0041641812508217e-07,1.004164278740235e-07,9.7489413235933348e-15,9.7489413235933348e-15,3.8869465049376775e-12
C_dt_half,4,5.0000000000000002e-05,374,0.018700000000000001,0.25098359282629568,-1.0041641612668073e-07,1.0041642644202238e-07,1.0315341654275555e-14,1.0315341654275555e-14,3.897261846591953e-12
C_dt_half,4,5.0000000000000002e-05,375,0.018749999999999999,0.25098349240988077,-1.004164149054354e-07,1.0041642501034261e-07,1.010490721084453e-14,1.010490721084453e-14,3.9073667538027976e-12
C_dt_half,4,5.0000000000000002e-05,376,0.018800000000000001,0.25098339199346859,-1.0041641218538899e-07,1.0041642357898433e-07,1.1393595339365619e-14,1.1393595339365619e-14,3.9187603491421632e-12
C_dt_half,4,5.0000000000000002e-05,377,0.018850000000000002,0.25098329157705512,-1.0041641346214547e-07,1.0041642214794772e-07,8.685802253232754e-15,8.685802253232754e-15,3.9274461513953959e-12
C_dt_half,4,5.0000000000000002e-05,378,0.0189,0.25098319116064616,-1.0041640896574222e-07,1.0041642071723167e-07,1.175148944418168e-14,1.175148944418168e-14,3.9391976408395776e-12
C_dt_half,4,5.0000000000000002e-05,379,0.018950000000000002,0.25098309074423708,-1.0041640907676452e-07,1.0041641928683676e-07,1.0210072240772113e-14,1.0210072240772113e-14,3.9494077130803497e-12
C_dt_half,4,5.0000000000000002e-05,380,0.019,0.25098299032782895,-1.0041640813307495e-07,1.0041641785676337e-07,9.7236884126994871e-15,9.7236884126994871e-15,3.9591314014930492e-12
C_dt_half,4,5.0000000000000002e-05,381,0.019050000000000001,0.25098288991142309,-1.0041640585711775e-07,1.0041641642701058e-07,1.0569892829382475e-14,1.0569892829382475e-14,3.9697012943224317e-12
C_dt_half,4,5.0000000000000002e-05,382,0.019100000000000002,0.25098278949501884,-1.0041640424729437e-07,1.0041641499757892e-07,1.0750284549421606e-14,1.0750284549421606e-14,3.9804515788718533e-12
C_dt_half,4,5.0000000000000002e-05,383,0.01915,0.25098268907861565,-1.0041640319258249e-07,1.004164135684678e-07,1.0375885306179136e-14,1.0375885306179136e-14,3.9908274641780324e-12
C_dt_half,4,5.0000000000000002e-05,384,0.019200000000000002,0.25098258866221324,-1.0041640241542638e-07,1.0041641213967785e-07,9.7242514778511744e-15,9.7242514778511744e-15,4.0005517156558836e-12
C_dt_half,4,5.0000000000000002e-05,385,0.01925,0.25098248824581282,-1.0041640041702493e-07,1.0041641071120811e-07,1.0294183181534726e-14,1.0294183181534726e-14,4.0108458988374183e-12
C_dt_half,4,5.0000000000000002e-05,386,0.019300000000000001,0.25098238782941384,-1.00416398973735e-07,1.0041640928305938e-07,1.030932438515782e-14,1.030932438515782e-14,4.0211552232225761e-12
C_dt_half,4,5.0000000000000002e-05,387,0.019350000000000003,0.25098228741301698,-1.0041639686431125e-07,1.0041640785523097e-07,1.0990919714358967e-14,1.0990919714358967e-14,4.0321461429369351e-12
C_dt_half,4,5.0000000000000002e-05,388,0.019400000000000001,0.250982186996621,-1.0041639597613283e-07,1.0041640642772297e-07,1.0451590133154521e-14,1.0451590133154521e-14,4.0425977330700896e-12
C_dt_half,4,5.0000000000000002e-05,389,0.019450000000000002,0.25098208658022664,-1.0041639436630945e-07,1.0041640500053543e-07,1.0634225987578064e-14,1.0634225987578064e-14,4.0532319590576677e-12
C_dt_half,4,5.0000000000000002e-05,390,0.0195,0.25098198616383316,-1.0041639347813103e-07,1.0041640357366788e-07,1.009553685592597e-14,1.009553685592597e-14,4.0633274959135937e-12
C_dt_half,4,5.0000000000000002e-05,391,0.019550000000000001,0.25098188574744185,-1.0041639131319613e-07,1.0041640214712091e-07,1.0833924778093563e-14,1.0833924778093563e-14,4.0741614206916872e-12
C_dt_half,4,5.0000000000000002e-05,392,0.019599999999999999,0.25098178533105181,-1.0041639003643965e-07,1.0041640072089381e-07,1.0684454154612627e-14,1.0684454154612627e-14,4.0848458748462999e-12
C_dt_half,4,5.0000000000000002e-05,393,0.019650000000000001,0.25098168491466283,-1.0041638898172778e-07,1.0041639929498698e-07,1.0313259197304951e-14,1.0313259197304951e-14,4.0951591340436048e-12
C_dt_half,4,5.0000000000000002e-05,394,0.019700000000000002,0.25098158449827535,-1.0041638748292669e-07,1.0041639786939969e-07,1.0386472993026688e-14,1.0386472993026688e-14,4.1055456070366315e-12
C_dt_half,4,5.0000000000000002e-05,395,0.01975,0.25098148408188886,-1.0041638648372597e-07,1.004163964441328e-07,9.9604068311142947e-15,9.9604068311142947e-15,4.1155060138677458e-12
C_dt_half,4,5.0000000000000002e-05,396,0.019800000000000002,0.25098138366550504,-1.0041638381919071e-07,1.0041639501918544e-07,1.1199994722849208e-14,1.1199994722849208e-14,4.126706008590595e-12
C_dt_half,4,5.0000000000000002e-05,397,0.01985,0.25098128324912095,-1.0041638409674647e-07,1.0041639359455777e-07,9.4978113013254853e-15,9.4978113013254853e-15,4.1362038198919205e-12
C_dt_half,4,5.0000000000000002e-05,398,0.019900000000000001,0.25098118283273985,-1.004163810991443e-07,1.0041639217025014e-07,1.1071105835316249e-14,1.1071105835316249e-14,4.1472749257272367e-12
C_dt_half,4,5.0000000000000002e-05,399,0.019950000000000002,0.25098108241635925,-1.0041638059954394e-07,1.0041639074626155e-07,1.014671760415395e-14,1.014671760415395e-14,4.1574216433313907e-12
C_dt_half,4,5.0000000000000002e-05,400,0.02,0.25098098199998065,-1.004163786011425e-07,1.0041638932259301e-07,1.0721450515575666e-14,1.0721450515575666e-14,4.1681430938469663e-12
