run,source_level,time_step,step,time,maximum_valence_five_excursion_error,rms_valence_five_radial_error,maximum_closed_one_ring_excursion_error,rms_closed_one_ring_radial_error,maximum_valence_five_error_over_initial_h,maximum_closed_one_ring_error_over_initial_h,maximum_closed_one_ring_edge_scaling_error,local_minimum_triangle_quality,local_minimum_triangle_quality_ratio,valence_five_normal_error_energy_fraction,valence_five_normal_error_relative_rms,valence_five_normal_error_pointwise_maximum,closed_one_ring_normal_error_energy_fraction,closed_one_ring_normal_error_relative_rms,closed_one_ring_normal_error_pointwise_maximum,force_buffers_cleared
C,1,0.0001,0,0,0,1.1102230246251565e-16,0,8.7351880447777219e-17,0,0,0,0.9546101150262426,1,0.75180193223125569,0.10387099544087189,0.10956714380371381,1,0.058544396083844895,0.10956714380371381,1
C,1,0.0001,1,0.0001,0.10956692192168266,4.1660065169841595e-08,0.10956692192168266,2.4943674507571213e-08,8.8372586585204185e-08,8.8372586585204185e-08,4.0583055915810462e-08,0.95461009544251518,0.99999997948510377,0.75180194587350258,0.10387066237083981,0.10956672778133106,1,0.058544207494270292,0.10956672778133106,1
C,1,0.0001,2,0.00020000000000000001,0.10956671392476185,8.3320012216744877e-08,0.10956671392476185,4.9887277955288292e-08,1.7674487296602109e-07,1.7674487296602109e-07,8.116608007924242e-08,0.95461007585880553,0.9999999589702262,0.75180195951563022,0.10387032930144116,0.10956631175992523,1,0.058544018905063645,0.10956631175992523,1
C,1,0.0001,3,0.00030000000000000003,0.10956650581513178,1.2497984099310881e-07,0.10956650581513178,7.4830810320497669e-08,2.6511685891858464e-07,2.6511685891858464e-07,1.2174907193518436e-07,0.95461005627511342,0.99999993845536705,0.75180197315764496,0.10386999623267629,0.10956589573949788,1,0.058543830316224947,0.10956589573949788,1
C,1,0.0001,4,0.00040000000000000002,0.10956629782376734,1.66639551540214e-07,0.10956629782376734,9.9774271582187457e-08,3.5348854489062702e-07,3.5348854489062702e-07,1.6233203170568089e-07,0.9546100366914394,0.99999991794052678,0.7518019867995358,0.10386966316454493,0.10956547972004677,1,0.058543641727754427,0.10956547972004677,1
C,1,0.0001,5,0.00050000000000000001,0.10956608982424793,2.0829914392599825e-07,0.10956608982424793,1.2471766179381798e-07,4.4185993065828206e-07,4.4185993065828206e-07,2.0291495950175431e-07,0.95461001710778304,0.99999989742570494,0.75180200044131218,0.10386933009704721,0.10956506370157325,1,0.05854345313965182,0.10956506370157325,1
C,1,0.0001,6,0.00060000000000000006,0.10956588182069263,2.4995861811606994e-07,0.10956588182069263,1.4966098091796236e-07,5.3023101622154982e-07,5.3023101622154982e-07,2.4349785499033771e-07,0.95460999752414433,0.99999987691090175,0.75180201408297775,0.10386899703018376,0.10956464768407756,1,0.058543264551917343,0.10956464768407756,1
C,1,0.0001,7,0.00069999999999999999,0.10956567377087163,2.9161797396388566e-07,0.10956567377087163,1.7460422893786111e-07,6.186018013565643e-07,6.186018013565643e-07,2.8408071839347571e-07,0.9546099779405236,0.99999985639611733,0.75180202772451754,0.10386866396395335,0.10956423166755833,1,0.058543075964550814,0.10956423166755833,1
C,1,0.0001,8,0.00080000000000000004,0.10956546580385169,3.3327721176430189e-07,0.10956546580385169,1.9954740591361629e-07,7.069722867349236e-07,7.069722867349236e-07,3.2466354993321289e-07,0.95460995835692031,0.99999983588135111,0.75180204136594808,0.10386833089835737,0.1095638156520176,1,0.058542887377552491,0.1095638156520176,1
C,1,0.0001,9,0.00090000000000000008,0.10956525776194435,3.7493633125661088e-07,0.10956525776194435,2.2449051179329421e-07,7.9534247146116353e-07,7.9534247146116353e-07,3.6524634894341546e-07,0.954609938773335,0.99999981536660376,0.75180205500725439,0.10386799783339432,0.10956339963745332,1,0.05854269879092202,0.10956339963745332,1
C,1,0.0001,10,0.001,0.10956504978170398,4.1659533257455194e-07,0.10956504978170398,2.4943354660172255e-07,8.8371235643074827e-07,8.8371235643074827e-07,4.0582911609021721e-07,0.95460991918976712,0.99999979485187473,0.75180206864844368,0.10386766476906517,0.10956298362386661,1,0.058542510204659684,0.10956298362386661,1
C,1,0.0001,11,0.0011000000000000001,0.1095648417454058,4.5825421565714389e-07,0.1095648417454058,2.7437651031322139e-07,9.7208194074821353e-07,9.7208194074821353e-07,4.4641185092952895e-07,0.95460989960621756,0.9999997743371648,0.75180208228951928,0.10386733170536976,0.10956256761125817,1,0.05854232161876529,0.10956256761125817,1
C,1,0.0001,12,0.0012000000000000001,0.10956463375960347,4.9991298060145315e-07,0.10956463375960347,2.9931940297528857e-07,1.0604512253090237e-06,1.0604512253090237e-06,4.8699455379441758e-07,0.95460988002268532,0.99999975382247308,0.75180209593047664,0.10386699864230799,0.10956215159962598,1,0.058542133033238956,0.10956215159962598,1
C,1,0.0001,13,0.0013000000000000002,0.10956442574861212,5.4157162731274989e-07,0.10956442574861212,3.2426222454633756e-07,1.1488202094415806e-06,1.1488202094415806e-06,5.275772244628385e-07,0.95460986043917118,0.99999973330780034,0.75180210957131455,0.10386666557987961,0.10956173558897138,1,0.058541944448080599,0.10956173558897138,1
C,1,0.0001,14,0.0014,0.10956421771567508,5.8323015571662767e-07,0.10956421771567508,3.4920497502258346e-07,1.2371888931458841e-06,1.2371888931458841e-06,5.6815986315683631e-07,0.95460984085567446,0.99999971279314581,0.75180212321203932,0.10386633251808541,0.10956131957929478,1,0.058541755863290336,0.10956131957929478,1
C,1,0.0001,15,0.0015,0.10956400972273646,6.2488856600117861e-07,0.10956400972273646,3.7414765445275087e-07,1.3255572770935323e-06,1.3255572770935323e-06,6.087424696543664e-07,0.95460982127219562,0.99999969227850993,0.75180213685263975,0.10386599945692425,0.10956090357059466,1,0.058541567278868056,0.10956090357059466,1
C,1,0.0001,16,0.0016000000000000001,0.10956380171027061,6.6654685803316582e-07,0.10956380171027061,3.9909026277445578e-07,1.4139253606129275e-06,1.4139253606129275e-06,6.4932504406645108e-07,0.95460980168873433,0.99999967176389259,0.75180215049312671,0.1038656663963971,0.10956048756287257,1,0.05854137869481385,0.10956048756287257,1
C,1,0.0001,17,0.0017000000000000001,0.10956359369806495,7.0820503190690027e-07,0.10956359369806495,4.2403280004377055e-07,1.5022931439279352e-06,1.5022931439279352e-06,6.8990758628206805e-07,0.95460978210529124,0.99999965124929424,0.75180216413349366,0.10386533333650327,0.10956007155612695,1,0.058541190111127586,0.10956007155612695,1
C,1,0.0001,18,0.0018000000000000002,0.1095633857169294,7.4986308762330968e-07,0.1095633857169294,4.4897526624246198e-07,1.5906606274862876e-06,1.5906606274862876e-06,7.3049009641223961e-07,0.95460976252186569,0.99999963073471421,0.75180217777374725,0.10386500027724377,0.10955965555035999,1,0.058541001527809527,0.10955965555035999,1
C,1,0.0001,19,0.0019,0.10956317767272192,7.9152102495602988e-07,0.10956317767272192,4.7391766131163039e-07,1.6790278099447887e-06,1.6790278099447887e-06,7.7107257423492115e-07,0.95460974293845779,0.99999961022015271,0.75180219141388493,0.10386466721861766,0.1095592395455702,1,0.058540812944859313,0.1095592395455702,1
C,1,0.0001,20,0.002,0.10956296967358041,8.3317884415176749e-07,0.10956296967358041,4.9885998534435808e-07,1.7673946928705007e-06,1.7673946928705007e-06,8.1165502019420188e-07,0.95460972335506766,0.99999958970560987,0.75180220505390005,0.1038643341606249,0.10955882354175731,1,0.058540624362277173,0.10955882354175731,1
C,1,0.0001,21,0.0021000000000000003,0.1095627616602112,8.748365451513168e-07,0.1095627616602112,5.2380223829014228e-07,1.8557612753679593e-06,1.8557612753679593e-06,8.522374339570149e-07,0.95460970377169541,0.99999956919108579,0.75180221869379837,0.10386400110326587,0.10955840753892131,1,0.058540435780063058,0.10955840753892131,1
C,1,0.0001,22,0.0022000000000000001,0.1095625536864125,9.1649412812211813e-07,0.1095625536864125,5.4874442018964752e-07,1.9441275583326285e-06,1.9441275583326285e-06,8.9281981585642711e-07,0.95460968418834113,0.99999954867658047,0.75180223233358456,0.1038636680465409,0.10955799153706337,1,0.058540247198216981,0.10955799153706337,1
C,1,0.0001,23,0.0023,0.1095623456585942,9.5815159261876449e-07,0.1095623456585942,5.7368653096298346e-07,2.0324935401974466e-06,2.0324935401974466e-06,9.334021652263047e-07,0.95460966460500429,0.99999952816209337,0.75180224597324741,0.10386333499044922,0.1095575755361823,1,0.058540058616738964,0.1095575755361823,1
C,1,0.0001,24,0.0024000000000000002,0.10956213765670898,9.99808939032376e-07,0.10956213765670898,5.9862857066909648e-07,2.1208592223056095e-06,2.1208592223056095e-06,9.7398448262175918e-07,0.95460964502168533,0.99999950764762502,0.75180225961279823,0.10386300193499164,0.10955715953627929,1,0.058539870035629007,0.10955715953627929,1
C,1,0.0001,25,0.0025000000000000001,0.10956192965301774,1.041466167213071e-06,0.10956192965301774,6.2357053932669035e-07,2.2092246042093851e-06,2.2092246042093851e-06,1.0145667679317683e-06,0.95460962543838368,0.99999948713317488,0.75180227325222571,0.10386266888016708,0.10955674353735313,1,0.058539681454886965,0.10955674353735313,1
C,1,0.0001,26,0.0026000000000000003,0.10956172163823288,1.0831232771784268e-06,0.10956172163823288,6.4851243687859765e-07,2.2975896856849074e-06,2.2975896856849074e-06,1.0551490212673542e-06,0.95460960585510057,0.99999946661874417,0.7518022868915436,0.10386233582597698,0.10955632753940482,1,0.058539492874513065,0.10955632753940482,1
C,1,0.0001,27,0.0027000000000000001,0.10956151364443566,1.1247802689868241e-06,0.10956151364443566,6.7345426337192326e-07,2.3859544674037745e-06,2.3859544674037745e-06,1.0957312422954502e-06,0.95460958627183445,0.99999944610433111,0.75180230053073427,0.10386200277241964,0.10955591154243315,1,0.058539304294507093,0.10955591154243315,1
C,1,0.0001,28,0.0028,0.10956130563964833,1.1664371426172458e-06,0.10956130563964833,6.9839601879986339e-07,2.4743189486943882e-06,2.4743189486943882e-06,1.136313431349123e-06,0.95460956668858665,0.99999942558993737,0.75180231416981769,0.10386166971949662,0.10955549554643931,1,0.058539115714869118,0.10955549554643931,1
C,1,0.0001,29,0.0029000000000000002,0.10956109764415808,1.2080938980345056e-06,0.10956109764415808,7.2333770315015437e-07,2.5626831300044804e-06,2.5626831300044804e-06,1.1768955882063281e-06,0.95460954710535639,0.99999940507556195,0.75180232780877898,0.10386133666720712,0.10955507955142281,1,0.058538927135599272,0.10955507955142281,1
C,1,0.0001,30,0.0030000000000000001,0.1095608896282745,1.2497505351447828e-06,0.1095608896282745,7.4827931639439806e-07,2.6510470106624536e-06,2.6510470106624536e-06,1.2174777128670655e-06,0.95460952752214356,0.99999938456120485,0.7518023414476227,0.10386100361555115,0.10955466355738386,1,0.058538738556697376,0.10955466355738386,1
C,1,0.0001,31,0.0031000000000000003,0.10956068162182017,1.2914070541138891e-06,0.10956068162182017,7.7322085859363608e-07,2.7394105913399054e-06,2.7394105913399054e-06,1.2580598055533798e-06,0.95460950793894894,0.99999936404686673,0.75180235508634652,0.10386067056452866,0.10955424756432182,1,0.058538549978163518,0.10955424756432182,1
C,1,0.0001,32,0.0032000000000000002,0.10956047362391892,1.3330634548350307e-06,0.10956047362391892,7.981623296837849e-07,2.8277738720368361e-06,2.8277738720368361e-06,1.2986418658211818e-06,0.95460948835577208,0.99999934353254727,0.75180236872495765,0.10386033751414009,0.10955383157223714,1,0.058538361399997643,0.10955383157223714,1
C,1,0.0001,33,0.0033,0.1095602656169793,1.3747197374324472e-06,0.1095602656169793,8.2310372972281353e-07,2.9161368523055135e-06,2.9161368523055135e-06,1.339223894225583e-06,0.9546094687726131,0.99999932301824657,0.75180238236344876,0.10386000446438504,0.10955341558113045,1,0.058538172822199794,0.10955341558113045,1
C,1,0.0001,34,0.0034000000000000002,0.10956005760907513,1.4163759017605935e-06,0.10956005760907513,8.4804505868292481e-07,3.0044995323698033e-06,3.0044995323698033e-06,1.3798058905445387e-06,0.95460944918947144,0.99999930250396396,0.75180239600182364,0.10385967141526371,0.10955299959100002,1,0.05853798424476999,0.10955299959100002,1
C,1,0.0001,35,0.0035000000000000001,0.10955984961789407,1.4580319479687205e-06,0.10955984961789407,8.7298631656905618e-07,3.0928619126774383e-06,3.0928619126774383e-06,1.4203878547780491e-06,0.95460942960634776,0.99999928198970023,0.75180240964007838,0.1038593383667758,0.1095525836018478,1,0.058537795667708184,0.1095525836018478,1
C,1,0.0001,36,0.0036000000000000003,0.10955964162494043,1.4996878759446024e-06,0.10955964162494043,8.9792750339696743e-07,3.1812239927806861e-06,3.1812239927806861e-06,1.4609697871481586e-06,0.95460941002324173,0.99999926147545504,0.75180242327822022,0.10385900531892185,0.10955216761367208,1,0.058537607091014382,0.10955216761367208,1
C,1,0.0001,37,0.0037000000000000002,0.10955943362368509,1.541343685668707e-06,0.10955943362368509,9.2286861912338768e-07,3.2695857724556801e-06,3.2695857724556801e-06,1.5015516868777112e-06,0.95460939044015369,0.99999924096122861,0.75180243691624549,0.10385867227170162,0.10955175162647457,1,0.058537418514688619,0.10955175162647457,1
C,1,0.0001,38,0.0038,0.1095592256293981,1.5829993772710856e-06,0.1095592256293981,9.4780966379143027e-07,3.3579472521501531e-06,3.3579472521501531e-06,1.5421335546328407e-06,0.95460937085708297,0.99999922044702028,0.7518024505541504,0.10385833922511496,0.10955133564025331,1,0.058537229938730936,0.10955133564025331,1
C,1,0.0001,39,0.0039000000000000003,0.10955901761230309,1.6246549505291751e-06,0.10955901761230309,9.7275063736440671e-07,3.4463084309686409e-06,3.4463084309686409e-06,1.5827153904135471e-06,0.95460935127403024,0.99999919993283082,0.75180246419193764,0.10385800617916174,0.10955091965501046,1,0.058537041363141182,0.10955091965501046,1
C,1,0.0001,40,0.0040000000000000001,0.10955880960957133,1.6663104056114716e-06,0.10955880960957133,9.9769153986605869e-07,3.5346693100304729e-06,3.5346693100304729e-06,1.6232971938867635e-06,0.95460933169099527,0.99999917941866001,0.7518024778296063,0.10385767313384231,0.10955050367074516,1,0.058536852787919542,0.10955050367074516,1
C,1,0.0001,41,0.0041000000000000003,0.10955860161338833,1.7079657425543357e-06,0.10955860161338833,1.0226323712929203e-06,3.6230298891117844e-06,3.6230298891117844e-06,1.6638789653855568e-06,0.95460931210797806,0.99999915890450786,0.75180249146716005,0.10385734008915666,0.10955008768745701,1,0.058536664213065914,0.10955008768745701,1
C,1,0.0001,42,0.0042000000000000006,0.10955839361668383,1.7496209612649041e-06,0.10955839361668383,1.0475731316409602e-06,3.7113901679887083e-06,3.7113901679887083e-06,1.7044607045768601e-06,0.95460929252497873,0.99999913839037435,0.75180250510459523,0.10385700704510463,0.10954967170514598,1,0.058536475638580339,0.10954967170514598,1
C,1,0.0001,43,0.0043,0.10955818561950004,1.7912760618529514e-06,0.10955818561950004,1.0725138209366057e-06,3.799750146661245e-06,3.799750146661245e-06,1.7450424119047625e-06,0.95460927294199704,0.99999911787625928,0.75180251874191695,0.1038566740016863,0.10954925572381274,1,0.058536287064462664,0.10954925572381274,1
C,1,0.0001,44,0.0044000000000000003,0.10955797761487616,1.8329310441161994e-06,0.10955797761487616,1.0974544391431158e-06,3.8881098249055284e-06,3.8881098249055284e-06,1.7856240871472195e-06,0.95460925335903313,0.99999909736216297,0.75180253237911332,0.10385634095890128,0.10954883974345594,1,0.058536098490713111,0.10954883974345594,1
C,1,0.0001,45,0.0045000000000000005,0.10955776961632521,1.8745859082401816e-06,0.10955776961632521,1.122394986275697e-06,3.9764692031692899e-06,3.9764692031692899e-06,1.8262057303042312e-06,0.95460923377608686,0.99999907684808498,0.75180254601619978,0.10385600791675061,0.10954842376407671,1,0.05853590991733168,0.10954842376407671,1
C,1,0.0001,46,0.0045999999999999999,0.10955756161742278,1.916240654149768e-06,0.10955756161742278,1.1473354623295317e-06,4.064828281228665e-06,4.064828281228665e-06,1.8667873412647751e-06,0.95460921419315825,0.99999905633402564,0.75180255965316378,0.1038556748752329,0.10954800778567524,1,0.05853572134431808,0.10954800778567524,1
C,1,0.0001,47,0.0047000000000000002,0.10955735362410199,1.9578952818837599e-06,0.10955735362410199,1.1722758673125005e-06,4.1531870593075188e-06,4.1531870593075188e-06,1.9073689200288513e-06,0.95460919461024796,0.99999903581998539,0.75180257329001599,0.10385534183434926,0.10954759180825091,1,0.058535532771672533,0.10954759180825091,1
C,1,0.0001,48,0.0048000000000000004,0.10955714561803863,1.9995497913093707e-06,0.10955714561803863,1.1972162012050679e-06,4.241545536734253e-06,4.241545536734253e-06,1.9479504665964598e-06,0.95460917502735498,0.99999901530596336,0.75180258692674584,0.10385500879409919,0.10954717583180412,1,0.058535344199395135,0.10954717583180412,1
C,1,0.0001,49,0.0048999999999999998,0.10955693762329592,2.0412041826341598e-06,0.10955693762329592,1.2221564640535483e-06,4.3299037144043316e-06,4.3299037144043316e-06,1.9885319810786228e-06,0.95460915544447977,0.99999899479195986,0.75180260056335879,0.1038546757544824,0.10954675985633444,1,0.058535155627485534,0.10954675985633444,1
C,1,0.0001,50,0.0050000000000000001,0.10955672962254642,2.08285845570646e-06,0.10955672962254642,1.2470966558037048e-06,4.4182615916461572e-06,4.4182615916461572e-06,2.0291134634753405e-06,0.95460913586162244,0.99999897427797513,0.75180261419985583,0.10385434271549966,0.10954634388184231,1,0.058534967055944138,0.10954634388184231,1
C,1,0.0001,51,0.0051000000000000004,0.10955652162703279,2.1245126106031272e-06,0.10955652162703279,1.2720367764777012e-06,4.5066191689074622e-06,4.5066191689074622e-06,2.0696949140086573e-06,0.95460911627878275,0.99999895376400882,0.75180262783623453,0.10385400967715049,0.1095459279083271,1,0.058534778484770719,0.1095459279083271,1
C,1,0.0001,52,0.0052000000000000006,0.10955631363112023,2.1661666473222646e-06,0.10955631363112023,1.296976826087845e-06,4.5949764459643792e-06,4.5949764459643792e-06,2.1102763321234619e-06,0.95460909669596106,0.99999893325006139,0.75180264147249787,0.10385367663943515,0.1095455119357903,1,0.05853458991396536,0.1095455119357903,1
C,1,0.0001,53,0.0053,0.10955610563426227,2.2078205658099429e-06,0.10955610563426227,1.3219168046172987e-06,4.6833334228169091e-06,4.6833334228169091e-06,2.150857718152821e-06,0.95460907711315668,0.99999891273613217,0.75180265510864308,0.10385334360235325,0.10954509596422889,1,0.058534401343527928,0.10954509596422889,1
C,1,0.0001,54,0.0054000000000000003,0.10955589763707917,2.2494743661370209e-06,0.10955589763707917,1.3468567120995762e-06,4.7716900994650518e-06,4.7716900994650518e-06,2.1914390723187793e-06,0.95460905753037051,0.99999889222222194,0.75180266874467039,0.10385301056590492,0.10954467999364653,1,0.058534212773458487,0.10954467999364653,1
C,1,0.0001,55,0.0055000000000000005,0.10955568963904035,2.291128048159792e-06,0.10955568963904035,1.3717965484970545e-06,4.8600464759088072e-06,4.8600464759088072e-06,2.2320203941772476e-06,0.95460903794760166,0.99999887170832991,0.75180268238057857,0.10385267753009023,0.10954426402404041,1,0.058534024203757147,0.10954426402404041,1
C,1,0.0001,56,0.0055999999999999999,0.10955548164128208,2.3327816120774706e-06,0.10955548164128208,1.3967363138004578e-06,4.9484025521481747e-06,4.9484025521481747e-06,2.2726016841723151e-06,0.95460901836485079,0.99999885119445675,0.7518026960163724,0.10385234449490939,0.10954384805541252,1,0.058533835634423784,0.10954384805541252,1
C,1,0.0001,57,0.0057000000000000002,0.10955527365246574,2.3744350578204519e-06,0.10955527365246574,1.4216760080737457e-06,5.0367583286308882e-06,5.0367583286308882e-06,2.3131829418598926e-06,0.9546089987821178,0.99999883068060225,0.75180270965204987,0.10385201146036215,0.10954343208776109,1,0.058533647065458404,0.10954343208776109,1
C,1,0.0001,58,0.0058000000000000005,0.10955506565830121,2.4160883852762244e-06,0.10955506565830121,1.4466156312379452e-06,5.1251138046853479e-06,5.1251138046853479e-06,2.353764167573047e-06,0.95460897919940246,0.99999881016676628,0.75180272328760722,0.10385167842644831,0.10954301612108719,1,0.058533458496860979,0.10954301612108719,1
C,1,0.0001,59,0.0058999999999999999,0.10955485766376893,2.457741594608653e-06,0.10955485766376893,1.4715551833438814e-06,5.2134689805354195e-06,5.2134689805354195e-06,2.3943453610897336e-06,0.95460895961670489,0.99999878965294886,0.75180273692304589,0.10385134539316834,0.10954260015539104,1,0.058533269928631747,0.10954260015539104,1
C,1,0.0001,60,0.0060000000000000001,0.1095546496683847,2.4993946856174021e-06,0.1095546496683847,1.4964946643445378e-06,5.3018238561811049e-06,5.3018238561811049e-06,2.4349265222989303e-06,0.95460894003402497,0.99999876913914998,0.7518027505583712,0.10385101236052215,0.10954218419067203,1,0.058533081360770477,0.10954218419067203,1
C,1,0.0001,61,0.0061000000000000004,0.10955444167774148,2.5410476585785834e-06,0.10955444167774148,1.5214340742993619e-06,5.3901784318462688e-06,5.3901784318462688e-06,2.4755076516447261e-06,0.95460892045136292,0.99999874862536975,0.75180276419357772,0.10385067932850955,0.10954176822693076,1,0.058532892793277218,0.10954176822693076,1
C,1,0.0001,62,0.0062000000000000006,0.1095542336816797,2.5827005133068588e-06,0.1095542336816797,1.5463734132051814e-06,5.4785327070831789e-06,5.4785327070831789e-06,2.5160887484609873e-06,0.95460890086871852,0.99999872811160817,0.75180277782866467,0.10385034629713023,0.10954135226416617,1,0.058532704226151873,0.10954135226416617,1
C,1,0.0001,63,0.0063,0.10955402568975521,2.624353249785759e-06,0.10955402568975521,1.5713126809884959e-06,5.5668866823395685e-06,5.5668866823395685e-06,2.5566698136358923e-06,0.95460888128609189,0.99999870759786502,0.75180279146363427,0.10385001326638489,0.10954093630237934,1,0.05853251565939472,0.10954093630237934,1
C,1,0.0001,64,0.0064000000000000003,0.10955381769262935,2.666005867976478e-06,0.10955381769262935,1.5962518776914104e-06,5.6552403571677043e-06,5.6552403571677043e-06,2.597250846392285e-06,0.95460886170348314,0.99999868708414075,0.7518028050984904,0.10384968023627345,0.10954052034157005,1,0.058532327093005571,0.10954052034157005,1
C,1,0.0001,65,0.0065000000000000006,0.1095536096995539,2.7076583680644669e-06,0.1095536096995539,1.6211910033541306e-06,5.7435937320153187e-06,5.7435937320153187e-06,2.6378318471742546e-06,0.95460884212089203,0.9999986665704349,0.75180281873322774,0.10384934720679534,0.10954010438173832,1,0.058532138526984329,0.10954010438173832,1
C,1,0.0001,66,0.0066,0.10955340171034851,2.7493107499756418e-06,0.10955340171034851,1.6461300579545099e-06,5.8319468068824124e-06,5.8319468068824124e-06,2.6784128158707787e-06,0.9546088225383188,0.99999864605674771,0.75180283236784462,0.10384901417795074,0.10953968842288279,1,0.058531949961331146,0.10953968842288279,1
C,1,0.0001,67,0.0067000000000000002,0.10955319372070106,2.7909630137284645e-06,0.10955319372070106,1.6710690414834494e-06,5.9202995815451182e-06,5.9202995815451182e-06,2.7189937527039021e-06,0.95460880295576311,0.99999862554307895,0.7518028460023467,0.10384868114973987,0.10953927246500506,1,0.058531761396045906,0.10953927246500506,1
C,1,0.0001,68,0.0068000000000000005,0.10955298572610593,2.8326151591559615e-06,0.10955298572610593,1.6960079539105324e-06,6.008652055779571e-06,6.008652055779571e-06,2.7595746570074908e-06,0.9546087833732253,0.99999860502942894,0.75180285963673044,0.10384834812216294,0.10953885650810442,1,0.058531572831128885,0.10953885650810442,1
C,1,0.0001,69,0.0069000000000000008,0.1095527777352675,2.8742671864441023e-06,0.1095527777352675,1.7209467952836575e-06,6.0970042300335024e-06,6.0970042300335024e-06,2.8001555295587011e-06,0.95460876379070492,0.99999858451579715,0.75180287327099526,0.10384801509521936,0.10953844055218129,1,0.058531384266579778,0.10953844055218129,1
C,1,0.0001,70,0.0070000000000000001,0.10955256974846272,2.9159190956663395e-06,0.10955256974846272,1.7458855655907254e-06,6.1853561043069132e-06,6.1853561043069132e-06,2.8407363699134436e-06,0.95460874420820285,0.99999856400218456,0.7518028869051514,0.10384768206890994,0.10953802459723598,1,0.05853119570239864,0.10953802459723598,1
C,1,0.0001,71,0.0071000000000000004,0.1095523617603307,2.9575708865276218e-06,0.1095523617603307,1.7708242648313711e-06,6.273707678375936e-06,6.273707678375936e-06,2.8813171781827407e-06,0.95460872462571855,0.99999854348859063,0.75180290053917853,0.1038473490432332,0.10953760864326706,1,0.058531007138585417,0.10953760864326706,1
C,1,0.0001,72,0.0072000000000000007,0.10955215376791996,2.9992225591924109e-06,0.10955215376791996,1.7957628929867215e-06,6.3620589520167058e-06,6.3620589520167058e-06,2.9218979542555701e-06,0.95460870504325157,0.99999852297501479,0.7518029141730932,0.10384701601819059,0.10953719269027656,1,0.058530818575140295,0.10953719269027656,1
C,1,0.0001,73,0.0073000000000000001,0.10955194577521182,3.0408741136986937e-06,0.10955194577521182,1.8207014500714129e-06,6.4504099254530885e-06,6.4504099254530885e-06,2.9624786982429541e-06,0.95460868546080235,0.99999850246145761,0.75180292780688973,0.10384668299378148,0.10953677673826209,1,0.058530630012063135,0.10953677673826209,1
C,1,0.0001,74,0.0074000000000000003,0.10955173778972312,3.0825255500479296e-06,0.10955173778972312,1.845639936100806e-06,6.5387605991328155e-06,6.5387605991328155e-06,3.0030594101448926e-06,0.95460866587837112,0.99999848194791918,0.75180294144057136,0.10384634997000616,0.10953636078722538,1,0.05853044144935398,0.10953636078722538,1
C,1,0.0001,75,0.0075000000000000006,0.10955152980006633,3.1241768682014846e-06,0.10955152980006633,1.8705783510418033e-06,6.6271109723842896e-06,6.6271109723842896e-06,3.0436400899613858e-06,0.95460864629595776,0.99999846143439952,0.75180295507413597,0.10384601694686443,0.10953594483716621,1,0.058530252887012794,0.10953594483716621,1
C,1,0.0001,76,0.0076,0.10955132181696517,3.1658280681608765e-06,0.10955132181696517,1.8955166949475651e-06,6.7154610458791088e-06,6.7154610458791088e-06,3.0842207375814112e-06,0.95460862671356195,0.99999844092089829,0.75180296870758179,0.10384568392435659,0.10953552888808413,1,0.0585300643250398,0.10953552888808413,1
C,1,0.0001,77,0.0077000000000000002,0.10955111382253953,3.2074791498487142e-06,0.10955111382253953,1.9204549677282758e-06,6.8038108184979419e-06,6.8038108184979419e-06,3.124801353004969e-06,0.95460860713118389,0.9999984204074156,0.75180298234090859,0.10384535090248212,0.10953511293997957,1,0.058529875763434727,0.10953511293997957,1
C,1,0.0001,78,0.0078000000000000005,0.10955090583463011,3.249130113306591e-06,0.10955090583463011,1.9453931694545824e-06,6.8921602913601202e-06,6.8921602913601202e-06,3.1653819364541036e-06,0.9546085875488235,0.99999839989395145,0.75180299597411882,0.1038450178812413,0.10953469699285209,1,0.058529687202197665,0.10953469699285209,1
C,1,0.0001,79,0.0079000000000000008,0.10955069784635087,3.2907809585692515e-06,0.10955069784635087,1.9703313001029315e-06,6.9805094640179113e-06,6.9805094640179113e-06,3.2059624878177928e-06,0.95460856796648097,0.99999837938050595,0.75180300960721114,0.10384468486063418,0.10953428104670175,1,0.058529498641328628,0.10953428104670175,1
C,1,0.0001,80,0.0080000000000000002,0.1095504898580989,3.3324316857822452e-06,0.1095504898580989,1.9952693596848487e-06,7.0688583364713152e-06,7.0688583364713152e-06,3.2465430070960366e-06,0.9546085483841561,0.999998358867079,0.75180302324018899,0.10384435184066082,0.10953386510152938,1,0.05852931008082761,0.10953386510152938,1
C,1,0.0001,81,0.0080999999999999996,0.10955028187597861,3.3740822947473668e-06,0.10955028187597861,2.020207348205556e-06,7.1572069091680634e-06,7.1572069091680634e-06,3.2871234940667904e-06,0.95460852880184888,0.99999833835367047,0.75180303687304439,0.10384401882132094,0.1095334491573345,1,0.058529121520694678,0.1095334491573345,1
C,1,0.0001,82,0.0082000000000000007,0.10955007388284485,3.4157327854224327e-06,0.10955007388284485,2.0451452656459349e-06,7.2455551809888264e-06,7.2455551809888264e-06,3.3277039490631211e-06,0.95460850921955986,0.99999831784028115,0.75180305050578622,0.10384368580261494,0.10953303321411738,1,0.058528932960929737,0.10953303321411738,1
C,1,0.0001,83,0.0083000000000000001,0.10954986589284101,3.4573831579572107e-06,0.10954986589284101,2.0700831120297495e-06,7.333903152829068e-06,7.333903152829068e-06,3.368284371862984e-06,0.95460848963728828,0.99999829732690992,0.75180306413841147,0.10384335278454247,0.10953261727187673,1,0.05852874440153271,0.10953261727187673,1
C,1,0.0001,84,0.0084000000000000012,0.10954965790585829,3.4990334122990708e-06,0.10954965790585829,2.0950208873300306e-06,7.422250824688789e-06,7.422250824688789e-06,3.4088647626884239e-06,0.95460847005503446,0.99999827681355746,0.75180307777091648,0.10384301976710358,0.10953220133061359,1,0.058528555842503806,0.10953220133061359,1
C,1,0.0001,85,0.0085000000000000006,0.10954944991852766,3.5406835484992013e-06,0.10954944991852766,2.1199585915749743e-06,7.5105981963441219e-06,7.5105981963441219e-06,3.4494451214284183e-06,0.95460845047279863,0.99999825630022376,0.75180309140330648,0.1038426867502984,0.10953178539032798,1,0.058528367283842829,0.10953178539032798,1
C,1,0.0001,86,0.0086,0.10954924193051065,3.5823335663580184e-06,0.10954924193051065,2.1448962247065388e-06,7.5989452677950685e-06,7.5989452677950685e-06,3.490025447971945e-06,0.95460843089058012,0.99999823578690816,0.75180310503557524,0.10384235373412662,0.10953136945101945,1,0.058528178725549891,0.10953136945101945,1
C,1,0.0001,87,0.0087000000000000011,0.10954903394537349,3.6239834661312722e-06,0.10954903394537349,2.1698337868022769e-06,7.6872920392654928e-06,7.6872920392654928e-06,3.5306057425410486e-06,0.95460841130837959,0.99999821527361155,0.75180311866773053,0.10384202071858896,0.10953095351268889,1,0.058527990167625069,0.10953095351268889,1
C,1,0.0001,88,0.0088000000000000005,0.10954882595636736,3.6656332475809588e-06,0.10954882595636736,2.1947712778050324e-06,7.7756385103076651e-06,7.7756385103076651e-06,3.5711860048026622e-06,0.95460839172619683,0.99999819476033336,0.75180313229976758,0.10384168770368475,0.10953053757533478,1,0.058527801610068188,0.10953053757533478,1
C,1,0.0001,89,0.0088999999999999999,0.10954861797366439,3.7072829110203805e-06,0.10954861797366439,2.2197086977646922e-06,7.8639846815931816e-06,7.8639846815931816e-06,3.6117662349788304e-06,0.95460837214403216,0.99999817424707427,0.75180314593168673,0.10384135468941408,0.10953012163895819,1,0.058527613052879283,0.10953012163895819,1
C,1,0.0001,90,0.0090000000000000011,0.10954840999021379,3.7489324561357178e-06,0.10954840999021379,2.2446460466423297e-06,7.9523305526743093e-06,7.9523305526743093e-06,3.6523464331805755e-06,0.95460835256188481,0.99999815373383327,0.7518031595634892,0.10384102167577711,0.10952970570355912,1,0.05852742449605839,0.10952970570355912,1
C,1,0.0001,91,0.0091000000000000004,0.10954820200332704,3.7905818831271733e-06,0.10954820200332704,2.2695833244476098e-06,8.0406761233271858e-06,8.0406761233271858e-06,3.6929265994078975e-06,0.95460833297975523,0.99999813322061093,0.75180317319517487,0.10384068866277386,0.10952928976913671,1,0.058527235939605536,0.10952928976913671,1
C,1,0.0001,92,0.0091999999999999998,0.10954799401882215,3.8322311919072355e-06,0.10954799401882215,2.2945205312190913e-06,8.1290213939995408e-06,8.1290213939995408e-06,3.7335067329946625e-06,0.95460831339764374,0.99999811270740746,0.75180318682674252,0.10384035565040389,0.10952887383569206,1,0.058527047383520499,0.10952887383569206,1
C,1,0.0001,93,0.009300000000000001,0.10954778603396748,3.8738803824368662e-06,0.10954778603396748,2.3194576668714046e-06,8.217366364467507e-06,8.217366364467507e-06,3.7740868349400714e-06,0.95460829381554968,0.99999809219422231,0.75180320045819238,0.10384002263866791,0.10952845790322448,1,0.058526858827803722,0.10952845790322448,1
C,1,0.0001,94,0.0094000000000000004,0.10954757804877684,3.915529454862567e-06,0.10954757804877684,2.3443947314870253e-06,8.3057110347310876e-06,8.3057110347310876e-06,3.8146669045779902e-06,0.95460827423347328,0.99999807168105559,0.75180321408952322,0.10383968962756522,0.10952804197173462,1,0.058526670272454791,0.10952804197173462,1
C,1,0.0001,95,0.0094999999999999998,0.10954737006618506,3.9571784090927526e-06,0.10954737006618506,2.3693317250251151e-06,8.3940554050141452e-06,8.3940554050141452e-06,3.8552469422414859e-06,0.95460825465141508,0.99999805116790796,0.75180322772073938,0.10383935661709634,0.10952762604122143,1,0.058526481717473863,0.10952762604122143,1
C,1,0.0001,96,0.0096000000000000009,0.10954716208290566,3.9988272450563567e-06,0.10954716208290566,2.3942686474843224e-06,8.4823994750928172e-06,8.4823994750928172e-06,3.8958269477085139e-06,0.95460823506937409,0.99999803065477844,0.75180324135183663,0.10383902360726113,0.10952721011168598,1,0.058526293162861009,0.10952721011168598,1
C,1,0.0001,97,0.0097000000000000003,0.10954695409927592,4.0404759628962603e-06,0.10954695409927592,2.4192054988956686e-06,8.5707432449671021e-06,8.5707432449671021e-06,3.9364069210900965e-06,0.95460821548735098,0.99999801014166756,0.75180325498281508,0.1038386905980594,0.10952679418312804,1,0.05852610460861616,0.10952679418312804,1
C,1,0.0001,98,0.0097999999999999997,0.10954674611499887,4.0821245624497408e-06,0.10954674611499887,2.4441422792162795e-06,8.6590867146369981e-06,8.6590867146369981e-06,3.9769868622752114e-06,0.95460819590534596,0.99999798962857567,0.75180326861367885,0.10383835758949139,0.10952637825554676,1,0.058525916054739238,0.10952637825554676,1
C,1,0.0001,99,0.0099000000000000008,0.10954653813631796,4.123773043956257e-06,0.10954653813631796,2.4690789884813479e-06,8.7474298845502401e-06,8.7474298845502401e-06,4.0175667715969254e-06,0.95460817632335848,0.99999796911550209,0.75180328224442705,0.10383802458155744,0.10952596232894365,1,0.058525727501230501,0.10952596232894365,1
C,1,0.0001,100,0.01,0.10954633015135767,4.1654214071924122e-06,0.10954633015135767,2.4940156266811461e-06,8.8357727538113618e-06,8.8357727538113618e-06,4.0581466487221718e-06,0.95460815674138888,0.99999794860244728,0.75180329587505446,0.10383769157425667,0.10952554640331742,1,0.058525538948089643,0.10952554640331742,1
C,1,0.0001,101,0.010100000000000001,0.1095461221685511,4.2070696521606427e-06,0.1095461221685511,2.5189521937898735e-06,8.9241153230919637e-06,8.9241153230919637e-06,4.0987264935399281e-06,0.95460813715943682,0.9999979280894109,0.75180330950556462,0.1038373585675897,0.10952513047866912,1,0.058525350395316894,0.10952513047866912,1
C,1,0.0001,102,0.010200000000000001,0.10954591419115456,4.248717779046048e-06,0.10954591419115456,2.5438886898471844e-06,9.0124575926159099e-06,9.0124575926159099e-06,4.139306306605306e-06,0.95460811757750286,0.9999979075763934,0.75180332313595821,0.10383702556155627,0.10952471455499661,1,0.058525161842912059,0.10952471455499661,1
C,1,0.0001,103,0.0103,0.10954570620734871,4.2903657876041989e-06,0.10954570620734871,2.5688251148127943e-06,9.1007995614877357e-06,9.1007995614877357e-06,4.1798860873631938e-06,0.95460809799558621,0.9999978870633941,0.75180333676623101,0.10383669255615617,0.10952429863230223,1,0.058524973290875186,0.10952429863230223,1
C,1,0.0001,104,0.010400000000000001,0.10954549822887288,4.3320136781352721e-06,0.10954549822887288,2.5937614687645764e-06,9.1891412306029076e-06,9.1891412306029076e-06,4.2204658362576808e-06,0.95460807841368733,0.99999786655041345,0.75180335039639401,0.10383635955139019,0.10952388271058523,1,0.058524784739206283,0.10952388271058523,1
C,1,0.0001,105,0.010500000000000001,0.10954529025000093,4.3736614504518581e-06,0.10954529025000093,2.6186977516074649e-06,9.2774825995136905e-06,9.2774825995136905e-06,4.2610455529557001e-06,0.95460805883180633,0.99999784603745145,0.75180336402643455,0.10383602654725763,0.10952346678984481,1,0.058524596187905474,0.10952346678984481,1
C,1,0.0001,106,0.0106,0.10954508226755436,4.4153091043900145e-06,0.10954508226755436,2.6436339633506374e-06,9.3658236679962223e-06,9.3658236679962223e-06,4.3016252374572517e-06,0.95460803924994297,0.99999782552450789,0.75180337765635785,0.10383569354375881,0.10952305087008236,1,0.058524407636972739,0.10952305087008236,1
C,1,0.0001,107,0.010700000000000001,0.10954487428767602,4.4569566403167201e-06,0.10954487428767602,2.6685701040724397e-06,9.4541644364982309e-06,9.4541644364982309e-06,4.3422048899843801e-06,0.95460801966809772,0.99999780501158342,0.75180339128616325,0.10383536054089362,0.10952263495129698,1,0.058524219086407994,0.10952263495129698,1
C,1,0.0001,108,0.010800000000000001,0.10954466630973386,4.4986040579743625e-06,0.10954466630973386,2.6935061737123962e-06,9.5425049050197198e-06,9.5425049050197198e-06,4.3827845105370855e-06,0.95460800008626978,0.99999778449867693,0.75180340491585262,0.10383502753866211,0.10952221903348912,1,0.058524030536211261,0.10952221903348912,1
C,1,0.0001,109,0.0109,0.10954445833140949,4.5402513574748052e-06,0.10954445833140949,2.718442172286933e-06,9.6308450733368215e-06,9.6308450733368215e-06,4.4233640987823009e-06,0.95460798050446016,0.99999776398578977,0.75180341854542398,0.10383469453706419,0.10952180311665811,1,0.058523841986382524,0.10952180311665811,1
C,1,0.0001,110,0.011000000000000001,0.10954425035271559,4.5818985388523783e-06,0.10954425035271559,2.7433780998277987e-06,9.7191849414495343e-06,9.7191849414495343e-06,4.4639436550530931e-06,0.95460796092266798,0.99999774347292081,0.75180343217487744,0.10383436153609971,0.10952138720080486,1,0.058523653436921695,0.10952138720080486,1
C,1,0.0001,111,0.0111,0.10954404237589092,4.623545601871245e-06,0.10954404237589092,2.7683139562193405e-06,9.8075245095817274e-06,9.8075245095817274e-06,4.5045231790163953e-06,0.95460794134089344,0.99999772296007039,0.75180344580421288,0.10383402853576883,0.10952097128592841,1,0.058523464887828884,0.10952097128592841,1
C,1,0.0001,112,0.0112,0.1095438343962029,4.6651925468402106e-06,0.1095438343962029,2.7932497416098808e-06,9.8958637772856659e-06,9.8958637772856659e-06,4.5451026708942521e-06,0.95460792175913678,0.99999770244723862,0.7518034594334343,0.103833695536072,0.10952055537202995,1,0.058523276339104202,0.10952055537202995,1
C,1,0.0001,113,0.011300000000000001,0.10954362641591685,4.7068393734670074e-06,0.10954362641591685,2.8181854558934091e-06,9.9842027447852189e-06,9.9842027447852189e-06,4.5856821309087081e-06,0.95460790217739799,0.99999768193442562,0.75180347306253714,0.10383336253700898,0.10952013945910923,1,0.058523087790747635,0.10952013945910923,1
C,1,0.0001,114,0.0114,0.10954341843801876,4.7484860820647307e-06,0.10954341843801876,2.8431210991300462e-06,1.0072541412304249e-05,1.0072541412304249e-05,4.6262615587266964e-06,0.95460788259567675,0.99999766142163093,0.75180348669151886,0.10383302953857899,0.10951972354716467,1,0.0585228992427589,0.10951972354716467,1
C,1,0.0001,115,0.0115,0.10954321046191974,4.7901326724492392e-06,0.10954321046191974,2.86805667131112e-06,1.0160879779842759e-05,1.0160879779842759e-05,4.6668409542371947e-06,0.95460786301397327,0.9999976409088549,0.75180350032038901,0.10383269654078302,0.10951930763619809,1,0.05852271069513814,0.10951930763619809,1
C,1,0.0001,116,0.011600000000000001,0.10954300248518276,4.8317791445285373e-06,0.10954300248518276,2.8929921724015386e-06,1.024921784717688e-05,1.024921784717688e-05,4.7074203177732699e-06,0.95460784343228755,0.99999762039609752,0.75180351394913847,0.10383236354362022,0.10951889172620792,1,0.058522522147885267,0.10951889172620792,1
C,1,0.0001,117,0.0117,0.10954279450571393,4.873425498486117e-06,0.10954279450571393,2.9179276024523469e-06,1.033755561408275e-05,1.033755561408275e-05,4.747999649001855e-06,0.95460782385061949,0.99999759988335857,0.75180352757776614,0.10383203054709091,0.1095184758171963,1,0.058522333601000495,0.1095184758171963,1
C,1,0.0001,118,0.0118,0.10954258652828906,4.9150717342663816e-06,0.10954258652828906,2.9428629614084922e-06,1.0425893081008097e-05,1.0425893081008097e-05,4.7885789483670393e-06,0.95460780426896952,0.9999975793706386,0.75180354120628556,0.10383169755119608,0.10951805990916159,1,0.058522145054483825,0.10951805990916159,1
C,1,0.0001,119,0.011900000000000001,0.10954237855285871,4.9567178518529113e-06,0.10954237855285871,2.9677982492956413e-06,1.0514230247952924e-05,1.0514230247952924e-05,4.829158215535756e-06,0.95460778468733687,0.99999755885793684,0.75180355483468275,0.10383136455593428,0.10951764400210373,1,0.058521956508335048,0.10951764400210373,1
C,1,0.0001,120,0.012,0.10954217057680884,4.9983638512626689e-06,0.10954217057680884,2.992733466156155e-06,1.0602567114693362e-05,1.0602567114693362e-05,4.8697374507300495e-06,0.95460776510572232,0.99999753834525396,0.75180356846296092,0.10383103156130603,0.10951722809602313,1,0.058521767962554261,0.10951722809602313,1
C,1,0.0001,121,0.012100000000000001,0.10954196260040813,5.0400097324769551e-06,0.10954196260040813,3.0176686119171873e-06,1.0690903681229415e-05,1.0690903681229415e-05,4.9103166537278753e-06,0.9546077455241252,0.99999751783258939,0.75180358209112652,0.10383069856731175,0.1095168121909207,1,0.058521579417141492,0.1095168121909207,1
C,1,0.0001,122,0.012200000000000001,0.10954175462341804,5.081655495458493e-06,0.10954175462341804,3.0426036866249197e-06,1.0779239947561079e-05,1.0779239947561079e-05,4.9508958245292334e-06,0.95460772594254617,0.9999974973199437,0.75180359571917266,0.10383036557395089,0.10951639628679492,1,0.058521390872096686,0.10951639628679492,1
C,1,0.0001,123,0.0123,0.10954154664835866,5.1233011402650527e-06,0.10954154664835866,3.0675386902454831e-06,1.0867575913912223e-05,1.0867575913912223e-05,4.9914749634671907e-06,0.9546077063609848,0.99999747680731654,0.75180360934709956,0.10383003258122374,0.10951598038364596,1,0.058521202327419995,0.10951598038364596,1
C,1,0.0001,124,0.012400000000000001,0.10954133867518528,5.1649466669878581e-06,0.10954133867518528,3.0924736228395594e-06,1.0955911580282844e-05,1.0955911580282844e-05,5.0320540703197025e-06,0.95460768677944108,0.99999745629470782,0.75180362297490999,0.10382969958913031,0.1095155644814743,1,0.058521013783111316,0.1095155644814743,1
C,1,0.0001,125,0.012500000000000001,0.10954113070139104,5.2065920753680693e-06,0.10954113070139104,3.1174084843313769e-06,1.104424694644908e-05,1.104424694644908e-05,5.0726331448647244e-06,0.95460766719791534,0.99999743578211808,0.75180363660260352,0.10382936659767025,0.10951514858027993,1,0.058520825239170481,0.10951514858027993,1
C,1,0.0001,126,0.0126,0.10954092272503121,5.2482373656419492e-06,0.10954092272503121,3.1423432747725669e-06,1.1132582012187061e-05,1.1132582012187061e-05,5.1132121873243008e-06,0.95460764761640693,0.99999741526954633,0.75180365023018025,0.10382903360684402,0.10951473268006348,1,0.058520636695597747,0.10951473268006348,1
C,1,0.0001,127,0.012700000000000001,0.10954071475029982,5.2898825376505472e-06,0.10954071475029982,3.1672779941364855e-06,1.1220916777944522e-05,1.1220916777944522e-05,5.1537911978094542e-06,0.95460762803491661,0.99999739475699367,0.75180366385763775,0.10382870061665124,0.1095143167808241,1,0.058520448152392976,0.1095143167808241,1
C,1,0.0001,128,0.012800000000000001,0.10954050677980405,5.331527591629921e-06,0.10954050677980405,3.1922126424593612e-06,1.1309251243945327e-05,1.1309251243945327e-05,5.1943701763201844e-06,0.95460760845344395,0.99999737424445934,0.75180367748497801,0.10382836762709211,0.10951390088256135,1,0.058520259609556223,0.10951390088256135,1
C,1,0.0001,129,0.0129,0.10954029880413411,5.3731725271924743e-06,0.10954029880413411,3.2171472196813041e-06,1.1397585409294013e-05,1.1397585409294013e-05,5.2349491225234246e-06,0.95460758887198904,0.99999735373194376,0.75180369111220124,0.10382803463816667,0.10951348498527633,1,0.058520071067087467,0.10951348498527633,1
C,1,0.0001,130,0.013000000000000001,0.10954009083265291,5.4148173447993497e-06,0.10954009083265291,3.2420817258811493e-06,1.1485919274886044e-05,1.1485919274886044e-05,5.2755280365301971e-06,0.95460756929055191,0.99999733321944673,0.75180370473930769,0.10382770164987488,0.10951306908896943,1,0.05851988252498673,0.10951306908896943,1
C,1,0.0001,131,0.013100000000000001,0.10953988285844618,5.4564620441370628e-06,0.10953988285844618,3.2670161609929301e-06,1.157425284004982e-05,1.157425284004982e-05,5.3161069186735688e-06,0.95460754970913253,0.99999731270696834,0.75180371836629645,0.10382736866221674,0.10951265319363962,1,0.058519693983254011,0.10951265319363962,1
C,1,0.0001,132,0.0132,0.10953967488578303,5.4981066251148557e-06,0.10953967488578303,3.291950524992879e-06,1.1662586105233077e-05,1.1662586105233077e-05,5.3566857686204727e-06,0.95460753012773081,0.99999729219450839,0.75180373199316863,0.10382703567519226,0.10951223729928643,1,0.058519505441889261,0.10951223729928643,1
C,1,0.0001,133,0.013300000000000001,0.10953946691300087,5.539751088172956e-06,0.10953946691300087,3.3168848179996444e-06,1.1750919070211945e-05,1.1750919070211945e-05,5.3972645864819313e-06,0.95460751054634685,0.99999727168206709,0.75180374561992414,0.10382670268880152,0.10951182140591097,1,0.05851931690089255,0.10951182140591097,1
C,1,0.0001,134,0.0134,0.10953925894172173,5.5813954329457614e-06,0.10953925894172173,3.3418190399263754e-06,1.1839251735210293e-05,1.1839251735210293e-05,5.4378433721469221e-06,0.95460749096498065,0.99999725116964444,0.75180375924655662,0.10382636970304374,0.10951140551351164,1,0.058519128360263697,0.10951140551351164,1
C,1,0.0001,135,0.0135,0.10953905096985814,5.6230396594683162e-06,0.10953905096985814,3.3667531907847205e-06,1.1927584100004252e-05,1.1927584100004252e-05,5.4784221258374899e-06,0.95460747138363189,0.99999723065724,0.75180377287307854,0.10382603671792019,0.10951098962209052,1,0.058518939820002926,0.10951098962209052,1
C,1,0.0001,136,0.013600000000000001,0.10953884299764836,5.6646837678122345e-06,0.10953884299764836,3.3916872705561083e-06,1.2015916164593826e-05,1.2015916164593826e-05,5.5190008474426122e-06,0.95460745180230178,0.9999972101448551,0.75180378649947943,0.10382570373343029,0.10951057373164709,1,0.05851875128011029,0.10951057373164709,1
C,1,0.0001,137,0.0137,0.10953863502915361,5.7063277580376354e-06,0.10953863502915361,3.4166212792834077e-06,1.2104247929426744e-05,1.2104247929426744e-05,5.5595795370733114e-06,0.95460743222098854,0.99999718963248785,0.75180380012576564,0.10382537074957375,0.10951015784218029,1,0.058518562740585395,0.10951015784218029,1
C,1,0.0001,138,0.013800000000000002,0.10953842705826126,5.7479716301033072e-06,0.10953842705826126,3.4415552169272918e-06,1.2192579393831408e-05,1.2192579393831408e-05,5.6001581945075429e-06,0.95460741263969351,0.9999971691201397,0.75180381375193106,0.10382503776635085,0.10950974195369052,1,0.058518374201428663,0.10950974195369052,1
C,1,0.0001,139,0.013900000000000001,0.10953821908879964,5.7896153839560232e-06,0.10953821908879964,3.4664890835336194e-06,1.2280910558255552e-05,1.2280910558255552e-05,5.6407368197453067e-06,0.95460739305841591,0.99999714860780975,0.75180382737798068,0.10382470478376166,0.10950932606617869,1,0.058518185662639874,0.10950932606617869,1
C,1,0.0001,140,0.014,0.10953801111677491,5.8312590195035493e-06,0.10953801111677491,3.4914228790399107e-06,1.2369241422251441e-05,1.2369241422251441e-05,5.6813154130086474e-06,0.9546073734771563,0.99999712809549868,0.75180384100391273,0.10382437180180595,0.10950891017964307,1,0.058517997124219047,0.10950891017964307,1
C,1,0.0001,141,0.014100000000000001,0.10953780314639584,5.872902536947364e-06,0.10953780314639584,3.5163566035173687e-06,1.245757198626681e-05,1.245757198626681e-05,5.7218939741865427e-06,0.95460735389591433,0.99999710758320615,0.75180385462972732,0.10382403882048427,0.10950849429408623,1,0.058517808586166439,0.10950849429408623,1
C,1,0.0001,142,0.014200000000000001,0.10953759517567485,5.9145459361957024e-06,0.10953759517567485,3.5412902568848658e-06,1.2545902250077791e-05,1.2545902250077791e-05,5.7624725031679702e-06,0.95460733431469025,0.99999708707093238,0.75180386825542334,0.10382370583979572,0.10950807840950555,1,0.058517620048481593,0.10950807840950555,1
C,1,0.0001,143,0.0143,0.10953738720656175,5.9561892173244907e-06,0.10953738720656175,3.5662238392248873e-06,1.2634232213908251e-05,1.2634232213908251e-05,5.8030510001749747e-06,0.95460731473348392,0.99999706655867715,0.75180388188100522,0.10382337285974121,0.10950766252590305,1,0.058517431511164841,0.10950766252590305,1
C,1,0.0001,144,0.014400000000000001,0.10953717923881366,5.9978323802215683e-06,0.10953717923881366,3.5911573504860742e-06,1.2722561877758191e-05,1.2722561877758191e-05,5.8436294650965337e-06,0.95460729515229525,0.99999704604644035,0.7518038955064702,0.10382303988032035,0.10950724664327739,1,0.058517242974216115,0.10950724664327739,1
C,1,0.0001,145,0.014500000000000001,0.10953697127048995,6.0394754248684935e-06,0.10953697127048995,3.6160907906869495e-06,1.2810891241403743e-05,1.2810891241403743e-05,5.884207897821625e-06,0.95460727557112435,0.99999702553422221,0.7518039091318125,0.10382270690153259,0.10950683076162854,1,0.058517054437635274,0.10950683076162854,1
C,1,0.0001,146,0.0146,0.10953676330181235,6.0811183513577794e-06,0.10953676330181235,3.6410241598224533e-06,1.2899220304844906e-05,1.2899220304844906e-05,5.9247862986833155e-06,0.95460725598997109,0.9999970050220226,0.751803922757037,0.10382237392337866,0.10950641488095672,1,0.05851686590142257,0.10950641488095672,1
C,1,0.0001,147,0.014700000000000001,0.10953655533656598,6.1227611597264183e-06,0.10953655533656598,3.665957457905005e-06,1.2987549068529415e-05,1.2987549068529415e-05,5.9653646671264937e-06,0.95460723640883571,0.99999698450984165,0.75180393638214982,0.10382204094585851,0.10950599900126287,1,0.058516677365577717,0.10950599900126287,1
C,1,0.0001,148,0.014800000000000001,0.10953634736905697,6.1644038499173584e-06,0.10953634736905697,3.6908906849092109e-06,1.3075877531785672e-05,1.3075877531785672e-05,6.0059430037062711e-06,0.9546072168277181,0.99999696399767934,0.75180395000714251,0.10382170796897201,0.1095055831225467,1,0.058516488830101,0.1095055831225467,1
C,1,0.0001,149,0.0149,0.10953613939912855,6.2060464218374845e-06,0.10953613939912855,3.7158238408399926e-06,1.3164205694613675e-05,1.3164205694613675e-05,6.0465213080895808e-06,0.95460719724661802,0.99999694348553547,0.75180396363201918,0.10382137499271921,0.10950516724480715,1,0.058516300294992253,0.10950516724480715,1
C,1,0.0001,150,0.015000000000000001,0.1095359314323817,6.247688875566e-06,0.1095359314323817,3.740756925725868e-06,1.3252533557685021e-05,1.3252533557685021e-05,6.087099580387445e-06,0.95460717766553593,0.99999692297341036,0.75180397725677361,0.10382104201709957,0.10950475136804463,1,0.058516111760251441,0.10950475136804463,1
C,1,0.0001,151,0.015100000000000001,0.10953572346344202,6.2893312111532603e-06,0.10953572346344202,3.7656899395575864e-06,1.3340861120328116e-05,1.3340861120328116e-05,6.1276778203778193e-06,0.95460715808447172,0.99999690246130402,0.75180399088141703,0.10382070904211411,0.10950433549226007,1,0.058515923225878681,0.10950433549226007,1
C,1,0.0001,152,0.0152,0.10953551549783234,6.3309734285472093e-06,0.10953551549783234,3.7906228822927426e-06,1.3429188383214555e-05,1.3429188383214555e-05,6.168256028615815e-06,0.95460713850342471,0.99999688194921565,0.75180400450593976,0.10382037606776194,0.10950391961745209,1,0.058515734691873877,0.10950391961745209,1
C,1,0.0001,153,0.015300000000000001,0.10953530753347625,6.3726155277461503e-06,0.10953530753347625,3.8155557539822095e-06,1.3517515346120473e-05,1.3517515346120473e-05,6.208834204657343e-06,0.95460711892239625,0.99999686143714672,0.75180401813034325,0.10382004309404332,0.10950350374362117,1,0.058515546158237078,0.10950350374362117,1
C,1,0.0001,154,0.0154,0.10953509956694386,6.4142575088044968e-06,0.10953509956694386,3.8404885546237742e-06,1.3605842008598138e-05,1.3605842008598138e-05,6.2494123485024033e-06,0.95460709934138499,0.99999684092509589,0.75180403175463162,0.10381971012095835,0.10950308787076773,1,0.058515357624968213,0.10950308787076773,1
C,1,0.0001,155,0.0155,0.10953489160186015,6.4558993716863083e-06,0.10953489160186015,3.8654212841778464e-06,1.3694168371095281e-05,1.3694168371095281e-05,6.2899904604840629e-06,0.95460707976039172,0.99999682041306381,0.75180404537880452,0.103819377148507,0.10950267199889155,1,0.058515169092067276,0.10950267199889155,1
C,1,0.0001,156,0.015600000000000001,0.109534683638004,6.4975411163744492e-06,0.109534683638004,3.8903539427031365e-06,1.3782494433611903e-05,1.3782494433611903e-05,6.3305685402692546e-06,0.95460706017941588,0.99999679990105006,0.75180405900285763,0.10381904417668951,0.10950225612799351,1,0.058514980559534566,0.10950225612799351,1
C,1,0.0001,157,0.015700000000000002,0.10953447567201152,6.539182742885486e-06,0.10953447567201152,3.9152865301384599e-06,1.387082019570027e-05,1.387082019570027e-05,6.3711465878579787e-06,0.95460704059845802,0.99999677938905507,0.75180407262679594,0.10381871120550551,0.10950184025807252,1,0.058514792027369637,0.10950184025807252,1
C,1,0.0001,158,0.015800000000000002,0.10953426770724571,6.5808242511645418e-06,0.10953426770724571,3.9402190465260251e-06,1.3959145657808118e-05,1.3959145657808118e-05,6.4117246034722797e-06,0.9546070210175176,0.9999967588770784,0.7518040862506129,0.10381837823495502,0.10950142438912856,1,0.058514603495572838,0.10950142438912856,1
C,1,0.0001,159,0.015900000000000001,0.10953405974019385,6.6224656411738975e-06,0.10953405974019385,3.9651514918145019e-06,1.4047470819487712e-05,1.4047470819487712e-05,6.4523025867790906e-06,0.95460700143659538,0.99999673836512082,0.75180409987431174,0.10381804526503806,0.10950100852116183,1,0.058514414964143995,0.10950100852116183,1
C,1,0.0001,160,0.016,0.10953385177821903,6.6641069132306804e-06,0.10953385177821903,3.9900838660961118e-06,1.4135795681634517e-05,1.4135795681634517e-05,6.4928805382225008e-06,0.95460698185569104,0.99999671785318189,0.75180411349790022,0.10381771229575505,0.10950059265417222,1,0.058514226433083065,0.10950059265417222,1
C,1,0.0001,161,0.0161,0.10953364381395497,6.7057480669259431e-06,0.10953364381395497,4.015016169261204e-06,1.4224120243353068e-05,1.4224120243353068e-05,6.5334584576914878e-06,0.95460696227480391,0.99999669734126106,0.75180412712136169,0.10381737932710516,0.10950017678815958,1,0.058514037902390223,0.10950017678815958,1
C,1,0.0001,162,0.016199999999999999,0.10953343585277303,6.7473891025742897e-06,0.10953343585277303,4.0399484014101136e-06,1.4312444505314964e-05,1.4312444505314964e-05,6.5740363449640071e-06,0.95460694269393487,0.99999667682935911,0.75180414074471369,0.10381704635908941,0.10949976092312447,1,0.05851384937206533,0.10949976092312447,1
C,1,0.0001,163,0.016300000000000002,0.10953322788743404,6.7890300198248833e-06,0.10953322788743404,4.0648805624575403e-06,1.4400768466624742e-05,1.4400768466624742e-05,6.6146141998180141e-06,0.95460692311308326,0.99999665631747547,0.75180415436794279,0.10381671339170681,0.10949934505906636,1,0.058513660842108399,0.10949934505906636,1
C,1,0.0001,164,0.016400000000000001,0.10953301992364872,6.8306708191180347e-06,0.10953301992364872,4.0898126524841267e-06,1.4489092127953998e-05,1.4489092127953998e-05,6.6551920229196426e-06,0.95460690353224986,0.99999663580561093,0.75180416799105554,0.10381638042495785,0.10949892919598529,1,0.058513472312519452,0.10949892919598529,1
C,1,0.0001,165,0.016500000000000001,0.10953281196270399,6.8723115000911628e-06,0.10953281196270399,4.1147446714196291e-06,1.4577415489526598e-05,1.4577415489526598e-05,6.6957698138248034e-06,0.95460688395143378,0.99999661529376449,0.75180418161405294,0.10381604745884276,0.10949851333388193,1,0.05851328378329855,0.10949851333388193,1
C,1,0.0001,166,0.0166,0.10953260400138919,6.9139520629786298e-06,0.10953260400138919,4.1396766193096231e-06,1.4665738550894813e-05,1.4665738550894813e-05,6.7363475727555411e-06,0.95460686437063569,0.99999659478193692,0.75180419523693454,0.10381571449336154,0.10949809747275606,1,0.058513095254445716,0.10949809747275606,1
C,1,0.0001,167,0.0167,0.10953239603805048,6.955592507687872e-06,0.10953239603805048,4.1646084961130935e-06,1.4754061311834773e-05,1.4754061311834773e-05,6.7769252997118556e-06,0.95460684478985514,0.99999657427012767,0.75180420885969912,0.10381538152851363,0.10949768161260744,1,0.058512906725960691,0.10949768161260744,1
C,1,0.0001,168,0.016800000000000002,0.1095321880740157,6.9972328340553036e-06,0.1095321880740157,4.1895403018636871e-06,1.4842383772570344e-05,1.4842383772570344e-05,6.8175029942496579e-06,0.95460682520909257,0.99999655375833729,0.75180422248233936,0.10381504856429928,0.10949726575343603,1,0.058512718197843878,0.10949726575343603,1
C,1,0.0001,169,0.016900000000000002,0.10953198011312287,7.038873042450391e-06,0.10953198011312287,4.214472036576017e-06,1.4930705933549263e-05,1.4930705933549263e-05,6.858080656813037e-06,0.95460680562834777,0.99999653324656557,0.75180423610486746,0.10381471560071868,0.10949684989524214,1,0.058512529670094952,0.10949684989524214,1
C,1,0.0001,170,0.017000000000000001,0.10953177215169511,7.0805131325031596e-06,0.10953177215169511,4.2394037001800401e-06,1.5019027794323793e-05,1.5019027794323793e-05,6.8986582872909707e-06,0.95460678604762039,0.99999651273481205,0.75180424972727933,0.10381438263777193,0.10949643403802593,1,0.058512341142714079,0.10949643403802593,1
C,1,0.0001,171,0.017100000000000001,0.10953156419136635,7.1221531043991544e-06,0.10953156419136635,4.2643352927649221e-06,1.5107349355117802e-05,1.5107349355117802e-05,6.9392358855724368e-06,0.95460676646691101,0.9999964922230774,0.75180426334956729,0.10381404967545818,0.1094960181817852,1,0.058512152615701127,0.1094960181817852,1
C,1,0.0001,172,0.0172,0.10953135623085873,7.1637929582457395e-06,0.10953135623085873,4.2892668142825599e-06,1.5195670615707423e-05,1.5195670615707423e-05,6.979813451990502e-06,0.95460674688621949,0.99999647171136141,0.75180427697174368,0.1038137167137784,0.10949560232652242,1,0.058511964089056137,0.10949560232652242,1
C,1,0.0001,173,0.017299999999999999,0.1095311482696496,7.2054326937139365e-06,0.1095311482696496,4.314198264713315e-06,1.5283991576092657e-05,1.5283991576092657e-05,7.0203909862120994e-06,0.95460672730554574,0.99999645119966407,0.75180429059379694,0.10381338375273184,0.10949518647223748,1,0.058511775562779124,0.10949518647223748,1
C,1,0.0001,174,0.017400000000000002,0.10953094030969704,7.2470723110808244e-06,0.10953094030969704,4.3391296441102685e-06,1.537231223649737e-05,1.537231223649737e-05,7.0609684884592738e-06,0.95460670772488931,0.99999643068798494,0.75180430421573841,0.10381305079231933,0.10949477061892919,1,0.05851158703687015,0.10949477061892919,1
C,1,0.0001,175,0.017500000000000002,0.10953073234939494,7.2887118102882568e-06,0.10953073234939494,4.3640609524225823e-06,1.5460632596697696e-05,1.5460632596697696e-05,7.1015459583989582e-06,0.95460668814425131,0.99999641017632501,0.75180431783756241,0.10381271783254041,0.10949435476659902,1,0.058511398511329138,0.10949435476659902,1
C,1,0.0001,176,0.017600000000000001,0.1095305243901549,7.3303511912830579e-06,0.1095305243901549,4.3889921896817694e-06,1.5548952656917502e-05,1.5548952656917502e-05,7.1421233963642194e-06,0.95460666856363063,0.99999638966468329,0.75180433145926595,0.10381238487339496,0.1094939389152448,1,0.058511209986156151,0.1094939389152448,1
C,1,0.0001,177,0.0177,0.1095303164321321,7.3719904541394015e-06,0.1095303164321321,4.4139233558764262e-06,1.5637272417156785e-05,1.5637272417156785e-05,7.1827008020219907e-06,0.95460664898302749,0.99999636915305989,0.75180434508085336,0.10381205191488317,0.10949352306486844,1,0.058511021461351155,0.10949352306486844,1
C,1,0.0001,178,0.0178,0.10953010847374818,7.4136295988739225e-06,0.10953010847374818,4.4388544510348114e-06,1.5725591877191683e-05,1.5725591877191683e-05,7.2232781760384057e-06,0.95460662940244234,0.99999634864145537,0.7518043587023242,0.10381171895700525,0.10949310721546915,1,0.058510832936914219,0.10949310721546915,1
C,1,0.0001,179,0.017899999999999999,0.10952990051639128,7.4552686254136193e-06,0.10952990051639128,4.463785475138098e-06,1.5813911037246056e-05,1.5813911037246056e-05,7.2638555176363084e-06,0.95460660982187506,0.9999963281298696,0.75180437232367836,0.10381138599976041,0.10949269136704731,1,0.058510644412844981,0.10949269136704731,1
C,1,0.0001,180,0.018000000000000002,0.10952969255696184,7.4969075336477992e-06,0.10952969255696184,4.488716428144335e-06,1.5902229896872181e-05,1.5902229896872181e-05,7.304432827259788e-06,0.95460659024132521,0.99999630761830205,0.75180438594491261,0.10381105304314943,0.10949227551960272,1,0.05851045588914397,0.10949227551960272,1
C,1,0.0001,181,0.018100000000000002,0.10952948459873033,7.5385463237795976e-06,0.10952948459873033,4.513647310111086e-06,1.5990548456517779e-05,1.5990548456517779e-05,7.3450101045757776e-06,0.95460657066079335,0.99999628710675337,0.75180439956602974,0.10381072008717208,0.10949185967313516,1,0.058510267365810921,0.10949185967313516,1
C,1,0.0001,182,0.018200000000000001,0.10952927664320337,7.5801849958466888e-06,0.10952927664320337,4.5385781210610116e-06,1.6078866716406724e-05,1.6078866716406724e-05,7.3855873501393887e-06,0.95460655108027903,0.999996266595223,0.75180441318703006,0.10381038713182825,0.10949144382764484,1,0.058510078842845821,0.10949144382764484,1
C,1,0.0001,183,0.0183,0.10952906868562193,7.6218235495893124e-06,0.10952906868562193,4.5635088608953011e-06,1.6167184675867415e-05,1.6167184675867415e-05,7.4261645635065321e-06,0.9546065314997827,0.99999624608371152,0.75180442680791271,0.10381005417711781,0.10949102798313154,1,0.058509890320248566,0.10949102798313154,1
C,1,0.0001,184,0.0184,0.10952886072752926,7.6634619850813609e-06,0.10952886072752926,4.5884395296446528e-06,1.6255502335123723e-05,1.6255502335123723e-05,7.4667417445661854e-06,0.95460651191930423,0.99999622557221879,0.75180444042867645,0.10380972122304111,0.10949061213959591,1,0.058509701798019433,0.10949061213959591,1
C,1,0.0001,185,0.018500000000000003,0.10952865277059959,7.7051003024895247e-06,0.10952865277059959,4.6133701273802537e-06,1.6343819694399507e-05,1.6343819694399507e-05,7.507318893762438e-06,0.9546064923388432,0.99999620506074427,0.75180445404932628,0.10380938826959819,0.10949019629703691,1,0.058509513276158248,0.10949019629703691,1
C,1,0.0001,186,0.018600000000000002,0.10952844481630766,7.7467385017967959e-06,0.10952844481630766,4.6383006540667777e-06,1.6432136753918636e-05,1.6432136753918636e-05,7.5478960107622228e-06,0.95460647275840005,0.99999618454928851,0.75180446766985787,0.103809055316789,0.109489780455456,1,0.058509324754665144,0.109489780455456,1
C,1,0.0001,187,0.018700000000000001,0.10952823685999732,7.7883765828168868e-06,0.10952823685999732,4.6632311096574904e-06,1.652045351300951e-05,1.652045351300951e-05,7.5884730957875846e-06,0.95460645317797455,0.9999961640378513,0.75180448129027022,0.10380872236461311,0.10948936461485188,1,0.058509136233539941,0.10948936461485188,1
C,1,0.0001,188,0.018800000000000001,0.10952802890481644,7.8300145457147469e-06,0.10952802890481644,4.6881614941968891e-06,1.6608769972119864e-05,1.6608769972119864e-05,7.6290501487275009e-06,0.95460643359756703,0.99999614352643285,0.75180449491056689,0.10380838941307097,0.10948894877522482,1,0.058508947712782727,0.10948894877522482,1
C,1,0.0001,189,0.0189,0.10952782094765057,7.8716523903435259e-06,0.10952782094765057,4.7130918076575757e-06,1.6697086130801963e-05,1.6697086130801963e-05,7.6696271694709495e-06,0.95460641401717694,0.9999961230150326,0.75180450853074221,0.10380805646216205,0.10948853293657432,1,0.058508759192393463,0.10948853293657432,1
C,1,0.0001,190,0.019,0.10952761299307463,7.913290116962887e-06,0.10952761299307463,4.7380220501280997e-06,1.6785401989727407e-05,1.6785401989727407e-05,7.7102041581289527e-06,0.95460639443680495,0.99999610250365145,0.75180452215080362,0.10380772351188719,0.10948811709890259,1,0.058508570672372265,0.10948811709890259,1
C,1,0.0001,191,0.019100000000000002,0.10952740503959618,7.9549277254070183e-06,0.10952740503959618,4.7629522215122179e-06,1.6873717548672331e-05,1.6873717548672331e-05,7.7507811148125327e-06,0.9546063748564505,0.99999608199228851,0.75180453577074735,0.10380739056224582,0.10948770126220701,1,0.058508382152719016,0.10948770126220701,1
C,1,0.0001,192,0.019200000000000002,0.10952719708543712,7.9965652154911888e-06,0.10952719708543712,4.7878823218070387e-06,1.6962032807412868e-05,1.6962032807412868e-05,7.7913580394106674e-06,0.9546063552761137,0.99999606148094422,0.75180454939057351,0.10380705761323786,0.10948728542648867,1,0.058508193633433639,0.10948728542648867,1
C,1,0.0001,193,0.019300000000000001,0.10952698912948632,8.0382025874339957e-06,0.10952698912948632,4.8128123510587438e-06,1.7050347765725154e-05,1.7050347765725154e-05,7.8319349317013121e-06,0.95460633569579456,0.99999604096961836,0.75180456301028187,0.10380672466486367,0.10948686959174801,1,0.05850800511451637,0.10948686959174801,1
C,1,0.0001,194,0.019400000000000001,0.10952678117749531,8.0798398413126391e-06,0.10952678117749531,4.837742309272191e-06,1.7138662424504648e-05,1.7138662424504648e-05,7.8725117922395782e-06,0.95460631611549385,0.99999602045831182,0.75180457662987188,0.10380639171712293,0.10948645375798501,1,0.058507816595967002,0.10948645375798501,1
C,1,0.0001,195,0.0195,0.10952657322213206,8.1214769768846628e-06,0.10952657322213206,4.8626721963945128e-06,1.7226976782632023e-05,1.7226976782632023e-05,7.9130886204703543e-06,0.95460629653521001,0.99999599994702293,0.75180459024934632,0.103806058770016,0.10948603792519902,1,0.058507628077785687,0.10948603792519902,1
C,1,0.0001,196,0.019599999999999999,0.10952636527083986,8.163113994466154e-06,0.10952636527083986,4.8876020124743432e-06,1.7315290841226607e-05,1.7315290841226607e-05,7.9536654170597743e-06,0.95460627695494449,0.99999597943575325,0.75180460386870518,0.103805725823543,0.10948562209338965,1,0.058507439559972466,0.10948562209338965,1
C,1,0.0001,197,0.019700000000000002,0.10952615731745963,8.2047508937236967e-06,0.10952615731745963,4.9125317574948213e-06,1.7403604599392939e-05,1.7403604599392939e-05,7.9942421811196596e-06,0.95460625737469651,0.99999595892450188,0.75180461748794347,0.1038053928777032,0.10948520626255814,1,0.058507251042527117,0.10948520626255814,1
C,1,0.0001,198,0.019800000000000002,0.10952594936513479,8.2463876748418257e-06,0.10952594936513479,4.9374614314398152e-06,1.7491918057578752e-05,1.7491918057578752e-05,8.0348189132051218e-06,0.95460623779446641,0.99999593841326928,0.75180463110706441,0.10380505993249704,0.10948479043270386,1,0.058507062525449779,0.10948479043270386,1
C,1,0.0001,199,0.019900000000000001,0.10952574141090857,8.2880243377454955e-06,0.10952574141090857,4.9623910343478667e-06,1.758023121533631e-05,1.758023121533631e-05,8.0753956134271832e-06,0.95460621821425429,0.99999591790205555,0.7518046447260669,0.10380472698792445,0.10948437460382661,1,0.058506874008740432,0.10948437460382661,1
C,1,0.0001,200,0.02,0.10952553345912587,8.3296608824740456e-06,0.10952553345912587,4.9873205661781225e-06,1.7668544073337213e-05,1.7668544073337213e-05,8.1159722811197099e-06,0.95460619863405938,0.99999589739085981,0.75180465834495136,0.10380439404398525,0.10948395877592615,1,0.058506685492398999,0.10948395877592615,1
C,2,0.0001,0,0,0,1.1102230246251565e-16,0,6.1369886771585803e-17,0,0,0,0.94198378952304651,1,0.92236149212402152,0.13669715570886568,0.13802311139862158,0.95562099804464296,0.052120214751749556,0.13802311139862158,1
C,2,0.0001,1,0.0001,0.13802288353104192,5.4682426448409676e-08,0.13802288353104192,2.2645909211294434e-08,2.2262735265076224e-07,2.2262735265076224e-07,2.5148875648639546e-08,0.94198377335247263,0.99999998283349023,0.92236161463659028,0.13669549173754511,0.1380214512406156,0.95562012292267784,0.052119552907100651,0.1380214512406156,1
C,2,0.0001,2,0.00020000000000000001,0.13802205367394768,1.0936419964782702e-07,0.13802205367394768,4.5291538004568477e-08,4.4525142862900215e-07,4.4525142862900215e-07,5.0297230824725148e-08,0.94198375718210403,0.99999996566719851,0.92236173712352287,0.13669382778672381,0.13801979110221207,0.95561924778830698,0.052118891071326084,0.13801979110221207,1
C,2,0.0001,3,0.00030000000000000003,0.13802122360660904,1.6404531932086085e-07,0.13802122360660904,6.7936886298376506e-08,6.6787222567712537e-07,6.6787222567712537e-07,7.5445065861323712e-08,0.94198374101194127,0.99999994850112517,0.92236185958482342,0.1366921638564032,0.13801813098341228,0.95561837264153426,0.052118229244426349,0.13801813098341228,1
C,2,0.0001,4,0.00040000000000000002,0.13802039356592447,2.1872578570796296e-07,0.13802039356592447,9.0581954175913247e-08,8.9048974605272617e-07,8.9048974605272617e-07,1.0059238086945754e-07,0.94198372484198367,0.99999993133526976,0.9223619820204807,0.136690499946581,0.13801647088421484,0.95561749748235303,0.052117567426400654,0.13801647088421484,1
C,2,0.0001,5,0.00050000000000000001,0.13801956353610068,2.7340559875390065e-07,0.13801956353610068,1.1322674161758072e-07,1.113103988401248e-06,1.113103988401248e-06,1.2573917518299282e-07,0.94198370867223213,0.99999991416963296,0.92236210443050315,0.13668883605725848,0.13801481080462111,0.95561662231076849,0.052116905617249396,0.13801481080462111,1
C,2,0.0001,6,0.00060000000000000006,0.1380187335118733,3.2808475844026778e-07,0.1380187335118733,1.3587124861033074e-07,1.3357149536257288e-06,1.3357149536257288e-06,1.5088544969010798e-07,0.9419836925026861,0.99999989700421443,0.92236222681489155,0.13668717218843501,0.13801315074463108,0.95561574712677988,0.052116243816972226,0.13801315074463108,1
C,2,0.0001,7,0.00069999999999999999,0.13801790340621206,3.8276326467415686e-07,0.13801790340621206,1.5851547513535707e-07,1.5583226408231307e-06,1.5583226408231307e-06,1.7603120372466918e-07,0.94198367633334568,0.99999987983901417,0.92236234917363857,0.13668550834010959,0.13801149070424157,0.95561487193038563,0.052115582025568929,0.13801149070424157,1
C,2,0.0001,8,0.00080000000000000004,0.13801707339813379,4.3744111775253992e-07,0.13801707339813379,1.8115942128118821e-07,1.780927051799529e-06,1.780927051799529e-06,2.0117643761974335e-07,0.9419836601642112,0.9999998626740324,0.9223624715067531,0.13668384451228333,0.1380098306834551,0.95561399672158853,0.052114920243039736,0.1380098306834551,1
C,2,0.0001,9,0.00090000000000000008,0.13801624335419027,4.9211831743410192e-07,0.13801624335419027,2.0380308698456985e-07,2.0035281852003669e-06,2.0035281852003669e-06,2.2632115104226358e-07,0.94198364399528167,0.99999984550926835,0.92236259381422414,0.13668218070495416,0.13800817068226937,0.95561312150038469,0.052114258469383987,0.13800817068226937,1
C,2,0.0001,10,0.001,0.13801541331682693,5.4679486379327399e-07,0.13801541331682693,2.2644647225826287e-07,2.2261260410256453e-06,2.2261260410256453e-06,2.5146534465836368e-07,0.94198362782655831,0.99999982834472312,0.92236271609605702,0.13668051691812413,0.13800651070068698,0.95561224626677599,0.052113596704602382,0.13800651070068698,1
C,2,0.0001,11,0.0011000000000000001,0.13801458325910745,6.014707568670479e-07,0.13801458325910745,2.4908957711807022e-07,2.4487206197268821e-06,2.4487206197268821e-06,2.7660901780190983e-07,0.94198361165804001,0.9999998111803956,0.92236283835225319,0.13667885315179129,0.13800485073870472,0.95561137102076277,0.052112934948694074,0.13800485073870472,1
C,2,0.0001,12,0.0012000000000000001,0.13801375325559267,6.5614599667459222e-07,0.13801375325559267,2.7173240156986517e-07,2.6713119222071156e-06,2.6713119222071156e-06,3.0175217102801355e-07,0.94198359548972765,0.99999979401628669,0.92236296058280831,0.13667718940595505,0.13800319079632445,0.95561049576234303,0.052112273201658926,0.13800319079632445,1
C,2,0.0001,13,0.0013000000000000002,0.13801292327249995,7.1082058323405316e-07,0.13801292327249995,2.9437494562612776e-07,2.8938999471117891e-06,2.8938999471117891e-06,3.2689480411463023e-07,0.94198357932162113,0.99999977685239627,0.92236308278772483,0.13667552568061697,0.13800153087354464,0.9556096204915191,0.052111611463497458,0.13800153087354464,1
C,2,0.0001,14,0.0014,0.13801209326313746,7.6549451634232681e-07,0.13801209326313746,3.1701720921493911e-07,3.1164846944409026e-06,3.1164846944409026e-06,3.5203691695073758e-07,0.94198356315371956,0.99999975968872346,0.92236320496700297,0.13667386197577552,0.1379998709703642,0.95560874520829142,0.052110949734209072,0.1379998709703642,1
C,2,0.0001,15,0.0015,0.13801126325388294,8.2016779625770042e-07,0.13801126325388294,3.3965919242887893e-07,3.3390661650974934e-06,3.3390661650974934e-06,3.7717850975838019e-07,0.94198354698602393,0.99999974252526924,0.92236332712063729,0.1366721982914304,0.13799821108678659,0.95560786991265645,0.052110288013793693,0.13799821108678659,1
C,2,0.0001,16,0.0016000000000000001,0.13801043326212559,8.7484042290697881e-07,0.13801043326212559,3.623008952436526e-07,3.5616443590815621e-06,3.5616443590815621e-06,4.0231958253755806e-07,0.94198353081853403,0.99999972536203341,0.92236344924863412,0.136670534627582,0.13799655122280699,0.95560699460461873,0.05210962630225139,0.13799655122280699,1
C,2,0.0001,17,0.0017000000000000001,0.13800960328483625,9.2951239632726105e-07,0.13800960328483625,3.8494231766377064e-07,3.7842192763931086e-06,3.7842192763931086e-06,4.274601349552043e-07,0.94198351465124941,0.99999970819901551,0.92236357135098901,0.1366688709842295,0.13799489137842799,0.95560611928417427,0.052108964599581829,0.13799489137842799,1
C,2,0.0001,18,0.0018000000000000002,0.13800877331965891,9.8418371651823746e-07,0.13800877331965891,4.075834596939832e-07,4.006790916580614e-06,4.006790916580614e-06,4.5260016723336349e-07,0.94198349848417029,0.99999969103621589,0.92236369342770474,0.13666720736137355,0.13799323155364915,0.9556052439513264,0.052108302905785261,0.13799323155364915,1
C,2,0.0001,19,0.0019,0.13800794334810934,1.0388543834248325e-06,0.13800794334810934,4.3022432133751013e-07,4.2293592800955963e-06,4.2293592800955963e-06,4.7773967959408026e-07,0.94198348231729712,0.99999967387363475,0.92236381547878232,0.13666554375901238,0.1379915717484696,0.95560436860607401,0.052107641220860867,0.1379915717484696,1
C,2,0.0001,20,0.002,0.13800711337310848,1.0935243970840681e-06,0.13800711337310848,4.5286490257884843e-07,4.451924366938057e-06,4.451924366938057e-06,5.0287867170428768e-07,0.94198346615062922,0.99999965671127156,0.92236393750421564,0.13666388017714606,0.13798991196288904,0.95560349324841332,0.052106979544808786,0.13798991196288904,1
C,2,0.0001,21,0.0021000000000000003,0.13800628342163052,1.1481937575516694e-06,0.13800628342163052,4.7550520344822719e-07,4.674486177107995e-06,4.674486177107995e-06,5.2801714378603037e-07,0.94198344998416672,0.99999963954912652,0.92236405950400624,0.13666221661577502,0.13798825219690813,0.95560261787834733,0.052106317877629142,0.13798825219690813,1
C,2,0.0001,22,0.0022000000000000001,0.13800545347963805,1.2028624649012566e-06,0.13800545347963805,4.9814522396313457e-07,4.8970447110569299e-06,4.8970447110569299e-06,5.5315509583930833e-07,0.94198343381791017,0.99999962238719997,0.92236418147815857,0.13666055307489822,0.13798659245052472,0.95560174249587704,0.052105656219321436,0.13798659245052472,1
C,2,0.0001,23,0.0023,0.13800462351680576,1.2575305188555996e-06,0.13800462351680576,5.2078496405781597e-07,5.1195999674303051e-06,5.1195999674303051e-06,5.7829252753105465e-07,0.94198341765185911,0.99999960522549158,0.92236430342666298,0.13665888955451697,0.13798493272374218,0.95560086710099845,0.052104994569886293,0.13798493272374218,1
C,2,0.0001,24,0.0024000000000000002,0.13800379359839196,1.3121979197484198e-06,0.13800379359839196,5.4342442381238457e-07,5.3421519484857141e-06,5.3421519484857141e-06,6.0342943930535853e-07,0.94198340148601356,0.99999958806400147,0.92236442534953211,0.13665722605463013,0.13798327301655949,0.95559999169372012,0.052104332929323115,0.13798327301655949,1
C,2,0.0001,25,0.0025000000000000001,0.13800296366053111,1.3668646673570164e-06,0.13800296366053111,5.6606360317570859e-07,5.5647006519655627e-06,5.5647006519655627e-06,6.2856583116221998e-07,0.9419833853203734,0.99999957090272928,0.92236454724675232,0.13665556257523698,0.13798161332897266,0.95559911627403071,0.052103671297631722,0.13798161332897266,1
C,2,0.0001,26,0.0026000000000000003,0.13800213372832895,1.4215307618111077e-06,0.13800213372832895,5.8870250218355272e-07,5.7872460792244089e-06,5.7872460792244089e-06,6.5370170287959439e-07,0.94198336915493897,0.9999995537416756,0.92236466911833626,0.13665389911633807,0.13797995366098409,0.95559824084194189,0.052103009674812191,0.13797995366098409,1
C,2,0.0001,27,0.0027000000000000001,0.13800130381147341,1.4761962030927514e-06,0.13800130381147341,6.1134112082924796e-07,6.0097882307137696e-06,6.0097882307137696e-06,6.7883705467952637e-07,0.94198335298970992,0.99999953658083984,0.92236479096426793,0.13665223567793205,0.1379782940125911,0.95559736539744233,0.052102348060864147,0.1379782940125911,1
C,2,0.0001,28,0.0028,0.13800047391826836,1.5308609912572603e-06,0.13800047391826836,6.3397945913669938e-07,6.2323271059821271e-06,6.2323271059821271e-06,7.0397188622894902e-07,0.9419833368246866,0.99999951942022258,0.92236491278456523,0.13665057226002039,0.13797663438379898,0.95559648994054214,0.052101686455787929,0.13797663438379898,1
C,2,0.0001,29,0.0029000000000000002,0.13799964400801829,1.5855251262489176e-06,0.13799964400801829,6.5661751708068889e-07,6.454862704577962e-06,6.454862704577962e-06,7.2910619797195153e-07,0.94198332065986856,0.99999950225982315,0.92236503457921459,0.13664890886260134,0.13797497477460197,0.9555956144712342,0.052101024859582991,0.13797497477460197,1
C,2,0.0001,30,0.0030000000000000001,0.13799881410893947,1.6401886080129776e-06,0.13799881410893947,6.7925529466196179e-07,6.6773950269527937e-06,6.6773950269527937e-06,7.5423998957546701e-07,0.94198330449525647,0.99999948509964243,0.92236515634822125,0.13664724548567525,0.13797331518500397,0.95559473898952174,0.052100363272249359,0.13797331518500397,1
C,2,0.0001,31,0.0031000000000000003,0.13799798421226522,1.6948514366412925e-06,0.13799798421226522,7.0189279189218426e-07,6.8999240731066222e-06,6.8999240731066222e-06,7.7937326092847314e-07,0.94198328833084943,0.99999946793967942,0.92236527809158197,0.13664558212924102,0.13797165561500066,0.95559386349540176,0.052099701693786644,0.13797165561500066,1
C,2,0.0001,32,0.0032000000000000002,0.13799715432647475,1.7495136121716565e-06,0.13799715432647475,7.2453000879636208e-07,7.122449843490966e-06,7.122449843490966e-06,8.0450601258608145e-07,0.94198327216664812,0.99999945077993468,0.92236539980929888,0.13664391879329865,0.13796999606459417,0.9555929879888766,0.052099040124194793,0.13796999606459417,1
C,2,0.0001,33,0.0033,0.13799632445060878,1.8041751346220216e-06,0.13799632445060878,7.4716694537298955e-07,7.3449723376543066e-06,7.3449723376543066e-06,8.2963824443726963e-07,0.94198325600265265,0.99999943362040855,0.92236552150137074,0.13664225547784864,0.13796833653378643,0.95559211246994646,0.052098378563474011,0.13796833653378643,1
C,2,0.0001,34,0.0034000000000000002,0.13799549456636773,1.8588360038261984e-06,0.13799549456636773,7.6980360157773053e-07,7.5674915555966432e-06,7.5674915555966432e-06,8.5476995559385927e-07,0.94198323983886212,0.99999941646109991,0.92236564316779712,0.13664059218289124,0.13796667702257523,0.95559123693861137,0.052097717011624391,0.13796667702257523,1
C,2,0.0001,35,0.0035000000000000001,0.13799466470840699,1.9134962200621996e-06,0.13799466470840699,7.9243997748888411e-07,7.7900074982210144e-06,7.7900074982210144e-06,8.7990114727709567e-07,0.94198322367527743,0.99999939930200987,0.9223657648085779,0.13663892890842597,0.13796501753095949,0.95559036139487086,0.052097055468645695,0.13796501753095949,1
C,2,0.0001,36,0.0036000000000000003,0.13799383484930686,1.9681557830893546e-06,0.13799383484930686,8.1507607304458523e-07,8.012520164172864e-06,8.012520164172864e-06,9.0503181893186735e-07,0.94198320751189846,0.99999938214313822,0.92236588642371631,0.1366372656544517,0.13796335805893833,0.95558948583872583,0.052096393934537404,0.13796335805893833,1
C,2,0.0001,37,0.0037000000000000002,0.13799300499772327,2.0228146929816996e-06,0.13799300499772327,8.3771188825834946e-07,8.2350295539037086e-06,8.2350295539037086e-06,9.3016197044715199e-07,0.94198319134872455,0.99999936498448416,0.92236600801320934,0.1366356024209685,0.13796169860651455,0.95558861027017494,0.052095732409299579,0.13796169860651455,1
C,2,0.0001,38,0.0038,0.13799217514578493,2.0774729499053711e-06,0.13799217514578493,8.6034742319108663e-07,8.4575356687681082e-06,8.4575356687681082e-06,9.5529160215601649e-07,0.94198317518575658,0.99999934782604882,0.92236612957705244,0.13663393920797598,0.13796003917368505,0.95558773468921721,0.052095070892932104,0.13796003917368505,1
C,2,0.0001,39,0.0039000000000000003,0.13799134530679613,2.1321305536208532e-06,0.13799134530679613,8.8298267777244302e-07,8.6800385069599836e-06,8.6800385069599836e-06,9.8042071394743857e-07,0.94198315902299379,0.99999933066783131,0.9223662511152485,0.13663227601547331,0.13795837976045219,0.95558685909585261,0.052094409385434588,0.13795837976045219,1
C,2,0.0001,40,0.0040000000000000001,0.13799051545995156,2.1867875042938141e-06,0.13799051545995156,9.0561765204579212e-07,8.9025380702854138e-06,8.9025380702854138e-06,1.0055493057103959e-06,0.9419831428604365,0.99999931350983196,0.92236637262779786,0.13663061284346117,0.13795672036681272,0.95558598349008417,0.052093747886807339,0.13795672036681272,1
C,2,0.0001,41,0.0041000000000000003,0.13798968563292871,2.2414438019434022e-06,0.13798968563292871,9.2825234602607041e-07,9.1250343573898392e-06,9.1250343573898392e-06,1.0306773776669331e-06,0.94198312669808515,0.99999929635205109,0.92236649411470473,0.13662894969193939,0.13795506099276819,0.95558510787191075,0.052093086397050077,0.13795506099276819,1
C,2,0.0001,42,0.0042000000000000006,0.13798885581772699,2.2960994465703215e-06,0.13798885581772699,9.5088675970752716e-07,9.3475273691763001e-06,9.3475273691763001e-06,1.0558049295950056e-06,0.94198311053593886,0.99999927919448806,0.92236661557596211,0.13662728656090642,0.13795340163831765,0.95558423224133149,0.052092424916162387,0.13795340163831765,1
C,2,0.0001,43,0.0043,0.13798802600063539,2.3507544381176949e-06,0.13798802600063539,9.7352089306931203e-07,9.5700171056447949e-06,9.5700171056447949e-06,1.0809319619387026e-06,0.9419830943739983,0.9999992620371434,0.92236673701157346,0.13662562345036403,0.13795174230346371,0.95558335659834526,0.052091763444144762,0.13795174230346371,1
C,2,0.0001,44,0.0044000000000000003,0.13798719618724301,2.4054087765498789e-06,0.13798719618724301,9.9615474611807475e-07,9.7925035663438059e-06,9.7925035663438059e-06,1.1060584739208679e-06,0.94198307821226324,0.9999992448800169,0.92236685842153565,0.13662396036031035,0.13795008298820066,0.9555824809429545,0.05209110198099666,0.13795008298820066,1
C,2,0.0001,45,0.0045000000000000005,0.13798636638434425,2.4600624619773791e-06,0.13798636638434425,1.0187883188784848e-06,1.0014986750821812e-05,1.0014986750821812e-05,1.1311844660966131e-06,0.94198306205073346,0.99999922772310823,0.92236697980585125,0.13662229729074665,0.13794842369253374,0.95558160527515745,0.052090440526718365,0.13794842369253374,1
C,2,0.0001,46,0.0045999999999999999,0.13798553658524268,2.5147154944368927e-06,0.13798553658524268,1.0414216113668083e-06,1.0237466660433371e-05,1.0237466660433371e-05,1.1563099384659381e-06,0.9419830458894094,0.99999921056641805,0.92236710116451504,0.13662063424167059,0.1379467644164592,0.95558072959495211,0.05208977908130908,0.1379467644164592,1
C,2,0.0001,47,0.0047000000000000002,0.13798470679562244,2.5693678738738997e-06,0.13798470679562244,1.0640546235580437e-06,1.0459943295178486e-05,1.0459943295178486e-05,1.1814348911398653e-06,0.94198302972829073,0.99999919340994592,0.92236722249753511,0.1366189712130837,0.13794510515997946,0.95557985390234523,0.052089117644769319,0.13794510515997946,1
C,2,0.0001,48,0.0048000000000000004,0.13798387700833151,2.624019600232451e-06,0.13798387700833151,1.0866873554498438e-06,1.0682416653251076e-05,1.0682416653251076e-05,1.2065593237853278e-06,0.94198301356737757,0.99999917625369183,0.92236734380490148,0.13661730820498494,0.13794344592309246,0.95557897819732851,0.052088456217098678,0.13794344592309246,1
C,2,0.0001,49,0.0048999999999999998,0.13798304722969348,2.678670673587157e-06,0.13798304722969348,1.1093198070584644e-06,1.0904886737360258e-05,1.0904886737360258e-05,1.2316832364023256e-06,0.9419829974066698,0.99999915909765591,0.9223674650866216,0.13661564521737413,0.13794178670579718,0.95557810247990782,0.052087794798297032,0.13794178670579718,1
C,2,0.0001,50,0.0050000000000000001,0.13798221746476019,2.7333210940115898e-06,0.13798221746476019,1.1319519784105357e-06,1.1127353545699956e-05,1.1127353545699956e-05,1.2568066293239255e-06,0.94198298124616764,0.99999914194183825,0.92236758634268956,0.13661398225025059,0.13794012750809331,0.95557722675007983,0.052087133388364196,0.13794012750809331,1
C,2,0.0001,51,0.0051000000000000004,0.13798138770186055,2.7879708614505583e-06,0.13798138770186055,1.1545838694861939e-06,1.1349817078721686e-05,1.1349817078721686e-05,1.281929502328083e-06,0.94198296508587087,0.99999912478623854,0.92236770757310937,0.13661231930361506,0.13793846832998502,0.95557635100784699,0.05208647198730032,0.13793846832998502,1
C,2,0.0001,52,0.0052000000000000006,0.13798055794089639,2.8426199759223399e-06,0.13798055794089639,1.1772154802878059e-06,1.1572277337328491e-05,1.1572277337328491e-05,1.3070518556368427e-06,0.94198294892577972,0.9999991076308572,0.92236782877788115,0.13661065637746683,0.13793680917146836,0.95557547525320941,0.052085810595105135,0.13793680917146836,1
C,2,0.0001,53,0.0053,0.1379797281862912,2.8972684373903644e-06,0.1379797281862912,1.1998468108251049e-06,1.1794734320617329e-05,1.1794734320617329e-05,1.3321736891391822e-06,0.94198293276589373,0.99999909047569358,0.92236794995700189,0.13660899347180527,0.13793515003254436,0.95557459948616585,0.052085149211778439,0.13793515003254436,1
C,2,0.0001,54,0.0054000000000000003,0.13797889844355918,2.9519162459286569e-06,0.13797889844355918,1.2224778611071528e-06,1.2017188028588202e-05,1.2017188028588202e-05,1.357295002613057e-06,0.94198291660621325,0.99999907332074822,0.92236807111046948,0.13660733058663035,0.13793349091321153,0.95557372370671401,0.05208448783732017,0.13793349091321153,1
C,2,0.0001,55,0.0055000000000000005,0.1379780686962353,3.0065634013890535e-06,0.1379780686962353,1.2451086310913163e-06,1.2239638461241108e-05,1.2239638461241108e-05,1.3824157961694894e-06,0.94198290044673849,0.99999905616602125,0.9223681922382867,0.13660566772194188,0.1379318318134711,0.95557284791485531,0.052083826471730196,0.1379318318134711,1
C,2,0.0001,56,0.0055999999999999999,0.13797723897073252,3.0612099040684525e-06,0.13797723897073252,1.2677391208689626e-06,1.2462085619930605e-05,1.2462085619930605e-05,1.4075360702525685e-06,0.94198288428746901,0.9999990390115121,0.92236831334045633,0.13660400487773969,0.13793017273331853,0.95557197211059486,0.052083165115008455,0.13793017273331853,1
C,2,0.0001,57,0.0057000000000000002,0.13797640924509874,3.1158557536516233e-06,0.13797640924509874,1.2903693303398121e-06,1.26845295023991e-05,1.26845295023991e-05,1.4326558241961607e-06,0.94198286812840493,0.99999902185722112,0.92236843441697391,0.13660234205402402,0.13792851367275902,0.95557109629392756,0.052082503767155043,0.13792851367275902,1
C,2,0.0001,58,0.0058000000000000005,0.13797557952480358,3.1705009503794109e-06,0.13797557952480358,1.3129992595889752e-06,1.2906970110904185e-05,1.2906970110904185e-05,1.457775058444355e-06,0.94198285196954645,0.99999900470314829,0.92236855546784202,0.13660067925079411,0.137926854631791,0.95557022046485451,0.052081842428169579,0.137926854631791,1
C,2,0.0001,59,0.0058999999999999999,0.13797474981429669,3.2251454941964578e-06,0.13797474981429669,1.3356289085941583e-06,1.3129407444091305e-05,1.3129407444091305e-05,1.4828937731081737e-06,0.94198283581089337,0.99999898754929362,0.9223686764930531,0.13659901646804951,0.13792519561041461,0.9555693446233724,0.052081181098051967,0.13792519561041461,1
C,2,0.0001,60,0.0060000000000000001,0.13797392010321527,3.2797893850101469e-06,0.13797392010321527,1.3582582773344115e-06,1.3351841502411977e-05,1.3351841502411977e-05,1.5080119677435277e-06,0.94198281965244568,0.99999897039565688,0.92236879749261624,0.13659735370579096,0.13792353660862758,0.95556846876948709,0.052080519776802385,0.13792353660862758,1
C,2,0.0001,61,0.0061000000000000004,0.1379730904065096,3.3344326230982512e-06,0.1379730904065096,1.3808873658903396e-06,1.3574272287220759e-05,1.3574272287220759e-05,1.5331296430165509e-06,0.9419828034942036,0.99999895324223853,0.92236891846652669,0.13659569096401594,0.13792187762643215,0.95556759290319471,0.05207985846441985,0.13792187762643215,1
C,2,0.0001,62,0.0062000000000000006,0.13797226071331148,3.3890752081650187e-06,0.13797226071331148,1.4035161741710293e-06,1.3796699796711577e-05,1.3796699796711577e-05,1.5582467981500869e-06,0.94198278733616692,0.99999893608903812,0.92236903941478177,0.13659402824272598,0.13792021866382337,0.95556671702449525,0.052079197160905047,0.13792021866382337,1
C,2,0.0001,63,0.0063,0.13797143102848317,3.4437171404139464e-06,0.13797143102848317,1.4261447022480061e-06,1.4019124031787466e-05,1.4019124031787466e-05,1.5833634339212921e-06,0.94198277117833551,0.99999891893605564,0.92236916033738481,0.13659236554192083,0.13791855972080685,0.95556584113339049,0.052078535866257741,0.13791855972080685,1
C,2,0.0001,64,0.0064000000000000003,0.13797060134671277,3.4983584196412961e-06,0.13797060134671277,1.4487729500589903e-06,1.4241544991545389e-05,1.4241544991545389e-05,1.6084795496640325e-06,0.94198275502070961,0.99999890178329143,0.92236928123433659,0.13659070286160033,0.13791690079737998,0.95556496522988066,0.052077874580477856,0.13791690079737998,1
C,2,0.0001,65,0.0065000000000000006,0.13796977166846358,3.5529990460325898e-06,0.13796977166846358,1.4714009176545403e-06,1.4463962677791423e-05,1.4463962677791423e-05,1.6335951454893305e-06,0.94198273886328943,0.99999888463074549,0.92236940210563512,0.13658904020176349,0.13791524189354248,0.95556408931396264,0.052077213303564934,0.13791524189354248,1
C,2,0.0001,66,0.0066,0.13796894200200133,3.6076390195691648e-06,0.13796894200200133,1.4940286050332212e-06,1.4686377088719489e-05,1.4686377088719489e-05,1.6587102220633199e-06,0.94198272270607442,0.99999886747841737,0.92236952295127506,0.13658737756240991,0.13791358300929413,0.95556321338563666,0.052076552035519016,0.13791358300929413,1
C,2,0.0001,67,0.0067000000000000002,0.13796811234267051,3.6622783403619591e-06,0.13796811234267051,1.5166560122366734e-06,1.4908788225684149e-05,1.4908788225684149e-05,1.6838247784978222e-06,0.94198270654906502,0.99999885032630764,0.92236964377126451,0.13658571494353988,0.13791192414463471,0.95556233744490549,0.052075890776339971,0.13791192414463471,1
C,2,0.0001,68,0.0068000000000000005,0.13796728268552638,3.7169170081340445e-06,0.13796728268552638,1.5392831391702542e-06,1.5131196088233878e-05,1.5131196088233878e-05,1.708938815347949e-06,0.94198269039226079,0.99999883317441562,0.9223697645655986,0.13658405234515295,0.13791026529956354,0.95556146149176824,0.052075229526027708,0.13791026529956354,1
C,2,0.0001,69,0.0069000000000000008,0.13796645303506574,3.7715550230888534e-06,0.13796645303506574,1.5619099859025929e-06,1.5353600676368681e-05,1.5353600676368681e-05,1.7340523323916557e-06,0.94198267423566195,0.99999881602274165,0.92236988533427589,0.13658238976724948,0.13790860647408054,0.95556058552622325,0.052074568284582373,0.13790860647408054,1
C,2,0.0001,70,0.0070000000000000001,0.13796562339949345,3.826192385411385e-06,0.13796562339949345,1.5845365524901003e-06,1.5576001990991595e-05,1.5576001990991595e-05,1.7591653299620091e-06,0.94198265807926851,0.99999879887128573,0.92237000607730757,0.13658072720982797,0.1379069476681852,0.95555970954827529,0.052073907052003134,0.1379069476681852,1
C,2,0.0001,71,0.0071000000000000004,0.13796479376093976,3.8808290946945925e-06,0.13796479376093976,1.6071628388177821e-06,1.5798400030748059e-05,1.5798400030748059e-05,1.7842778078369648e-06,0.94198264192308045,0.99999878172004786,0.92237012679467301,0.13657906467288933,0.13790528888187925,0.9555588335579176,0.05207324582829076,0.13790528888187925,1
C,2,0.0001,72,0.0072000000000000007,0.13796396413217102,3.9354651511795584e-06,0.13796396413217102,1.629788844953054e-06,1.6020794796541114e-05,1.6020794796541114e-05,1.8093897659055003e-06,0.94198262576709801,0.99999876456902825,0.92237024748638763,0.1365774021564326,0.13790363011516041,0.95555795755515582,0.052072584613444543,0.13790363011516041,1
C,2,0.0001,73,0.0073000000000000001,0.13796313450899669,3.9901005549026367e-06,0.13796313450899669,1.6524145709070657e-06,1.6243186287919244e-05,1.6243186287919244e-05,1.8345012042786379e-06,0.94198260961132119,0.99999874741822692,0.92237036815244611,0.13657573966045822,0.13790197136803101,0.95555708153998831,0.052071923407464707,0.13790197136803101,1
C,2,0.0001,74,0.0074000000000000003,0.13796230489120342,4.0447353058275394e-06,0.13796230489120342,1.6750400166693218e-06,1.6465574505785483e-05,1.6465574505785483e-05,1.8596121228453555e-06,0.94198259345574931,0.99999873026764308,0.92237048879285177,0.13657407718496556,0.13790031264048846,0.95555620551241394,0.052071262210350917,0.13790031264048846,1
C,2,0.0001,75,0.0075000000000000006,0.13796147528228991,4.0993694039723652e-06,0.13796147528228991,1.6976651822447993e-06,1.6687959449236793e-05,1.6687959449236793e-05,1.8847225221607644e-06,0.94198257730038359,0.99999871311727828,0.92237060940760285,0.13657241472995416,0.1378986539325342,0.95555532947243482,0.052070601022103001,0.1378986539325342,1
C,2,0.0001,76,0.0076,0.13796064568141492,4.1540028493010372e-06,0.13796064568141492,1.7202900676383585e-06,1.6910341118724697e-05,1.6910341118724697e-05,1.9098324016697532e-06,0.94198256114522239,0.99999869596713042,0.92237072999669434,0.13657075229542426,0.13789699524416499,0.95555445342004797,0.052069939842721145,0.13789699524416499,1
C,2,0.0001,77,0.0077000000000000002,0.13795981608156632,4.2086356418126983e-06,0.13795981608156632,1.7429146728325077e-06,1.7132719514249188e-05,1.7132719514249188e-05,1.9349417613723219e-06,0.9419825449902669,0.99999867881720106,0.92237085056012535,0.13656908988137514,0.13789533657538208,0.95555357735525281,0.052069278672205045,0.13789533657538208,1
C,2,0.0001,78,0.0078000000000000005,0.13795898648934324,4.263267781526366e-06,0.13795898648934324,1.7655389978515114e-06,1.7355094636261791e-05,1.7355094636261791e-05,1.960050601490515e-06,0.94198252883551681,0.99999866166748974,0.92237097109790078,0.13656742748780626,0.13789367792618459,0.95555270127805025,0.052068617510554326,0.13789367792618459,1
C,2,0.0001,79,0.0079000000000000008,0.13795815690495336,4.3178992684608368e-06,0.13795815690495336,1.7881630426902534e-06,1.7577466484310985e-05,1.7577466484310985e-05,1.9851589222463772e-06,0.94198251268097244,0.99999864451799669,0.9223710916100224,0.13656576511471849,0.13789201929657688,0.95555182518844262,0.052067956357769313,0.13789201929657688,1
C,2,0.0001,80,0.0080000000000000002,0.13795732732859398,4.3725301028375574e-06,0.13795732732859398,1.8107868074155554e-06,1.7799835058848289e-05,1.7799835058848289e-05,2.0102667233068416e-06,0.94198249652663291,0.99999862736872125,0.92237121209648576,0.13656410276211009,0.13789036068655325,0.95555094908642935,0.052067295213849445,0.13789036068655325,1
C,2,0.0001,81,0.0080999999999999996,0.13795649775903457,4.4271602843796919e-06,0.13795649775903457,1.8334102919485984e-06,1.8022200359422183e-05,1.8022200359422183e-05,2.0353740046719082e-06,0.9419824803724991,0.99999861021966407,0.92237133255728787,0.13656244042998175,0.13788870209611692,0.95555007297200667,0.052066634078794916,0.13788870209611692,1
C,2,0.0001,82,0.0082000000000000007,0.13795566818926891,4.4817898130868999e-06,0.13795566818926891,1.8560334962999046e-06,1.8244562386484187e-05,1.8244562386484187e-05,2.0604807664525993e-06,0.9419824642185709,0.99999859307082528,0.92237145299243573,0.13656077811833281,0.13788704352526507,0.95554919684517881,0.052065972952605365,0.13788704352526507,1
C,2,0.0001,83,0.0083000000000000001,0.13795483863315378,4.5364186890526556e-06,0.13795483863315378,1.8786564204830216e-06,1.8466921139131262e-05,1.8466921139131262e-05,2.0855870085378925e-06,0.94198244806484766,0.99999857592220398,0.92237157340192621,0.13655911582716398,0.13788538497399791,0.95554832070594586,0.052065311835281146,0.13788538497399791,1
C,2,0.0001,84,0.0084000000000000012,0.13795400907699673,4.5910469123495498e-06,0.13795400907699673,1.9012790645298314e-06,1.8689276618717966e-05,1.8689276618717966e-05,2.1106927312608548e-06,0.94198243191133002,0.99999855877380095,0.92237169378575623,0.13655745355647461,0.13788372644231867,0.9555474445543054,0.052064650726821982,0.13788372644231867,1
C,2,0.0001,85,0.0085000000000000006,0.13795317953387221,4.6456744829609324e-06,0.13795317953387221,1.9239014284304655e-06,1.8911628825244302e-05,1.8911628825244302e-05,2.1357979345104638e-06,0.94198241575801744,0.99999854162561574,0.9223718141439291,0.13655579130626377,0.1378820679302247,0.95554656839025975,0.052063989627227469,0.1378820679302247,1
C,2,0.0001,86,0.0086,0.13795234999320993,4.7003014007930902e-06,0.13795234999320993,1.9465235121659186e-06,1.9133977757807226e-05,1.9133977757807226e-05,2.1609026178426305e-06,0.94198239960491059,0.99999852447764881,0.92237193447643706,0.13655412907653239,0.13788040943771424,0.95554569221380381,0.052063328536497998,0.13788040943771424,1
C,2,0.0001,87,0.0087000000000000011,0.13795152045856673,4.7549276659390833e-06,0.13795152045856673,1.9691453157608296e-06,1.9356323416858259e-05,1.9356323416858259e-05,2.1860067815904216e-06,0.94198238345200902,0.99999850732989981,0.92237205478328899,0.13655246686727909,0.13787875096478924,0.95554481602494334,0.052062667454632935,0.13787875096478924,1
C,2,0.0001,88,0.0088000000000000005,0.1379506909293137,4.809553278343481e-06,0.1379506909293137,1.9917668392073835e-06,1.9578665802397405e-05,1.9578665802397405e-05,2.2111104260869041e-06,0.94198236729931295,0.99999849018236897,0.92237217506448299,0.13655080467850328,0.13787709251144797,0.95554393982367514,0.052062006381632012,0.13787709251144797,1
C,2,0.0001,89,0.0088999999999999999,0.13794986140925924,4.864178238191343e-06,0.13794986140925924,2.0143880825463679e-06,1.9801004915779215e-05,1.9801004915779215e-05,2.2362135511100334e-06,0.94198235114682205,0.99999847303505596,0.92237229532001541,0.13654914251020608,0.13787543407769037,0.95554306361000052,0.052061345317495733,0.13787543407769037,1
C,2,0.0001,90,0.0090000000000000011,0.13794903189417304,4.9188025452607231e-06,0.13794903189417304,2.0370090457237717e-06,2.0023340754746097e-05,2.0023340754746097e-05,2.2613161564377648e-06,0.94198233499453665,0.9999984558879611,0.92237241554989013,0.13654748036238601,0.13787377566351838,0.95554218738392083,0.052060684262223454,0.13787377566351838,1
C,2,0.0001,91,0.0091000000000000004,0.13794820238737304,4.973426199755497e-06,0.13794820238737304,2.0596297288025044e-06,2.024567332110413e-05,2.024567332110413e-05,2.2864182420700985e-06,0.94198231884245631,0.99999843874108396,0.92237253575410172,0.13654581823504336,0.13787211726892698,0.9555413111454345,0.052060023215815356,0.13787211726892698,1
C,2,0.0001,92,0.0091999999999999998,0.13794737288516679,5.0280492014718796e-06,0.13794737288516679,2.0822501317208352e-06,2.046800261395027e-05,2.046800261395027e-05,2.3115198084511235e-06,0.94198230269058147,0.99999842159442487,0.92237265593265494,0.13654415612817722,0.1378704588939203,0.95554043489454077,0.052059362178270882,0.1378704588939203,1
C,2,0.0001,93,0.009300000000000001,0.13794654339081294,5.0826715505582082e-06,0.13794654339081294,2.1048702545230757e-06,2.0690328633736039e-05,2.0690328633736039e-05,2.3366208553587953e-06,0.94198228653891214,0.99999840444798405,0.92237277608554658,0.13654249404178911,0.13786880053849807,0.95553955863123896,0.052058701149590707,0.13786880053849807,1
C,2,0.0001,94,0.0094000000000000004,0.13794571390111876,5.1372932470512189e-06,0.13794571390111876,2.1274900972234328e-06,2.0912651380461436e-05,2.0912651380461436e-05,2.3617213826820915e-06,0.94198227038744797,0.99999838730176094,0.92237289621277163,0.13654083197587633,0.13786714220265614,0.95553868235552686,0.052058040129773817,0.13786714220265614,1
C,2,0.0001,95,0.0094999999999999998,0.13794488442179081,5.19191429093299e-06,0.13794488442179081,2.1501096598142959e-06,2.1134970854126463e-05,2.1134970854126463e-05,2.3868213906430569e-06,0.9419822542361892,0.99999837015575599,0.92237301631434065,0.13653916993044052,0.13786548388639885,0.95553780606741079,0.052057379118820718,0.13786548388639885,1
C,2,0.0001,96,0.0096000000000000009,0.13794405494633433,5.2465346821107969e-06,0.13794405494633433,2.1727289422729658e-06,2.1357287054731119e-05,2.1357287054731119e-05,2.4119208789086244e-06,0.94198223808513593,0.99999835300996909,0.92237313639024621,0.13653750790548144,0.13786382558972232,0.95553692976688742,0.052056718116731369,0.13786382558972232,1
C,2,0.0001,97,0.0097000000000000003,0.1379432254750346,5.3011544206958295e-06,0.1379432254750346,2.1953479446286075e-06,2.157959998272692e-05,2.157959998272692e-05,2.4370198480339056e-06,0.94198222193428771,0.99999833586440001,0.92237325644048795,0.13653584590099785,0.13786216731262924,0.95553605345395798,0.052056057123505334,0.13786216731262924,1
C,2,0.0001,98,0.0097999999999999997,0.13794239601304809,5.3557735066326852e-06,0.13794239601304809,2.2179666668813939e-06,2.1801909637210835e-05,2.1801909637210835e-05,2.4621182971307221e-06,0.94198220578364533,0.99999831871904932,0.92237337646507001,0.13653418391698999,0.1378605090551186,0.95553517712862124,0.052055396139142548,0.1378605090551186,1
C,2,0.0001,99,0.0099000000000000008,0.13794156656087614,5.4103919400328317e-06,0.13794156656087614,2.2405851090361296e-06,2.2024216019537413e-05,2.2024216019537413e-05,2.4872162271982745e-06,0.94198218963320757,0.99999830157391589,0.92237349646398881,0.13653252195345839,0.13785885081719165,0.95553430079087842,0.052054735163643243,0.13785885081719165,1
C,2,0.0001,100,0.01,0.13794073710914198,5.4650097207844125e-06,0.13794073710914198,2.2632032710885623e-06,2.2246519128803621e-05,2.2246519128803621e-05,2.5123136374594068e-06,0.94198217348297564,0.99999828442900096,0.92237361643724525,0.13653086001040154,0.13785719259884402,0.95553342444072731,0.052054074197006819,0.13785719259884402,1
C,2,0.0001,101,0.010100000000000001,0.13793990766333858,5.5196268488513829e-06,0.13793990766333858,2.2858211530196225e-06,2.2468818965009458e-05,2.2468818965009458e-05,2.5374105286912751e-06,0.94198215733294899,0.99999826728430397,0.922373736384836,0.13652919808781908,0.13785553440007828,0.95553254807816845,0.052053413239233154,0.13785553440007828,1
C,2,0.0001,102,0.010200000000000001,0.13793907822677295,5.5742433245291237e-06,0.13793907822677295,2.3084387549127246e-06,2.2691115528606443e-05,2.2691115528606443e-05,2.5625069003387679e-06,0.9419821411831274,0.99999825013982468,0.92237385630676627,0.1365275361857114,0.13785387622089382,0.95553167170320408,0.052052752290322329,0.13785387622089382,1
C,2,0.0001,103,0.0103,0.137938248795376,5.6288591474305525e-06,0.137938248795376,2.3310560766715454e-06,2.2913408819594574e-05,2.2913408819594574e-05,2.5876027525129075e-06,0.94198212503351131,0.99999823299556345,0.92237397620302619,0.13652587430407723,0.13785221806128897,0.95553079531582841,0.05205209135027393,0.13785221806128897,1
C,2,0.0001,104,0.010400000000000001,0.13793741937278128,5.683474317886994e-06,0.13793741937278128,2.3536731183725532e-06,2.3135698838425372e-05,2.3135698838425372e-05,2.6126980853247161e-06,0.94198210888410028,0.99999821585152004,0.92237409607363308,0.13652421244291835,0.13785055992126563,0.95552991891605288,0.052051430419088426,0.13785055992126563,1
C,2,0.0001,105,0.010500000000000001,0.13793658995838218,5.7380888358812561e-06,0.13793658995838218,2.3762898800285244e-06,2.3357985585098838e-05,2.3357985585098838e-05,2.6377928991072608e-06,0.94198209273489508,0.99999819870769513,0.92237421591856905,0.13652255060223312,0.13784890180082235,0.95552904250386639,0.052050769496765355,0.13784890180082235,1
C,2,0.0001,106,0.0106,0.13793576054337858,5.7927027010987386e-06,0.13793576054337858,2.3989063615455495e-06,2.3580269058260414e-05,2.3580269058260414e-05,2.662887192972363e-06,0.94198207658589483,0.99999818156408771,0.92237433573784045,0.13652088878202037,0.13784724369996018,0.95552816607927105,0.052050108583304153,0.13784724369996018,1
C,2,0.0001,107,0.010700000000000001,0.13793493113924585,5.8473159139091013e-06,0.13793493113924585,2.4215225630236189e-06,2.3802549259716174e-05,2.3802549259716174e-05,2.6879809675861566e-06,0.9419820604371002,0.99999816442069855,0.92237445553144837,0.13651922698228183,0.13784558561867938,0.95552728964227107,0.052049447678705528,0.13784558561867938,1
C,2,0.0001,108,0.010800000000000001,0.13793410173984241,5.9019284741832657e-06,0.13793410173984241,2.4441384844384178e-06,2.4024826188111562e-05,2.4024826188111562e-05,2.7130742227265969e-06,0.94198204428851062,0.99999814727752723,0.92237457529939082,0.13651756520301633,0.13784392755697839,0.9555264131928648,0.052048786782968981,0.13784392755697839,1
C,2,0.0001,109,0.0109,0.13793327235049116,5.9565403819401095e-06,0.13793327235049116,2.4667541257965173e-06,2.4247099844801135e-05,2.4247099844801135e-05,2.7381669586157287e-06,0.94198202814012677,0.99999813013457417,0.92237469504166658,0.13651590344422337,0.13784226951485523,0.95552553673104779,0.052048125896094248,0.13784226951485523,1
C,2,0.0001,110,0.011000000000000001,0.13793244296588059,6.0111516371418085e-06,0.13793244296588059,2.4893694870685904e-06,2.4469370228881859e-05,2.4469370228881859e-05,2.7632591751425295e-06,0.94198201199194753,0.99999811299183838,0.92237481475828065,0.13651424170590326,0.13784061149231291,0.95552466025682592,0.052047465018081406,0.13784061149231291,1
C,2,0.0001,111,0.0111,0.13793161358554665,6.0657622397710248e-06,0.13793161358554665,2.511984568269305e-06,2.4691637340805245e-05,2.4691637340805245e-05,2.7883508721959771e-06,0.94198199584397424,0.9999980958493212,0.92237493444922414,0.13651257998805644,0.13783895348934991,0.95552378377019453,0.052046804148930731,0.13783895348934991,1
C,2,0.0001,112,0.0112,0.13793078421220362,6.1203721900304314e-06,0.13793078421220362,2.5345993694672704e-06,2.4913901180571302e-05,2.4913901180571302e-05,2.8134420499981161e-06,0.9419819796962059,0.99999807870702151,0.92237505411450482,0.13651091829067982,0.13783729550596532,0.95552290727115652,0.052046143288640885,0.13783729550596532,1
C,2,0.0001,113,0.011300000000000001,0.13792995484287973,6.1749814876247305e-06,0.13792995484287973,2.5572138905512304e-06,2.5136161747728504e-05,2.5136161747728504e-05,2.8385327084379242e-06,0.9419819635486425,0.99999806156493953,0.92237517375411837,0.13650925661377666,0.13783563754216155,0.95552203075971298,0.052045482437213228,0.13783563754216155,1
C,2,0.0001,114,0.0114,0.1379291254854535,6.2295901328868247e-06,0.1379291254854535,2.5798281316331757e-06,2.5358419043631412e-05,2.5358419043631412e-05,2.8636228475154013e-06,0.94198194740128505,0.99999804442307616,0.92237529336806268,0.13650759495734527,0.13783397959793439,0.95552115423586048,0.052044821594647073,0.13783397959793439,1
C,2,0.0001,115,0.0115,0.13792829613171698,6.2841981256504863e-06,0.13792829613171698,2.6024420926774003e-06,2.5580673067376985e-05,2.5580673067376985e-05,2.8887124673415698e-06,0.94198193125413288,0.99999802728143061,0.92237541295634351,0.1365059333213855,0.13783232167328713,0.95552027769960257,0.052044160760942204,0.13783232167328713,1
C,2,0.0001,116,0.011600000000000001,0.13792746678158335,6.338805465767428e-06,0.13792746678158335,2.6250557736167014e-06,2.5802923818062187e-05,2.5802923818062187e-05,2.9138015675833628e-06,0.94198191510718554,0.99999801014000256,0.92237553251895255,0.13650427170589613,0.13783066376821754,0.95551940115093403,0.052043499936098303,0.13783066376821754,1
C,2,0.0001,117,0.0117,0.13792663744004038,6.3934121535522401e-06,0.13792663744004038,2.647669174573373e-06,2.6025171297493092e-05,2.6025171297493092e-05,2.9388901487958918e-06,0.94198189896044393,0.99999799299879299,0.92237565205589511,0.13650261011087655,0.13782900588272515,0.95551852458985764,0.05204283912011496,0.13782900588272515,1
C,2,0.0001,118,0.0118,0.13792580810923016,6.4480181889317577e-06,0.13792580810923016,2.6702822955122689e-06,2.6247415505218185e-05,2.6247415505218185e-05,2.9639782107571122e-06,0.94198188281390716,0.99999797585780081,0.92237577156717598,0.13650094853632846,0.1378273480168109,0.95551764801637773,0.052042178312992841,0.1378273480168109,1
C,2,0.0001,119,0.011900000000000001,0.13792497878189347,6.5026235718496463e-06,0.13792497878189347,2.6928951364098346e-06,2.6469656441237461e-05,2.6469656441237461e-05,2.989065753467024e-06,0.94198186666757577,0.99999795871702668,0.9223758910527855,0.13649928698225061,0.1378256901704723,0.95551677143048852,0.05204151751473151,0.1378256901704723,1
C,2,0.0001,120,0.012,0.13792414945994563,6.5572283023248253e-06,0.13792414945994563,2.7155076972896192e-06,2.6691894105099406e-05,2.6691894105099406e-05,3.0141527767035825e-06,0.94198185052144978,0.99999794157647048,0.92237601051272422,0.13649762544864238,0.13782403234371235,0.95551589483219201,0.052040856725330764,0.13782403234371235,1
C,2,0.0001,121,0.012100000000000001,0.13792332014816527,6.6118323803579452e-06,0.13792332014816527,2.7381199781396075e-06,2.6914128497255534e-05,2.6914128497255534e-05,3.0392392806888324e-06,0.94198183437552896,0.99999792443613222,0.92237612994699736,0.13649596393550531,0.13782237453652915,0.95551501822148788,0.052040195944790993,0.13782237453652915,1
C,2,0.0001,122,0.012200000000000001,0.13792249083917171,6.6664358058925046e-06,0.13792249083917171,2.7607319789557778e-06,2.7136359617705849e-05,2.7136359617705849e-05,3.0643252650897068e-06,0.94198181822981342,0.9999979072960119,0.9223762493556007,0.13649430244283683,0.13782071674892307,0.95551414159837589,0.052039535173111322,0.13782071674892307,1
C,2,0.0001,123,0.0123,0.13792166153772931,6.7210385790405847e-06,0.13792166153772931,2.7833436997603852e-06,2.7358587465998829e-05,2.7358587465998829e-05,3.0894107305723395e-06,0.94198180208430338,0.99999789015610963,0.92237636873853579,0.13649264097063687,0.13781905898089214,0.95551326496285549,0.052038874410291612,0.13781905898089214,1
C,2,0.0001,124,0.012400000000000001,0.13792083224366342,6.7756406998570706e-06,0.13792083224366342,2.8059551405830634e-06,2.7580812043489031e-05,2.7580812043489031e-05,3.1144956766926413e-06,0.94198178593899817,0.99999787301642484,0.92237648809579897,0.13649097951890699,0.13781740123243827,0.95551238831492857,0.052038213656332592,0.13781740123243827,1
C,2,0.0001,125,0.012500000000000001,0.13792000295205789,6.8302421681388422e-06,0.13792000295205789,2.8285663013490622e-06,2.7803033348370385e-05,2.7803033348370385e-05,3.1395801034506121e-06,0.94198176979389858,0.99999785587695844,0.92237660742739358,0.13648931808764544,0.13781574350356235,0.95551151165459458,0.052037552911233471,0.13781574350356235,1
C,2,0.0001,126,0.0126,0.13791917366977419,6.884842984163633e-06,0.13791917366977419,2.8511771821637009e-06,2.8025251382900478e-05,2.8025251382900478e-05,3.1646640110682966e-06,0.94198175364900405,0.99999783873770964,0.92237672673331927,0.13648765667685278,0.13781408579426241,0.95551063498185274,0.052036892174994416,0.13781408579426241,1
C,2,0.0001,127,0.012700000000000001,0.13791834439192771,6.9394431476907197e-06,0.13791834439192771,2.8737877829417599e-06,2.8247466145273239e-05,2.8247466145273239e-05,3.1897473995456949e-06,0.9419817375043148,0.99999782159867878,0.92237684601356984,0.13648599528652802,0.13781242810453681,0.95550975829669949,0.052036231447615065,0.13781242810453681,1
C,2,0.0001,128,0.012800000000000001,0.13791751512335698,6.9940426590166782e-06,0.13791751512335698,2.8963981037773339e-06,2.8469677637294738e-05,2.8469677637294738e-05,3.2148302689938291e-06,0.94198172135983116,0.99999780445986608,0.92237696526815804,0.13648433391667175,0.13781077043438764,0.95550888159914438,0.052035570729095558,0.13781077043438764,1
C,2,0.0001,129,0.0129,0.13791668586081229,7.048641517734499e-06,0.13791668586081229,2.9190081445471166e-06,2.8691885856707389e-05,2.8691885856707389e-05,3.2399126190796323e-06,0.94198170521555236,0.99999778732127098,0.92237708449706879,0.13648267256728275,0.13780911278381106,0.95550800488917786,0.052034910019435568,0.13780911278381106,1
C,2,0.0001,130,0.013000000000000001,0.13791585660291056,7.1032397243243845e-06,0.13791585660291056,2.9416179053986543e-06,2.8914090805768783e-05,2.8914090805768783e-05,3.2649944500251493e-06,0.94198168907147906,0.99999777018289404,0.92237720370031184,0.13648101123836121,0.13780745515281276,0.95550712816680416,0.052034249318634963,0.13780745515281276,1
C,2,0.0001,131,0.013100000000000001,0.13791502735320607,7.1578372784180787e-06,0.13791502735320607,2.9642273862218972e-06,2.913629248312436e-05,2.913629248312436e-05,3.2900757614973131e-06,0.94198167292761048,0.99999775304473437,0.92237732287788277,0.13647934992990737,0.13780579754138833,0.9555062514320235,0.052033588626693932,0.13780579754138833,1
C,2,0.0001,132,0.0132,0.13791419810731478,7.2124341801063624e-06,0.13791419810731478,2.9868365870428092e-06,2.9358490888774121e-05,2.9358490888774121e-05,3.3151565537181682e-06,0.94198165678394763,0.99999773590679308,0.922377442029783,0.13647768864192142,0.13780413994953933,0.95550537468483554,0.052032927943612452,0.13780413994953933,1
C,2,0.0001,133,0.013300000000000001,0.13791336886990738,7.267030429630922e-06,0.13791336886990738,3.0094455079392312e-06,2.9580686024072623e-05,2.9580686024072623e-05,3.3402368271318039e-06,0.94198164064048973,0.9999977187690694,0.92237756115601133,0.13647602737440168,0.13780248237726439,0.95550449792523884,0.052032267269389886,0.13780248237726439,1
C,2,0.0001,134,0.0134,0.13791253964023009,7.3216260267329839e-06,0.13791253964023009,3.0320541488317155e-06,2.9802877887665314e-05,2.9802877887665314e-05,3.3653165814051533e-06,0.94198162449723788,0.99999770163156443,0.9223776802565623,0.13647436612734809,0.13780082482456302,0.95550362115323129,0.052031606604026281,0.13780082482456302,1
C,2,0.0001,135,0.0135,0.13791171041400666,7.376220971467384e-06,0.13791171041400666,3.0546625097457503e-06,3.002506648000371e-05,3.002506648000371e-05,3.3903958164271941e-06,0.94198160835419031,0.9999976844942764,0.92237779933144493,0.13647270490076055,0.13779916729143554,0.95550274436881799,0.052030945947521424,0.13779916729143554,1
C,2,0.0001,136,0.013600000000000001,0.13791088119553122,7.4308152639459233e-06,0.13791088119553122,3.0772705907054967e-06,3.0247251801990846e-05,3.0247251801990846e-05,3.4154745319758817e-06,0.94198159221134836,0.99999766735720663,0.9223779183806563,0.13647104369464011,0.13779750977788399,0.95550186757200006,0.052030285299875807,0.13779750977788399,1
C,2,0.0001,137,0.0137,0.13791005198058962,7.4854089040756464e-06,0.13791005198058962,3.0998783916836016e-06,3.0469433852723684e-05,3.0469433852723684e-05,3.4405527288283722e-06,0.94198157606871147,0.99999765022035447,0.92237803740419444,0.13646938250898535,0.13779585228390534,0.95550099076277295,0.052029624661088819,0.13779585228390534,1
C,2,0.0001,138,0.013800000000000002,0.13790922277715709,7.5400018920421029e-06,0.13790922277715709,3.1224859127457955e-06,3.0691612632653749e-05,3.0691612632653749e-05,3.4656304063185317e-06,0.94198155992628019,0.99999763308372058,0.922378156402057,0.13646772134379548,0.1377941948095002,0.95550011394113621,0.052028964031160141,0.1377941948095002,1
C,2,0.0001,139,0.013900000000000001,0.13790839357473331,7.5945942275855984e-06,0.13790839357473331,3.1450931538059652e-06,3.0913788141781033e-05,3.0913788141781033e-05,3.4907075646684049e-06,0.94198154378405363,0.99999761594730407,0.92237827537424677,0.13646606019907168,0.13779253735466793,0.95549923710709361,0.052028303410090265,0.13779253735466793,1
C,2,0.0001,140,0.014,0.13790756438123364,7.6491859108181994e-06,0.13790756438123364,3.1677001149147523e-06,3.113596037965403e-05,3.113596037965403e-05,3.5157842036559472e-06,0.94198152764203247,0.99999759881110561,0.92237839432076307,0.13646439907481311,0.13779087991941047,0.95549836026064328,0.052027642797878769,0.13779087991941047,1
C,2,0.0001,141,0.014100000000000001,0.13790673519477839,7.7037769417768452e-06,0.13790673519477839,3.1903067960669337e-06,3.1358129346724243e-05,3.1358129346724243e-05,3.5408603236142255e-06,0.94198151150021647,0.99999758167512498,0.92237851324160891,0.13646273797101918,0.1377892225037215,0.95549748340178553,0.052026982194525347,0.1377892225037215,1
C,2,0.0001,142,0.014200000000000001,0.1379059060132711,7.7583673205347346e-06,0.1379059060132711,3.2129131972977534e-06,3.1580295043443194e-05,3.1580295043443194e-05,3.5659359247652844e-06,0.94198149535860576,0.99999756453936228,0.92237863213677651,0.13646107688768902,0.1377875651076057,0.95549660653051838,0.052026321600029811,0.1377875651076057,1
C,2,0.0001,143,0.0143,0.13790507684243763,7.8129570471116882e-06,0.13790507684243763,3.2355193186058845e-06,3.1802457469810898e-05,3.1802457469810898e-05,3.5910110071091239e-06,0.94198147921720043,0.99999754740381763,0.92237875100627054,0.13645941582482429,0.13778590773106297,0.95549572964684404,0.052025661014392675,0.13778590773106297,1
C,2,0.0001,144,0.014400000000000001,0.13790424767408704,7.8675461213403814e-06,0.13790424767408704,3.2581251599464103e-06,3.2024616624924295e-05,3.2024616624924295e-05,3.6160855698685879e-06,0.94198146307599984,0.99999753026849025,0.92237886985009354,0.13645775478242245,0.13778425037409103,0.95549485275076251,0.052025000437612851,0.13778425037409103,1
C,2,0.0001,145,0.014500000000000001,0.13790341851391721,7.9221345432770013e-06,0.13790341851391721,3.2807307213450945e-06,3.2246772509234921e-05,3.2246772509234921e-05,3.6411596134877655e-06,0.94198144693500507,0.99999751313338137,0.92237898866823609,0.13645609376048431,0.13778259303669027,0.95549397584227003,0.052024339869690829,0.13778259303669027,1
C,2,0.0001,146,0.0146,0.13790258935632599,7.9767223130503681e-06,0.13790258935632599,3.3033360028322596e-06,3.2468925123645809e-05,3.2468925123645809e-05,3.6662331384107461e-06,0.94198143079421481,0.99999749599848964,0.92237910746070062,0.13645443275901001,0.1377809357188633,0.95549309892136758,0.052023679310626583,0.1377809357188633,1
C,2,0.0001,147,0.014700000000000001,0.13790176021070788,8.0313094306059684e-06,0.13790176021070788,3.3259410043892475e-06,3.2691074467253919e-05,3.2691074467253919e-05,3.6913061439713957e-06,0.94198141465363039,0.9999974788638164,0.92237922622749702,0.1364527717779988,0.13777927842060755,0.95549222198806283,0.052023018760419704,0.13777927842060755,1
C,2,0.0001,148,0.014800000000000001,0.13790093106932563,8.0858958959805126e-06,0.13790093106932563,3.3485457260304287e-06,3.2913220540962291e-05,3.2913220540962291e-05,3.7163786307248259e-06,0.9419813985132508,0.99999746172936066,0.9223793449686134,0.13645111081745082,0.13777762114192313,0.95549134504234678,0.052022358219070287,0.13777762114192313,1
C,2,0.0001,149,0.0149,0.13790010193370647,8.1404817090998159e-06,0.13790010193370647,3.3711501677452981e-06,3.3135363343867885e-05,3.3135363343867885e-05,3.7414505982269475e-06,0.94198138237307638,0.99999744459512263,0.92237946368405277,0.13644944987736513,0.13777596388280963,0.95549046808422244,0.052021697686578015,0.13777596388280963,1
C,2,0.0001,150,0.015000000000000001,0.13789927280189149,8.1950668699272153e-06,0.13789927280189149,3.393754329516446e-06,3.3357502876422218e-05,3.3357502876422218e-05,3.7665220468108274e-06,0.94198136623310735,0.99999742746110276,0.92237958237381723,0.13644778895774251,0.13777430664326595,0.95548959111369036,0.052021037162943061,0.13777430664326595,1
C,2,0.0001,151,0.015100000000000001,0.13789844367957935,8.2496513786296271e-06,0.13789844367957935,3.4163582113949911e-06,3.3579639138625296e-05,3.3579639138625296e-05,3.7915929760323763e-06,0.94198135009334338,0.9999974103273005,0.92237970103790567,0.13644612805858194,0.13777264942329098,0.95548871413075087,0.052020376648165063,0.13777264942329098,1
C,2,0.0001,152,0.0152,0.13789761456476302,8.3042352351697209e-06,0.13789761456476302,3.4389618133667524e-06,3.3801772130928636e-05,3.3801772130928636e-05,3.8166633866687505e-06,0.94198133395378447,0.99999739319371594,0.92237981967631499,0.13644446717988418,0.1377709922228901,0.95548783713540142,0.052019716142244286,0.1377709922228901,1
C,2,0.0001,153,0.015300000000000001,0.13789678545342385,8.3588184394366709e-06,0.13789678545342385,3.4615651354047177e-06,3.4023901852429198e-05,3.4023901852429198e-05,3.841733278053816e-06,0.94198131781443073,0.99999737606034911,0.9223799382890463,0.1364428063216471,0.13776933504205721,0.95548696012764389,0.052019055645179939,0.13776933504205721,1
C,2,0.0001,154,0.0154,0.13789595635115584,8.4134009916711649e-06,0.13789595635115584,3.4841681775911749e-06,3.4246028304481538e-05,3.4246028304481538e-05,3.8668026505206399e-06,0.94198130167528249,0.99999735892720054,0.92238005687610369,0.13644114548387248,0.13776767788079583,0.9554860831074794,0.052018395156972548,0.13776767788079583,1
C,2,0.0001,155,0.0155,0.13789512725420858,8.4679828916879686e-06,0.13789512725420858,3.5067709398478658e-06,3.4468151486182623e-05,3.4468151486182623e-05,3.8918715038471774e-06,0.9419812855363392,0.99999734179426958,0.92238017543748085,0.13643948466655897,0.1377660207391026,0.95548520607490717,0.05201773467762176,0.1377660207391026,1
C,2,0.0001,156,0.015600000000000001,0.13789429816401991,8.5225641395247157e-06,0.13789429816401991,3.5293734222097427e-06,3.4690271397532447e-05,3.4690271397532447e-05,3.9169398383664955e-06,0.94198126939760152,0.99999732466155677,0.92238029397317989,0.13643782386970627,0.1377643636169795,0.95548432902992508,0.052017074207127312,0.1377643636169795,1
C,2,0.0001,157,0.015700000000000002,0.13789346907894301,8.5771447352733737e-06,0.13789346907894301,3.5519756247013735e-06,3.4912388039434054e-05,3.4912388039434054e-05,3.9420076538565496e-06,0.94198125325906823,0.99999730752906102,0.92238041248320413,0.13643616309331405,0.13776270651442496,0.95548345197253637,0.052016413745488987,0.13776270651442496,1
C,2,0.0001,158,0.015800000000000002,0.13789264000215812,8.6317246788238503e-06,0.13789264000215812,3.5745775472887883e-06,3.5134501410984401e-05,3.5134501410984401e-05,3.9670749499842728e-06,0.94198123712074078,0.99999729039678376,0.92238053096754524,0.13643450233738191,0.1377610494314368,0.95548257490273714,0.052015753292706829,0.1377610494314368,1
C,2,0.0001,159,0.015900000000000001,0.13789181092827832,8.6863039701383154e-06,0.13789181092827832,3.5971791899563788e-06,3.5356611512635009e-05,3.5356611512635009e-05,3.9921417276378435e-06,0.94198122098261816,0.99999727326472398,0.92238064942620801,0.13643284160191008,0.13775939236801824,0.95548169782052828,0.052015092848780697,0.13775939236801824,1
C,2,0.0001,160,0.016,0.13789098186467241,8.7408826095135895e-06,0.13789098186467241,3.6197805527954091e-06,3.5578718344837394e-05,3.5578718344837394e-05,4.0172079861511278e-06,0.94198120484470071,0.99999725613288193,0.92238076785919654,0.1364311808868989,0.13775773532417043,0.95548082072591611,0.052014432413710801,0.13775773532417043,1
C,2,0.0001,161,0.0161,0.13789015280550804,8.7954605966904755e-06,0.13789015280550804,3.6423816357320809e-06,3.5800821907140047e-05,3.5800821907140047e-05,4.0422737255241259e-06,0.94198118870698855,0.99999723900125792,0.92238088626649661,0.13642952019234703,0.13775607829989148,0.95547994361888922,0.052013771987496675,0.13775607829989148,1
C,2,0.0001,162,0.016199999999999999,0.13788932375437182,8.8500379318538215e-06,0.13788932375437182,3.6649824388308577e-06,3.6022922199994471e-05,3.6022922199994471e-05,4.0673389463119491e-06,0.94198117256948133,0.9999972218698514,0.92238100464812822,0.13642785951825495,0.13775442129517823,0.95547906649945891,0.052013111570138243,0.13775442129517823,1
C,2,0.0001,163,0.016300000000000002,0.13788849470724704,8.9046146147635529e-06,0.13788849470724704,3.6875829620230633e-06,3.6245019222046124e-05,3.6245019222046124e-05,4.0924036479594861e-06,0.94198115643217939,0.99999720473866283,0.92238112300406971,0.13642619886462101,0.13775276431003425,0.95547818936761542,0.052012451161635123,0.13775276431003425,1
C,2,0.0001,164,0.016400000000000001,0.13788766566984356,8.9591906456974727e-06,0.13788766566984356,3.7101832053725425e-06,3.6467112975552594e-05,3.6467112975552594e-05,4.1174678309108259e-06,0.94198114029508273,0.99999718760769218,0.92238124133433519,0.13642453823144651,0.13775110734445478,0.95547731222336585,0.052011790761987697,0.13775110734445478,1
C,2,0.0001,165,0.016500000000000001,0.13788683663479834,9.0137660244703078e-06,0.13788683663479834,3.7327831688346608e-06,3.6689203459159324e-05,3.6689203459159324e-05,4.1425314946108571e-06,0.94198112415819057,0.99999717047693859,0.92238135963891976,0.13642287761873118,0.13774945039844572,0.95547643506670765,0.052011130371195778,0.13774945039844572,1
C,2,0.0001,166,0.0166,0.13788600760899317,9.068340751193216e-06,0.13788600760899317,3.755382852445196e-06,3.6911290673317833e-05,3.6911290673317833e-05,4.1675946396146912e-06,0.94198110802150448,0.99999715334640382,0.92238147791782499,0.13642121702647442,0.13774779347200328,0.95547555789764194,0.052010469989259157,0.13774779347200328,1
C,2,0.0001,167,0.0167,0.13788517859060603,9.1229148259219693e-06,0.13788517859060603,3.7779822562195536e-06,3.7133374618028125e-05,3.7133374618028125e-05,4.1926572655892613e-06,0.94198109188502255,0.99999713621608566,0.92238159617104909,0.13641955645467602,0.13774613656512708,0.95547468071616637,0.052009809616177689,0.13774613656512708,1
C,2,0.0001,168,0.016800000000000002,0.13788434957740275,9.1774882484529292e-06,0.13788434957740275,3.8005813801137479e-06,3.7355455292387156e-05,3.7355455292387156e-05,4.217719372756612e-06,0.94198107574874668,0.99999711908598643,0.92238171439858785,0.13641789590333461,0.13774447967781611,0.9554738035222804,0.052009149251950972,0.13774447967781611,1
C,2,0.0001,169,0.016900000000000002,0.13788352056997655,9.2320610190447321e-06,0.13788352056997655,3.8231802241857665e-06,3.7577532698201003e-05,3.7577532698201003e-05,4.2427809608946987e-06,0.94198105961267531,0.99999710195610414,0.92238183260044826,0.13641623537245157,0.13774282281007308,0.95547292631598835,0.052008488896579358,0.13774282281007308,1
C,2,0.0001,170,0.017000000000000001,0.13788269156941371,9.2866331375504634e-06,0.13788269156941371,3.8457787884010873e-06,3.7799606834566634e-05,3.7799606834566634e-05,4.2678420304476106e-06,0.94198104347680955,0.99999708482644023,0.92238195077662899,0.13641457486202541,0.13774116596189642,0.955472049097288,0.052007828550062286,0.13774116596189642,1
C,2,0.0001,171,0.017100000000000001,0.13788186257397655,9.3412046039325184e-06,0.13788186257397655,3.8683770727491718e-06,3.8021677701032527e-05,3.8021677701032527e-05,4.2929025807492138e-06,0.94198102734114864,0.9999970676969937,0.92238206892712238,0.13641291437205755,0.13773950913328645,0.95547117186617736,0.052007168212400402,0.13773950913328645,1
C,2,0.0001,172,0.0172,0.13788103358725373,9.3957754184686713e-06,0.13788103358725373,3.8909750773119857e-06,3.8243745298953236e-05,3.8243745298953236e-05,4.3179626125766646e-06,0.94198101120569289,0.999997050567765,0.92238218705193764,0.13641125390254624,0.1377378523242424,0.95547029462265909,0.052006507883592817,0.1377378523242424,1
C,2,0.0001,173,0.017299999999999999,0.1378802046036233,9.45034558078937e-06,0.1378802046036233,3.9135728019869416e-06,3.8465809627425722e-05,3.8465809627425722e-05,4.343022125263829e-06,0.94198099507044242,0.99999703343875423,0.92238230515106534,0.1364095934534916,0.13773619553476329,0.95546941736673141,0.052005847563639768,0.13773619553476329,1
C,2,0.0001,174,0.017400000000000002,0.13787937562826283,9.50491509117142e-06,0.13787937562826283,3.9361702468583658e-06,3.8687870686449985e-05,3.8687870686449985e-05,4.3680811192547964e-06,0.94198097893539656,0.99999701630996074,0.92238242322451447,0.13640793302489343,0.1377345387648507,0.95546854009839577,0.052005187252540962,0.1377345387648507,1
C,2,0.0001,175,0.017500000000000002,0.13787854665945026,9.5594839495786241e-06,0.13787854665945026,3.9587674119011784e-06,3.8909928476929072e-05,3.8909928476929072e-05,4.3931395944385443e-06,0.94198096280055643,0.99999699918138563,0.9223825412722817,0.13640627261675117,0.13773288201450026,0.95546766281765128,0.052004526950296191,0.13773288201450026,1
C,2,0.0001,176,0.017600000000000001,0.13787771769843912,9.6140521559371481e-06,0.13787771769843912,3.9813642971154253e-06,3.913198299750842e-05,3.913198299750842e-05,4.4181975505930282e-06,0.94198094666592092,0.99999698205302767,0.92238265929436125,0.13640461222906511,0.13773122528371642,0.95546678552449749,0.052003866656905734,0.13773122528371642,1
C,2,0.0001,177,0.0177,0.13787688874218293,9.6686197103758698e-06,0.13787688874218293,4.0039609025272653e-06,3.9354034249542584e-05,3.9354034249542584e-05,4.4432549879402927e-06,0.9419809305314909,0.99999696492488788,0.92238277729075691,0.13640295186183454,0.13772956857249771,0.95546590821893451,0.052003206372369146,0.13772956857249771,1
C,2,0.0001,178,0.0178,0.13787605979372561,9.723186612858282e-06,0.13787605979372561,4.026557228123638e-06,3.9576082233031564e-05,3.9576082233031564e-05,4.4683119065913601e-06,0.94198091439726594,0.9999969477969658,0.92238289526147488,0.13640129151505995,0.13772791188084477,0.95546503090096646,0.052002546096686517,0.13772791188084477,1
C,2,0.0001,179,0.017899999999999999,0.1378752308511777,9.7777528633290533e-06,0.1378752308511777,4.0491532739049534e-06,3.9798126947523844e-05,3.9798126947523844e-05,4.4933683064352081e-06,0.94198089826324627,0.99999693066926165,0.92238301320650173,0.13639963118874035,0.13772625520875342,0.95546415357058723,0.052001885829857687,0.13772625520875342,1
C,2,0.0001,180,0.018000000000000002,0.13787440191290429,9.8323184617327011e-06,0.13787440191290429,4.0717490398453796e-06,4.0020168392567902e-05,4.0020168392567902e-05,4.5184241874718367e-06,0.94198088212943099,0.99999691354177445,0.92238313112584391,0.1363979708828755,0.1377245985562284,0.95546327622779503,0.05200122557188229,0.1377245985562284,1
C,2,0.0001,181,0.018100000000000002,0.13787357298211825,9.886883408254226e-06,0.13787357298211825,4.0943445260048356e-06,4.0242206569066775e-05,4.0242206569066775e-05,4.5434795497012459e-06,0.94198086599582143,0.99999689641450562,0.92238324901950353,0.13639631059746524,0.13772294192326648,0.95546239887259732,0.052000565322760386,0.13772294192326648,1
C,2,0.0001,182,0.018200000000000001,0.13787274406022665,9.9414477028939787e-06,0.13787274406022665,4.1169397323835662e-06,4.0464241477020472e-05,4.0464241477020472e-05,4.5685343933454803e-06,0.9419808498624167,0.99999687928745429,0.9223833668874778,0.13639465033250958,0.1377212853098698,0.95546152150498953,0.051999905082491894,0.1377212853098698,1
C,2,0.0001,183,0.0183,0.13787191514232999,9.9960113455041164e-06,0.13787191514232999,4.1395346589343714e-06,4.0686273116428985e-05,4.0686273116428985e-05,4.5935887178494283e-06,0.94198083372921726,0.99999686216062089,0.92238348472976739,0.13639299008800859,0.13771962871603419,0.95546064412497556,0.051999244851076903,0.13771962871603419,1
C,2,0.0001,184,0.0184,0.13787108623138544,1.0050574336195165e-05,0.13787108623138544,4.1621293057082621e-06,4.0908301486840791e-05,4.0908301486840791e-05,4.618642523546157e-06,0.94198081759622276,0.99999684503400499,0.92238360254636775,0.13639132986395977,0.13771797214176004,0.95545976673254829,0.051998584628514373,0.13771797214176004,1
C,2,0.0001,185,0.018500000000000003,0.13787025732749239,1.0105136674930626e-05,0.13787025732749239,4.1847236726698856e-06,4.1130326588255904e-05,4.1130326588255904e-05,4.6436958108797555e-06,0.94198080146343333,0.99999682790760691,0.92238372033728655,0.1363896696603662,0.13771631558705003,0.95545888932771672,0.051997924414805483,0.13771631558705003,1
C,2,0.0001,186,0.018600000000000002,0.13786942842905034,1.0159698361839647e-05,0.13786942842905034,4.2073177598729505e-06,4.1352348421577349e-05,4.1352348421577349e-05,4.6687485792951122e-06,0.94198078533084917,0.99999681078142666,0.92238383810251745,0.13638800947722624,0.137714659051906,0.95545801191047541,0.051997264209949559,0.137714659051906,1
C,2,0.0001,187,0.018700000000000001,0.13786859953577246,1.0214259396756093e-05,0.13786859953577246,4.2299115672723872e-06,4.1574366986353611e-05,4.1574366986353611e-05,4.6938008291252942e-06,0.94198076919846996,0.99999679365546401,0.92238395584206012,0.13638634931453902,0.13771300253632318,0.95545713448082326,0.05199660401394629,0.13771300253632318,1
C,2,0.0001,188,0.018800000000000001,0.13786777065073785,1.0268819779810116e-05,0.13786777065073785,4.2525050948978757e-06,4.1796382282584695e-05,4.1796382282584695e-05,4.7188525600372344e-06,0.94198075306629547,0.99999677652971863,0.92238407355591912,0.13638468917230501,0.13771134604030225,0.95545625703876347,0.05199594382679576,0.13771134604030225,1
C,2,0.0001,189,0.0189,0.13786694177214995,1.032337951094595e-05,0.13786694177214995,4.2750983427494938e-06,4.2018394310722111e-05,4.2018394310722111e-05,4.7439037722529775e-06,0.94198073693432649,0.99999675940419153,0.92238419124408866,0.13638302905052316,0.13770968956384308,0.95545537958429283,0.051995283648497592,0.13770968956384308,1
C,2,0.0001,190,0.019,0.13786611290011355,1.0377938590218761e-05,0.13786611290011355,4.2976913108246141e-06,4.2240403070314344e-05,4.2240403070314344e-05,4.7689544657725236e-06,0.94198072080256257,0.99999674227888202,0.92238430890657219,0.13638136894919486,0.13770803310694682,0.95545450211741434,0.051994623479052308,0.13770803310694682,1
C,2,0.0001,191,0.019100000000000002,0.13786528403453099,1.0432497017684854e-05,0.13786528403453099,4.3202839991551045e-06,4.24624085613614e-05,4.24624085613614e-05,4.7940046405958725e-06,0.94198070467100348,0.99999672515379001,0.92238442654336827,0.13637970886831818,0.13770637666961194,0.95545362463812622,0.051993963318459124,0.13770637666961194,1
C,2,0.0001,192,0.019200000000000002,0.13786445517346249,1.0487054793084379e-05,0.13786445517346249,4.3428764076686656e-06,4.2684410783863264e-05,4.2684410783863264e-05,4.819054296612002e-06,0.94198068853964945,0.9999967080289156,0.92238454415447524,0.13637804880789273,0.13770472025183661,0.95545274714642892,0.051993303166717901,0.13770472025183661,1
C,2,0.0001,193,0.019300000000000001,0.13786362632011562,1.0541611916696029e-05,0.13786362632011562,4.3654685364422827e-06,4.2906409738722991e-05,4.2906409738722991e-05,4.8441034338209121e-06,0.94198067240850047,0.99999669090425891,0.92238466173989575,0.13637638876791833,0.13770306385362177,0.95545186964232176,0.051992643023828486,0.13770306385362177,1
C,2,0.0001,194,0.019400000000000001,0.1378627974729455,1.0596168388500217e-05,0.1378627974729455,4.3880603854656328e-06,4.3128405425037534e-05,4.3128405425037534e-05,4.869152052666692e-06,0.941980656277557,0.99999667377982049,0.92238477929962492,0.13637472874839668,0.13770140747496967,0.95545099212580464,0.051991982889791601,0.13770140747496967,1
C,2,0.0001,195,0.0195,0.13786196863308925,1.065072420840583e-05,0.13786196863308925,4.4106519547250237e-06,4.3350397843258415e-05,4.3350397843258415e-05,4.8942001528162749e-06,0.94198064014681826,0.99999665665559934,0.92238489683366753,0.13637306874932562,0.13769975111587737,0.95545011459687967,0.051991322764606322,0.13769975111587737,1
C,2,0.0001,196,0.019599999999999999,0.13786113980224651,1.0705279376708034e-05,0.13786113980224651,4.4332432443058076e-06,4.3572386994288668e-05,4.3572386994288668e-05,4.9192477343806829e-06,0.94198062401628457,0.99999663953159579,0.9223850143420248,0.13637140877070533,0.13769809477634676,0.95544923705554585,0.051990662648272637,0.13769809477634676,1
C,2,0.0001,197,0.019700000000000002,0.13786031097265805,1.075983389290744e-05,0.13786031097265805,4.4558342540527411e-06,4.379437287632222e-05,4.379437287632222e-05,4.9442947968048045e-06,0.94198060788595595,0.99999662240781007,0.92238513182469006,0.13636974881253539,0.13769643845637602,0.95544835950180296,0.051990002540790545,0.13769643845637602,1
C,2,0.0001,198,0.019800000000000002,0.13785948215170513,1.0814387757374442e-05,0.13785948215170513,4.4784249840875266e-06,4.4016355490713628e-05,4.4016355490713628e-05,4.9693413409768183e-06,0.9419805917558326,0.99999660528424217,0.92238524928166377,0.13636808887481652,0.13769478215596606,0.95544748193564977,0.051989342442160226,0.13769478215596606,1
C,2,0.0001,199,0.019900000000000001,0.13785865333628089,1.0868940969943011e-05,0.13785865333628089,4.5010154343540569e-06,4.4238334836559852e-05,4.4238334836559852e-05,4.9943873665636573e-06,0.94198057562591408,0.99999658816089176,0.92238536671295002,0.13636642895754758,0.13769312587511445,0.95544660435708761,0.051988682352381133,0.13769312587511445,1
C,2,0.0001,200,0.02,0.13785782452788636,1.092349353081603e-05,0.13785782452788636,4.5236056049226313e-06,4.4460310915666969e-05,4.4460310915666969e-05,5.0194328733432769e-06,0.94198055949620052,0.99999657103775896,0.92238548411854548,0.13636476906072847,0.13769146961382359,0.95544572676611661,0.051988022271453341,0.13769146961382359,1
C,3,0.0001,0,0,0,1.1102230246251565e-16,0,6.4098756212785461e-17,0,0,0,0.93855760095940666,1,0.96369709655898617,0.14546093439153454,0.14682740256017679,0.96645105930176634,0.054927001398128825,0.14682740256017679,1
C,3,0.0001,1,0.0001,0.1468271726763328,5.8140247759687961e-08,0.1468271726763328,2.3763645598888031e-08,4.6871007981767371e-07,4.6871007981767371e-07,2.4774692186646519e-08,0.93855758562321268,0.99999998365982656,0.96369682380612443,0.14545392430233395,0.14682039719429682,0.96644924837440149,0.054924310304298868,0.14682039719429682,1
C,3,0.0001,2,0.00020000000000000001,0.14682367041937136,1.1627767176259369e-07,0.14682367041937136,4.7526121236743671e-08,9.3739181147166581e-07,9.3739181147166581e-07,4.9547503322422415e-08,0.93855757028798126,0.99999996732067875,0.96369655036289747,0.14544691460384102,0.14681339220394216,0.96644743737199068,0.054921619379782176,0.14681339220394216,1
C,3,0.0001,3,0.00030000000000000003,0.14682016785908694,1.7441227204530673e-07,0.14682016785908694,7.1287426939594185e-08,1.4060451967723196e-06,1.4060451967723196e-06,7.4318433074260781e-08,0.93855755495371418,0.99999995098255834,0.96369627622927656,0.1454399052960362,0.14680638758909309,0.96644562629454034,0.054918928624569423,0.14680638758909309,1
C,3,0.0001,4,0.00040000000000000002,0.14681666544237731,2.3254404881332255e-07,0.14681666544237731,9.5047562796132664e-08,1.8746702402454931e-06,1.8746702402454931e-06,9.908748155318392e-08,0.93855753962040978,0.99999993464546366,0.96369600140523659,0.14543289637888929,0.14679938334971723,0.96644381514205191,0.05491623803864705,0.14679938334971723,1
C,3,0.0001,5,0.00050000000000000001,0.14681316313944912,2.9067300225313885e-07,0.14681316313944912,1.1880652888872303e-07,2.3432669409860141e-06,2.3432669409860141e-06,1.2385464920328104e-07,0.93855752428806882,0.9999999183093955,0.96369572589074803,0.14542588785238164,0.14679237948580817,0.96644200391452539,0.054913547622005926,0.14679237948580817,1
C,3,0.0001,6,0.00060000000000000006,0.14680966098663051,3.4879913256999671e-07,0.14680966098663051,1.4256432530744492e-07,2.8118353026145701e-06,2.8118353026145701e-06,1.4861993602455215e-07,0.93855750895669088,0.99999990197435329,0.96369544968579335,0.14541887971648956,0.1467853759973386,0.96644019261197411,0.054910857374635053,0.1467853759973386,1
C,3,0.0001,7,0.00069999999999999999,0.14680615887471729,4.0692243976470902e-07,0.14680615887471729,1.6632095206146128e-07,3.280375326941503e-06,3.280375326941503e-06,1.7338334179495263e-07,0.93855749362627627,0.99999988564033759,0.96369517279033512,0.14541187197118635,0.14677837288428883,0.96643838123438697,0.054908167296522141,0.14677837288428883,1
C,3,0.0001,8,0.00080000000000000004,0.1468026569725541,4.6504292426499993e-07,0.1468026569725541,1.9007640932553045e-07,3.7488870166823284e-06,3.7488870166823284e-06,1.981448669585717e-07,0.93855747829682445,0.99999986930734774,0.96369489520435425,0.14540486461644844,0.14677137014663239,0.96643656978177483,0.054905477387656249,0.14677137014663239,1
C,3,0.0001,9,0.00090000000000000008,0.14679915517079681,5.2316058590524654e-07,0.14679915517079681,2.1383069704707199e-07,4.2173703718370463e-06,4.2173703718370463e-06,2.2290451162643166e-07,0.93855746296833598,0.99999985297538418,0.96369461692781577,0.14539785765225419,0.14676436778435736,0.96643475825413339,0.054902787648027106,0.14676436778435736,1
C,3,0.0001,10,0.001,0.14679565349932952,5.8127542509448605e-07,0.14679565349932952,2.3758381539387766e-07,4.6858253960263422e-06,4.6858253960263422e-06,2.4766227579853251e-07,0.93855744764080973,0.99999983664444592,0.96369433796070014,0.14539085107858049,0.14675736579743417,0.96643294665147339,0.054900098077623992,0.14675736579743417,1
C,3,0.0001,11,0.0011000000000000001,0.14679215192300049,6.3938744196311526e-07,0.14679215192300049,2.6133576442634664e-07,5.1542520901553886e-06,5.1542520901553886e-06,2.7241815980794115e-07,0.93855743231424649,0.99999982031453372,0.96369405830297616,0.14538384489539902,0.14675036418584889,0.9664311349737893,0.054897408676433931,0.14675036418584889,1
C,3,0.0001,12,0.0012000000000000001,0.1467886505108936,6.974966365137768e-07,0.1467886505108936,2.8508654415128562e-07,5.6226504551293563e-06,5.6226504551293563e-06,2.9717216354363529e-07,0.93855741698864614,0.99999980398564736,0.96369377795461475,0.14537683910269211,0.14674336294957421,0.9664293232210831,0.054894719444448285,0.14674336294957421,1
C,3,0.0001,13,0.0013000000000000002,0.14678514922543454,7.5560300917186746e-07,0.14678514922543454,3.0883615475070505e-07,6.0910204963792755e-06,6.0910204963792755e-06,3.2192428711663723e-07,0.93855740166400836,0.99999978765778674,0.96369349691560102,0.14536983370043152,0.1467363620885925,0.96642751139336869,0.05489203038165421,0.1467363620885925,1
C,3,0.0001,14,0.0014,0.14678164801704913,8.1370655966277672e-07,0.14678164801704913,3.3258459612104723e-07,6.5593622111896317e-06,6.5593622111896317e-06,3.4667453052694697e-07,0.93855738634033326,0.99999977133095164,0.96369321518590423,0.14536282868860054,0.14672936160288519,0.96642569949064638,0.054889341488043426,0.14672936160288519,1
C,3,0.0001,15,0.0015,0.14677814694733343,8.7180728856030311e-07,0.14677814694733343,3.5633186849963299e-07,7.027675605896625e-06,7.027675605896625e-06,3.7142289410763141e-07,0.93855737101762038,0.99999975500514193,0.96369293276549128,0.14535582406716768,0.14672236149242768,0.96642388751291275,0.054886652763601877,0.14672236149242768,1
C,3,0.0001,16,0.0016000000000000001,0.14677464602524376,9.2990519584779219e-07,0.14677464602524376,3.8007797188528273e-07,7.4959606805002564e-06,7.4959606805002564e-06,3.9616937796971285e-07,0.93855735569587051,0.99999973868035819,0.96369264965434087,0.14534881983611725,0.14671536175720745,0.96642207546017223,0.054883964208321506,0.14671536175720745,1
C,3,0.0001,17,0.0017000000000000001,0.14677114519232196,9.8800028169381016e-07,0.14677114519232196,4.0382290635413291e-07,7.9642174368108681e-06,7.9642174368108681e-06,4.2091398200216901e-07,0.93855734037508276,0.99999972235659951,0.96369236585242979,0.14534181599542076,0.14670836239719237,0.96642026333243281,0.054881275822189511,0.14670836239719237,1
C,3,0.0001,18,0.0018000000000000002,0.14676764454187799,1.0460925463588553e-06,0.14676764454187799,4.2756667201806606e-07,8.4324458766388025e-06,8.4324458766388025e-06,4.4565670620499986e-07,0.93855732505525769,0.99999970603386656,0.96369208135972484,0.14533481254505554,0.14670136341236384,0.96641845112969171,0.05487858760519522,0.14670136341236384,1
C,3,0.0001,19,0.0019,0.14676414395552775,1.1041819897511276e-06,0.14676414395552775,4.513092688507281e-07,8.900646002699577e-06,8.900646002699577e-06,4.7039755124433924e-07,0.93855730973639462,0.99999968971215858,0.96369179617619982,0.14532780948499949,0.14669436480271075,0.96641663885195139,0.054875899557328245,0.14669436480271075,1
C,3,0.0001,20,0.002,0.14676064349529266,1.1622686122051689e-06,0.14676064349529266,4.750506969911016e-07,9.3688178158983614e-06,9.3688178158983614e-06,4.9513651678712023e-07,0.93855729441849389,0.999999673391476,0.96369151030183275,0.1453208068152296,0.1466873665682038,0.96641482649921839,0.054873211678577727,0.1466873665682038,1
C,3,0.0001,21,0.0021000000000000003,0.14675714319622374,1.2203524139823569e-06,0.14675714319622374,4.98790956552779e-07,9.8369613189506722e-06,9.8369613189506722e-06,5.1987360305538743e-07,0.93855727910155495,0.99999965707181815,0.9636912237365961,0.14531380453571985,0.14668036870881113,0.96641301407149482,0.0548705239689318,0.14668036870881113,1
C,3,0.0001,22,0.0022000000000000001,0.14675364302576999,1.2784333951946747e-06,0.14675364302576999,5.2253004758269876e-07,1.0305076514572021e-05,1.0305076514572021e-05,5.4460881049323007e-07,0.93855726378557847,0.9999996407531857,0.96369093648046478,0.14530680264644746,0.14667337122452867,0.96641120156878391,0.054867836428379717,0.14667337122452867,1
C,3,0.0001,23,0.0023,0.14675014294995753,1.3365115557325267e-06,0.14675014294995753,5.4626797005446742e-07,1.0773163401857239e-05,1.0773163401857239e-05,5.6934213843451431e-07,0.93855724847056399,0.99999962443557822,0.96369064853341135,0.14529980114738703,0.14666637411533764,0.96640938899108808,0.054865149056909812,0.14666637411533764,1
C,3,0.0001,24,0.0024000000000000002,0.14674664300848175,1.3945868960779498e-06,0.14674664300848175,5.7000472416158205e-07,1.1241221987142526e-05,1.1241221987142526e-05,5.9407358754537398e-07,0.93855723315651174,0.99999960811899602,0.96369035989540741,0.14529280003851824,0.14665937738120588,0.96640757633840924,0.054862461854512358,0.14665937738120588,1
C,3,0.0001,25,0.0025000000000000001,0.14674314319323387,1.4526594161777995e-06,0.14674314319323387,5.9374030989261955e-07,1.1709252267712366e-05,1.1709252267712366e-05,6.1880315782580908e-07,0.93855721784342105,0.99999959180343834,0.96369007056641909,0.14528579931982014,0.14665238102211522,0.96640576361074237,0.054859774821177328,0.14665238102211522,1
C,3,0.0001,26,0.0026000000000000003,0.14673964350205235,1.5107291163476604e-06,0.14673964350205235,6.1747472738229988e-07,1.217725424809262e-05,1.217725424809262e-05,6.4353084938684191e-07,0.9385572025312926,0.99999957548890595,0.9636897805464405,0.14527879899126392,0.14664538503804736,0.96640395080811303,0.054857087956891849,0.14664538503804736,1
C,3,0.0001,27,0.0027000000000000001,0.14673614393158724,1.5687959966445711e-06,0.14673614393158724,6.4120797665887699e-07,1.2645227929188458e-05,1.2645227929188458e-05,6.6825666245051707e-07,0.93855718722012516,0.9999995591753974,0.96368948983541458,0.14527179905282867,0.14663838942898419,0.96640213793048713,0.054854401261645702,0.14663838942898419,1
C,3,0.0001,28,0.0028,0.1467326444987925,1.6268600572922398e-06,0.1467326444987925,6.6494005782018943e-07,1.3113173314620567e-05,1.3113173314620567e-05,6.9298059701683457e-07,0.93855717190992005,0.99999954286291415,0.96368919843334266,0.14526479950449098,0.14663139419488874,0.96640032497789907,0.054851714735428068,0.14663139419488874,1
C,3,0.0001,29,0.0029000000000000002,0.14672914518957109,1.6849212984580277e-06,0.14672914518957109,6.8867097094197603e-07,1.3581090405294117e-05,1.3581090405294117e-05,7.177026530857944e-07,0.93855715660067662,0.99999952655145552,0.96368890634018234,0.14525780034622823,0.14662439933576132,0.96639851195033832,0.054849028378228443,0.14662439933576132,1
C,3,0.0001,30,0.0030000000000000001,0.1467256459903481,1.7429797201439884e-06,0.1467256459903481,7.1240071603248499e-07,1.404897920211428e-05,1.404897920211428e-05,7.4242283065739656e-07,0.93855714129239487,0.99999951024102163,0.96368861355591195,0.14525080157801037,0.14661740485156838,0.96639669884780943,0.054846342190033273,0.14661740485156838,1
C,3,0.0001,31,0.0031000000000000003,0.14672214691878771,1.801035322684154e-06,0.14672214691878771,7.3612929323500166e-07,1.4516839708701743e-05,1.4516839708701743e-05,7.6714113006470797e-07,0.93855712598507413,0.99999949393161158,0.96368832008051597,0.14524380319982172,0.14661041074229059,0.96639488567032672,0.054843656170834518,0.14661041074229059,1
C,3,0.0001,32,0.0032000000000000002,0.1467186479803998,1.8590881061728665e-06,0.1467186479803998,7.5985670259104443e-07,1.4984671926866851e-05,1.4984671926866851e-05,7.9185755141875092e-07,0.93855711067871539,0.99999947762322661,0.96368802591394453,0.14523680521163745,0.14660341700790477,0.96639307241786743,0.054840970320620734,0.14660341700790477,1
C,3,0.0001,33,0.0033,0.14671514917161566,1.9171380707598873e-06,0.14671514917161566,7.8358294416928395e-07,1.54524758566096e-05,1.54524758566096e-05,8.1657209483054771e-07,0.93855709537331777,0.99999946131586559,0.96368773105619532,0.14522980761343174,0.14659642364839703,0.96639125909046208,0.054838284639380099,0.14659642364839703,1
C,3,0.0001,34,0.0034000000000000002,0.14671165047176205,1.9751852165937348e-06,0.14671165047176205,8.0730801804143373e-07,1.5920251501550678e-05,1.5920251501550678e-05,8.4128476041112066e-07,0.93855708006888161,0.99999944500952898,0.96368743550723346,0.1452228104051804,0.14658943066374913,0.96638944568810081,0.054835599127101314,0.14658943066374913,1
C,3,0.0001,35,0.0035000000000000001,0.1467081518977392,2.0332295438798902e-06,0.1467081518977392,8.3103192428791501e-07,1.6387998864405601e-05,1.6387998864405601e-05,8.6599554838251436e-07,0.93855706476540679,0.99999942870421665,0.96368713926702043,0.14521581358686492,0.14658243805393784,0.96638763221078028,0.054832913783775465,0.14658243805393784,1
C,3,0.0001,36,0.0036000000000000003,0.14670465345233516,2.0912710527685357e-06,0.14670465345233516,8.5475466298657667e-07,1.6855717945174371e-05,1.6855717945174371e-05,8.9070445852268421e-07,0.93855704946289265,0.99999941239992785,0.96368684233553659,0.14520881715845543,0.1465754458189357,0.96638581865850359,0.054830228609389013,0.1465754458189357,1
C,3,0.0001,37,0.0037000000000000002,0.14670115513383677,2.1493097433896866e-06,0.14670115513383677,8.784762341896059e-07,1.7323408747477668e-05,1.7323408747477668e-05,9.1541149138674172e-07,0.93855703416134029,0.99999939609666388,0.96368654471276372,0.14520182111993404,0.14656845395872378,0.9663840050312873,0.054827543603933222,0.14656845395872378,1
C,3,0.0001,38,0.0038,0.14669765693963963,2.207345615930276e-06,0.14669765693963963,9.0219663798355528e-07,1.7791071271315496e-05,1.7791071271315496e-05,9.4011664664161998e-07,0.93855701886074849,0.99999937979442333,0.96368624639867051,0.1451948254712748,0.14656146247327886,0.96638219132912762,0.054824858767396165,0.14656146247327886,1
C,3,0.0001,39,0.0039000000000000003,0.14669415885924564,2.2653786704282546e-06,0.14669415885924564,9.2591587439208148e-07,1.825870552030854e-05,1.825870552030854e-05,9.64819924287319e-07,0.93855700356111782,0.99999936349320673,0.96368594739322222,0.14518783021245479,0.14655447136258468,0.96638037755201744,0.054822174099767119,0.14655447136258468,1
C,3,0.0001,40,0.0040000000000000001,0.14669066091299771,2.3234089072188114e-06,0.14669066091299771,9.4963394355520233e-07,1.8726311495361975e-05,1.8726311495361975e-05,9.8952132487895028e-07,0.9385569882624486,0.99999934719301464,0.96368564769640808,0.14518083534345275,0.14654748062662756,0.96637856369997754,0.054819489601035921,0.14654748062662756,1
C,3,0.0001,41,0.0041000000000000003,0.1466871630911826,2.3814363263768751e-06,0.1466871630911826,9.7335084550950362e-07,1.919388919919131e-05,1.919388919919131e-05,1.0142208485275361e-06,0.93855697296473983,0.99999933089384585,0.96368534730818578,0.14517384086423993,0.14654049026537025,0.96637674977299082,0.054816805271189581,0.14654049026537025,1
C,3,0.0001,42,0.0042000000000000006,0.14668366538501207,2.439460928070514e-06,0.14668366538501207,9.9706658033098686e-07,1.9661438633606894e-05,1.9661438633606894e-05,1.038918495011032e-06,0.93855695766799208,0.99999931459570102,0.9636850462285429,0.14516684677479624,0.14653350027880405,0.96637493577107658,0.054814121110218501,0.14653350027880405,1
C,3,0.0001,43,0.0043,0.14668016781878912,2.4974827125238583e-06,0.14668016781878912,1.0207811481160249e-06,2.0128959800419065e-05,2.0128959800419065e-05,1.0636142651065938e-06,0.93855694237220477,0.99999929829857948,0.96368474445744912,0.14515985307509585,0.14652651066690184,0.96637312169423251,0.054811437118110783,0.14652651066690184,1
C,3,0.0001,44,0.0044000000000000003,0.1466766703632178,2.5555016797559331e-06,0.1466766703632178,1.0444945488834634e-06,2.0596452701438169e-05,2.0596452701438169e-05,1.0883081580370657e-06,0.93855692707737848,0.99999928200248178,0.96368444199487013,0.14515285976511647,0.14651952142964778,0.96637130754245504,0.054808753294855961,0.14651952142964778,1
C,3,0.0001,45,0.0045000000000000005,0.14667317303659069,2.6135178299726168e-06,0.14667317303659069,1.0682067827190173e-06,2.1063917338474552e-05,2.1063917338474552e-05,1.1130001742465367e-06,0.93855691178351275,0.9999992657074076,0.96368413884078907,0.14514586684483757,0.14651253256701974,0.96636949331575728,0.054806069640444204,0.14651253256701974,1
C,3,0.0001,46,0.0045999999999999999,0.14666967584265703,2.6715311634343405e-06,0.14666967584265703,1.0919178497373506e-06,2.1531353713338551e-05,2.1531353713338551e-05,1.137690313735007e-06,0.93855689649060758,0.99999924941335694,0.96368383499516319,0.14513887431423325,0.14650554407898303,0.96636767901412501,0.054803386154863638,0.14650554407898303,1
C,3,0.0001,47,0.0047000000000000002,0.14666617876713087,2.7295416801786268e-06,0.14666617876713087,1.1156277499575021e-06,2.1998761828745686e-05,2.1998761828745686e-05,1.1623785773906548e-06,0.93855688119866287,0.99999923312032946,0.96368353045799227,0.14513188217328438,0.14649855596553985,0.96636586463758645,0.054800702838104946,0.14649855596553985,1
C,3,0.0001,48,0.0048000000000000004,0.14666268181341571,2.7875493803923893e-06,0.14666268181341571,1.1393364834687787e-06,2.2466141685601123e-05,2.2466141685601123e-05,1.1870649637701902e-06,0.93855686590767873,0.99999921682832549,0.96368322522922667,0.145124890421957,0.1464915682266498,0.96636405018612004,0.054798019690153146,0.1464915682266498,1
C,3,0.0001,49,0.0048999999999999998,0.14665918498063449,2.8455542642069878e-06,0.14665918498063449,1.1630440503250436e-06,2.2933493285715212e-05,2.2933493285715212e-05,1.2117494743169033e-06,0.9385568506176547,0.99999920053734459,0.96368291930885075,0.14511789906023759,0.14648458086231267,0.96636223565974244,0.054795336711001161,0.14648458086231267,1
C,3,0.0001,50,0.0050000000000000001,0.14665568827826814,2.9035563318827296e-06,0.14665568827826814,1.1867504506406225e-06,2.3400816632708633e-05,2.3400816632708633e-05,1.2364321089197716e-06,0.93855683532859124,0.99999918424738699,0.96368261269683686,0.14511090808809957,0.1464775938724916,0.96636042105845432,0.054792653900636826,0.1464775938724916,1
C,3,0.0001,51,0.0051000000000000004,0.14665219169872742,2.9615555835501382e-06,0.14665219169872742,1.2104556844737234e-06,2.3868111727486562e-05,2.3868111727486562e-05,1.2611128673567507e-06,0.93855682004048757,0.99999916795845212,0.96368230539316002,0.1451039175055181,0.14647060725717098,0.9663586063822599,0.054789971259048671,0.14647060725717098,1
C,3,0.0001,52,0.0052000000000000006,0.14664869525101953,3.0195520193776098e-06,0.14664869525101953,1.234159751899131e-06,2.433537857276451e-05,2.433537857276451e-05,1.2857917499609073e-06,0.93855680475334446,0.99999915167054065,0.96368199739779115,0.14509692731246893,0.1464636210163181,0.96635679163115618,0.054787288786225394,0.1464636210163181,1
C,3,0.0001,53,0.0053,0.14664519892175648,3.0775456393484776e-06,0.14664519892175648,1.2578626529227578e-06,2.4802617168542482e-05,2.4802617168542482e-05,1.3104687565101969e-06,0.93855678946716159,0.99999913538365226,0.96368168871070248,0.14508993750893479,0.14645663514992638,0.96635497680514859,0.054784606482158438,0.14645663514992638,1
C,3,0.0001,54,0.0054000000000000003,0.14664170271546911,3.1355364438333699e-06,0.14664170271546911,1.2815643876963577e-06,2.5269827518441159e-05,2.5269827518441159e-05,1.3351438876707533e-06,0.93855677418193828,0.99999911909778627,0.96368137933186548,0.14508294809488539,0.14644964965796786,0.96635316190423581,0.054781924346834293,0.14644964965796786,1
C,3,0.0001,55,0.0055000000000000005,0.14663820662983235,3.1935244327791408e-06,0.14663820662983235,1.3052649562104218e-06,2.5737009622460548e-05,2.5737009622460548e-05,1.3598171431095096e-06,0.93855675889767554,0.9999991028129438,0.96368106926125974,0.14507595907029955,0.14644266454043778,0.96635134692842684,0.054779242380242815,0.14644266454043778,1
C,3,0.0001,56,0.0055999999999999999,0.14663471067477998,3.2515096066674082e-06,0.14663471067477998,1.3289643586574134e-06,2.620416348603167e-05,2.620416348603167e-05,1.3844885231595327e-06,0.93855674361437214,0.99999908652912339,0.9636807584988617,0.14506897043515402,0.14643567979729888,0.96634953187772565,0.054776560582373124,0.14643567979729888,1
C,3,0.0001,57,0.0057000000000000002,0.14663121483721536,3.3094919653516807e-06,0.14663121483721536,1.3526625949939576e-06,2.6671289108249357e-05,2.6671289108249357e-05,1.4091580274877558e-06,0.93855672833202886,0.99999907024632595,0.96368044704463462,0.14506198218942579,0.14642869542853135,0.96634771675212705,0.054773878953214485,0.14642869542853135,1
C,3,0.0001,58,0.0058000000000000005,0.14662771913576239,3.3674715091675603e-06,0.14662771913576239,1.3763596653587019e-06,2.7138386492734298e-05,2.7138386492734298e-05,1.4338256566492902e-06,0.93855671305064525,0.99999905396455102,0.96368013489856363,0.1450549943330896,0.14642171143411331,0.96634590155164546,0.054771197492755323,0.14642171143411331,1
C,3,0.0001,59,0.0058999999999999999,0.14662422355416263,3.4254482381895005e-06,0.14662422355416263,1.4000555697884729e-06,2.7605455639486489e-05,2.7605455639486489e-05,1.4584914109772029e-06,0.93855669777022166,0.99999903768379894,0.96367982206060987,0.14504800686612523,0.14641472781402975,0.96634408627626966,0.054768516200985828,0.14641472781402975,1
C,3,0.0001,60,0.0060000000000000001,0.14662072809506674,3.4834221525675001e-06,0.14662072809506674,1.423750308354468e-06,2.8072496550316278e-05,2.8072496550316278e-05,1.4831552898053602e-06,0.93855668249075741,0.99999902140406904,0.96367950853075079,0.14504101978850437,0.14640774456824912,0.96634227092600511,0.054765835077893212,0.14640774456824912,1
C,3,0.0001,61,0.0061000000000000004,0.14661723275840294,3.541393252523929e-06,0.14661723275840294,1.4474438811462368e-06,2.8539509230654689e-05,2.8539509230654689e-05,1.5078172937998957e-06,0.93855666721225317,0.99999900512536199,0.96367919430897186,0.14503403310021415,0.14640076169677238,0.96634045550087133,0.054763154123470645,0.14640076169677238,1
C,3,0.0001,62,0.0062000000000000006,0.14661373755043189,3.5993615381726561e-06,0.14661373755043189,1.4711362882249045e-06,2.9006493679596551e-05,2.9006493679596551e-05,1.5324774230718319e-06,0.93855665193470794,0.9999989888476768,0.96367887939523256,0.14502704680122105,0.14639377919956248,0.96633864000085201,0.054760473337703265,0.14639377919956248,1
C,3,0.0001,63,0.0063,0.14661024246573784,3.6573270096992487e-06,0.14661024246573784,1.4948275296680094e-06,2.9473449899857383e-05,2.9473449899857383e-05,1.5571356773991241e-06,0.93855663665812261,0.99999897257101422,0.96367856378951,0.1450200608915031,0.14638679707659821,0.96633682442595703,0.054757792720580775,0.14638679707659821,1
C,3,0.0001,64,0.0064000000000000003,0.14660674749797178,3.7152896671614463e-06,0.14660674749797178,1.5185176055094477e-06,2.9940377891437182e-05,2.9940377891437182e-05,1.5817920573368838e-06,0.93855662138249663,0.99999895629537383,0.96367824749177744,0.14501307537103919,0.14637981532786826,0.96633500877618705,0.054755112272093065,0.14637981532786826,1
C,3,0.0001,65,0.0065000000000000006,0.14660325266377774,3.7732495108376012e-06,0.14660325266377774,1.5422065158657088e-06,3.040727765886181e-05,3.040727765886181e-05,1.6064465627740887e-06,0.93855660610782998,0.99999894002075562,0.96367793050201878,0.14500609023980399,0.14637283395333467,0.96633319305155463,0.054752431992228477,0.14637283395333467,1
C,3,0.0001,66,0.0066,0.14659975795294236,3.8312065408959705e-06,0.14659975795294236,1.5658942608122816e-06,3.087414920303643e-05,3.087414920303643e-05,1.6310991937107389e-06,0.93855659083412235,0.99999892374715915,0.9636776128201926,0.14499910549777442,0.14636585295299243,0.96633137725204798,0.054749751880976243,0.14636585295299243,1
C,3,0.0001,67,0.0067000000000000002,0.14659626336828979,3.8891607574490755e-06,0.14659626336828979,1.5895808403998783e-06,3.1340992526676564e-05,3.1340992526676564e-05,1.6557499503688788e-06,0.9385565755613744,0.9999989074745852,0.96367729444628836,0.14499212114492785,0.14635887232681274,0.96632956137768578,0.054747071938325717,0.14635887232681274,1
C,3,0.0001,68,0.0068000000000000005,0.14659276889963474,3.9471121605533725e-06,0.14659276889963474,1.6132662546638261e-06,3.1807807629782213e-05,3.1807807629782213e-05,1.680398832526464e-06,0.93855656028958512,0.99999889120303276,0.96367697538025698,0.14498513718124037,0.1463518920747752,0.96632774542844935,0.054744392164265784,0.1463518920747752,1
C,3,0.0001,69,0.0069000000000000008,0.14658927456269669,4.0050607505074288e-06,0.14658927456269669,1.6369505037268623e-06,3.2274594515974051e-05,3.2274594515974051e-05,1.7050458409606506e-06,0.93855654501875552,0.99999887493250272,0.96367665562208715,0.14497815360668898,0.1463449121968613,0.96632592940435424,0.054741712558785648,0.1463449121968613,1
C,3,0.0001,70,0.0070000000000000001,0.14658578035247166,4.0630065275705525e-06,0.14658578035247166,1.6606335876980064e-06,3.2741353187062438e-05,3.2741353187062438e-05,1.7296909752273493e-06,0.93855652974888426,0.99999885866299387,0.96367633517176354,0.14497117042125071,0.14633793269305062,0.96632411330541335,0.054739033121874524,0.14633793269305062,1
C,3,0.0001,71,0.0071000000000000004,0.14658228625803629,4.1209494915223685e-06,0.14658228625803629,1.684315506506609e-06,3.3208083644857707e-05,3.3208083644857707e-05,1.7543342357706493e-06,0.93855651447997224,0.99999884239450698,0.9636760140292292,0.14496418762490293,0.14633095356332859,0.96632229713160367,0.054736353853521928,0.14633095356332859,1
C,3,0.0001,72,0.0072000000000000007,0.14657879229117388,4.1788896428453222e-06,0.14657879229117388,1.7079962603459344e-06,3.3674785891170205e-05,3.3674785891170205e-05,1.7789756224795283e-06,0.93855649921201889,0.9999988261270415,0.96367569219448868,0.14495720521762093,0.14632397480766116,0.96632048088295508,0.054733674753716259,0.14632397480766116,1
C,3,0.0001,73,0.0073000000000000001,0.14657529844669903,4.2368269816342991e-06,0.14657529844669903,1.7316758492614122e-06,3.4141459927810278e-05,3.4141459927810278e-05,1.803615135576031e-06,0.93855648394502489,0.99999880986059819,0.96367536966749112,0.14495022319938169,0.14631699642603779,0.96631866455944682,0.054730995822446844,0.14631699642603779,1
C,3,0.0001,74,0.0074000000000000003,0.14657180473095882,4.2947615080199744e-06,0.14657180473095882,1.7553542733131178e-06,3.4608105755683085e-05,3.4608105755683085e-05,1.8282527751711797e-06,0.93855646867898967,0.99999879359517641,0.96367504644822477,0.14494324157016139,0.14631001841843666,0.96631684816109709,0.05472831705970263,0.14631001841843666,1
C,3,0.0001,75,0.0075000000000000006,0.14656831113885962,4.3526932222249051e-06,0.14656831113885962,1.7790315326000511e-06,3.5074723379314501e-05,3.5074723379314501e-05,1.8528885415980412e-06,0.93855645341391269,0.99999877733077569,0.96367472253666697,0.14493626032993445,0.14630304078482781,0.96631503168790855,0.05472563846547171,0.14630304078482781,1
C,3,0.0001,76,0.0076,0.14656481766869275,4.4106221242697037e-06,0.14656481766869275,1.8027076271372703e-06,3.5541312798704511e-05,3.5541312798704511e-05,1.8775224340794594e-06,0.93855643814979473,0.99999876106739671,0.96367439793277976,0.14492927947868176,0.1462960635251995,0.96631321513988089,0.054722960039745056,0.1462960635251995,1
C,3,0.0001,77,0.0077000000000000002,0.14656132432710392,4.4685482143969555e-06,0.14656132432710392,1.8263825570301086e-06,3.6007874014758296e-05,3.6007874014758296e-05,1.9021544537256574e-06,0.93855642288663532,0.99999874480503903,0.96367407263653826,0.14492229901637727,0.14628908663951809,0.96631139851701009,0.054720281782510531,0.14628908663951809,1
C,3,0.0001,78,0.0078000000000000005,0.14655783110156334,4.5264714926805615e-06,0.14655783110156334,1.8500563223165022e-06,3.6474407032001708e-05,3.6474407032001708e-05,1.9267846000925459e-06,0.93855640762443437,0.99999872854370253,0.96367374664791572,0.14491531894299567,0.14628211012777909,0.96630958181929849,0.054717603693756452,0.14628211012777909,1
C,3,0.0001,79,0.0079000000000000008,0.14655433800579853,4.5843919593823649e-06,0.14655433800579853,1.8737289231061711e-06,3.6940911851339921e-05,3.6940911851339921e-05,1.9514128734021696e-06,0.93855639236319177,0.9999987122833871,0.96367341996689115,0.1449083392585177,0.14627513398995082,0.96630776504675964,0.054714925773473623,0.14627513398995082,1
C,3,0.0001,80,0.0080000000000000002,0.14655084504244245,4.6423096148178374e-06,0.14655084504244245,1.8974003595314183e-06,3.7407388475488454e-05,3.7407388475488454e-05,1.9760392739875954e-06,0.93855637710290729,0.99999869602409264,0.96367309259343681,0.14490135996291811,0.14626815822601225,0.96630594819939097,0.054712248021650346,0.14626815822601225,1
C,3,0.0001,81,0.0080999999999999996,0.14654735219535875,4.7002244588036394e-06,0.14654735219535875,1.921070631530512e-06,3.7873836903542129e-05,3.7873836903542129e-05,2.0006638018488232e-06,0.9385563618435816,0.99999867976581958,0.96367276452752393,0.14489438105617591,0.1462611828359594,0.96630413127719694,0.054709570438276678,0.1462611828359594,1
C,3,0.0001,82,0.0082000000000000007,0.14654385947049889,4.7581364916181686e-06,0.14654385947049889,1.9447397392240373e-06,3.8340257140931983e-05,3.8340257140931983e-05,2.0252864568748308e-06,0.93855634658521414,0.99999866350856759,0.96367243576912842,0.14488740253826543,0.14625420781975093,0.96630231428017843,0.054706893023340752,0.14625420781975093,1
C,3,0.0001,83,0.0083000000000000001,0.14654036687067365,4.8160457134485483e-06,0.14654036687067365,1.9684076826894719e-06,3.8806649185847664e-05,3.8806649185847664e-05,2.0499072389545958e-06,0.9385563313278048,0.99999864725233645,0.96367210631822287,0.14488042440916268,0.14624723317737773,0.96630049720833966,0.054704215776831509,0.14624723317737773,1
C,3,0.0001,84,0.0084000000000000012,0.14653687439807567,4.8739521245176759e-06,0.14653687439807567,1.9920744620268233e-06,3.9273013043720206e-05,3.9273013043720206e-05,2.0745261489762967e-06,0.93855631607135348,0.99999863099712594,0.9636717761747845,0.1448734466688458,0.14624025890881739,0.96629868006168318,0.054701538698738519,0.14624025890881739,1
C,3,0.0001,85,0.0085000000000000006,0.1465333820482638,4.931855724938405e-06,0.1465333820482638,2.0157400772854383e-06,3.9739348716359947e-05,3.9739348716359947e-05,2.0991431867178889e-06,0.93855630081586017,0.99999861474293628,0.96367144533878202,0.14486646931729086,0.14623328501404115,0.96629686284021321,0.054698861789050743,0.14623328501404115,1
C,3,0.0001,86,0.0086,0.14652988982298526,4.9897565148046056e-06,0.14652988982298526,2.0394045285165468e-06,4.0205656202861728e-05,4.0205656202861728e-05,2.1237583519573278e-06,0.93855628556132487,0.99999859848976724,0.96367111381018689,0.14485949235447274,0.14622631149302723,0.96629504554392276,0.054696185047756481,0.14622631149302723,1
C,3,0.0001,87,0.0087000000000000011,0.14652639772165157,5.0476544943214603e-06,0.14652639772165157,2.0630678158064652e-06,4.0671935506846222e-05,4.0671935506846222e-05,2.1483716452497248e-06,0.93855627030774758,0.99999858223761895,0.96367078158898145,0.14485251578036909,0.14621933834577483,0.96629322817282637,0.054693508474845311,0.14621933834577483,1
C,3,0.0001,88,0.0088000000000000005,0.14652290574277674,5.1055496636194444e-06,0.14652290574277674,2.0867299392154036e-06,4.1138186630123781e-05,4.1138186630123781e-05,2.1729830664840577e-06,0.93855625505512807,0.99999856598649117,0.96367044867513751,0.14484553959495691,0.14621236557224015,0.96629141072692548,0.054690832070306436,0.14621236557224015,1
C,3,0.0001,89,0.0088999999999999999,0.14651941389254952,5.1634420229780907e-06,0.14651941389254952,2.1103908988584835e-06,4.1604409575409914e-05,4.1604409575409914e-05,2.1975926155493042e-06,0.93855623980346659,0.99999854973638413,0.96367011506861922,0.14483856379821497,0.14620539317241293,0.96628959320621743,0.054688155834129878,0.14620539317241293,1
C,3,0.0001,90,0.0090000000000000011,0.1465159221658244,5.221331572435048e-06,0.1465159221658244,2.1340506947658526e-06,4.2070604344514965e-05,4.2070604344514965e-05,2.2222002928895535e-06,0.93855622455276244,0.99999853348729706,0.96366978076941101,0.14483158839011404,0.14619842114627501,0.96628777561070767,0.054685479766302322,0.14619842114627501,1
C,3,0.0001,91,0.0091000000000000004,0.14651243056207275,5.2792183122147751e-06,0.14651243056207275,2.1577093270304222e-06,4.2536770937438942e-05,4.2536770937438942e-05,2.2468060986158278e-06,0.93855620930301631,0.99999851723923083,0.96366944577748315,0.14482461337063457,0.1461914494937997,0.9662859579404004,0.054682803866814393,0.1461914494937997,1
C,3,0.0001,92,0.0091999999999999998,0.14650893907688803,5.3371022422993698e-06,0.14650893907688803,2.1813667956555598e-06,4.3002909357802518e-05,4.3002909357802518e-05,2.2714100327281272e-06,0.93855619405422774,0.99999850099218479,0.96366911009280176,0.14481763873975584,0.14618447821497571,0.96628414019529107,0.054680128135656231,0.14618447821497571,1
C,3,0.0001,93,0.009300000000000001,0.14650544772184981,5.3949833630423024e-06,0.14650544772184981,2.205023100787044e-06,4.3469019607416046e-05,4.3469019607416046e-05,2.2960120951154295e-06,0.93855617880639697,0.99999848474615916,0.96366877371534843,0.1448106644974535,0.14617750730976964,0.96628232237539069,0.054677452572816553,0.14617750730976964,1
C,3,0.0001,94,0.0094000000000000004,0.14650195648694367,5.4528616745740669e-06,0.14650195648694367,2.2286782424858268e-06,4.3935101688995039e-05,4.3935101688995039e-05,2.3206122862218237e-06,0.9385561635595232,0.99999846850115326,0.96366843664510116,0.14480369064370049,0.14617053677816824,0.96628050448070224,0.054674777178282917,0.14617053677816824,1
C,3,0.0001,95,0.0094999999999999998,0.1464984653801063,5.5107371770448429e-06,0.1464984653801063,2.2523322208189987e-06,4.440115560253949e-05,4.440115560253949e-05,2.3452106061583322e-06,0.93855614831360723,0.99999845225716788,0.96366809888202365,0.14479671717847573,0.14616356662015054,0.96627868651122051,0.054672101952045367,0.14616356662015054,1
C,3,0.0001,96,0.0096000000000000009,0.14649497439984674,5.5686098705296319e-06,0.14649497439984674,2.2759850358274372e-06,4.4867181350764927e-05,4.4867181350764927e-05,2.3698070545918881e-06,0.93855613306864838,0.99999843601420224,0.96366776042610158,0.14478974410175666,0.14615659683568741,0.96627686846696381,0.05466942689409339,0.14615659683568741,1
C,3,0.0001,97,0.0097000000000000003,0.14649148353985117,5.6264797552708047e-06,0.14649148353985117,2.2996366876107351e-06,4.5333178934576508e-05,4.5333178934576508e-05,2.3944016321886252e-06,0.9385561178246471,0.9999984197722569,0.96366742127729665,0.14478277141352011,0.14614962742477125,0.96627505034792005,0.054666752004416092,0.14614962742477125,1
C,3,0.0001,98,0.0097999999999999997,0.14648799280173008,5.6843468313612893e-06,0.14648799280173008,2.3232871762207659e-06,4.57991483585001e-05,4.57991483585001e-05,2.4189943387264989e-06,0.93855610258160282,0.99999840353133118,0.96366708143558866,0.1447757991137387,0.14614265838736529,0.96627323215409666,0.054664077283000996,0.14614265838736529,1
C,3,0.0001,99,0.0099000000000000008,0.14648450219386813,5.7422110990626944e-06,0.14648450219386813,2.3469365017604455e-06,4.6265089622535703e-05,4.6265089622535703e-05,2.4435851744275539e-06,0.93855608733951568,0.99999838729142521,0.96366674090095805,0.14476882720239462,0.14613568972346186,0.96627141388550508,0.054661402729839353,0.14613568972346186,1
C,3,0.0001,100,0.01,0.14648101170881067,5.8000725584500061e-06,0.14648101170881067,2.3705846642750901e-06,4.6731002729398823e-05,4.6731002729398823e-05,2.4681741394028123e-06,0.93855607209838599,0.99999837105253941,0.96366639967336054,0.14476185567945984,0.14612872143302996,0.96626959554212988,0.054658728344918493,0.14612872143302996,1
C,3,0.0001,101,0.010100000000000001,0.1464775213456995,5.8579312096170443e-06,0.1464775213456995,2.3942316638100465e-06,4.7196887680899815e-05,4.7196887680899815e-05,2.4927612338743188e-06,0.93855605685821297,0.99999835481467292,0.9636660577527778,0.14475488454491195,0.14612175351605697,0.9662677771239796,0.054656054128227771,0.14612175351605697,1
C,3,0.0001,102,0.010200000000000001,0.14647403110722826,5.9157870529540897e-06,0.14647403110722826,2.4178775005211382e-06,4.7662744477943837e-05,4.7662744477943837e-05,2.5173464577310511e-06,0.93855604161899708,0.99999833857782627,0.96366571513918708,0.14474791379872831,0.14611478597252542,0.96626595863106357,0.054653380079756689,0.14611478597252542,1
C,3,0.0001,103,0.0103,0.14647054099401249,5.9736400883328785e-06,0.14647054099401249,2.4415221743771198e-06,4.8128573124151589e-05,4.8128573124151589e-05,2.541929810861987e-06,0.9385560263807381,0.99999832234199915,0.96366537183254974,0.14474094344088456,0.14610781880240026,0.96626414006337202,0.05465070619949397,0.14610781880240026,1
C,3,0.0001,104,0.010400000000000001,0.14646705100365193,6.0314903161432915e-06,0.14646705100365193,2.4651656855281247e-06,4.8594373620428238e-05,4.8594373620428238e-05,2.5665112940442825e-06,0.93855601114343612,0.99999830610719165,0.96366502783286367,0.14473397347135825,0.14610085200567732,0.9662623214209286,0.054648032487428944,0.14610085200567732,1
C,3,0.0001,105,0.010500000000000001,0.14646356114021908,6.0893377364611577e-06,0.14646356114021908,2.4888080340186961e-06,4.9060145968584118e-05,4.9060145968584118e-05,2.5910909071669153e-06,0.93855599590709082,0.99999828987340345,0.9636646831400747,0.1447270038901281,0.14609388558232131,0.96626050270371233,0.054645358943551596,0.14609388558232131,1
C,3,0.0001,106,0.0106,0.14646007139677569,6.1471823493058623e-06,0.14646007139677569,2.5124492198685118e-06,4.9525890171334754e-05,4.9525890171334754e-05,2.6156686498968185e-06,0.93855598067170221,0.99999827364063454,0.96366433775418381,0.14472003469717196,0.14608691953231864,0.96625868391175451,0.054642685567851498,0.14608691953231864,1
C,3,0.0001,107,0.010700000000000001,0.14645658178151208,6.2050241550489529e-06,0.14645658178151208,2.5360892432247278e-06,4.9991606230490493e-05,4.9991606230490493e-05,2.6402445227891036e-06,0.93855596543727016,0.99999825740888482,0.9636639916751476,0.14471306589246133,0.14607995385564979,0.96625686504503305,0.054640012360315675,0.14607995385564979,1
C,3,0.0001,108,0.010800000000000001,0.14645309228758371,6.2628631537484801e-06,0.14645309228758371,2.5597281041256486e-06,5.0457294146051322e-05,5.0457294146051322e-05,2.6648185257327484e-06,0.93855595020379468,0.99999824117815439,0.96366364490293765,0.14470609747597143,0.14607298855229067,0.96625504610355561,0.054637339320932801,0.14607298855229067,1
C,3,0.0001,109,0.0109,0.14644960291715503,6.3206993455524958e-06,0.14644960291715503,2.5833658026339732e-06,5.0922953922543107e-05,5.0922953922543107e-05,2.6893906585057081e-06,0.93855593497127598,0.99999822494844326,0.96366329743754353,0.14469912944768532,0.14606602362221832,0.96625322708733652,0.054634666449694329,0.14606602362221832,1
C,3,0.0001,110,0.011000000000000001,0.14644611367194219,6.3785327307037225e-06,0.14644611367194219,2.607002338855156e-06,5.1388585561776188e-05,5.1388585561776188e-05,2.713960922218206e-06,0.93855591973971364,0.99999820871975109,0.96366294927893059,0.14469216180757427,0.14605905906542166,0.96625140799637188,0.054631993746587316,0.14605905906542166,1
C,3,0.0001,111,0.0111,0.1464426245507329,6.4363633092216979e-06,0.1464426245507329,2.6306377128069825e-06,5.1854189063750572e-05,5.1854189063750572e-05,2.7385293160930857e-06,0.93855590450910742,0.99999819249207778,0.96366260042706375,0.14468519455561818,0.14605209488187157,0.96624958883065659,0.054629321211602196,0.14605209488187157,1
C,3,0.0001,112,0.0112,0.14643913555556209,6.4941910814044791e-06,0.14643913555556209,2.6542719246130841e-06,5.2319764431181764e-05,5.2319764431181764e-05,2.763095840352392e-06,0.93855588927945777,0.99999817626542353,0.96366225088192681,0.1446782276917922,0.14604513107154257,0.96624776959020275,0.054626648844727427,0.14604513107154257,1
C,3,0.0001,113,0.011300000000000001,0.14643564668276093,6.5520160472343787e-06,0.14643564668276093,2.6779049742779533e-06,5.2785311665880113e-05,5.2785311665880113e-05,2.787660495440214e-06,0.93855587405076424,0.99999816003978803,0.96366190064349533,0.14467126121607762,0.14603816763442659,0.96624595027501703,0.054623976645953996,0.14603816763442659,1
C,3,0.0001,114,0.0114,0.14643215793472816,6.6098382071383417e-06,0.14643215793472816,2.7015368619731228e-06,5.3250830771466303e-05,5.3250830771466303e-05,2.8122232812455294e-06,0.93855585882302728,0.99999814381517171,0.96366154971173001,0.14466429512844284,0.1460312045704982,0.96624413088508354,0.054621304615267638,0.1460312045704982,1
C,3,0.0001,115,0.0115,0.14642866931236537,6.6676575610624571e-06,0.14642866931236537,2.7251675876921678e-06,5.3716321748845508e-05,5.3716321748845508e-05,2.8367841977683383e-06,0.93855584359624611,0.9999981275915738,0.96366119808661876,0.14465732942887038,0.14602424187972346,0.96624231142042294,0.054618632752659824,0.14602424187972346,1
C,3,0.0001,116,0.011600000000000001,0.14642518081245851,6.7254741091012554e-06,0.14642518081245851,2.7487971514786534e-06,5.4181784597112549e-05,5.4181784597112549e-05,2.8613432454527299e-06,0.93855582837042162,0.99999811136899508,0.96366084576813293,0.14465036411733756,0.14601727956210248,0.96624049188103689,0.054615961058119958,0.14601727956210248,1
C,3,0.0001,117,0.0117,0.14642169243699521,6.7832878515700083e-06,0.14642169243699521,2.7724255534637096e-06,5.4647219322603638e-05,5.4647219322603638e-05,2.8859004240766595e-06,0.93855581314555259,0.99999809514743454,0.96366049275623245,0.1446433991938173,0.14601031761759298,0.96623867226691484,0.054613289531635731,0.14601031761759298,1
C,3,0.0001,118,0.0118,0.14641820418519913,6.8410987885818658e-06,0.14641820418519913,2.7960527936998537e-06,5.5112625923508428e-05,5.5112625923508428e-05,2.910455733973194e-06,0.93855579792163979,0.99999807892689274,0.96366013905091252,0.14463643465829013,0.14600335604619116,0.96623685257807757,0.05461061817319763,0.14600335604619116,1
C,3,0.0001,119,0.011900000000000001,0.1464147160633171,6.8989069204889657e-06,0.1464147160633171,2.8196788723376632e-06,5.5578004407068286e-05,5.5578004407068286e-05,2.9350091752533558e-06,0.93855578269868223,0.99999806270736868,0.96365978465213109,0.1446294705107268,0.145996394847872,0.96623503281451406,0.054607946982792539,0.145996394847872,1
C,3,0.0001,120,0.012,0.14641122805854584,6.9567122470527285e-06,0.14641122805854584,2.8433037892899369e-06,5.6043354768757366e-05,5.6043354768757366e-05,2.9595607475840779e-06,0.93855576747668135,0.99999804648886392,0.96365942955985884,0.14462250675110996,0.14598943402261289,0.96623321297622222,0.054605275960411849,0.14598943402261289,1
C,3,0.0001,121,0.012100000000000001,0.14640774017982106,7.0145147686997074e-06,0.14640774017982106,2.8669275447340481e-06,5.6508677014911853e-05,5.6508677014911853e-05,2.9841104519645612e-06,0.93855575225563603,0.99999803027137735,0.96365907377408933,0.14461554337941293,0.14598247357039748,0.96623139306322614,0.054602605106043409,0.14598247357039748,1
C,3,0.0001,122,0.012200000000000001,0.14640425242374444,7.0723144854320833e-06,0.14640425242374444,2.8905501386795899e-06,5.6973971143721421e-05,5.6973971143721421e-05,3.0086582876176493e-06,0.93855573703554618,0.99999801405490873,0.96365871729478136,0.144608580395612,0.14597551349119556,0.96622957307551383,0.054599934419676185,0.14597551349119556,1
C,3,0.0001,123,0.0123,0.14640076479220188,7.1301113975647349e-06,0.14640076479220188,2.9141715712582361e-06,5.7439237160617083e-05,5.7439237160617083e-05,3.033204254765387e-06,0.938555721816412,0.99999799783945842,0.96365836012190953,0.14460161779968841,0.14596855378500578,0.96622775301308994,0.054597263901301048,0.14596855378500578,1
C,3,0.0001,124,0.012400000000000001,0.14639727728669072,7.1879055052109953e-06,0.14639727728669072,2.9377918425226895e-06,5.7904475068314365e-05,5.7904475068314365e-05,3.0577483539628858e-06,0.93855570659823373,0.99999798162502651,0.96365800225544773,0.14459465559161389,0.14596159445178611,0.9662259328759536,0.054594593550905172,0.14596159445178611,1
C,3,0.0001,125,0.012500000000000001,0.14639378990167418,7.2456968084643979e-06,0.14639378990167418,2.96141095252199e-06,5.8369684864097755e-05,5.8369684864097755e-05,3.082290585321168e-06,0.93855569138101036,0.99999796541161212,0.9636576436953761,0.14458769377136729,0.14595463549152488,0.96622411266411479,0.054591923368478484,0.14595463549152488,1
C,3,0.0001,126,0.0126,0.14639030264345002,7.3034853075303229e-06,0.14639030264345002,2.9850289013405622e-06,5.8834866554303438e-05,5.8834866554303438e-05,3.106830948285122e-06,0.93855567616474278,0.99999794919921603,0.9636572844416651,0.14458073233892435,0.14594767690419774,0.96622229237757495,0.054589253354009819,0.14594767690419774,1
C,3,0.0001,127,0.012700000000000001,0.14638681550655069,7.3612710025207336e-06,0.14638681550655069,3.0086456890361619e-06,5.9300020137121088e-05,5.9300020137121088e-05,3.1313694436319039e-06,0.93855566094943099,0.99999793298783823,0.96365692449428375,0.14457377129426249,0.14594071868979125,0.96622047201633332,0.054586583507488559,0.14594071868979125,1
C,3,0.0001,128,0.012800000000000001,0.14638332849747349,7.4190538936966763e-06,0.14638332849747349,3.0322613157131371e-06,5.9765145617981724e-05,5.9765145617981724e-05,3.1559060713615139e-06,0.93855564573507366,0.99999791677747751,0.96365656385321263,0.14456681063736135,0.14593376084827206,0.96621865158039721,0.054583913828904956,0.14593376084827206,1
C,3,0.0001,129,0.0129,0.14637984161018178,7.4768339810583873e-06,0.14637984161018178,3.0558757813890117e-06,6.0230242996885354e-05,6.0230242996885354e-05,3.1804408311408849e-06,0.93855563052167212,0.99999790056813509,0.9636562025184191,0.1445598503681936,0.14592680337963468,0.96621683106976219,0.05458124431824652,0.14592680337963468,1
C,3,0.0001,130,0.013000000000000001,0.14637635484710482,7.5346112649792252e-06,0.14637635484710482,3.0794890862124502e-06,6.069531227564231e-05,6.069531227564231e-05,3.2049737236361509e-06,0.93855561530922582,0.99999788435981041,0.96365584048987962,0.14455289048673484,0.14591984628384599,0.96621501048443637,0.054578574975502052,0.14591984628384599,1
C,3,0.0001,131,0.013100000000000001,0.14637286820904694,7.5923857453846866e-06,0.14637286820904694,3.1031012301655234e-06,6.1160353456968112e-05,6.1160353456968112e-05,3.2295047485142447e-06,0.93855560009773442,0.99999786815250313,0.96365547776757032,0.1445459309929642,0.1459128895608886,0.9662131898244235,0.05457590580066158,0.1459128895608886,1
C,3,0.0001,132,0.0132,0.14636938169319844,7.6501574225918685e-06,0.14636938169319844,3.1267122133847239e-06,6.162536654267312e-05,6.162536654267312e-05,3.2540339061082335e-06,0.93855558488719815,0.9999978519462136,0.963655114351468,0.14453897188685624,0.1459059332107428,0.96621136908972671,0.054573236793713328,0.1459059332107428,1
C,3,0.0001,133,0.013300000000000001,0.14636589530370553,7.707926296750262e-06,0.14636589530370553,3.1503220359299606e-06,6.2090351534567647e-05,6.2090351534567647e-05,3.2785611968622064e-06,0.938555569677617,0.9999978357409417,0.96365475024153868,0.14453201316839048,0.14589897723338952,0.96620954828034522,0.054570567954647604,0.14589897723338952,1
C,3,0.0001,134,0.0134,0.14636240903923539,7.7656923679528832e-06,0.14636240903923539,3.1739306978520352e-06,6.2555308435367226e-05,6.2555308435367226e-05,3.3030866201100295e-06,0.93855555446899064,0.99999781953668698,0.96365438543774828,0.14452505483754097,0.14589202162880285,0.96620772739627159,0.05456789928345248,0.14589202162880285,1
C,3,0.0001,135,0.0135,0.14635892289292887,7.8234556362759804e-06,0.14635892289292887,3.1975381991899489e-06,6.3020237245071844e-05,6.3020237245071844e-05,3.3276101764068144e-06,0.93855553926131918,0.99999780333344979,0.96365401994009692,0.14451809689428768,0.14588506639696777,0.96620590643753423,0.054565230780118275,0.14588506639696777,1
C,3,0.0001,136,0.013600000000000001,0.14635543687679436,7.8812161020357069e-06,0.14635543687679436,3.2211445400731542e-06,6.3485137966397034e-05,6.3485137966397034e-05,3.3521318658635835e-06,0.93855552405460252,0.99999778713122989,0.96365365374853673,0.1445111393386066,0.14587811153785857,0.96620408540411917,0.054562562444633984,0.14587811153785857,1
C,3,0.0001,137,0.0137,0.14635195098193413,7.9389737653992669e-06,0.14635195098193413,3.244749720578673e-06,6.3950010602058303e-05,6.3950010602058303e-05,3.3766516885913589e-06,0.93855550884884087,0.99999777093002751,0.96365328686304919,0.1445041821704712,0.14587115705145448,0.96620226429603195,0.054559894276987417,0.14587115705145448,1
C,3,0.0001,138,0.013800000000000002,0.14634846521579814,7.9967286265169733e-06,0.14634846521579814,3.2683537407727738e-06,6.4414855153865997e-05,6.4414855153865997e-05,3.4011696445901407e-06,0.93855549364403335,0.99999775472984165,0.96365291928360386,0.14449722538985968,0.14586420293773658,0.96620044311327069,0.054557226277168185,0.14586420293773658,1
C,3,0.0001,139,0.013900000000000001,0.14634497956935569,8.0544806854079622e-06,0.14634497956935569,3.2919566006747813e-06,6.4879671621820116e-05,6.4879671621820116e-05,3.4256857340819735e-06,0.9385554784401805,0.99999773853067309,0.96365255101018277,0.14449026899674741,0.14585724919668738,0.96619862185584882,0.054554558445165026,0.14585724919668738,1
C,3,0.0001,140,0.014,0.1463414940460192,8.1122299421663797e-06,0.1463414940460192,3.3155583003284696e-06,6.5344460009541326e-05,6.5344460009541326e-05,3.4501999571778796e-06,0.93855546323728267,0.99999772233252193,0.96365218204274605,0.14448331299111483,0.14585029582828363,0.96619680052375467,0.054551890780968441,0.14585029582828363,1
C,3,0.0001,141,0.014100000000000001,0.14633800864742391,8.1699763972189813e-06,0.14633800864742391,3.3391588399089477e-06,6.5809220320650334e-05,6.5809220320650334e-05,3.4747123138778591e-06,0.9385554480353393,0.99999770613538774,0.96365181238128195,0.1444763573729371,0.14584334283250019,0.96619497911700625,0.054549223284567031,0.14584334283250019,1
C,3,0.0001,142,0.014200000000000001,0.14633452337291841,8.227720050567876e-06,0.14633452337291841,3.3627582194251381e-06,6.6273952553336807e-05,6.6273952553336807e-05,3.4992228042929341e-06,0.93855543283435006,0.99999768993927018,0.96365144202575714,0.14446940214218901,0.14583639020932618,0.96619315763559666,0.05454655595594908,0.14583639020932618,1
C,3,0.0001,143,0.0143,0.14633103822381036,8.2854609025465577e-06,0.14633103822381036,3.3863564390191433e-06,6.6738656713936917e-05,6.6738656713936917e-05,3.5237314287561716e-06,0.93855541763431527,0.99999767374416959,0.96365107097615355,0.14446244729885052,0.14582943795873349,0.96619133607953911,0.054543888795105029,0.14582943795873349,1
C,3,0.0001,144,0.014400000000000001,0.14632755319723423,8.3431989530279139e-06,0.14632755319723423,3.4099534986498073e-06,6.7203332799735171e-05,6.7203332799735171e-05,3.5482381871565494e-06,0.93855540243523494,0.99999765755008596,0.96365069923242896,0.14445549284289474,0.14582248608069862,0.96618951444881995,0.054541221802022637,0.14582248608069862,1
C,3,0.0001,145,0.014500000000000001,0.14632406829451192,8.4009342022539401e-06,0.14632406829451192,3.4335493984211648e-06,6.766798081435225e-05,6.766798081435225e-05,3.5727430794940673e-06,0.93855538723710885,0.99999764135701896,0.96365032679456564,0.14444853877430303,0.1458155345752129,0.96618769274345251,0.054538554976692862,0.1458155345752129,1
C,3,0.0001,146,0.0146,0.14632058351530625,8.4586666504839336e-06,0.14632058351530625,3.4571441384438026e-06,6.8132600760503658e-05,6.8132600760503658e-05,3.5972461058797478e-06,0.93855537203993655,0.99999762516496826,0.96364995366253536,0.14444158509304697,0.14580858344224945,0.96618587096343145,0.054535888319102721,0.14580858344224945,1
C,3,0.0001,147,0.014700000000000001,0.14631709886090097,8.51639629786829e-06,0.14631709886090097,3.4807377187828154e-06,6.8597192639999744e-05,6.8597192639999744e-05,3.6217472668687023e-06,0.93855535684371905,0.99999760897393475,0.9636495798363226,0.14443463179910726,0.14580163268177837,0.96618404910877564,0.054533221829242987,0.14580163268177837,1
C,3,0.0001,148,0.014800000000000001,0.14631361433066989,8.574123144556094e-06,0.14631361433066989,3.5043301395062794e-06,6.906175645555604e-05,6.906175645555604e-05,3.6462465621278639e-06,0.93855534164845511,0.99999759278391731,0.96364920531588394,0.14442767889245858,0.14579468229378859,0.96618222717946789,0.054530555507101973,0.14579468229378859,1
C,3,0.0001,149,0.0149,0.14631012992559372,8.6318471906044253e-06,0.14631012992559372,3.5279214006478568e-06,6.9526292207172533e-05,6.9526292207172533e-05,3.6707439919902995e-06,0.93855532645414508,0.99999757659491628,0.96364883010121416,0.14442072637307679,0.14578773227825603,0.96618040517553405,0.054527889352668522,0.14578773227825603,1
C,3,0.0001,150,0.015000000000000001,0.14630664564134691,8.689568436199528e-06,0.14630664564134691,3.5515115022898795e-06,6.9990799896659555e-05,6.9990799896659555e-05,3.69523955601192e-06,0.93855531126078917,0.99999756040693166,0.96364845419226297,0.14441377424093998,0.14578078263516092,0.96617858309694871,0.054525223365932192,0.14578078263516092,1
C,3,0.0001,151,0.015100000000000001,0.14630316148317765,8.7472868815839278e-06,0.14630316148317765,3.5751004445346076e-06,7.0455279528542974e-05,7.0455279528542974e-05,3.7197332550809037e-06,0.93855529606838706,0.99999754421996345,0.96364807758902327,0.14440682249602269,0.1457738333644808,0.96617676094373828,0.054522557546881407,0.1457738333644808,1
C,3,0.0001,152,0.0152,0.14629967744862499,8.805002526869462e-06,0.14629967744862499,3.5986882274326815e-06,7.0919731101917616e-05,7.0919731101917616e-05,3.744225088975206e-06,0.93855528087693885,0.99999752803401154,0.96364770029146574,0.14439987113830807,0.14576688446619843,0.9661749387158991,0.05451989189550769,0.14576688446619843,1
C,3,0.0001,153,0.015300000000000001,0.14629619353502696,8.8627153721683522e-06,0.14629619353502696,3.6222748510394141e-06,7.1384154620404187e-05,7.1384154620404187e-05,3.7687150579168716e-06,0.93855526568644421,0.99999751184907559,0.96364732229954808,0.14439292016776759,0.14575993594029282,0.96617311641342252,0.054517226411798229,0.14575993594029282,1
C,3,0.0001,154,0.0154,0.14629270974932931,8.9204254177420521e-06,0.14629270974932931,3.6458603154648498e-06,7.1848550085812994e-05,7.1848550085812994e-05,3.7932031619059003e-06,0.93855525049690303,0.9999974956651555,0.96364694361326397,0.14438596958437688,0.14575298778673798,0.9661712940363264,0.054514561095741709,0.14575298778673798,1
C,3,0.0001,155,0.0155,0.14628922608729283,8.9781326637023293e-06,0.14628922608729283,3.6694446207621861e-06,7.2312917499049237e-05,7.2312917499049237e-05,3.8176894009422924e-06,0.93855523530831564,0.99999747948225171,0.96364656423257466,0.1443790193881174,0.14574604000552585,0.96616947158460376,0.054511895947329074,0.14574604000552585,1
C,3,0.0001,156,0.015600000000000001,0.14628574254630583,9.035837110124292e-06,0.14628574254630583,3.6930277669709557e-06,7.2777256862828423e-05,7.2777256862828423e-05,3.8421737751370699e-06,0.93855522012068193,0.99999746330036399,0.96364618415745562,0.14437206957896412,0.14573909259662499,0.96616764905825836,0.054509230966548805,0.14573909259662499,1
C,3,0.0001,157,0.015700000000000002,0.14628225913141177,9.0935387572505881e-06,0.14628225913141177,3.7166097541924799e-06,7.3241568178960883e-05,7.3241568178960883e-05,3.8666562848232999e-06,0.93855520493400169,0.99999744711949212,0.96364580338789407,0.14436512015689121,0.14573214556001479,0.96616582645730409,0.054506566153388995,0.14573214556001479,1
C,3,0.0001,158,0.015800000000000002,0.14627877583998583,9.1512376052118909e-06,0.14627877583998583,3.7401905824902285e-06,7.3705851449256979e-05,7.3705851449256979e-05,3.8911369298899601e-06,0.93855518974827457,0.99999743093963589,0.96364542192384317,0.14435817112187799,0.14572519889568095,0.96616400378172718,0.054503901507839909,0.14572519889568095,1
C,3,0.0001,159,0.015900000000000001,0.14627529267147027,9.2089336540837863e-06,0.14627529267147027,3.7637702519042162e-06,7.4170106674621871e-05,7.4170106674621871e-05,3.9156157104480727e-06,0.93855517456350102,0.99999741476079551,0.96364503976529414,0.14435122247389701,0.14571825260358612,0.96616218103154261,0.05450123702988896,0.14571825260358612,1
C,3,0.0001,160,0.016,0.14627180962756337,9.2666269042556554e-06,0.14627180962756337,3.7873487625872003e-06,7.4634333859581423e-05,7.4634333859581423e-05,3.9400926267196823e-06,0.93855515937968048,0.99999739858297065,0.96364465691221657,0.14434427421292789,0.14571130668372589,0.9661603582067495,0.054498572719526371,0.14571130668372589,1
C,3,0.0001,161,0.0161,0.14626832671063647,9.3243173557296276e-06,0.14626832671063647,3.810926114556423e-06,7.5098533004135638e-05,7.5098533004135638e-05,3.9645676790378559e-06,0.93855514419681352,0.99999738240616176,0.9636442733645747,0.14433732633894861,0.14570436113606994,0.9661585353073463,0.054495908576741914,0.14570436113606994,1
C,3,0.0001,162,0.016199999999999999,0.14626484391347472,9.3820050086730851e-06,0.14626484391347472,3.8345023078836217e-06,7.556270411100002e-05,7.556270411100002e-05,3.9890408668474819e-06,0.93855512901489946,0.99999736623036806,0.9636438891223601,0.14433037885193592,0.1456974159606069,0.96615671233334899,0.054493244601524604,0.1456974159606069,1
C,3,0.0001,163,0.016300000000000002,0.14626136124021219,9.4396898630695886e-06,0.14626136124021219,3.8580773425749022e-06,7.6026847180174571e-05,7.6026847180174571e-05,4.0135121910367388e-06,0.93855511383393853,0.99999735005558998,0.96364350418553291,0.14432343175186699,0.14569047115731651,0.96615488928474724,0.054490580793863784,0.14569047115731651,1
C,3,0.0001,164,0.016400000000000001,0.14625787869104287,9.4973719194375969e-06,0.14625787869104287,3.8816512188363547e-06,7.6490962216185142e-05,7.6490962216185142e-05,4.037981651383582e-06,0.93855509865393072,0.99999733388182743,0.96364311855406792,0.14431648503871528,0.14568352672617238,0.96615306616154761,0.054487917153747428,0.14568352672617238,1
C,3,0.0001,165,0.016500000000000001,0.14625439626829001,9.5550511777058491e-06,0.14625439626829001,3.9052239366528361e-06,7.6955049219031761e-05,7.6955049219031761e-05,4.0624492476659668e-06,0.93855508347487593,0.99999731770908029,0.96364273222793395,0.14430953871245686,0.14567658266714759,0.96615124296374466,0.054485253681164338,0.14567658266714759,1
C,3,0.0001,166,0.0166,0.14625091396826664,9.6127276380968946e-06,0.14625091396826664,3.9287954961202509e-06,7.7419108192335094e-05,7.7419108192335094e-05,4.0869149804390048e-06,0.93855506829677393,0.99999730153734823,0.96364234520712555,0.14430259277307333,0.14566963898023005,0.96614941969136026,0.05448259037610545,0.14566963898023005,1
C,3,0.0001,167,0.0167,0.14624743179211688,9.6704013007970434e-06,0.14624743179211688,3.9523658973172798e-06,7.7883139137000301e-05,7.7883139137000301e-05,4.1113788495916737e-06,0.93855505311962473,0.99999728536663135,0.96364195749159542,0.14429564722053859,0.1456626956653993,0.96614759634437886,0.054479927238558906,0.1456626956653993,1
C,3,0.0001,168,0.016800000000000002,0.14624394973717034,9.7280721657710403e-06,0.14624394973717034,3.9759351402457178e-06,7.8347142054837756e-05,7.8347142054837756e-05,4.135840855346018e-06,0.93855503794342843,0.99999726919692988,0.96364156908133136,0.14428870205483019,0.14565575272263259,0.96614577292281945,0.054477264268514229,0.14565575272263259,1
C,3,0.0001,169,0.016900000000000002,0.14624046781187433,9.7857402334094353e-06,0.14624046781187433,3.9995032250604618e-06,7.8811116947657777e-05,7.8811116947657777e-05,4.1603009977020378e-06,0.93855502276818459,0.99999725302824305,0.9636411799762914,0.14428175727592299,0.14564881015190587,0.96614394942666459,0.054474601465959747,0.14564881015190587,1
C,3,0.0001,170,0.017000000000000001,0.14623698600532478,9.843405503749391e-06,0.14623698600532478,4.0230701517887294e-06,7.9275063818175885e-05,7.9275063818175885e-05,4.1847592768817776e-06,0.93855500759389388,0.99999723686057185,0.96364079017647353,0.14427481288379385,0.14564186795319833,0.96614212585593895,0.054471938830884546,0.14564186795319833,1
C,3,0.0001,171,0.017100000000000001,0.14623350432357818,9.9010679768860785e-06,0.14623350432357818,4.0466359204765435e-06,7.9738982666392079e-05,7.9738982666392079e-05,4.209215692663193e-06,0.93855499242055507,0.99999722069391483,0.96364039968182846,0.14426786887842388,0.14563492612649584,0.96614030221062897,0.054469276363279667,0.14563492612649584,1
C,3,0.0001,172,0.0172,0.1462300227681812,9.958727653319408e-06,0.1462300227681812,4.0702005313252182e-06,8.0202873498642574e-05,8.0202873498642574e-05,4.2336702458234399e-06,0.93855497724816916,0.99999720452827312,0.96364000849234244,0.14426092525978604,0.14562798467177934,0.96613847849074741,0.054466614063132739,0.14562798467177934,1
C,3,0.0001,173,0.017299999999999999,0.14622654133465873,1.0016384532663161e-05,0.14622654133465873,4.0937639841968186e-06,8.0666736311306661e-05,8.0666736311306661e-05,4.2581229359184292e-06,0.93855496207673594,0.99999718836364648,0.96363961660797925,0.14425398202785999,0.14562104358901581,0.96613665469628907,0.05446395193043406,0.14562104358901581,1
C,3,0.0001,174,0.017400000000000002,0.14622306002299504,1.0074038615417208e-05,0.14622306002299504,4.1173262792935059e-06,8.1130571109815382e-05,8.1130571109815382e-05,4.2825737632812277e-06,0.93855494690625463,0.99999717220003403,0.96363922402872326,0.14424703918261864,0.14561410287820231,0.9661348308272576,0.054461289965171064,0.14561410287820231,1
C,3,0.0001,175,0.017500000000000002,0.14621957883905479,1.0131689901824879e-05,0.14621957883905479,4.1408874167211017e-06,8.1594377895979081e-05,8.1594377895979081e-05,4.3070227279118356e-06,0.93855493173672622,0.99999715603743689,0.96363883075454615,0.14424009672403956,0.14560716253929934,0.96613300688366111,0.054458628167333427,0.14560716253929934,1
C,3,0.0001,176,0.017600000000000001,0.14621609777572309,1.0189338391812577e-05,0.14621609777572309,4.1644473964591451e-06,8.205815666979776e-05,8.205815666979776e-05,4.3314698296992304e-06,0.93855491656814971,0.99999713987585392,0.96363843678541539,0.14423315465209857,0.14560022257229494,0.96613118286549637,0.054455966536909983,0.14560022257229494,1
C,3,0.0001,177,0.0177,0.14621261683591269,1.0246984085640841e-05,0.14621261683591269,4.1880062186164815e-06,8.2521907434892112e-05,8.2521907434892112e-05,4.3559150690875015e-06,0.93855490140052511,0.99999712371528526,0.96363804212131376,0.14422621296677526,0.14559328297716656,0.96612935877277473,0.054453305073890894,0.14559328297716656,1
C,3,0.0001,178,0.0178,0.14620913602380214,1.0304626983570622e-05,0.14620913602380214,4.2115638833052952e-06,8.2985630193072455e-05,8.2985630193072455e-05,4.3803584462986933e-06,0.93855488623385297,0.99999710755573135,0.96363764676221031,0.14421927166804732,0.14558634375389778,0.96612753460549328,0.054450643778265667,0.14558634375389778,1
C,3,0.0001,179,0.017899999999999999,0.14620565533394672,1.0362267085547396e-05,0.14620565533394672,4.2351203905151544e-06,8.3449324945243978e-05,8.3449324945243978e-05,4.4047999608887167e-06,0.93855487106813273,0.99999709139719173,0.96363725070807416,0.14421233075588716,0.14557940490245991,0.96612571036364925,0.054447982650021813,0.14557940490245991,1
C,3,0.0001,180,0.018000000000000002,0.14620217476587391,1.0419904391757752e-05,0.14620217476587391,4.2586757403269954e-06,8.3912991692311852e-05,8.3912991692311852e-05,4.4292396135237055e-06,0.9385548559033644,0.99999707523966619,0.96363685395889087,0.14420539023027576,0.1455724664228408,0.96612388604725807,0.054445321689150082,0.1455724664228408,1
C,3,0.0001,181,0.018100000000000002,0.14619869432241259,1.0477538902462204e-05,0.14619869432241259,4.2822299328509801e-06,8.4376630439707105e-05,8.4376630439707105e-05,4.4536774039816152e-06,0.93855484073954853,0.99999705908315561,0.96363645651462126,0.14419845009118942,0.1455655283150121,0.96612206165630854,0.054442660895639428,0.1455655283150121,1
C,3,0.0001,182,0.018200000000000001,0.1461952140045816,1.0535170617828596e-05,0.1461952140045816,4.3057829681603437e-06,8.4840241186524563e-05,8.4840241186524563e-05,4.4781133323734679e-06,0.93855482557668424,0.99999704292765879,0.96363605837524924,0.14419151033860325,0.1455585905789549,0.96612023719081197,0.054440000269478352,0.1455585905789549,1
C,3,0.0001,183,0.0183,0.14619173380860576,1.0592799537950391e-05,0.14619173380860576,4.3293348463048427e-06,8.5303823936384905e-05,8.5303823936384905e-05,4.5025473992543752e-06,0.93855481041477196,0.99999702677317637,0.96363565954074459,0.14418457097249118,0.14555165321465555,0.9661184126507707,0.054437339810655058,0.14555165321465555,1
C,3,0.0001,184,0.0184,0.14618825373704616,1.0650425662941067e-05,0.14618825373704616,4.3528855673357869e-06,8.576737868928816e-05,8.576737868928816e-05,4.5269796039582033e-06,0.93855479525381125,0.9999970106197078,0.96363526001107735,0.1441776319928311,0.14554471622208692,0.96611658803618339,0.054434679519159083,0.14554471622208692,1
C,3,0.0001,185,0.018500000000000003,0.14618477378812705,1.0708048993041423e-05,0.14618477378812705,4.3764351313553589e-06,8.6230905448854978e-05,8.6230905448854978e-05,4.5514099470400637e-06,0.93855478009380244,0.99999699446725343,0.96363485978623586,0.14417069339960581,0.14553777960123282,0.96611476334706337,0.054432019394981788,0.14553777960123282,1
C,3,0.0001,186,0.018600000000000002,0.1461812939643693,1.0765669528457557e-05,0.1461812939643693,4.3999835384522051e-06,8.6694404216895721e-05,8.6694404216895721e-05,4.5758384287220011e-06,0.93855476493474499,0.99999697831581269,0.96363445886618726,0.14416375519278501,0.14553084335206304,0.96611293858340763,0.054429359438109663,0.14553084335206304,1
C,3,0.0001,187,0.018700000000000001,0.14617781426357024,1.082328726922684e-05,0.14617781426357024,4.4235307886533313e-06,8.7157874994315561e-05,8.7157874994315561e-05,4.6002650491150376e-06,0.93855474977663922,0.99999696216538603,0.96363405725089168,0.14415681737234884,0.14552390747457239,0.96611111374520953,0.054426699648533299,0.14552390747457239,1
C,3,0.0001,188,0.018800000000000001,0.14617433468695834,1.0880902215554547e-05,0.14617433468695834,4.4470768820446157e-06,8.7621317783830019e-05,8.7621317783830019e-05,4.6246898083301957e-06,0.93855473461948502,0.99999694601597311,0.96363365494034914,0.14414987993827602,0.14551697196872534,0.96610928883249259,0.05442404002624239,0.14551697196872534,1
C,3,0.0001,189,0.0189,0.14617085523383821,1.0938514367553497e-05,0.14617085523383821,4.4706218186814551e-06,8.8084732586344241e-05,8.8084732586344241e-05,4.6491127058123638e-06,0.93855471946328251,0.99999692986757427,0.96363325193450899,0.14414294289053747,0.14551003683450273,0.9661074638452366,0.054421380571223997,0.14551003683450273,1
C,3,0.0001,190,0.019,0.14616737590541698,1.0996123725465175e-05,0.14616737590541698,4.4941655986656036e-06,8.8548119404573773e-05,8.8548119404573773e-05,4.6735337424497203e-06,0.9385547043080309,0.99999691372018851,0.96363284823335171,0.14413600622911701,0.14550310207189074,0.96610563878345257,0.05441872128346991,0.14550310207189074,1
C,3,0.0001,191,0.019100000000000002,0.14616389669975777,1.1053730289494556e-05,0.14616389669975777,4.5177082220864053e-06,8.9011478241234109e-05,8.9011478241234109e-05,4.6979529182422652e-06,0.93855468915373064,0.99999689757381638,0.96363244383685676,0.14412906995398825,0.14549616768087095,0.96610381364714659,0.054416062162968119,0.14549616768087095,1
C,3,0.0001,192,0.019200000000000002,0.14616041761887821,1.1111334059514125e-05,0.14616041761887821,4.5412496889070889e-06,8.9474809096325262e-05,8.9474809096325262e-05,4.7223702327459094e-06,0.93855467400038195,0.99999688142845822,0.96363203874499359,0.14412213406512392,0.14548923366140884,0.96610198843631845,0.054413403209706203,0.14548923366140884,1
C,3,0.0001,193,0.019300000000000001,0.14615693865984258,1.1168935035949632e-05,0.14615693865984258,4.5647899992983891e-06,8.9938111973467897e-05,8.9938111973467897e-05,4.7467856867378089e-06,0.93855465884798372,0.99999686528411269,0.96363163295774523,0.14411519856250374,0.1454823000135001,0.96610016315097647,0.054410744423674454,0.1454823000135001,1
C,3,0.0001,194,0.019400000000000001,0.14615345982651073,1.1226533218914903e-05,0.14615345982651073,4.5883291533136673e-06,9.0401386872662043e-05,9.0401386872662043e-05,4.7711992801069414e-06,0.93855464369653718,0.99999684914078113,0.96363122647507138,0.14410826344610819,0.14547536673711195,0.96609833779111598,0.054408085804863504,0.14547536673711195,1
C,3,0.0001,195,0.0195,0.14614998111533875,1.1284128608484011e-05,0.14614998111533875,4.6118671509945e-06,9.0864633798433538e-05,9.0864633798433538e-05,4.7956110127422846e-06,0.93855462854604155,0.99999683299846265,0.96363081929695926,0.14410132871591161,0.14546843383222557,0.96609651235674776,0.05440542735326153,0.14546843383222557,1
C,3,0.0001,196,0.019599999999999999,0.14614650253055619,1.1341721205029362e-05,0.14614650253055619,4.6354039924884659e-06,9.1327852751687557e-05,9.1327852751687557e-05,4.8200208851989501e-06,0.93855461339649671,0.99999681685715736,0.96363041142336781,0.1440943943718864,0.14546150129882407,0.96609468684786171,0.054402769068856063,0.14546150129882407,1
C,3,0.0001,197,0.019700000000000002,0.14614302406682403,1.1399311008403935e-05,0.14614302406682403,4.6589396777558628e-06,9.1791043733329271e-05,9.1791043733329271e-05,4.8444288972548932e-06,0.93855459824790333,0.9999968007168657,0.96363000285428591,0.14408746041401338,0.14545456913688307,0.96609286126447336,0.054400110951637756,0.14545456913688307,1
C,3,0.0001,198,0.019800000000000002,0.14613954572834584,1.1456898018961087e-05,0.14613954572834584,4.6824742069389033e-06,9.2254206746074201e-05,9.2254206746074201e-05,4.8688350485770471e-06,0.93855458310026041,0.99999678457758678,0.96362959358967426,0.14408052684227124,0.14544763734638896,0.96609103560657583,0.054397453001596596,0.14544763734638896,1
C,3,0.0001,199,0.019900000000000001,0.14613606751165581,1.151448223672052e-05,0.14613606751165581,4.7060075800567939e-06,9.271734179082752e-05,9.271734179082752e-05,4.8932393399425678e-06,0.93855456795356862,0.99999676843932117,0.96362918362952199,0.14407359365663344,0.14544070592731118,0.96608920987418134,0.054394795218720302,0.14544070592731118,1
C,3,0.0001,200,0.02,0.14613258941931384,1.1572063661960415e-05,0.14613258941931384,4.7295397972242245e-06,9.3180448872115068e-05,9.3180448872115068e-05,4.9176417715734999e-06,0.93855455280782751,0.99999675230206864,0.96362877297378702,0.14406666085707726,0.14543377487964035,0.96608738406728101,0.054392137602998353,0.14543377487964035,1
C,4,0.0001,0,0,0,1.1102230246251565e-16,0,9.435081445006127e-17,0,0,0,0.93750343228680921,1,0.97446731585809832,0.14768731128790363,0.14907357087242268,0.97480769907896003,0.055796741647191214,0.14907357087242268,1
C,4,0.0001,1,0.0001,0.14907334075572232,5.9017458475376415e-08,0.14907334075572232,2.4097311732148493e-08,9.4920598925324842e-07,9.4920598925324842e-07,2.4981319679540093e-08,0.93750342977582146,0.99999999732162292,0.97446526622310836,0.14765891525967223,0.14904518140358169,0.97480399437636744,0.055785965770137336,0.14904518140358169,1
C,4,0.0001,2,0.00020000000000000001,0.14905914632888015,1.180234049581953e-07,0.14905914632888015,4.8189905839710939e-08,1.8981806956466057e-06,1.8981806956466057e-06,4.9954958392106619e-08,0.93750342726365665,0.99999999464199019,0.97446320453044444,0.1476305257418975,0.1490167981996435,0.9748002893704607,0.0557751927075021,0.1490167981996435,1
C,4,0.0001,3,0.00030000000000000003,0.14904495363798445,1.7701784191261596e-07,0.14904495363798445,7.2277783430786915e-08,2.8469241825804756e-06,2.8469241825804756e-06,7.4920918136101022e-08,0.93750342475031478,0.99999999196110201,0.97446113077834029,0.14760214273295763,0.14898842125916886,0.97479658406135083,0.055764422458527363,0.14898842125916886,1
C,4,0.0001,4,0.00040000000000000002,0.14903076306100968,2.3600077213739691e-07,0.14903076306100968,9.6360945747253549e-08,3.7954365188895809e-06,3.7954365188895809e-06,9.9879200909924748e-08,0.9375034222357963,0.99999998927895883,0.97445904496504199,0.1475737662312048,0.14896005058068984,0.97479287844916229,0.055753655022445198,0.14896005058068984,1
C,4,0.0001,5,0.00050000000000000001,0.14901657460976336,2.9497219835739902e-07,0.14901657460976336,1.2043939400177404e-07,4.7437177697857658e-06,4.7437177697857658e-06,1.2482980804584543e-07,0.93750341972010154,0.99999998659556089,0.97445694708884545,0.14754539623500265,0.14893168616270869,0.97478917253405739,0.055742890398491785,0.14893168616270869,1
C,4,0.0001,6,0.00060000000000000006,0.14900238824192125,3.5393212316875577e-07,0.14900238824192125,1.4451312935437358e-07,5.6917679968579925e-06,5.6917679968579925e-06,1.497727415422645e-07,0.93750341720323116,0.99999998391090894,0.97445483714798908,0.1475170327427249,0.14890332800376946,0.97478546631615337,0.055732128585907516,0.14890332800376946,1
C,4,0.0001,7,0.00069999999999999999,0.14898820389378536,4.1288054918426213e-07,0.14898820389378536,1.685821529724675e-07,6.6395872689409857e-06,6.6395872689409857e-06,1.7470800350860571e-07,0.93750341468518494,0.99999998122500289,0.97445271514072385,0.14748867575273408,0.14887497610244166,0.97478175979556847,0.055721369583928301,0.14887497610244166,1
C,4,0.0001,8,0.00080000000000000004,0.14897402168779156,4.7181747927717381e-07,0.14897402168779156,1.9264646612721941e-07,7.5871756530580282e-06,7.5871756530580282e-06,1.9963559583224821e-07,0.93750341216596345,0.99999997853784306,0.97445058106532612,0.14746032526339983,0.14884663045722479,0.97477805297245212,0.055710613391792951,0.14884663045722479,1
C,4,0.0001,9,0.00090000000000000008,0.14895984155022227,5.3074291587689519e-07,0.14895984155022227,2.1670606991254485e-07,8.5345332053637645e-06,8.5345332053637645e-06,2.2455552006750423e-07,0.93750340964556722,0.99999997584943034,0.97444843492002453,0.14743198127308949,0.14881829106670075,0.97477434584690204,0.055699860008739381,0.14881829106670075,1
C,4,0.0001,10,0.001,0.1489456635047629,5.8965686185511962e-07,0.1489456635047629,2.4076096559965565e-07,9.4816600019386754e-06,9.4816600019386754e-06,2.4946777787970831e-07,0.93750340712399594,0.99999997315976408,0.97444627670311212,0.14740364378018148,0.14878995792940711,0.97477063841907796,0.055689109434009676,0.14878995792940711,1
C,4,0.0001,11,0.0011000000000000001,0.14893148753749397,6.4855931977051712e-07,0.14893148753749397,2.6481115433308332e-07,1.0428556100748847e-05,1.0428556100748847e-05,2.7437237148930649e-07,0.93750340460125081,0.99999997046884581,0.97444410641284496,0.14737531278302538,0.14876163104384307,0.97476693068910414,0.055678361666835166,0.14876163104384307,1
C,4,0.0001,12,0.0012000000000000001,0.14891731366226493,7.0745029227443391e-07,0.14891731366226493,2.8885663729526582e-07,1.1375221567006121e-05,1.1375221567006121e-05,2.9926930267265561e-07,0.93750340207733163,0.99999996777667521,0.97444192404747854,0.14734698828001166,0.14873331040858648,0.97476322265710003,0.055667616706462544,0.14873331040858648,1
C,4,0.0001,13,0.0013000000000000002,0.14890314188866355,7.6632978212726893e-07,0.14890314188866355,3.1289741571242236e-07,1.2321656471356663e-05,1.2321656471356663e-05,3.2415857287304561e-07,0.93750339955223883,0.99999996508325273,0.97443972960527425,0.14731867026949305,0.14870499602213302,0.97475951432319929,0.055656874552124598,0.14870499602213302,1
C,4,0.0001,14,0.0014,0.14888897214128455,8.2519779186924531e-07,0.14888897214128455,3.3693349072294574e-07,1.3267860873577994e-05,1.3267860873577994e-05,3.4904018419990024e-07,0.93750339702597252,0.99999996238857858,0.97443752308450926,0.14729035874984533,0.14867668788308513,0.97475580568753806,0.055646135203062407,0.14867668788308513,1
C,4,0.0001,15,0.0015,0.14887480449986673,8.8405432418878707e-07,0.14887480449986673,3.6096486352238908e-07,1.4213834838881958e-05,1.4213834838881958e-05,3.7391413842957633e-07,0.93750339449853326,0.99999995969265321,0.97443530448342319,0.14726205371944251,0.14864838598996291,0.97475209675021834,0.055635398658516667,0.14864838598996291,1
C,4,0.0001,16,0.0016000000000000001,0.14886063895224169,9.4289938195741742e-07,0.14886063895224169,3.8499153538270745e-07,1.515957843791472e-05,1.515957843791472e-05,3.9878043733843072e-07,0.93750339196992072,0.99999995699547639,0.97443307380029354,0.14723375517665202,0.14862009034129578,0.97474838751138815,0.05562466491772583,0.14862009034129578,1
C,4,0.0001,17,0.0017000000000000001,0.14884647548910399,1.0017329675857719e-06,0.14884647548910399,4.0901350738873825e-07,1.6105091730453802e-05,1.6105091730453802e-05,4.2363908359099867e-07,0.93750338944013634,0.99999995429704958,0.97443083103340522,0.1472054631198367,0.14859180093563146,0.97474467797118447,0.055613933979926145,0.14859180093563146,1
C,4,0.0001,18,0.0018000000000000002,0.14883231408779599,1.0605550838533301e-06,0.14883231408779599,4.3303078077367161e-07,1.7050374781711045e-05,1.7050374781711045e-05,4.484900782975032e-07,0.93750338690917989,0.99999995159737265,0.9744285761810304,0.14717717754739254,0.14856351777154284,0.97474096812974342,0.055603205844366836,0.14856351777154284,1
C,4,0.0001,19,0.0019,0.14881815477208041,1.1193657333744114e-06,0.14881815477208041,4.5704335670539598e-07,1.7995427656898297e-05,1.7995427656898297e-05,4.7333342290123426e-07,0.93750338437705161,0.99999994889644561,0.97442630924138607,0.1471488984576608,0.14853524084751527,0.97473725798714705,0.055592480510276515,0.14853524084751527,1
C,4,0.0001,20,0.002,0.14880399750958703,1.1781649187799806e-06,0.14880399750958703,4.8105123635658453e-07,1.8940250424850282e-05,1.8940250424850282e-05,4.9816911962263788e-07,0.93750338184375204,0.99999994619426935,0.97442403021279145,0.14712062584904592,0.14850697016216038,0.97473354754356811,0.055581757976907412,0.14850697016216038,1
C,4,0.0001,21,0.0021000000000000003,0.14878984236466219,1.236952642869504e-06,0.14878984236466219,5.0505442096971453e-07,1.9884843145344515e-05,1.9884843145344515e-05,5.2299717046011551e-07,0.93750337930928151,0.99999994349084398,0.97442173909349861,0.14709235971990262,0.14847870571396268,0.97472983679911518,0.055571038243493125,0.14847870571396268,1
C,4,0.0001,22,0.0022000000000000001,0.1487756893035167,1.2957289083670545e-06,0.1487756893035167,5.2905291175523174e-07,2.0829205890838609e-05,2.0829205890838609e-05,5.478175774120686e-07,0.93750337677364004,0.99999994078616972,0.97441943588177415,0.14706410006859519,0.14845044750148167,0.97472612575391604,0.055560321309271091,0.14845044750148167,1
C,4,0.0001,23,0.0023,0.14876153829105615,1.354493717571994e-06,0.14876153829105615,5.5304670975340771e-07,2.1773338713864322e-05,2.1773338713864322e-05,5.7263034181076478e-07,0.93750337423682795,0.99999993808024668,0.97441712057587127,0.14703584689351348,0.1484221955232943,0.97472241440807827,0.055549607173488232,0.1484221955232943,1
C,4,0.0001,24,0.0024000000000000002,0.1487473893893117,1.4132470735044143e-06,0.1487473893893117,5.7703581629455057e-07,2.2717241690502142e-05,2.2717241690502142e-05,5.9743546576562778e-07,0.93750337169884579,0.99999993537307563,0.97441479317412305,0.14700760019302481,0.14839394977792544,0.97471870276178452,0.055538895835382927,0.14839394977792544,1
C,4,0.0001,25,0.0025000000000000001,0.14873324254221154,1.4719889785741667e-06,0.14873324254221154,6.0102023246261198e-07,2.3660914878718147e-05,2.3660914878718147e-05,6.2223295060892525e-07,0.93750336915969423,0.99999993266465725,0.97441245367475915,0.14697935996551312,0.1483657102638922,0.9747149908151278,0.055528187294200282,0.1483657102638922,1
C,4,0.0001,26,0.0026000000000000003,0.14871909777112516,1.5307194355984094e-06,0.14871909777112516,6.2499995950653439e-07,2.4604358345535625e-05,2.4604358345535625e-05,6.4702279889417014e-07,0.93750336661937261,0.99999992995499076,0.97441010207605427,0.14695112620934275,0.14833747697979383,0.97471127856822959,0.055517481549177586,0.14833747697979383,1
C,4,0.0001,27,0.0027000000000000001,0.14870495509272669,1.5894384471714973e-06,0.14870495509272669,6.4897499858438412e-07,2.5547572157977854e-05,2.5547572157977854e-05,6.7180501173158547e-07,0.93750336407788226,0.9999999272440776,0.97440773837627614,0.14692289892289775,0.1483092499240975,0.97470756602121456,0.05550677859955995,0.1483092499240975,1
C,4,0.0001,28,0.0028,0.14869081449157015,1.6481460159996487e-06,0.14869081449157015,6.7294535090003637e-07,2.6490556379445241e-05,2.6490556379445241e-05,6.965795918967288e-07,0.93750336153522318,0.99999992453191788,0.9744053625737108,0.14689467810455101,0.14828102909540888,0.97470385317421449,0.055496078444588003,0.14828102909540888,1
C,4,0.0001,29,0.0029000000000000002,0.14867667597348155,1.7068421448253829e-06,0.14867667597348155,6.9691101767176139e-07,2.7433311076961072e-05,2.7433311076961072e-05,7.2134654016675626e-07,0.93750335899139559,0.99999992181851172,0.97440297466665038,0.14686646375266857,0.14825281449226388,0.97470014002737382,0.055485381083500047,0.14825281449226388,1
C,4,0.0001,30,0.0030000000000000001,0.14866253951437913,1.7655268360407671e-06,0.14866253951437913,7.2087199997654928e-07,2.8375836308491424e-05,2.8375836308491424e-05,7.4610585920620309e-07,0.9375033564463997,0.99999991910385932,0.97440057465335661,0.14683825586562663,0.14822460611321725,0.97469642658080169,0.05547468651553817,0.14822460611321725,1
C,4,0.0001,31,0.0031000000000000003,0.14864840514071739,1.8242000924798988e-06,0.14864840514071739,7.4482829906947396e-07,2.9318132144682467e-05,2.9318132144682467e-05,7.7085755012529233e-07,0.93750335390023609,0.99999991638796148,0.97439816253211398,0.14681005444181267,0.14819640395679792,0.97469271283462977,0.055463994739948723,0.14819640395679792,1
C,4,0.0001,32,0.0032000000000000002,0.14863427283965988,1.8828619167380523e-06,0.14863427283965988,7.6877991610852593e-07,3.0260198648934597e-05,3.0260198648934597e-05,7.9560161514447003e-07,0.93750335135290475,0.99999991367081797,0.97439573830121884,0.14678185947960859,0.14816820802156844,0.97468899878900239,0.055453305755976096,0.14816820802156844,1
C,4,0.0001,33,0.0033,0.14862014262515816,1.9415123116136858e-06,0.14862014262515816,7.9272685233480094e-07,3.1202035886459667e-05,3.1202035886459667e-05,8.2033805615111532e-07,0.93750334880440678,0.99999991095243013,0.97439330195888418,0.14675367097738246,0.14814001830607268,0.97468528444398594,0.055442619562859702,0.14814001830607268,1
C,4,0.0001,34,0.0034000000000000002,0.14860601446749236,2.0001512794978139e-06,0.14860601446749236,8.1666910882442247e-07,3.2143643920658074e-05,3.2143643920658074e-05,8.4506687469954045e-07,0.9375033462547413,0.99999990823279683,0.97439085350344645,0.14672548893353057,0.14811183480887335,0.97468156979975329,0.05543193615984908,0.14811183480887335,1
C,4,0.0001,35,0.0035000000000000001,0.14859188840731552,2.0587788233736017e-06,0.14859188840731552,8.4060668689209611e-07,3.3085022818553097e-05,3.3085022818553097e-05,8.6978807267712455e-07,0.93750334370390964,0.99999990551191975,0.97438839293316171,0.146697313346415,0.14808365752849095,0.97467785485641045,0.055421255546181436,0.14808365752849095,1
C,4,0.0001,36,0.0036000000000000003,0.14857776440679202,2.1173949455210197e-06,0.14857776440679202,8.6453958756880207e-07,3.4026172641733709e-05,3.4026172641733709e-05,8.9450165230431367e-07,0.9375033411519117,0.99999990278979856,0.97438592024634463,0.14666914421442576,0.14805548646351363,0.97467413961411187,0.055410577721104227,0.14805548646351363,1
C,4,0.0001,37,0.0037000000000000002,0.14856364247302803,2.1759996488308804e-06,0.14856364247302803,8.8846781213261568e-07,3.496709345541175e-05,3.496709345541175e-05,9.1920761535746465e-07,0.93750333859874802,0.99999990006643391,0.97438343544126171,0.14664098153592428,0.14802732161247489,0.974670424072966,0.055399902683854273,0.14802732161247489,1
C,4,0.0001,38,0.0038,0.14854952262590412,2.2345929360086151e-06,0.14854952262590412,9.1239136178680535e-07,3.5907785326610498e-05,3.5907785326610498e-05,9.4390596283577821e-07,0.93750333604441871,0.99999989734182593,0.9743809385161909,0.14661282530931516,0.14799916297388732,0.97466670823309498,0.055389230433684822,0.14799916297388732,1
C,4,0.0001,39,0.0039000000000000003,0.14853540483950411,2.2931748094273001e-06,0.14853540483950411,9.3631023759939462e-07,3.6848248315107487e-05,3.6848248315107487e-05,9.6859669751481192e-07,0.93750333348892412,0.99999989461597505,0.97437842946942577,0.14658467553295981,0.14797101054637485,0.97466299209463214,0.055378560969832742,0.14797101054637485,1
C,4,0.0001,40,0.0040000000000000001,0.14852128912725907,2.3517452719213189e-06,0.14852128912725907,9.6022444082512769e-07,3.7788482491548869e-05,3.7788482491548869e-05,9.932798206158111e-07,0.93750333093226446,0.99999989188888139,0.97437590829924114,0.14655653220526549,0.14794286432840592,0.97465927565768806,0.055367894291552214,0.14794286432840592,1
C,4,0.0001,41,0.0041000000000000003,0.14850717549351417,2.4103043261968147e-06,0.14850717549351417,9.8413397266691226e-07,3.8728487917523617e-05,3.8728487917523617e-05,1.0179553341371772e-06,0.93750332837444006,0.99999988916054539,0.97437337500392562,0.1465283953245835,0.14791622085553571,0.97465555892239319,0.055357230398076433,0.14791622085553571,1
C,4,0.0001,42,0.0042000000000000006,0.14849306392898393,2.4688519747737454e-06,0.14849306392898393,1.0080388342525492e-06,3.9668264656432126e-05,3.9668264656432126e-05,1.0426232400773117e-06,0.93750332581545159,0.99999988643096771,0.97437082958178634,0.14650026488933324,0.14789038950062341,0.97465184188889353,0.055346569288664424,0.14789038950062341,1
C,4,0.0001,43,0.0043,0.14847895444461059,2.5273882204321615e-06,0.14847895444461059,1.0319390268141167e-06,4.0607812775297687e-05,4.0607812775297687e-05,1.067283540101549e-06,0.93750332325529884,0.99999988370014803,0.97436827203111054,0.14647214089785685,0.14786456337090575,0.97464812455730987,0.055335910962545816,0.14786456337090575,1
C,4,0.0001,44,0.0044000000000000003,0.14846484702417301,2.5859130656922122e-06,0.14846484702417301,1.0558345514813851e-06,4.1547132335709259e-05,4.1547132335709259e-05,1.0919362357642015e-06,0.93750332069398257,0.99999988096808734,0.97436570235014608,0.14644402334855269,0.14783874246527268,0.97464440692772192,0.055325255418971625,0.14783874246527268,1
C,4,0.0001,45,0.0045000000000000005,0.14845074167322689,2.6444265131665965e-06,0.14845074167322689,1.0797254094167095e-06,4.2486223404690126e-05,4.2486223404690126e-05,1.1165813290636706e-06,0.93750331813150334,0.9999998782347862,0.97436312053720664,0.14641591223981149,0.14781292678262195,0.97464068900028322,0.055314602657190202,0.14781292678262195,1
C,4,0.0001,46,0.0045999999999999999,0.14843663839594873,2.702928565672499e-06,0.14843663839594873,1.1036116018690117e-06,4.342508604564069e-05,4.342508604564069e-05,1.1412188225534692e-06,0.93750331556786082,0.99999987550024416,0.97436052659059913,0.14638780757001874,0.14778711632182992,0.97463697077513456,0.055303952676447762,0.14778711632182992,1
C,4,0.0001,47,0.0047000000000000002,0.14842253719615953,2.7614192258230396e-06,0.14842253719615953,1.1274931300030767e-06,4.4363720321961362e-05,4.4363720321961362e-05,1.1658487168997311e-06,0.93750331300305512,0.99999987276446145,0.97435792050860193,0.14635970933753062,0.14776131108175897,0.97463325225238417,0.055293305475979562,0.14776131108175897,1
C,4,0.0001,48,0.0048000000000000004,0.14840843805337417,2.8198984960998304e-06,0.14840843805337417,1.1513699949313791e-06,4.5302126300675411e-05,4.5302126300675411e-05,1.190471014878014e-06,0.93750331043708734,0.99999987002743917,0.97435530228951672,0.14633161754075,0.14773551106131147,0.97462953343216419,0.05528266105503845,0.14773551106131147,1
C,4,0.0001,49,0.0048999999999999998,0.1483943409844472,2.8783663792648087e-06,0.1483943409844472,1.1752421978780789e-06,4.6240304045183254e-05,4.6240304045183254e-05,1.2150857174875185e-06,0.93750330786995728,0.99999986728917711,0.97435267193161634,0.1463035321780769,0.14770971625939638,0.97462581431458239,0.055272019412876391,0.14770971625939638,1
C,4,0.0001,50,0.0050000000000000001,0.14838024598740754,2.9368228779129125e-06,0.14838024598740754,1.1991097400007848e-06,4.7178253617073849e-05,4.7178253617073849e-05,1.239692826726646e-06,0.93750330530166559,0.99999986454967604,0.97435002943318871,0.14627545324789556,0.14768392667485042,0.97462209489975482,0.055261380548739379,0.14768392667485042,1
C,4,0.0001,51,0.0051000000000000004,0.14836615306043865,2.9952679948046602e-06,0.14836615306043865,1.2229726225242479e-06,4.8115975085181919e-05,4.8115975085181919e-05,1.2642923447048204e-06,0.93750330273221272,0.9999998618089363,0.9743473747925685,0.14624738074857507,0.14765814230657828,0.974618375187841,0.055250744461867549,0.14765814230657828,1
C,4,0.0001,52,0.0052000000000000006,0.14835206220720112,3.0537017325516501e-06,0.14835206220720112,1.2468308466127523e-06,4.9053468514719303e-05,4.9053468514719303e-05,1.2888842733094208e-06,0.93750330016159922,0.99999985906695865,0.97434470800801931,0.14621931467849761,0.14763236315345435,0.97461465517893608,0.055240111151506253,0.14763236315345435,1
C,4,0.0001,53,0.0053,0.14833797341459187,3.1121240935838792e-06,0.14833797341459187,1.2706844133565334e-06,4.9990733960029215e-05,4.9990733960029215e-05,1.3134686140947593e-06,0.93750329758982442,0.99999985632374222,0.97434202907785017,0.14619125503605904,0.14760658921435962,0.9746109348731784,0.055229480616906065,0.14760658921435962,1
C,4,0.0001,54,0.0054000000000000003,0.14832388668742294,3.1705350807518503e-06,0.14832388668742294,1.2945333240170754e-06,5.0927771499003573e-05,5.0927771499003573e-05,1.3380453688371929e-06,0.93750329501688978,0.99999985357928867,0.97433933800034356,0.14616320181964321,0.14758082048821217,0.97460721427066932,0.055218852857312803,0.14758082048821217,1
C,4,0.0001,55,0.0055000000000000005,0.1483098020337055,3.2289346966150871e-06,0.1483098020337055,1.3183775797370811e-06,5.1864581185985578e-05,5.1864581185985578e-05,1.3626145390910338e-06,0.93750329244279418,0.99999985083359677,0.97433663477380528,0.14613515502765231,0.14755505697387125,0.97460349337154195,0.055208227871979411,0.14755505697387125,1
C,4,0.0001,56,0.0055999999999999999,0.1482957194482149,3.2873229438958625e-06,0.1482957194482149,1.3422171817242322e-06,5.2801163089809952e-05,5.2801163089809952e-05,1.3871761277428618e-06,0.93750328986753928,0.9999998480866682,0.974333919396558,0.14610711465846585,0.14752929867024223,0.97459977217594485,0.055197605660150396,0.14752929867024223,1
C,4,0.0001,57,0.0057000000000000002,0.14828163892320428,3.3456998250782583e-06,0.14828163892320428,1.3660521310924461e-06,5.3737517272065666e-05,5.3737517272065666e-05,1.4117301354588108e-06,0.93750328729112464,0.99999984533850272,0.9743311918668679,0.14607908071046219,0.14750354557615417,0.97459605068395894,0.055186986221069587,0.14750354557615417,1
C,4,0.0001,58,0.0058000000000000005,0.14826756046316089,3.404065342922778e-06,0.14826756046316089,1.3898824290643643e-06,5.4673643797964561e-05,5.4673643797964561e-05,1.4362765642372821e-06,0.93750328471355093,0.9999998425891008,0.97432845218305286,0.14605105318205641,0.14747779769057678,0.97459232889573266,0.05517636955399513,0.14747779769057678,1
C,4,0.0001,59,0.0058999999999999999,0.14825348407156991,3.4624195001149065e-06,0.14825348407156991,1.4137080768350167e-06,5.5609542736341359e-05,5.5609542736341359e-05,1.4608154164097442e-06,0.93750328213481804,0.99999983983846241,0.97432570034338939,0.14602303207160958,0.14745205501233635,0.9745886068113595,0.055165755658164471,0.14745205501233635,1
C,4,0.0001,60,0.0060000000000000001,0.14823940974637254,3.5207622991022296e-06,0.14823940974637254,1.4375290755010205e-06,5.6545214145162135e-05,5.6545214145162135e-05,1.4853466930864201e-06,0.93750327955492707,0.99999983708658879,0.97432293634622524,0.14599501737751996,0.14742631754033961,0.97458488443101077,0.055155144532829437,0.14742631754033961,1
C,4,0.0001,61,0.0061000000000000004,0.14822533749221847,3.5790937427930542e-06,0.14822533749221847,1.4613454263455178e-06,5.7480658091450188e-05,5.7480658091450188e-05,1.5098703971538896e-06,0.93750327697387748,0.99999983433347939,0.97432016018980705,0.14596700909818633,0.14740058527343464,0.97458116175474618,0.055144536177241736,0.14740058527343464,1
C,4,0.0001,62,0.0062000000000000006,0.14821126730184958,3.6374138335404153e-06,0.14821126730184958,1.4851571304291216e-06,5.8415874638605908e-05,5.8415874638605908e-05,1.534386529056242e-06,0.93750327439167047,0.9999998315791353,0.97431737187249989,0.14593900723200207,0.14737485821056731,0.9745774387827536,0.055133930590651394,0.14737485821056731,1
C,4,0.0001,63,0.0063,0.14819719917483326,3.6957225741240475e-06,0.14819719917483326,1.5089641889817675e-06,5.9350863850029709e-05,5.9350863850029709e-05,1.5588950921241462e-06,0.93750327180830562,0.9999998288235562,0.97431457139257138,0.14591101177734983,0.14734913635057983,0.97457371551511507,0.05512332777230422,0.14734913635057983,1
C,4,0.0001,64,0.0064000000000000003,0.14818313310514161,3.7540199670265253e-06,0.14818313310514161,1.5327666031163042e-06,6.0285625787310544e-05,6.0285625787310544e-05,1.5833960860245355e-06,0.93750326922378313,0.99999982606674231,0.97431175874836273,0.14588302273262488,0.14732341969239529,0.97456999195198679,0.055112727721450878,0.14732341969239529,1
C,4,0.0001,65,0.0065000000000000006,0.14816906910119329,3.8123060150822988e-06,0.14816906910119329,1.5565643740858104e-06,6.1220160521094585e-05,6.1220160521094585e-05,1.6078895147542127e-06,0.93750326663810435,0.99999982330869508,0.97430893393811457,0.14585504009621444,0.1472977082348747,0.97456626809342417,0.055102130437339115,0.1472977082348747,1
C,4,0.0001,66,0.0066,0.14815500716606814,3.8705807208849413e-06,0.14815500716606814,1.5803575030461818e-06,6.2154468114782236e-05,6.2154468114782236e-05,1.632375378757267e-06,0.9375032640512686,0.99999982054941372,0.97430609696016113,0.14582706386649921,0.14727200197690554,0.97456254393957564,0.055091535919214153,0.14727200197690554,1
C,4,0.0001,67,0.0067000000000000002,0.14814094729437677,3.9288440870291607e-06,0.14814094729437677,1.6041459911542615e-06,6.308854862815101e-05,6.308854862815101e-05,1.6568536806982337e-06,0.93750326146327656,0.9999998177888989,0.97430324781288258,0.14579909404190558,0.14724630091740853,0.97455881949063561,0.055080944166338616,0.14724630091740853,1
C,4,0.0001,68,0.0068000000000000005,0.14812688948044225,3.9870961160350826e-06,0.14812688948044225,1.6279298395366566e-06,6.4022402122789878e-05,6.4022402122789878e-05,1.6813244214652912e-06,0.93750325887412878,0.99999981502715141,0.9743003864944918,0.14577113062079564,0.14722060505524606,0.97455509474662549,0.05507035517795069,0.14722060505524606,1
C,4,0.0001,69,0.0069000000000000008,0.14811283373217593,4.0453368106624267e-06,0.14811283373217593,1.6517090494158461e-06,6.4956028669345008e-05,6.4956028669345008e-05,1.7057876037229747e-06,0.93750325628382492,0.99999981226417078,0.97429751300331757,0.14574317360156902,0.14719491438930163,0.97455136970768941,0.055059768953303112,0.14719491438930163,1
C,4,0.0001,70,0.0070000000000000001,0.14809878005307175,4.103566173745804e-06,0.14809878005307175,1.6754836220459538e-06,6.5889428333028232e-05,6.5889428333028232e-05,1.7302432289145742e-06,0.93750325369236598,0.99999980949995804,0.97429462733771899,0.14571522298263206,0.14716922891847592,0.97454764437398977,0.055049185491650755,0.14716922891847592,1
C,4,0.0001,71,0.0071000000000000004,0.14808472842065584,4.1617842074346801e-06,0.14808472842065584,1.6992535584029779e-06,6.6822601171805633e-05,6.6822601171805633e-05,1.7546912991495134e-06,0.9375032510997523,0.9999998067345135,0.97429172949597631,0.14568727876238002,0.1471435486416402,0.97454391874562474,0.055038604792244837,0.1471435486416402,1
C,4,0.0001,72,0.0072000000000000007,0.14807067885510633,4.219990914619642e-06,0.14807067885510633,1.7230188597630335e-06,6.7755547250889072e-05,6.7755547250889072e-05,1.7791318152049485e-06,0.93750324850598354,0.99999980396783694,0.97428881947639867,0.14565934093920122,0.14711787355771141,0.97454019282270254,0.055028026854333535,0.14711787355771141,1
C,4,0.0001,73,0.0073000000000000001,0.14805663135535899,4.2781862980051491e-06,0.14805663135535899,1.7467795273264964e-06,6.8688266637301814e-05,6.8688266637301814e-05,1.8035647799674592e-06,0.9375032459110606,0.99999980119992926,0.97428589727730042,0.14563140951148079,0.14709220366555706,0.9745364666053522,0.055017451677164278,0.14709220366555706,1
C,4,0.0001,74,0.0074000000000000003,0.14804258591290562,4.3363703600746521e-06,0.14804258591290562,1.7705355622047489e-06,6.9620759390821385e-05,6.9620759390821385e-05,1.8279901948803357e-06,0.93750324331498358,0.99999979843079068,0.97428296289702199,0.14560348447765603,0.14706653896407187,0.9745327400937106,0.055006879260003722,0.14706653896407187,1
C,4,0.0001,75,0.0075000000000000006,0.14802854253449446,4.3945431035321131e-06,0.14802854253449446,1.7942869655979675e-06,7.0553025578471077e-05,7.0553025578471077e-05,1.8524080618309569e-06,0.93750324071775226,0.99999979566042074,0.97428001633385009,0.14557556583607267,0.14704087945215288,0.97452901328787689,0.054996309602084542,0.14704087945215288,1
C,4,0.0001,76,0.0076,0.14801450120771806,4.4527045309339147e-06,0.14801450120771806,1.8180337386473966e-06,7.1485065263651292e-05,7.1485065263651292e-05,1.8768183823736351e-06,0.93750323811936831,0.99999979288882124,0.97427705758612082,0.14554765358516114,0.14701522512868412,0.9745252861879895,0.054985742702671099,0.14701522512868412,1
C,4,0.0001,77,0.0077000000000000002,0.14800046195071703,4.5108546449678026e-06,0.14800046195071703,1.8417758825460428e-06,7.2416878507950989e-05,7.2416878507950989e-05,1.9012211586177941e-06,0.93750323551983106,0.99999979011599172,0.97427408665208115,0.14551974772328607,0.14698957599253554,0.97452155879409363,0.054975178561002994,0.14698957599253554,1
C,4,0.0001,78,0.0078000000000000005,0.14798642474762319,4.5689934482074423e-06,0.14798642474762319,1.8655133984421905e-06,7.3348465378393445e-05,7.3348465378393445e-05,1.9256163920067237e-06,0.93750323291914095,0.9999997873419324,0.97427110353013924,0.1454918482488648,0.1469639320426582,0.97451783110640644,0.054964617176339908,0.1469639320426582,1
C,4,0.0001,79,0.0079000000000000008,0.14797238960197817,4.627120943247495e-06,0.14797238960197817,1.8892462874908473e-06,7.4279825936567645e-05,7.4279825936567645e-05,1.9500040844278033e-06,0.93750323031729876,0.99999978456664429,0.97426810821854881,0.14546395516030941,0.14693829327788463,0.974514103124975,0.054954058547939333,0.14693829327788463,1
C,4,0.0001,80,0.0080000000000000002,0.14795835652061565,4.6852371329586017e-06,0.14795835652061565,1.9129745509598446e-06,7.521096024949684e-05,7.521096024949684e-05,1.9743842377684118e-06,0.93750322771430439,0.99999978179012705,0.97426510071567207,0.14543606845600127,0.14691265969712528,0.97451037484996916,0.054943502675047537,0.14691265969712528,1
C,4,0.0001,81,0.0080999999999999996,0.1479443254948046,4.7433420197124615e-06,0.1479443254948046,1.9366981899149262e-06,7.614186837877003e-05,7.614186837877003e-05,1.9987568538049061e-06,0.93750322511015771,0.9999997790123808,0.9742620810198297,0.14540818813432835,0.14688703129928021,0.97450664628150252,0.054932949556913004,0.14688703129928021,1
C,4,0.0001,82,0.0082000000000000007,0.14793036727925954,4.8014356061027172e-06,0.14793036727925954,1.9604172055117629e-06,7.7072550385976144e-05,7.7072550385976144e-05,2.02312193464671e-06,0.93750322250486051,0.9999997762334073,0.97425904912932892,0.14538031419371242,0.14686140808324963,0.97450291741968398,0.054922399192797185,0.14686140808324963,1
C,4,0.0001,83,0.0083000000000000001,0.14791748527890869,4.8595178948526595e-06,0.14791748527890869,1.984131598957884e-06,7.8003006338138488e-05,7.8003006338138488e-05,2.0474794816260911e-06,0.93750321989841123,0.9999997734532049,0.97425600504247112,0.14535244663253191,0.14683579004786207,0.97449918826460769,0.054911851581945094,0.14683579004786207,1
C,4,0.0001,84,0.0084000000000000012,0.14790460500838845,4.9175888886297568e-06,0.14790460500838845,2.0078413714382742e-06,7.8933236298657465e-05,7.8933236298657465e-05,2.0718294970745177e-06,0.93750321729081088,0.9999997706717747,0.9742529487575976,0.14532458544921445,0.14681017719207831,0.97449545881641542,0.054901306723620598,0.14681017719207831,1
C,4,0.0001,85,0.0085000000000000006,0.14789172647539819,4.9756485899905629e-06,0.14789172647539819,2.0315465240927659e-06,7.9863240329122018e-05,7.9863240329122018e-05,2.0961719819911906e-06,0.93750321468206055,0.99999976788911782,0.97424988027304216,0.14529673064215121,0.14678456951476382,0.97449172907523296,0.054890764617073554,0.14678456951476382,1
C,4,0.0001,86,0.0086,0.14787884967066522,5.0336970014366415e-06,0.14787884967066522,2.0552470580401011e-06,8.0793018492932565e-05,8.0793018492932565e-05,2.1205069385965558e-06,0.9375032120721597,0.99999976510523381,0.97424679958712401,0.14526888220974779,0.14675896701480501,0.97448799904117456,0.05488022526155948,0.14675896701480501,1
C,4,0.0001,87,0.0087000000000000011,0.14786597459904771,5.0917341258013625e-06,0.14786597459904771,2.0789429745325236e-06,8.1722570857112396e-05,8.1722570857112396e-05,2.1448343688890148e-06,0.93750320946110877,0.999999762320123,0.97424370669815585,0.14524104015038652,0.14673336969110398,0.97448426871434302,0.054869688656325036,0.14673336969110398,1
C,4,0.0001,88,0.0088000000000000005,0.14785310125478818,5.1497599654192489e-06,0.14785310125478818,2.1026342746195275e-06,8.2651897481439025e-05,8.2651897481439025e-05,2.1691542745339021e-06,0.93750320684890842,0.99999975953378617,0.97424060160445836,0.14521320446248159,0.1467077775425574,0.97448053809485458,0.054859154800629105,0.1467077775425574,1
C,4,0.0001,89,0.0088999999999999999,0.14784022964624535,5.2077745233278309e-06,0.14784022964624535,2.1263209596355087e-06,8.3580998436558619e-05,8.3580998436558619e-05,2.1934666571965522e-06,0.937503204235559,0.99999975674622366,0.97423748430439416,0.14518537514442834,0.1466821905680519,0.97447680718286411,0.054848623693723432,0.1466821905680519,1
C,4,0.0001,90,0.0090000000000000011,0.14782735976724698,5.2657778018249439e-06,0.14782735976724698,2.1500030306169478e-06,8.4509873776814372e-05,8.4509873776814372e-05,2.2177715184312774e-06,0.93750320162106038,0.99999975395743534,0.97423435479628329,0.14515755219463317,0.14665660876651174,0.97447307597847554,0.054838095334863765,0.14665660876651174,1
C,4,0.0001,91,0.0091000000000000004,0.1478144916193449,5.3237698036140688e-06,0.1478144916193449,2.1736804887621255e-06,8.5438523572852463e-05,8.5438523572852463e-05,2.242068860569546e-06,0.9375031990054129,0.99999975116742157,0.97423121307841731,0.14512973561149747,0.14663103213676368,0.97446934448177247,0.054827569723304312,0.14663103213676368,1
C,4,0.0001,92,0.0091999999999999998,0.14780162520011461,5.3817505312339913e-06,0.14780162520011461,2.1973533352040974e-06,8.6366947884450407e-05,8.6366947884450407e-05,2.2663586849436257e-06,0.93750319638861723,0.99999974837618311,0.97422805914916832,0.14510192539343816,0.14660546067777772,0.97446561269291354,0.054817046858304984,0.14660546067777772,1
C,4,0.0001,93,0.009300000000000001,0.14778876051408701,5.4397199874445555e-06,0.14778876051408701,2.221021571165653e-06,8.7295146776820038e-05,8.7295146776820038e-05,2.2906409939960071e-06,0.93750319377067348,0.99999974558371996,0.97422489300684667,0.14507412153882254,0.14657989438839172,0.97446188061199623,0.054806526739107103,0.14657989438839172,1
C,4,0.0001,94,0.0094000000000000004,0.1477758975563056,5.4976781747834688e-06,0.1477758975563056,2.2446851977776777e-06,8.822312031155034e-05,8.822312031155034e-05,2.3149157885038463e-06,0.93750319115158198,0.99999974279003268,0.97422171464977092,0.1450463240460915,0.14655433326751427,0.97445814823912569,0.054796009364979782,0.14655433326751427,1
C,4,0.0001,95,0.0094999999999999998,0.14776303633078736,5.5556250958809887e-06,0.14776303633078736,2.2683442162101911e-06,8.9150868555664577e-05,8.9150868555664577e-05,2.3391830713537232e-06,0.9375031885313434,0.99999973999512171,0.97421852407627307,0.14501853291364444,0.14652877731403752,0.97445441557441936,0.054785494735176542,0.14652877731403752,1
C,4,0.0001,96,0.0096000000000000009,0.14775017683228114,5.6135607532750496e-06,0.14775017683228114,2.2919986275959411e-06,9.0078391568940277e-05,9.0078391568940277e-05,2.3634428433227939e-06,0.93750318590995785,0.99999973719898738,0.97421532128471577,0.14499074813988103,0.14650322652687306,0.97445068261802081,0.054774982848950909,0.14650322652687306,1
C,4,0.0001,97,0.0097000000000000003,0.14773731906518203,5.6714851496697473e-06,0.14773731906518203,2.3156484331332596e-06,9.1005689418400745e-05,9.1005689418400745e-05,2.3876951069645713e-06,0.93750318328742555,0.99999973440162981,0.97421210627339871,0.14496296972320938,0.14647768090490823,0.97444694937001874,0.054764473705559938,0.14647768090490823,1
C,4,0.0001,98,0.0097999999999999997,0.14772446302437225,5.7293982875474458e-06,0.14772446302437225,2.3392936339322985e-06,9.1932762162012023e-05,9.1932762162012023e-05,2.4119398635003009e-06,0.9375031806637466,0.99999973160304922,0.97420887904070474,0.14493519766203733,0.14645214044705038,0.97444321583057025,0.054753967304260201,0.14645214044705038,1
C,4,0.0001,99,0.0099000000000000008,0.14771160871179037,5.7873001697231482e-06,0.14771160871179037,2.3629342312365446e-06,9.285960987223175e-05,9.285960987223175e-05,2.4361771152614509e-06,0.93750317803892169,0.99999972880324617,0.97420563958491213,0.14490743195477293,0.14642660515218051,0.97443948199974262,0.054743463644308814,0.14642660515218051,1
C,4,0.0001,100,0.01,0.14769875613043287,5.8451907986421673e-06,0.14769875613043287,2.3865702261410474e-06,9.3786232605214562e-05,9.3786232605214562e-05,2.4604068638023335e-06,0.93750317541295058,0.99999972600222065,0.97420238790440883,0.14487967259982124,0.14640107501918859,0.97443574787769727,0.054732962724961455,0.14640107501918859,1
C,4,0.0001,101,0.010100000000000001,0.14768590527024936,5.9030701768606063e-06,0.14768590527024936,2.4102016197850291e-06,9.4712630426172295e-05,9.4712630426172295e-05,2.4846291106772611e-06,0.93750317278583462,0.99999972319997388,0.97419912399747588,0.14485191959559163,0.14637555004700184,0.97443201346449504,0.054722464545475621,0.14637555004700184,1
C,4,0.0001,102,0.010200000000000001,0.14767305614687684,5.9609383072317238e-06,0.14767305614687684,2.4338284134267394e-06,9.5638803398505337e-05,9.5638803398505337e-05,2.5088438583287243e-06,0.9375031701575729,0.99999972039650487,0.97419584786250579,0.14482417294049152,0.14635003023447146,0.97442827876030658,0.054711969105108116,0.14635003023447146,1
C,4,0.0001,103,0.0103,0.14766020874371411,6.0187951920517251e-06,0.14766020874371411,2.4574506081022256e-06,9.6564751583802687e-05,9.6564751583802687e-05,2.5330511077559237e-06,0.93750316752816654,0.99999971759181505,0.97419255949779326,0.14479643263291161,0.14632451558049922,0.97442454376520227,0.054701476403109461,0.14632451558049922,1
C,4,0.0001,104,0.010400000000000001,0.14764736307118173,6.0766408342098152e-06,0.14764736307118173,2.4810682050840422e-06,9.7490475050899039e-05,9.7490475050899039e-05,2.5572508614013501e-06,0.93750316489761587,0.99999971478590466,0.97418925890173691,0.1447686986712915,0.14629900608402924,0.97442080847935908,0.054690986438748708,0.14629900608402924,1
C,4,0.0001,105,0.010500000000000001,0.14763451912716852,6.1344752362621506e-06,0.14763451912716852,2.5046812055109043e-06,9.8415973859571936e-05,9.8415973859571936e-05,2.581443120597271e-06,0.93750316226592101,0.99999971197877369,0.97418594607261788,0.14474097105400918,0.14627350174392098,0.97441707290283408,0.054680499211271702,0.14627350174392098,1
C,4,0.0001,106,0.0106,0.14762167690663822,6.1922984005988837e-06,0.14762167690663822,2.5282896104558645e-06,9.934124806959889e-05,9.934124806959889e-05,2.605627887009021e-06,0.93750315963308162,0.99999970917042202,0.97418262100880282,0.14471324977948369,0.14624800255906076,0.97441333703576016,0.05467001471993959,0.14624800255906076,1
C,4,0.0001,107,0.010700000000000001,0.14760883641703307,6.2501103300895869e-06,0.14760883641703307,2.5518934211836887e-06,0.00010026629775162607,0.00010026629775162607,2.6298051628570462e-06,0.93750315699909881,0.99999970636085056,0.97417928370861817,0.14468553484613508,0.14622250852836302,0.97440960087823891,0.054659532964014178,0.14622250852836302,1
C,4,0.0001,108,0.010800000000000001,0.14759599764820333,6.3079110271247159e-06,0.14759599764820333,2.5754926387668722e-06,0.00010119112296180811,0.00010119112296180811,2.6539749496956588e-06,0.93750315436397369,0.99999970355006074,0.9741759341704419,0.14465782625237628,0.14619701965072709,0.97440586443042709,0.05464905394275478,0.14619701965072709,1
C,4,0.0001,109,0.0109,0.14758316060932367,6.3657004944631265e-06,0.14758316060932367,2.5990872644258113e-06,0.00010211572376897975,0.00010211572376897975,2.678137249412238e-06,0.93750315172770504,0.99999970073805122,0.97417257239261124,0.14463012399660935,0.1461715359250581,0.97440212769242329,0.054638577655416208,0.1461715359250581,1
C,4,0.0001,110,0.011000000000000001,0.14757032529372346,6.4234787346609683e-06,0.14757032529372346,2.6226772992992561e-06,0.00010304010023472993,0.00010304010023472993,2.702292063228029e-06,0.9375031490902932,0.99999969792482213,0.97416919837341787,0.14460242807725462,0.14614605735025796,0.9743983906642929,0.054628104101260525,0.14614605735025796,1
C,4,0.0001,111,0.0111,0.14755749170210489,6.4812457502372845e-06,0.14755749170210489,2.6462627445111758e-06,0.00010396425242064763,0.00010396425242064763,2.7264393936965448e-06,0.93750314645174004,0.99999969511037579,0.97416581211127118,0.14457473849271318,0.14612058392521246,0.974394653346219,0.054617633279542652,0.14612058392521246,1
C,4,0.0001,112,0.0112,0.14754465983587634,6.5390015439337934e-06,0.14754465983587634,2.6698436012754618e-06,0.0001048881803919447,0.0001048881803919447,2.750579242150053e-06,0.93750314381204436,0.99999969229471075,0.97416241360446276,0.14454705524139647,0.14609511564882657,0.97439091573825198,0.054607165189521044,0.14609511564882657,1
C,4,0.0001,113,0.011300000000000001,0.14753182969567152,6.5967461181945877e-06,0.14753182969567152,2.6934198706852994e-06,0.00010581188420839863,0.00010581188420839863,2.7747116102538882e-06,0.93750314117120714,0.99999968947782802,0.97415900285137713,0.1445193783217267,0.14606965251998555,0.97438717784054929,0.054596699830458673,0.14606965251998555,1
C,4,0.0001,114,0.0114,0.14751900128074474,6.6544794758530026e-06,0.14751900128074474,2.7169915539908457e-06,0.00010673536393884419,0.00010673536393884419,2.798836500783608e-06,0.93750313852922873,0.99999968665972794,0.97415557985034806,0.14449170773209724,0.14604419453760095,0.97438343965320751,0.054586237201607442,0.14604419453760095,1
C,4,0.0001,115,0.0115,0.14750617458895204,6.7122016192803814e-06,0.14750617458895204,2.7405586522566218e-06,0.00010765861964305887,0.00010765861964305887,2.8229539141833015e-06,0.93750313588610845,0.99999968384041005,0.97415214459976318,0.14446404347095557,0.14601874170058038,0.97437970117637918,0.054575777302239788,0.14601874170058038,1
C,4,0.0001,116,0.011600000000000001,0.14749334961892935,6.7699125510701721e-06,0.14749334961892935,2.7641211666364045e-06,0.0001085816513808202,0.0001085816513808202,2.8470638525623926e-06,0.93750313324184842,0.99999968101987635,0.97414869709794216,0.14443638553668947,0.14599329400778605,0.97437596241014912,0.054565320131605699,0.14599329400778605,1
C,4,0.0001,117,0.0117,0.14748052637445347,6.827612273961991e-06,0.14748052637445347,2.7876790983419737e-06,0.00010950445922096291,0.00010950445922096291,2.8711663183633718e-06,0.93750313059644752,0.99999967819812563,0.97414523734322955,0.14440873392770667,0.14596785145816404,0.97437222335462248,0.054554865688962596,0.14596785145816404,1
C,4,0.0001,118,0.0118,0.14746770485176988,6.8853007905492768e-06,0.14746770485176988,2.8112324485273753e-06,0.00011042704322507596,0.00011042704322507596,2.8952613128074844e-06,0.93750312794990642,0.99999967537515888,0.97414176533398833,0.14438108864244445,0.14594241405060901,0.97436848400992604,0.054544413973579266,0.14594241405060901,1
C,4,0.0001,119,0.011900000000000001,0.14745488505424723,6.9429781034060787e-06,0.14745488505424723,2.8347812183380502e-06,0.00011134940345474831,0.00011134940345474831,2.919348837893132e-06,0.93750312530222579,0.99999967255097655,0.97413828106856482,0.14435344967931224,0.14591698178398221,0.97436474437616216,0.054533964984713801,0.14591698178398221,1
C,4,0.0001,120,0.012,0.14744206698017503,7.0006442150519158e-06,0.14744206698017503,2.8583254088981705e-06,0.00011227153997338036,0.00011227153997338036,2.9434288955076937e-06,0.93750312265340563,0.99999966972557863,0.97413478454530134,0.14432581703671707,0.145891554657232,0.9743610044534331,0.05452351872162358,0.145891554657232,1
C,4,0.0001,121,0.012100000000000001,0.14742925062628193,7.0582991281336068e-06,0.14742925062628193,2.8818650213815392e-06,0.00011319345284799542,0.00011319345284799542,2.9675014870944594e-06,0.9375031200034456,0.99999966689896502,0.97413127576256486,0.14429819071308395,0.14586613266922041,0.97435726424186886,0.054513075183572915,0.14586613266922041,1
C,4,0.0001,122,0.012200000000000001,0.14741643599328294,7.1159428451720597e-06,0.14741643599328294,2.905400056912653e-06,0.00011411514213293665,0.00011411514213293665,2.9915666144297859e-06,0.93750311735234726,0.99999966407113716,0.97412775471872004,0.14427057070682525,0.1458407158188825,0.9743535237415909,0.054502634369821223,0.1458407158188825,1
C,4,0.0001,123,0.0123,0.14740362308479166,7.1735753689065834e-06,0.14740362308479166,2.9289305167040705e-06,0.00011503660789885025,0.00011503660789885025,3.0156242795120747e-06,0.93750311470011038,0.99999966124209483,0.97412422141210897,0.14424295701635284,0.14581530410508092,0.9743497829526917,0.05449219627962764,0.14581530410508092,1
C,4,0.0001,124,0.012400000000000001,0.14739081189726017,7.231196701873297e-06,0.14739081189726017,2.9524564018850684e-06,0.0001159578502091366,0.0001159578502091366,3.0396744844507495e-06,0.93750311204673564,0.9999996584118388,0.9741206758411135,0.14421534964009511,0.14578989752676882,0.97434604187531548,0.05448176091225794,0.14578989752676882,1
C,4,0.0001,125,0.012500000000000001,0.14737800243136756,7.2888068465752235e-06,0.14737800243136756,2.97597771357262e-06,0.00011687886911995037,0.00011687886911995037,3.0637172300229665e-06,0.93750310939222248,0.99999965558036841,0.97411711800408429,0.14418774857646752,0.14576449608279601,0.97434230050956183,0.054471328266972763,0.14576449608279601,1
C,4,0.0001,126,0.0126,0.14736519468621792,7.3464058056952432e-06,0.14736519468621792,2.9994944529560597e-06,0.00011779966470012624,0.00011779966470012624,3.0877525188932609e-06,0.93750310673657211,0.9999996527476851,0.97411354789934423,0.14416015382388336,0.14573909977210894,0.97433855885551124,0.054460898343032103,0.14573909977210894,1
C,4,0.0001,127,0.012700000000000001,0.14735238866029934,7.4039935817344844e-06,0.14735238866029934,3.0230066211509949e-06,0.00011872023700763033,0.00011872023700763033,3.1117803523939003e-06,0.93750310407978421,0.99999964991378831,0.97410996552527762,0.1441325653807638,0.14571370859356067,0.97433481691329704,0.054450471139698912,0.14571370859356067,1
C,4,0.0001,128,0.012800000000000001,0.14733958435961081,7.4615701775630325e-06,0.14733958435961081,3.0465142194221498e-06,0.00011964058611129737,0.00011964058611129737,3.1358007323012416e-06,0.93750310142185977,0.99999964707867939,0.97410637088025076,0.14410498324551316,0.14568832254611586,0.97433107468303748,0.054440046656229805,0.14568832254611586,1
C,4,0.0001,129,0.0129,0.1473267817711677,7.5191355953101379e-06,0.1473267817711677,3.0700172487349927e-06,0.0001205607120690934,0.0001205607120690934,3.1598136605026639e-06,0.93750309876279825,0.99999964424235743,0.97410276396263207,0.14407740741657615,0.14566294162862237,0.97432733216485434,0.05442962489189683,0.14566294162862237,1
C,4,0.0001,130,0.013000000000000001,0.1473139809120273,7.5766898380508224e-06,0.1473139809120273,3.0935157104370488e-06,0.00012148061494985319,0.00012148061494985319,3.1838191388855464e-06,0.93750309610260074,0.99999964140482378,0.97409914477076309,0.14404983789236064,0.14563756584002338,0.97432358935883423,0.054419205845957941,0.14563756584002338,1
C,4,0.0001,131,0.013100000000000001,0.14730118176750348,7.6342329080253196e-06,0.14730118176750348,3.1170096055379599e-06,0.0001224002948079199,0.0001224002948079199,3.2078171692262458e-06,0.93750309344126714,0.99999963856607832,0.97409551330303146,0.14402227467127812,0.14561219517918808,0.97431984626511747,0.054408789517672716,0.14561219517918808,1
C,4,0.0001,132,0.0132,0.14728838433869323,7.6917648078811376e-06,0.14728838433869323,3.1404989352129651e-06,0.0001233197517121283,0.0001233197517121283,3.2318077529680522e-06,0.93750309077879812,0.99999963572612183,0.97409186955777638,0.14399471775175973,0.1455868296450481,0.97431610288378723,0.05439837590630802,0.1455868296450481,1
C,4,0.0001,133,0.013300000000000001,0.14727558863770943,7.7492855403971027e-06,0.14727558863770943,3.1639837006895965e-06,0.0001242389857240673,0.0001242389857240673,3.2557908923314116e-06,0.93750308811519356,0.99999963288495397,0.9740882135333746,0.1439671671322329,0.14556146923646263,0.97431235921496506,0.054387965011129406,0.14556146923646263,1
C,4,0.0001,134,0.0134,0.14726279465022785,7.8067951079797559e-06,0.14726279465022785,3.1874639030445802e-06,0.00012515799690713736,0.00012515799690713736,3.2797665886485916e-06,0.93750308545045358,0.99999963004257508,0.97408454522819488,0.14393962281109776,0.14553611395240731,0.97430861525876711,0.054377556831392171,0.14553611395240731,1
C,4,0.0001,135,0.0135,0.14725000238145763,7.864293513111051e-06,0.14725000238145763,3.2109395433858964e-06,0.00012607678531930452,0.00012607678531930452,3.3037348438069714e-06,0.93750308278457917,0.99999962719898616,0.97408086464060484,0.14391208478679579,0.14551076379170394,0.9743048710153045,0.054367151366367328,0.14551076379170394,1
C,4,0.0001,136,0.013600000000000001,0.14723721183267358,7.9217807586788588e-06,0.14723721183267358,3.2344106229850499e-06,0.00012699535103121497,0.00012699535103121497,3.32769565969393e-06,0.93750308011756955,0.99999962435418632,0.97407717176896391,0.14388455305775161,0.14548541875332746,0.97430112648468037,0.054356748615319493,0.14548541875332746,1
C,4,0.0001,137,0.0137,0.14722442300278893,7.9792568471286921e-06,0.14722442300278893,3.2578771429347268e-06,0.00012791369410083476,0.00012791369410083476,3.3516490377527575e-06,0.9375030774494264,0.99999962150817734,0.97407346661162864,0.14385702762236627,0.14546007883615814,0.97429738166699342,0.054346348577504429,0.14546007883615814,1
C,4,0.0001,138,0.013800000000000002,0.14721163589074843,8.0367217810701409e-06,0.14721163589074843,3.281339104394344e-06,0.00012883181459156433,0.00012883181459156433,3.3755949802038998e-06,0.93750307478014905,0.99999961866095866,0.97406974916700462,0.1438295084790768,0.14543474403906756,0.9742936365623881,0.054335951252191483,0.14543474403906756,1
C,4,0.0001,139,0.013900000000000001,0.14719885049523321,8.0941755630033652e-06,0.14719885049523321,3.3047965084779906e-06,0.00012974971256861552,0.00012974971256861552,3.3995334887126916e-06,0.93750307210973871,0.99999961581253138,0.97406601943343429,0.14380199562630591,0.14540941436100366,0.97428989117094733,0.054325556638644683,0.14540941436100366,1
C,4,0.0001,140,0.014,0.14718606681723645,8.1516181954846901e-06,0.14718606681723645,3.3282493563233511e-06,0.00013066738808814295,0.00013066738808814295,3.4234645647224227e-06,0.93750306943819517,0.9999996129628953,0.97406227740928431,0.1437744890624745,0.14538408980085293,0.97428614549278392,0.054315164736127589,0.14538408980085293,1
C,4,0.0001,141,0.014100000000000001,0.14717328485407602,8.2090496811796758e-06,0.14717328485407602,3.3516976491120687e-06,0.00013158484121898135,0.00013158484121898135,3.4473882101204723e-06,0.93750306676551864,0.99999961011205085,0.97405852309297847,0.1437469887860072,0.14535877035753325,0.97428239952804863,0.054304775543904789,0.14535877035753325,1
C,4,0.0001,142,0.014200000000000001,0.14716050461067576,8.2664700227367436e-06,0.14716050461067576,3.3751413880180768e-06,0.00013250207202090825,0.00013250207202090825,3.4713044269052418e-06,0.93750306409170914,0.99999960725999781,0.97405475648283424,0.14371949479534302,0.14533345602997746,0.97427865327680219,0.054294389061246694,0.14533345602997746,1
C,4,0.0001,143,0.0143,0.14714772608211729,8.3238792226913494e-06,0.14714772608211729,3.3985805741706077e-06,0.00013341908056094696,0.00013341908056094696,3.4952132170751327e-06,0.93750306141676787,0.99999960440673752,0.97405097757722503,0.14369200708888369,0.14530814681704382,0.97427490673915229,0.054284005287409565,0.14530814681704382,1
C,4,0.0001,144,0.014400000000000001,0.14713494926911755,8.3812772834706289e-06,0.14713494926911755,3.4220152086548345e-06,0.00013433586689525206,0.00013433586689525206,3.519114581740368e-06,0.93750305874069417,0.99999960155226941,0.97404718637455912,0.14366452566507515,0.14528284271765329,0.97427115991523905,0.054273624221666275,0.14528284271765329,1
C,4,0.0001,145,0.014500000000000001,0.14712217417265527,8.4386642077775674e-06,0.14712217417265527,3.4454452926667746e-06,0.00013525243108722401,0.00013525243108722401,3.5430085226773045e-06,0.93750305606348949,0.99999959869659483,0.97404338287317938,0.14363705052234085,0.14525754373070912,0.9742674128051434,0.054263245863281517,0.14525754373070912,1
C,4,0.0001,146,0.0146,0.14710940079206111,8.4960399981677346e-06,0.14710940079206111,3.4688708273437053e-06,0.00013616877320207462,0.00013616877320207462,3.566895041995366e-06,0.9375030533851535,0.99999959583971354,0.97403956707148187,0.14360958165910151,0.14523224985511066,0.97426366540899345,0.05425287021151879,0.14523224985511066,1
C,4,0.0001,147,0.014700000000000001,0.14709662912640598,8.5534046573245783e-06,0.14709662912640598,3.4922918138732946e-06,0.00013708489330501575,0.00013708489330501575,3.5907741418039762e-06,0.93750305070568607,0.99999959298162544,0.97403573896785978,0.14358211907377921,0.14520696108977493,0.97425991772691278,0.054242497265642176,0.14520696108977493,1
C,4,0.0001,148,0.014800000000000001,0.14708385917853656,8.6107581878225535e-06,0.14708385917853656,3.5157082534002758e-06,0.00013800079145582492,0.00013800079145582492,3.6146458229913137e-06,0.93750304802508855,0.99999959012233186,0.97403189856065886,0.14355466276481679,0.14518167743365212,0.97425616975897866,0.054232127024923686,0.14518167743365212,1
C,4,0.0001,149,0.0149,0.14707109094163545,8.668100592013747e-06,0.14707109094163545,3.539120146979055e-06,0.00013891646771427963,0.00013891646771427963,3.6385100877778243e-06,0.93750304534336037,0.99999958726183236,0.97402804584824898,0.14352721273062796,0.14515639888558768,0.97425242150529123,0.05422175948862433,0.14515639888558768,1
C,4,0.0001,150,0.015000000000000001,0.14705832441859082,8.7254318725825655e-06,0.14705832441859082,3.5625274957982694e-06,0.00013983192214378035,0.00013983192214378035,3.662366937606798e-06,0.93750304266050188,0.99999958440012704,0.97402418082904019,0.14349976896964617,0.14513112544453749,0.97424867296598738,0.05421139465601256,0.14513112544453749,1
C,4,0.0001,151,0.015100000000000001,0.1470455596106465,8.7827520321763578e-06,0.1470455596106465,3.5859303010316828e-06,0.00014074715480953884,0.00014074715480953884,3.6862163750317478e-06,0.93750303997651341,0.99999958153721646,0.97402030350145352,0.14347233148028765,0.14510585710935414,0.97424492414121655,0.05420103252635048,0.14510585710935414,1
C,4,0.0001,152,0.0152,0.14703279651874498,8.8400610734247752e-06,0.14703279651874498,3.6093285638456526e-06,0.0001416621657731441,0.0001416621657731441,3.7100584010518745e-06,0.93750303729139572,0.99999957867310152,0.97401641386378124,0.14344490026100404,0.14508059387899597,0.97424117503099494,0.054190673098913462,0.14508059387899597,1
C,4,0.0001,153,0.015300000000000001,0.14702003513628129,8.8973589986971634e-06,0.14702003513628129,3.6327222853011755e-06,0.00014257695509618511,0.00014257695509618511,3.7338930173325124e-06,0.93750303460514894,0.99999957580778209,0.97401251191445837,0.14341747531021978,0.14505533575236054,0.97423742563548821,0.054180316372966893,0.14505533575236054,1
C,4,0.0001,154,0.0154,0.14700727547176995,8.9546458107710606e-06,0.14700727547176995,3.6561114666242509e-06,0.00014349152284206225,0.00014349152284206225,3.757720226538197e-06,0.93750303191777351,0.99999957294125874,0.97400859765185099,0.14339005662633908,0.1450300827283148,0.97423367595478316,0.054169962347768288,0.1450300827283148,1
C,4,0.0001,155,0.0155,0.14699451752070808,9.0119215121461845e-06,0.14699451752070808,3.6794961089288842e-06,0.00014440586907236451,0.00014440586907236451,3.7815400298901736e-06,0.93750302922926987,0.99999957007353202,0.97400467107431465,0.1433626442078216,0.14500483480580445,0.97422992598895974,0.054159611022596248,0.14500483480580445,1
C,4,0.0001,156,0.015600000000000001,0.14698176128022583,9.0691861053031305e-06,0.14698176128022583,3.7028762133213005e-06,0.00014531999384868082,0.00014531999384868082,3.8053524289427543e-06,0.93750302653963813,0.99999956720460204,0.97400073218029859,0.14333523805308859,0.14497959198373256,0.97422617573818882,0.054149262396714908,0.14497959198373256,1
C,4,0.0001,157,0.015700000000000002,0.14696900675511748,9.1264395930006644e-06,0.14696900675511748,3.7262517810193984e-06,0.00014623389723622304,0.00014623389723622304,3.8291574255833183e-06,0.93750302384887818,0.99999956433446857,0.97399678096815745,0.14330783816056944,0.14495435426102063,0.97422242520255009,0.054138916469391639,0.14495435426102063,1
C,4,0.0001,158,0.015800000000000002,0.14695625393899972,9.1836819775900889e-06,0.14695625393899972,3.7496228130771542e-06,0.00014714757929476868,0.00014714757929476868,3.8529550212551555e-06,0.93750302115699058,0.99999956146313229,0.97399281743628596,0.14328044452869393,0.14492912163658556,0.9742186743821537,0.054128573239893729,0.14492912163658556,1
C,4,0.0001,159,0.015900000000000001,0.14694350283463431,9.2409132616642886e-06,0.14694350283463431,3.7729893106451978e-06,0.00014806104008409528,0.00014806104008409528,3.8767452184007567e-06,0.93750301846397566,0.99999955859059364,0.97398884158303478,0.1432530571558927,0.14490389410930074,0.97421492327707093,0.054118232707489007,0.14490389410930074,1
C,4,0.0001,160,0.016,0.14693075344348902,9.2981334480720674e-06,0.14693075344348902,3.7963512749785834e-06,0.00014897427967666045,0.00014897427967666045,3.9005280183523894e-06,0.93750301576983386,0.99999955571685284,0.97398485340687491,0.1432256760406132,0.14487867167812438,0.97421117188748962,0.054107894871451685,0.14487867167812438,1
C,4,0.0001,161,0.0161,0.14691800576425795,9.35534253911179e-06,0.14691800576425795,3.8197087071094438e-06,0.00014988729812318447,0.00014988729812318447,3.9243034229974327e-06,0.93750301307456529,0.99999955284191022,0.97398085290612013,0.14319830118127272,0.14485345434192337,0.97420742021344586,0.054097559731044645,0.14485345434192337,1
C,4,0.0001,162,0.016199999999999999,0.14690525979642269,9.4125405375032537e-06,0.14690525979642269,3.843061608240378e-06,0.00015080009549250212,0.00015080009549250212,3.9480714337791767e-06,0.93750301037817063,0.99999954996576645,0.9739768400791986,0.14317093257630514,0.14482824209963935,0.97420366825508076,0.054087227285536991,0.14482824209963935,1
C,4,0.0001,163,0.016300000000000002,0.14689251553702434,9.469727445543251e-06,0.14689251553702434,3.8664099794019441e-06,0.00015171267184076802,0.00015171267184076802,3.971832052807045e-06,0.93750300768064943,0.99999954708842109,0.97397281492448662,0.14314357022416571,0.14480303495018026,0.97419991601248246,0.054076897534205907,0.14480303495018026,1
C,4,0.0001,164,0.016400000000000001,0.1468797729894962,9.5269032661191191e-06,0.1468797729894962,3.8897538218646551e-06,0.0001526250272368169,0.0001526250272368169,3.9955852818573945e-06,0.93750300498200334,0.9999995442098758,0.97396877744039367,0.14311621412326869,0.14477783289243554,0.97419616348578131,0.054066570476313365,0.14477783289243554,1
C,4,0.0001,165,0.016500000000000001,0.14686703215090657,9.5840680016376868e-06,0.14686703215090657,3.9130931367039796e-06,0.00015353716174223769,0.00015353716174223769,4.0193311223735151e-06,0.93750300228223182,0.99999954133013003,0.97396472762528907,0.14308886427204878,0.14475263592532975,0.97419241067505424,0.054056246111128782,0.14475263592532975,1
C,4,0.0001,166,0.0166,0.14685429302581904,9.6412216548206353e-06,0.14685429302581904,3.9364279251234352e-06,0.00015444907541680794,0.00015444907541680794,4.0430695763538083e-06,0.93750299958133476,0.99999953844918366,0.97396066547757632,0.14306152066892613,0.14472744404775661,0.97418865758041706,0.054045924437916296,0.14472744404775661,1
C,4,0.0001,167,0.0167,0.14684155561179585,9.6983642280931893e-06,0.14684155561179585,3.9597581882056021e-06,0.00015536076832392806,0.00015536076832392806,4.0668006457966754e-06,0.93750299687931293,0.99999953556703769,0.97395659099566378,0.14303418331237228,0.14470225725861946,0.97418490420198989,0.054035605455959458,0.14470225725861946,1
C,4,0.0001,168,0.016800000000000002,0.14682881990266808,9.755495723843582e-06,0.14682881990266808,3.9830839270184381e-06,0.00015627224052156412,0.00015627224052156412,4.0905243314792727e-06,0.93750299417616723,0.99999953268369279,0.97395250417792323,0.14300685220081039,0.1446770755568948,0.97418115053985654,0.054025289164523718,0.1446770755568948,1
C,4,0.0001,169,0.016900000000000002,0.14681608590511441,9.812616145033464e-06,0.14681608590511441,4.0064051428618498e-06,0.00015718349207855084,0.00015718349207855084,4.1142406358440908e-06,0.93750299147189708,0.99999952979914852,0.97394840502277191,0.14297952733265576,0.14465189894142183,0.97417739659414027,0.054014975562871367,0.14465189894142183,1
C,4,0.0001,170,0.017000000000000001,0.1468033536179274,9.869725494014038e-06,0.1468033536179274,4.029721836789005e-06,0.00015809452305466575,0.00015809452305466575,4.1379495611115757e-06,0.93750298876650295,0.99999952691340532,0.9739442935286291,0.14295220870636455,0.14462672741115737,0.9741736423649705,0.054004664650280268,0.14462672741115737,1
C,4,0.0001,171,0.017100000000000001,0.14679062303715817,9.9268237731918971e-06,0.14679062303715817,4.05303400987452e-06,0.00015900533350968638,0.00015900533350968638,4.1616511080588836e-06,0.93750298605998583,0.9999995240264643,0.97394016969383179,0.14292489632037261,0.1446015609649984,0.97416988785238923,0.053994356426020705,0.1446015609649984,1
C,4,0.0001,172,0.0172,0.14677789416749168,9.9839109855106031e-06,0.14677789416749168,4.0763416634118667e-06,0.00015991592350882456,0.00015991592350882456,4.1853452792395274e-06,0.93750298335234517,0.9999995211383248,0.97393603351681979,0.14289759017311682,0.14457639960187343,0.97416613305654154,0.05398405088936329,0.14457639960187343,1
C,4,0.0001,173,0.017299999999999999,0.14676516700270115,1.0040987133191949e-05,0.14676516700270115,4.0996447984007285e-06,0.00016082629311004639,0.00016082629311004639,4.2090320756527078e-06,0.93750298064358162,0.9999995182489877,0.97393188499598027,0.1428702902630305,0.14455124332072042,0.97416237797751815,0.053973748039577343,0.14455124332072042,1
C,4,0.0001,174,0.017400000000000002,0.14675244154744413,1.0098052218882868e-05,0.14675244154744413,4.1229434160138497e-06,0.00016173644237856371,0.00016173644237856371,4.2327114996298931e-06,0.93750297793369575,0.99999951535845333,0.97392772412974526,0.14284299658856539,0.14452609212040518,0.97415862261545705,0.053963447875939333,0.14452609212040518,1
C,4,0.0001,175,0.017500000000000002,0.14673971779946221,1.0155106245304142e-05,0.14673971779946221,4.1462375174530286e-06,0.00016264637137596548,0.00016264637137596548,4.2563835529474403e-06,0.93750297522268766,0.99999951246672192,0.97392355091649641,0.14281570914813438,0.14450094599986293,0.97415486697044262,0.053953150397710932,0.14450094599986293,1
C,4,0.0001,176,0.017600000000000001,0.14672699575947079,1.0212149214806933e-05,0.14672699575947079,4.1695271037708553e-06,0.00016355608016565206,0.00016355608016565206,4.2800482367155723e-06,0.93750297251055703,0.99999950957379313,0.97391936535460955,0.14278842794019428,0.14447580495797868,0.97415111104255236,0.053942855604170503,0.14447580495797868,1
C,4,0.0001,177,0.0177,0.14671427542706125,1.0269181130075927e-05,0.14671427542706125,4.1928121761551367e-06,0.00016446556880740106,0.00016446556880740106,4.3037055529326906e-06,0.93750296979730541,0.99999950667966875,0.97391516744252826,0.14276115296318131,0.14445066899367182,0.97414735483192583,0.053932563494588533,0.14445066899367182,1
C,4,0.0001,178,0.0178,0.14670155680160532,1.0326201993702601e-05,0.14670155680160532,4.2160927357556379e-06,0.0001653748373646128,0.0001653748373646128,4.3273555040412859e-06,0.93750296708293146,0.9999995037843471,0.97391095717865561,0.14273388421553945,0.14442553810588193,0.97414359833866915,0.053922274068238719,0.14442553810588193,1
C,4,0.0001,179,0.017899999999999999,0.14668883988226122,1.0383211808111525e-05,0.14668883988226122,4.2393687836544977e-06,0.00016628388589887629,0.00016628388589887629,4.3509980909295365e-06,0.93750296436743763,0.99999950088783096,0.97390673456135723,0.14270662169569617,0.1444004122935259,0.97413984156284539,0.0539119873243884,0.1444004122935259,1
C,4,0.0001,180,0.018000000000000002,0.14667612466843219,1.0440210575894556e-05,0.14667612466843219,4.2626403210013634e-06,0.00016719271446996906,0.00016719271446996906,4.3746333157068662e-06,0.9375029616508227,0.999999497990119,0.97390249958907626,0.14267936540210013,0.14437529155550882,0.97413608450459721,0.053901703262313055,0.14437529155550882,1
C,4,0.0001,181,0.018100000000000002,0.14666341115975948,1.0497198299661186e-05,0.14666341115975948,4.2859073489526282e-06,0.00016810132314310292,0.00016810132314310292,4.3982611798165649e-06,0.93750295893308733,0.99999949509121189,0.97389825226018534,0.14265211533319222,0.14435017589075133,0.97413232716399101,0.053891421881285193,0.14435017589075133,1
C,4,0.0001,182,0.018200000000000001,0.14665069936024341,1.0554174981985254e-05,0.14665069936024341,4.309169868651396e-06,0.00016900971197805542,0.00016900971197805542,4.4218816853680565e-06,0.93750295621423174,0.99999949219110984,0.97389399257315024,0.14262487148742334,0.14432506529817352,0.97412856954118954,0.053881143180581147,0.14432506529817352,1
C,4,0.0001,183,0.0183,0.14663798926295796,1.0611140625346116e-05,0.14663798926295796,4.3324278812016439e-06,0.00016991788104003838,0.00016991788104003838,4.4454948342487199e-06,0.93750295349425661,0.99999948928981364,0.97388972052632972,0.14259763386322227,0.14429995977667232,0.97412481163624209,0.053870867159468871,0.14429995977667232,1
C,4,0.0001,184,0.0184,0.1466252808703993,1.0668095232244193e-05,0.1466252808703993,4.3556813877156361e-06,0.00017082583038339501,0.00017082583038339501,4.4691006276798007e-06,0.93750295077316204,0.99999948638732339,0.97388543611815803,0.14257040245904315,0.14427485932518555,0.97412105344927691,0.053860593817226042,0.14427485932518555,1
C,4,0.0001,185,0.018500000000000003,0.14661257418372931,1.072503880536275e-05,0.14661257418372931,4.3789303893803302e-06,0.00017173356007696005,0.00017173356007696005,4.4926990674376555e-06,0.93750294805094836,0.99999948348363943,0.97388113934703824,0.14254317727332416,0.1442497639425947,0.97411729498039157,0.053850323153124401,0.1442497639425947,1
C,4,0.0001,186,0.018600000000000002,0.14659986920386603,1.0781971347292973e-05,0.14659986920386603,4.4021748873446205e-06,0.00017264107018051102,0.00017264107018051102,4.5162901556317081e-06,0.93750294532761502,0.9999994805787612,0.97387683021137517,0.14251595830450076,0.14422467362784555,0.97411353622968133,0.053840055166434607,0.14422467362784555,1
C,4,0.0001,187,0.018700000000000001,0.14658716592555346,1.083889286038548e-05,0.14658716592555346,4.4254148826602973e-06,0.00017354836075563686,0.00017354836075563686,4.5398738935942262e-06,0.93750294260316358,0.99999947767269026,0.97387250870961717,0.14248874555102481,0.14419958837985575,0.97410977719728065,0.05382978985643342,0.14419958837985575,1
C,4,0.0001,188,0.018800000000000001,0.14657446435293814,1.089580334741802e-05,0.14657446435293814,4.448650376552306e-06,0.00017445543186211512,0.00017445543186211512,4.5634502835456559e-06,0.93750293987759403,0.99999947476542672,0.97386817484013299,0.1424615390113339,0.14417450819755204,0.97410601788325035,0.053819527222392499,0.14417450819755204,1
C,4,0.0001,189,0.0189,0.14656176448377428,1.0952702810720994e-05,0.14656176448377428,4.471881370063953e-06,0.00017536228356515763,0.00017536228356515763,4.5870193272623538e-06,0.93750293715090649,0.99999947185697069,0.97386382860138587,0.1424343386838908,0.14414943307980455,0.97410225828773889,0.053809267263592912,0.14414943307980455,1
C,4,0.0001,190,0.019,0.14654906631921313,1.1009591253109114e-05,0.14654906631921313,4.4951078644351218e-06,0.00017626891592816479,0.00017626891592816479,4.6105810258545432e-06,0.93750293442310129,0.9999994689473225,0.97385946999175421,0.14240714456711906,0.14412436302558843,0.97409849841081719,0.053799009979301086,0.14412436302558843,1
C,4,0.0001,191,0.019100000000000002,0.14653636985871568,1.1066468676969486e-05,0.14653636985871568,4.5183298607312765e-06,0.00017717532900910269,0.00017717532900910269,4.63413538154267e-06,0.93750293169417886,0.99999946603648249,0.97385509900967426,0.14237995665947084,0.14409929803376925,0.97409473825260129,0.053788755368794072,0.14409929803376925,1
C,4,0.0001,192,0.019200000000000002,0.14652367509843939,1.1123335084708289e-05,0.14652367509843939,4.5415473600272994e-06,0.00017808152286774884,0.00017808152286774884,4.6576823954369573e-06,0.93750292896413923,0.99999946312445087,0.97385071565354853,0.1423527749593852,0.14407423810327705,0.9740909778131831,0.05377850343134423,0.14407423810327705,1
C,4,0.0001,193,0.019300000000000001,0.14651098203977847,1.1180190479083952e-05,0.14651098203977847,4.5647603635395043e-06,0.00017898749757112655,0.00017898749757112655,4.681222070090918e-06,0.93750292623298292,0.99999946021122821,0.97384631992180903,0.14232559946533113,0.14404918323308105,0.97408721709267043,0.053768254166234986,0.14404918323308105,1
C,4,0.0001,194,0.019400000000000001,0.1464982906865403,1.1237034862613773e-05,0.1464982906865403,4.5879688723868473e-06,0.00017989325317539046,0.00017989325317539046,4.7047544068368197e-06,0.93750292350071074,0.99999945729681516,0.97384191181287838,0.14229843017574198,0.14402413342203754,0.97408345609117564,0.053758007572736688,0.14402413342203754,1
C,4,0.0001,195,0.0195,0.14648560103370581,1.1293868237758719e-05,0.14648560103370581,4.6111728876650797e-06,0.00018079878974575238,0.00018079878974575238,4.7282794076730639e-06,0.937502920767322,0.99999945438121118,0.9738374913251272,0.14227126708907775,0.14399908866911537,0.97407969480874845,0.053747763650129579,0.14399908866911537,1
C,4,0.0001,196,0.019599999999999999,0.14647291308547691,1.1350690607277133e-05,0.14647291308547691,4.634372410591227e-06,0.00018170410734561274,0.00018170410734561274,4.7517970743760074e-06,0.9375029180328176,0.99999945146441716,0.97383305845706092,0.14224411020375483,0.1439740489731702,0.97407593324557318,0.053737522397677477,0.1439740489731702,1
C,4,0.0001,197,0.019700000000000002,0.14646022683648519,1.140750197342619e-05,0.14646022683648519,4.6575674421783838e-06,0.00018260920603474908,0.00018260920603474908,4.7753074080558733e-06,0.93750291529719787,0.99999944854643352,0.97382861320703207,0.14221695951823743,0.14394901433318552,0.97407217140168501,0.053727283814662401,0.14394901433318552,1
C,4,0.0001,198,0.019800000000000002,0.14644754228950596,1.146430233896531e-05,0.14644754228950596,4.6807579836433087e-06,0.00018351408587112742,0.00018351408587112742,4.7988104108220853e-06,0.93750291256046336,0.99999944562726073,0.97382415557349356,0.14218981503096903,0.14392398474805151,0.97406840927721028,0.053717047900358403,0.14392398474805151,1
C,4,0.0001,199,0.019900000000000001,0.14643485944385659,1.1521091706335673e-05,0.14643485944385659,4.7039440360739079e-06,0.00018441874692177112,0.00018441874692177112,4.8223060844510002e-06,0.93750290982261342,0.99999944270689811,0.97381968555484866,0.14216267674039054,0.14389896021665785,0.97406464687223271,0.053706814654038808,0.14389896021665785,1
C,4,0.0001,200,0.02,0.14642217829927445,1.1577870078148774e-05,0.14642217829927445,4.7271256006269862e-06,0.0001853231892446462,0.0001853231892446462,4.8457944306079526e-06,0.93750290708364914,0.99999943978534689,0.97381520314952197,0.14213554464496223,0.14387394073797011,0.97406088418685477,0.053696584074984247,0.14387394073797011,1
C_dt_half,4,5.0000000000000002e-05,0,0,0,1.1102230246251565e-16,0,9.435081445006127e-17,0,0,0,0.93750343228680921,1,0.97446731585809832,0.14768731128790363,0.14907357087242268,0.97480769907896003,0.055796741647191214,0.14907357087242268,1
C_dt_half,4,5.0000000000000002e-05,1,5.0000000000000002e-05,0.14907345589013393,2.9508749285696864e-08,0.14907345589013393,1.2048663863556847e-08,4.7460332068584131e-07,4.7460332068584131e-07,1.249078218634736e-08,0.93750343103131573,0.9999999986608118,0.97446629264738893,0.14767311326645394,0.14905937614173767,0.97480584693173433,0.05579135366346763,0.14905937614173767,1
C_dt_half,4,5.0000000000000002e-05,2,0.0001,0.14906635828696221,5.9014620456522999e-08,0.14906635828696221,2.4096148271571244e-08,9.4914882020384981e-07,9.4914882020384981e-07,2.4979644130951328e-08,0.93750342977552747,0.99999999732130929,0.97446526642301357,0.1476589168726099,0.14904518297727881,0.97480399470870893,0.055785966383349046,0.14904518297727881,1
C_dt_half,4,5.0000000000000002e-05,3,0.00015000000000000001,0.14905926166556141,8.8517614069301577e-08,0.14905926166556141,3.6142453460754433e-08,1.423636509422666e-06,1.423636509422666e-06,3.7466586166878812e-08,0.93750342851944501,0.99999999598149292,0.97446423718469988,0.14764472210618168,0.14903099137886042,0.97480214240984564,0.055780579806745535,0.14903099137886042,1
C_dt_half,4,5.0000000000000002e-05,4,0.00020000000000000001,0.14905216538807148,1.1801773025800097e-07,0.14905216538807148,4.8187579501077053e-08,1.8980663919651704e-06,1.8980663919651704e-06,4.995160862719672e-08,0.93750342726306846,0.9999999946413628,0.9744632049322568,0.14763052896695031,0.14901680134628364,0.97480029003518565,0.055775193933556143,0.14901680134628364,1
C_dt_half,4,5.0000000000000002e-05,5,0.00025000000000000001,0.14904506959861316,1.4751496943195673e-07,0.14904506959861316,6.0231526571337018e-08,2.3724384787000032e-06,2.3724384787000032e-06,6.2434710956793538e-08,0.9375034260063978,0.99999999330091904,0.97446216966545107,0.14761633745472963,0.14900261287938377,0.97479843758473361,0.055769808763692488,0.14900261287938377,1
C_dt_half,4,5.0000000000000002e-05,6,0.00030000000000000003,0.1490379743176464,1.7700933187079545e-07,0.1490379743176464,7.2274294798516247e-08,2.8467527768729248e-06,2.8467527768729248e-06,7.4915894376914594e-08,0.93750342474943293,0.99999999196016143,0.97446113138406831,0.14760214756932336,0.14898842597798531,0.97479658505850786,0.055764424297062146,0.14898842597798531,1
C_dt_half,4,5.0000000000000002e-05,7,0.00035,0.14903087957757868,2.0650081798522757e-07,0.14903087957757868,8.431588436236063e-08,3.321009297352576e-06,3.321009297352576e-06,8.7395158443470677e-08,0.93750342349217408,0.99999999061909017,0.97446009008787904,0.14758795931050542,0.14897424064187964,0.97479473245651416,0.055759040533561545,0.14897424064187964,1
C_dt_half,4,5.0000000000000002e-05,8,0.00040000000000000002,0.14902378538427108,2.3598942814866169e-07,0.14902378538427108,9.6356295427398919e-08,3.7952080455732769e-06,3.7952080455732769e-06,9.9872503711573302e-08,0.93750342223462135,0.9999999892777055,0.97445904577667875,0.14757377267806193,0.14896005687090896,0.97479287977878115,0.055753657473091744,0.14896005687090896,1
C_dt_half,4,5.0000000000000002e-05,9,0.00045000000000000004,0.1490166917409797,2.6547516262280145e-07,0.1490166917409797,1.0839552811329806e-07,4.2693490287807877e-06,4.2693490287807877e-06,1.1234793029224477e-07,0.9375034209767743,0.99999998793600697,0.97445799845025205,0.14755958767182656,0.14894587466488274,0.9747910270253296,0.055748275115571726,0.14894587466488274,1
C_dt_half,4,5.0000000000000002e-05,10,0.00050000000000000001,0.14900959847485315,2.9495802165024751e-07,0.14900959847485315,1.2043358253253959e-07,4.7434322578437496e-06,4.7434322578437496e-06,1.2482143829650738e-07,0.93750341971863371,0.99999998659399525,0.97445694810840389,0.14754540429157897,0.14893169402361603,0.9747891741961956,0.055742893460900028,0.14893169402361603,1
C_dt_half,4,5.0000000000000002e-05,11,0.00055000000000000003,0.14900250579372301,3.2443800571632706e-07,0.14900250579372301,1.3247045889488829e-07,5.2174577381964831e-06,5.2174577381964831e-06,1.3729302839049495e-07,0.93750341846019902,0.99999998525166978,0.97445589475090255,0.1475312225371059,0.1489175149469599,0.97478732129138179,0.055737512508977884,0.1489175149469599,1
C_dt_half,4,5.0000000000000002e-05,12,0.00060000000000000006,0.14899541364421284,3.5391511510052746e-07,0.14899541364421284,1.4450615732678309e-07,5.6914254807076269e-06,5.6914254807076269e-06,1.4976270035216288e-07,0.93750341720147035,0.99999998390903078,0.97445483837749491,0.14751704240820449,0.14890333743469417,0.97478546831087221,0.055732132259710652,0.14890333743469417,1
C_dt_half,4,5.0000000000000002e-05,13,0.00065000000000000008,0.14898832198300782,3.8338935012070153e-07,0.14898832198300782,1.5654067797130458e-07,6.1653354926229433e-06,6.1653354926229433e-06,1.6223045473662268e-07,0.93750341594244746,0.99999998256607792,0.97445377898797836,0.14750286390467066,0.1488891614866231,0.97478361525469526,0.055726752713002939,0.1488891614866231,1
C_dt_half,4,5.0000000000000002e-05,14,0.00069999999999999999,0.14898123090993659,4.1286071113175597e-07,0.14898123090993659,1.6857402098580093e-07,6.6391877793767515e-06,6.6391877793767515e-06,1.7469629154387434e-07,0.93750341468313125,0.99999998122281231,0.97445271658213817,0.14748868702629481,0.14887498710257538,0.97478176212286882,0.055721373868757362,0.14887498710257538,1
C_dt_half,4,5.0000000000000002e-05,15,0.00075000000000000002,0.14897414030765568,4.4232919846835487e-07,0.14897414030765568,1.8060618651807027e-07,7.1129823554605733e-06,7.1129823554605733e-06,1.8716021132902938e-07,0.93750341342352084,0.99999997987923273,0.97445165115977139,0.14747451177289903,0.14886081428240852,0.97477990891542776,0.055715995726888665,0.14886081428240852,1
C_dt_half,4,5.0000000000000002e-05,16,0.00080000000000000004,0.14896705026162951,4.7179481252305539e-07,0.14896705026162951,1.9263717474155853e-07,7.586719224497288e-06,7.586719224497288e-06,1.9962221364799859e-07,0.93750341216361643,0.99999997853533962,0.97445058272067187,0.14746033814425921,0.14884664302589301,0.97477805563239361,0.055710618287293893,0.14884664302589301,1
C_dt_half,4,5.0000000000000002e-05,17,0.00085000000000000006,0.14895996070173489,5.0125755346530764e-07,0.14895996070173489,2.0466698573893279e-07,8.0603983919212158e-06,8.0603983919212158e-06,2.1208229927793809e-07,0.93750341090341904,0.99999997719113398,0.97444951126457935,0.14744616614018113,0.14883247333288518,0.9747762022737454,0.05570524154988165,0.14883247333288518,1
C_dt_half,4,5.0000000000000002e-05,18,0.00090000000000000008,0.14895287164429863,5.307174217596481e-07,0.14895287164429863,2.1669561971126833e-07,8.5340198722238785e-06,8.5340198722238785e-06,2.2454046821884788e-07,0.937503409642928,0.99999997584661515,0.97444843679130655,0.14743199576043226,0.14881830520316169,0.97477434883952851,0.0556998655145459,0.14881830520316169,1
C_dt_half,4,5.0000000000000002e-05,19,0.00095,0.1489457831562904,5.6017441779878045e-07,0.1489457831562904,2.2872307683169584e-07,9.0075836708395962e-06,9.0075836708395962e-06,2.3699672124788407e-07,0.93750340838214286,0.99999997450178257,0.97444735930063808,0.14741782700484665,0.14880413863657477,0.97477249532975552,0.055694490181205668,0.14880413863657477,1
C_dt_half,4,5.0000000000000002e-05,20,0.001,0.14893869517613001,5.8962854169609286e-07,0.14893869517613001,2.4074935715935996e-07,9.4810897932026868e-06,9.4810897932026868e-06,2.4945105747686824e-07,0.93750340712106406,0.9999999731566368,0.97444627879233769,0.14740365987319756,0.14878997363292271,0.97477064174442984,0.055689115549757306,0.14878997363292271,1
C_dt_half,4,5.0000000000000002e-05,21,0.0010500000000000002,0.14893160768827507,6.190797939537628e-07,0.14893160768827507,2.5277446091143158e-07,9.9545382519932352e-06,9.9545382519932352e-06,2.6190347846011264e-07,0.93750340585969205,0.99999997181117828,0.9744451952662152,0.14738949436528478,0.14877581019200489,0.97476878808359113,0.055683741620106933,0.14877581019200489,1
C_dt_half,4,5.0000000000000002e-05,22,0.0011000000000000001,0.1489245207519474,6.4852817490896603e-07,0.1489245207519474,2.6479838823707591e-07,1.0427929050834118e-05,1.0427929050834118e-05,2.7435398330943883e-07,0.93750340459802672,0.99999997046540678,0.97444410872200682,0.14737533048090998,0.14876164831365271,0.9747669343472124,0.055678368392161601,0.14876164831365271,1
C_dt_half,4,5.0000000000000002e-05,23,0.00115,0.1489174343400696,6.7797368480366459e-07,0.1489174343400696,2.7682113924947112e-07,1.0901262200593976e-05,1.0901262200593976e-05,2.8680257269098064e-07,0.93750340333606785,0.99999996911932232,0.97444301915953446,0.1473611682198491,0.14874748799768114,0.97476508053534583,0.055672995865818399,0.14874748799768114,1
C_dt_half,4,5.0000000000000002e-05,24,0.0012000000000000001,0.14891034846354001,7.0741632412241481e-07,0.14891034846354001,2.888427141564719e-07,1.1374537712141453e-05,1.1374537712141453e-05,2.9924924704882727e-07,0.93750340207381522,0.99999996777292444,0.97444192657856987,0.14734700758194108,0.14873332924394231,0.97476322664799409,0.055667624040998329,0.14873332924394231,1
C_dt_half,4,5.0000000000000002e-05,25,0.00125,0.14890326309608237,7.3685609307197542e-07,0.14890326309608237,3.0086311305734564e-07,1.1847755587287986e-05,1.1847755587287986e-05,3.1169400616093412e-07,0.93750340081126915,0.99999996642621347,0.97444083097888889,0.1473328485669588,0.1487191720522244,0.97476137268517427,0.055662252917597639,0.1487191720522244,1
C_dt_half,4,5.0000000000000002e-05,26,0.0013000000000000002,0.14889617822500109,7.6629299198727467e-07,0.14889617822500109,3.1288233609975204e-07,1.2320915840525095e-05,1.2320915840525095e-05,3.2413685091547961e-07,0.93750339954843009,0.99999996507919009,0.97443973236030013,0.14731869117468138,0.14870501642237804,0.97475951864691768,0.055656882495514502,0.14870501642237804,1
C_dt_half,4,5.0000000000000002e-05,27,0.0013500000000000001,0.14888909385391816,7.9572702114949892e-07,0.14888909385391816,3.2490038341217837e-07,1.2794018475475664e-05,1.2794018475475664e-05,3.3657778097939683e-07,0.93750339828529772,0.99999996373185385,0.97443863072257175,0.14730453540493604,0.14869086235416593,0.97475766453323509,0.055651512774665735,0.14869086235416593,1
C_dt_half,4,5.0000000000000002e-05,28,0.0014,0.14888201005131813,8.2515818102494955e-07,0.14888201005131813,3.3691725519632982e-07,1.326706350119689e-05,1.326706350119689e-05,3.4901679724086421e-07,0.93750339702187235,0.99999996238420508,0.97443752606548306,0.14729038125749516,0.14867670984744963,0.97475581034413539,0.05564614375494719,0.14867670984744963,1
C_dt_half,4,5.0000000000000002e-05,29,0.0014500000000000001,0.14887492675853867,8.5458647189285445e-07,0.14887492675853867,3.4893295157907979e-07,1.3740050924934536e-05,1.3740050924934536e-05,3.6145389881170331e-07,0.93750339575815345,0.99999996103624311,0.9744364183888049,0.14727622873217405,0.14866255890200028,0.97475395607961912,0.055640775436270828,0.14866255890200028,1
C_dt_half,4,5.0000000000000002e-05,30,0.0015,0.14886784395899186,8.8401189397849084e-07,0.14886784395899186,3.6094747266563978e-07,1.4212980755745801e-05,1.4212980755745801e-05,3.7388908646907026e-07,0.93750339449414122,0.9999999596879684,0.97443530769234488,0.14726207782876349,0.14864840951768088,0.97475210173973148,0.055635407818539609,0.14864840951768088,1
C_dt_half,4,5.0000000000000002e-05,31,0.0015500000000000002,0.148860761715189,9.1343444784029091e-07,0.148860761715189,3.7296081869486181e-07,1.4685853002687885e-05,1.4685853002687885e-05,3.8632236065705428e-07,0.93750339322983622,0.99999995833938138,0.97443419397585618,0.14724792854703284,0.14863426169429286,0.97475024732445281,0.055630040901648165,0.14863426169429286,1
C_dt_half,4,5.0000000000000002e-05,32,0.0016000000000000001,0.14885367997516158,9.4285413366491712e-07,0.14885367997516158,3.8497298975644476e-07,1.515866767662943e-05,1.515866767662943e-05,3.9875372148667765e-07,0.93750339196523758,0.99999995699048105,0.97443307723916206,0.14723378088681136,0.14862011543163584,0.97474839283384251,0.055624674685513964,0.14862011543163584,1
C_dt_half,4,5.0000000000000002e-05,33,0.00165,0.14884659874120107,9.7227095173424116e-07,0.14884659874120107,3.9698398597822729e-07,1.5631424779381872e-05,1.5631424779381872e-05,4.1118316906896268e-07,0.93750339070034638,0.99999995564126876,0.97443195748203082,0.14721963484788103,0.1486059707295779,0.97474653826790214,0.055619309170036491,0.1486059707295779,1
C_dt_half,4,5.0000000000000002e-05,34,0.0017000000000000001,0.14883951805527346,1.0016849026239644e-06,0.14883951805527346,4.0899380760563322e-07,1.6104124323625298e-05,1.6104124323625298e-05,4.236107040700432e-07,0.9375033894351622,0.99999995429174382,0.97443083470422631,0.14720549043003764,0.14859182758789022,0.97474468362662592,0.055613944355120529,0.14859182758789022,1
C_dt_half,4,5.0000000000000002e-05,35,0.00175,0.14883243789752482,1.0310959864114641e-06,0.14883243789752482,4.2100245468481685e-07,1.6576766314794025e-05,1.6576766314794025e-05,4.3603632615685228e-07,0.93750338816968481,0.99999995294190624,0.97442970890556091,0.14719134763308916,0.14857768600638585,0.97474282891006159,0.055608580240675408,0.14857768600638585,1
C_dt_half,4,5.0000000000000002e-05,36,0.0018000000000000002,0.14882535822635315,1.0605042035615563e-06,0.14882535822635315,4.3300992741741258e-07,1.7049350763756696e-05,1.7049350763756696e-05,4.4846003588450145e-07,0.93750338690391477,0.99999995159175648,0.97442858008579425,0.14717720645681792,0.14856354598495214,0.97474097411819938,0.055603216826600764,0.14856354598495214,1
C_dt_half,4,5.0000000000000002e-05,37,0.0018500000000000001,0.1488182790902059,1.0899095542627347e-06,0.1488182790902059,4.4501622589283452e-07,1.7521877674136185e-05,1.7521877674136185e-05,4.608818330309461e-07,0.93750338563785163,0.99999995024129407,0.97442744824470506,0.14716306690103567,0.14854940752331777,0.97473911925105072,0.055597854112807397,0.14854940752331777,1
C_dt_half,4,5.0000000000000002e-05,38,0.0019,0.14881120046373811,1.1193120390173214e-06,0.14881120046373811,4.5702135032868925e-07,1.7994347058612579e-05,1.7994347058612579e-05,4.7330171826232004e-07,0.93750338437149561,0.99999994889051924,0.97442631338211261,0.147148928965536,0.14853527062138039,0.9747372643086637,0.055592492099199121,0.14853527062138039,1
C_dt_half,4,5.0000000000000002e-05,39,0.0019500000000000001,0.14880412237902024,1.1487116581054999e-06,0.14880412237902024,4.6902530085120703e-07,1.8466758924431636e-05,1.8466758924431636e-05,4.8571969191169018e-07,0.93750338310484704,0.99999994753943244,0.97442517549775531,0.14713479265010374,0.14852113527887958,0.97473540929101654,0.055587130785676758,0.14852113527887958,1
C_dt_half,4,5.0000000000000002e-05,40,0.002,0.14879704479346204,1.1781084117524947e-06,0.14879704479346204,4.8102807756571491e-07,1.8939113277027674e-05,1.8939113277027674e-05,4.9813575375701191e-07,0.93750338183790549,0.99999994618803301,0.97442403459146321,0.14712065795454984,0.14850700149569662,0.97473355419816499,0.05558177017215063,0.14850700149569662,1
C_dt_half,4,5.0000000000000002e-05,41,0.0020500000000000002,0.14878996772681469,1.2075023003496638e-06,0.14878996772681469,4.9302968064338163e-07,1.9411410125457898e-05,1.9411410125457898e-05,5.1054990457544136e-07,0.93750338057067117,0.99999994483632137,0.97442289066298937,0.14710652487865833,0.14849286927161193,0.9747316990300986,0.055576410258521107,0.14849286927161193,1
C_dt_half,4,5.0000000000000002e-05,42,0.0021000000000000003,0.14878289120819851,1.2368933244365931e-06,0.14878289120819851,5.0503011031726444e-07,1.9883649480590947e-05,1.9883649480590947e-05,5.2296214392288931e-07,0.93750337930314476,0.9999999434842981,0.97442174371212054,0.14709239342222089,0.14847873860643654,0.97472984378683447,0.055571051044691434,0.14847873860643654,1
C_dt_half,4,5.0000000000000002e-05,43,0.00215,0.14877581518656774,1.266281484108092e-06,0.14877581518656774,5.1702936663762162e-07,2.0355831349672579e-05,2.0355831349672579e-05,5.3537247246548958e-07,0.93750337803532491,0.99999994213196197,0.9744205937386734,0.14707826358506099,0.14846460950003257,0.97472798846842124,0.05556569253057677,0.14846460950003257,1
C_dt_half,4,5.0000000000000002e-05,44,0.0022000000000000001,0.14876873970382995,1.2956667798299945e-06,0.14876873970382995,5.2902744980836015e-07,2.0827955741759998e-05,2.0827955741759998e-05,5.4778089098039828e-07,0.93750337676721229,0.99999994077931342,0.97441944074239661,0.14706413536695445,0.14845048195219998,0.97472613307484057,0.055560334716074376,0.14845048195219998,1
C_dt_half,4,5.0000000000000002e-05,45,0.0022500000000000003,0.148761664722318,1.3250492118276824e-06,0.148761664722318,5.4102435993374429e-07,2.1300022660476081e-05,2.1300022660476081e-05,5.60187398579437e-07,0.93750337549880769,0.99999993942635346,0.97441828472308278,0.14705000876769211,0.14843635596274787,0.9747242776061158,0.055554977601087123,0.14843635596274787,1
C_dt_half,4,5.0000000000000002e-05,46,0.0023,0.1487545902697735,1.3544287804177606e-06,0.1487545902697735,5.5302009715630679e-07,2.177203211668947e-05,2.177203211668947e-05,5.7259199592873955e-07,0.93750337423011043,0.99999993807308141,0.97441712568051142,0.14703588378708116,0.14842223153149098,0.97472242206225468,0.055549621185524013,0.14842223153149098,1
C_dt_half,4,5.0000000000000002e-05,47,0.0023500000000000001,0.14874751632784738,1.3838054860292857e-06,0.14874751632784738,5.6501466166086222e-07,2.2243984117645926e-05,2.2243984117645926e-05,5.8499468369443974e-07,0.93750337296112063,0.99999993671949716,0.97441596361446992,0.14702176042493018,0.14840810865824333,0.97472056644328275,0.055544265469294765,0.14840810865824333,1
C_dt_half,4,5.0000000000000002e-05,48,0.0024000000000000002,0.14874044290753274,1.4131793289238318e-06,0.14874044290753274,5.7700805356904799e-07,2.2715878672402648e-05,2.2715878672402648e-05,5.9739546109938146e-07,0.93750337169183862,0.99999993536560128,0.97441479852473867,0.1470076386810143,0.1483939873428525,0.97471871074920913,0.055538910452296336,0.1483939873428525,1
C_dt_half,4,5.0000000000000002e-05,49,0.0024499999999999999,0.14873337001265205,1.4425503095112797e-06,0.14873337001265205,5.890002730595096e-07,2.3187715791828279e-05,2.3187715791828279e-05,6.0979432947583234e-07,0.93750337042226384,0.9999999340113932,0.97441363041111551,0.14699351855513659,0.14837986758510444,0.97471685498006488,0.055533556134436245,0.14837986758510444,1
C_dt_half,4,5.0000000000000002e-05,50,0.0025000000000000001,0.14872629763231707,1.4719184279619347e-06,0.14872629763231707,6.0099132021466526e-07,2.3659495475922818e-05,2.3659495475922818e-05,6.2219128849072547e-07,0.93750336915239718,0.9999999326568737,0.97441245927337228,0.14697940004711374,0.14836574938482414,0.97471499913585191,0.055528202515627165,0.14836574938482414,1
C_dt_half,4,5.0000000000000002e-05,51,0.0025500000000000002,0.14871922577061583,1.5012836847583332e-06,0.14871922577061583,6.1298119524378071e-07,2.4131217740989223e-05,2.4131217740989223e-05,6.3458633847712775e-07,0.93750336788223765,0.99999993130204179,0.97441128511129671,0.14696528315672061,0.14835163274186514,0.97471314321658975,0.055522849595765977,0.14835163274186514,1
C_dt_half,4,5.0000000000000002e-05,52,0.0026000000000000003,0.14871215442973404,1.5306460802560859e-06,0.14871215442973404,6.2496989830367541e-07,2.4602882590650377e-05,2.4602882590650377e-05,6.469794794350392e-07,0.93750336661178568,0.99999992994689801,0.97441010792466443,0.14695116788375134,0.14833751765601294,0.97471128722228439,0.055517497374756745,0.14833751765601294,1
C_dt_half,4,5.0000000000000002e-05,53,0.00265,0.14870508361169241,1.56000561475302e-06,0.14870508361169241,6.3695742952904487e-07,2.5074490035774922e-05,2.5074490035774922e-05,6.5937071236366052e-07,0.93750336534104228,0.99999992859144338,0.9744089277132717,0.14693705422802289,0.14832340412710637,0.97470943115296382,0.055512145852512344,0.14832340412710637,1
C_dt_half,4,5.0000000000000002e-05,54,0.0027000000000000001,0.14869801329627386,1.5893622884560067e-06,0.14869801329627386,6.4894378901736202e-07,2.5546040081797174e-05,2.5546040081797174e-05,6.717600367078802e-07,0.93750336407000623,0.99999992723567654,0.9744077444769057,0.14692294218932009,0.1483092921549343,0.97470757500865057,0.055506795028933513,0.1483092921549343,1
C_dt_half,4,5.0000000000000002e-05,55,0.0027500000000000003,0.1486909435081048,1.6187161017937469e-06,0.1486909435081048,6.6092897695445829e-07,2.6017532737774337e-05,2.6017532737774337e-05,6.8414745268974286e-07,0.93750336279867774,0.99999992587959774,0.97440655821533095,0.14690883176744585,0.14829518173934764,0.97470571878933465,0.055501444903927555,0.14829518173934764,1
C_dt_half,4,5.0000000000000002e-05,56,0.0028,0.14868387425866592,1.6480670552134004e-06,0.14868387425866592,6.7291299353626605e-07,2.6488968014575051e-05,2.6488968014575051e-05,6.9653296119742691e-07,0.93750336152705782,0.99999992452320818,0.97440536892836838,0.14689472296218581,0.14828107288011314,0.97470386249507501,0.055496095477395639,0.14828107288011314,1
C_dt_half,4,5.0000000000000002e-05,57,0.0028500000000000001,0.14867680550993839,1.6774151489389558e-06,0.14867680550993839,6.8489583886589917e-07,2.6960345917633634e-05,2.6960345917633634e-05,7.0891656189786545e-07,0.93750336025514547,0.99999992316650665,0.97440417661577694,0.14688061577334302,0.14826696557710342,0.97470200612585323,0.055490746749245069,0.14826696557710342,1
C_dt_half,4,5.0000000000000002e-05,58,0.0029000000000000002,0.14866973728252761,1.7067603831960636e-06,0.14866973728252761,6.9687751304933301e-07,2.7431666454195848e-05,2.7431666454195848e-05,7.2129825479105847e-07,0.93750335898294113,0.9999999218094936,0.97440298127735503,0.14686651020071251,0.14825285983008279,0.97470014968170526,0.055485398719380498,0.14825285983008279,1
C_dt_half,4,5.0000000000000002e-05,59,0.0029499999999999999,0.14866266956881499,1.7361027583756079e-06,0.14866266956881499,7.0885801625773938e-07,2.7902929631507456e-05,2.7902929631507456e-05,7.3367804043211748e-07,0.93750335771044468,0.99999992045216912,0.97440178291286761,0.14685240624409476,0.14823875563890954,0.97469829316262524,0.055480051387708486,0.14823875563890954,1
C_dt_half,4,5.0000000000000002e-05,60,0.0030000000000000001,0.14865560239219602,1.7654422749808444e-06,0.14865560239219602,7.2083734870757586e-07,2.8374135462248531e-05,2.8374135462248531e-05,7.4605591948717631e-07,0.93750335643765637,0.99999991909453312,0.97440058152208364,0.14683830390329364,0.14822465300340648,0.97469643656861227,0.055474704754136857,0.14822465300340648,1
C_dt_half,4,5.0000000000000002e-05,61,0.0030500000000000002,0.14864853572361988,1.7947789331617071e-06,0.14864853572361988,7.328155104743171e-07,2.8845283950041962e-05,2.8845283950041962e-05,7.5843189184521265e-07,0.93750335516457617,0.99999991773658592,0.97439937710483537,0.14682420317809322,0.14821055192338423,0.97469457989973185,0.055469358818566079,0.14821055192338423,1
C_dt_half,4,5.0000000000000002e-05,62,0.0031000000000000003,0.14864146956676319,1.8241127332914327e-06,0.14864146956676319,7.4479250172156255e-07,2.9316375107567829e-05,2.9316375107567829e-05,7.7080595761724879e-07,0.93750335389120421,0.99999991637832752,0.97439816966087378,0.14681010406829836,0.1481964523986658,0.97469272315596356,0.055464013580904317,0.1481964523986658,1
C_dt_half,4,5.0000000000000002e-05,63,0.00315,0.14863440394138158,1.8534436757800088e-06,0.14863440394138158,7.56768322629078e-07,2.9787408938449002e-05,2.9787408938449002e-05,7.8317811702532936e-07,0.93750335261754014,0.99999991501975749,0.9743969591900189,0.14679600657370837,0.14818235442905059,0.9746908663373588,0.055458669041057701,0.14818235442905059,1
C_dt_half,4,5.0000000000000002e-05,64,0.0032000000000000002,0.14862733882133913,1.8827717607595749e-06,0.14862733882133913,7.6874297326446865e-07,3.0258385451742695e-05,3.0258385451742695e-05,7.9554837018047664e-07,0.93750335134358487,0.99999991366087682,0.97439574569202225,0.14678191069412908,0.14816825801438668,0.97468900944390269,0.055453325198934957,0.14816825801438668,1
C_dt_half,4,5.0000000000000002e-05,65,0.0032500000000000003,0.1486202742273475,1.9120969887881074e-06,0.1486202742273475,7.8071645386608236e-07,3.0729304658317539e-05,3.0729304658317539e-05,8.0791671752677985e-07,0.93750335006933705,0.99999991230168406,0.97439452916666658,0.14676781642933973,0.14815416315444746,0.97468715247560367,0.055447982054434478,0.14815416315444746,1
C_dt_half,4,5.0000000000000002e-05,66,0.0033,0.14861321016079149,1.9414193601286098e-06,0.14861321016079149,7.9268876455475465e-07,3.1200166561796419e-05,3.1200166561796419e-05,8.2028315928628359e-07,0.93750334879479724,0.99999991094217999,0.9743933096137567,0.14675372377913629,0.14814006984909303,0.97468529543250138,0.055442639607461278,0.14814006984909303,1
C_dt_half,4,5.0000000000000002e-05,67,0.0033500000000000001,0.14860614658860122,1.9707388749670141e-06,0.14860614658860122,8.0465990541865718e-07,3.1670971174859411e-05,3.1670971174859411e-05,8.3264769568103247e-07,0.93750334751996656,0.99999990958236551,0.97439208703307401,0.14673963274333143,0.14812597809814679,0.9746834383146038,0.055437297857926456,0.14812597809814679,1
C_dt_half,4,5.0000000000000002e-05,68,0.0034000000000000002,0.14859908354738524,2.0000555338258017e-06,0.14859908354738524,8.1662987668276721e-07,3.2141718501129398e-05,3.2141718501129398e-05,8.450103269330711e-07,0.9375033462448441,0.99999990822223994,0.9743908614243848,0.14672554332171514,0.1481118879014022,0.97468158112191405,0.055431956805732832,0.1481118879014022,1
C_dt_half,4,5.0000000000000002e-05,69,0.0034500000000000004,0.14859202103825406,2.0293693370217815e-06,0.14859202103825406,8.2859867848937505e-07,3.2612408553286463e-05,3.2612408553286463e-05,8.5737105315342177e-07,0.93750334496942977,0.99999990686180296,0.97438963278750723,0.14671145551408046,0.14809779925867217,0.97467972385447421,0.055426616450783991,0.14809779925867217,1
C_dt_half,4,5.0000000000000002e-05,70,0.0035000000000000001,0.14858495903846439,2.0586802848169585e-06,0.14858495903846439,8.4056631095685545e-07,3.3083041336764925e-05,3.3083041336764925e-05,8.6972987423106218e-07,0.9375033436937239,0.999999905501055,0.9743884011221986,0.1466973693202249,0.14808371216976665,0.97467786651227384,0.055421276792985495,0.14808371216976665,1
C_dt_half,4,5.0000000000000002e-05,71,0.0035500000000000002,0.14857789756448464,2.0879883775660381e-06,0.14857789756448464,8.5253277424387781e-07,3.3553616858810541e-05,3.3553616858810541e-05,8.8208679160928227e-07,0.93750334241772659,0.99999990413999618,0.97438716642827194,0.1466832847399494,0.14806962663452014,0.97467600909535634,0.055415937832244092,0.14806962663452014,1
C_dt_half,4,5.0000000000000002e-05,72,0.0036000000000000003,0.14857083660332021,2.1172936155297055e-06,0.14857083660332021,8.6449806846810632e-07,3.402413512848052e-05,3.402413512848052e-05,8.9444180451092592e-07,0.93750334114143818,0.99999990277862683,0.97438592870548812,0.14666920177306345,0.14805554265275755,0.97467415160371274,0.055410599568469776,0.14805554265275755,1
C_dt_half,4,5.0000000000000002e-05,73,0.00365,0.14856377616437114,2.1465959991747669e-06,0.14856377616437114,8.764621938324541e-07,3.4494596154832048e-05,3.4494596154832048e-05,9.0679491326906003e-07,0.93750333986485757,0.99999990141694584,0.97438468795362176,0.14665512041934689,0.14804146022429435,0.97467229403735156,0.055405262001561546,0.14804146022429435,1
C_dt_half,4,5.0000000000000002e-05,74,0.0037000000000000002,0.14855671622540922,2.1758955286690515e-06,0.14855671622540922,8.8842515041868775e-07,3.4964999945110898e-05,3.4964999945110898e-05,9.1914611799470691e-07,0.93750333858798551,0.99999990005495398,0.97438344417248723,0.14664104067859263,0.14802737934898191,0.97467043639631146,0.05539992513142291,0.14802737934898191,1
C_dt_half,4,5.0000000000000002e-05,75,0.0037500000000000003,0.14854965681940091,2.2051922044613964e-06,0.14854965681940091,9.0038693842124022e-07,3.5435346506562832e-05,3.5435346506562832e-05,9.3149541957604498e-07,0.93750333731082292,0.99999989869265216,0.97438219736187281,0.14662696255063107,0.14801330002659793,0.97466857868061496,0.055394588957971946,0.14801330002659793,1
C_dt_half,4,5.0000000000000002e-05,76,0.0038,0.14854259793997215,2.2344860269234403e-06,0.14854259793997215,9.1234755800452418e-07,3.5905635850056475e-05,3.5905635850056475e-05,9.4384281768000733e-07,0.93750333603336855,0.99999989733003913,0.97438094752153404,0.14661288603521383,0.1479992222569359,0.97466672089024753,0.055389253481096773,0.1479992222569359,1
C_dt_half,4,5.0000000000000002e-05,77,0.0038500000000000001,0.14853553955838172,2.2637769962064497e-06,0.14853553955838172,9.2430700924298898e-07,3.6375867979214724e-05,3.6375867979214724e-05,9.5618831275068317e-07,0.93750333475562264,0.99999989596711525,0.97437969465126362,0.14659881113218337,0.14798514603989579,0.97466486302523125,0.055383918700719917,0.14798514603989579,1
C_dt_half,4,5.0000000000000002e-05,78,0.0039000000000000003,0.14852848170641056,2.2930651127749159e-06,0.14852848170641056,9.3626529233830096e-07,3.684604290490621e-05,3.684604290490621e-05,9.685319048990948e-07,0.93750333347758574,0.99999989460388083,0.97437843875084929,0.14658473784130951,0.14797107137522411,0.9746630050855819,0.055378584616736296,0.14797107137522411,1
C_dt_half,4,5.0000000000000002e-05,79,0.0039500000000000004,0.14852142437102664,2.3223503770031381e-06,0.14852142437102664,9.482224074549495e-07,3.7316160636188135e-05,3.7316160636188135e-05,9.8087359423626452e-07,0.93750333219925797,0.99999989324033622,0.97437717982013017,0.14657066616239692,0.14795699826279651,0.97466114707137053,0.055373251229054232,0.14795699826279651,1
C_dt_half,4,5.0000000000000002e-05,80,0.0040000000000000001,0.14851436755269667,2.3516327890602934e-06,0.14851436755269667,9.601783546752612e-07,3.778622117668338e-05,3.778622117668338e-05,9.9321338087321465e-07,0.93750333092063876,0.99999989187648075,0.97437591785881073,0.14655659609523963,0.14794292670235537,0.97465928898253384,0.055367918537577929,0.14794292670235537,1
C_dt_half,4,5.0000000000000002e-05,81,0.0040499999999999998,0.14850731125390002,2.3809123494106023e-06,0.14850731125390002,9.7213313420059783e-07,3.8256224540883467e-05,3.8256224540883467e-05,1.0055512658091459e-06,0.93750332964172844,0.99999989051231464,0.97437465286674829,0.14654252763964673,0.14792919168704152,0.97465743081915501,0.055362586542217207,0.14792919168704152,1
C_dt_half,4,5.0000000000000002e-05,82,0.0041000000000000003,0.14850025546921994,2.4101890583907119e-06,0.14850025546921994,9.8408674618047204e-07,3.8726170734222714e-05,3.8726170734222714e-05,1.0178872487109913e-06,0.93750332836252737,0.99999988914783855,0.97437338484367164,0.14652846079540816,0.14791627470069138,0.97465557258118962,0.05535725524287461,0.14791627470069138,1
C_dt_half,4,5.0000000000000002e-05,83,0.00415,0.14849320021356496,2.4394629163733089e-06,0.14849320021356496,9.9603919077955888e-07,3.9196059763946886e-05,3.9196059763946886e-05,1.030221329578751e-06,0.93750332708303485,0.99999988778305149,0.97437211378935595,0.14651439556231169,0.14790335902081503,0.974653714268648,0.055351924639452141,0.14790335902081503,1
C_dt_half,4,5.0000000000000002e-05,84,0.0042000000000000006,0.14848614546050184,2.4687339234168784e-06,0.14848614546050184,1.0079904680342865e-06,3.9665891635490302e-05,3.9665891635490302e-05,1.0425535089675364e-06,0.9375033258032518,0.99999988641795456,0.97437083970364258,0.14650033194018042,0.14789044464722628,0.97465185588159831,0.055346594731864956,0.14789044464722628,1
C_dt_half,4,5.0000000000000002e-05,85,0.0042500000000000003,0.14847909123902614,2.4980020801535361e-06,0.14847909123902614,1.0199405782144503e-06,4.0135666361533031e-05,4.0135666361533031e-05,1.0548837870993921e-06,0.93750332452317742,0.99999988505254689,0.97436956258630636,0.14648626992879363,0.14787753157977759,0.97464999742004643,0.055341265520011632,0.14787753157977759,1
C_dt_half,4,5.0000000000000002e-05,86,0.0043,0.14847203753709784,2.5272673868449065e-06,0.14847203753709784,1.031889521439428e-06,4.0605383949320852e-05,4.0605383949320852e-05,1.0672121644184074e-06,0.93750332324281238,0.99999988368682924,0.97436828243710016,0.14647220952794701,0.14786461981833743,0.97464813888397217,0.055335937003797006,0.14786461981833743,1
C_dt_half,4,5.0000000000000002e-05,87,0.0043500000000000006,0.14846498434228325,2.5565298436416672e-06,0.14846498434228325,1.0438372977836511e-06,4.1075044404288076e-05,4.1075044404288076e-05,1.0795386408135599e-06,0.93750332196215624,0.99999988232080095,0.97436699925582448,0.14645815073744589,0.1478517093628158,0.97464628027340772,0.055330609183129598,0.1478517093628158,1
C_dt_half,4,5.0000000000000002e-05,88,0.0044000000000000003,0.14845793166351101,2.5857894510826084e-06,0.14845793166351101,1.0557839074782851e-06,4.1544647739114781e-05,4.1544647739114781e-05,1.0918632167289388e-06,0.93750332068120878,0.99999988095446202,0.97436571304230546,0.14644409355709595,0.14783880021302107,0.97464442158840925,0.055325282057918035,0.14783880021302107,1
C_dt_half,4,5.0000000000000002e-05,89,0.00445,0.1484508795083824,2.6150462094315952e-06,0.1484508795083824,1.0677293506436105e-06,4.2014193955612409e-05,4.2014193955612409e-05,1.1041858922755665e-06,0.93750331939997122,0.99999987958781367,0.97436442379628774,0.1464300379866865,0.14782589236883564,0.97464256282894945,0.05531995562806475,0.14782589236883564,1
C_dt_half,4,5.0000000000000002e-05,90,0.0045000000000000005,0.14844382786474178,2.6443001189486473e-06,0.14844382786474178,1.0796736273988263e-06,4.2483683066461039e-05,4.2483683066461039e-05,1.1165066673424207e-06,0.93750331811844245,0.99999987822085468,0.97436313151754128,0.14641598402602035,0.1478129858301053,0.97464070399502656,0.055314629893477206,0.1478129858301053,1
C_dt_half,4,5.0000000000000002e-05,91,0.0045500000000000002,0.14843677674717912,2.6735511800820098e-06,0.14843677674717912,1.0916167379381749e-06,4.2953115077095002e-05,4.2953115077095002e-05,1.1288255424846128e-06,0.93750331683662325,0.99999987685358582,0.97436183620590089,0.14640193167487767,0.14780008059668218,0.97463884508670606,0.055309304854054442,0.14780008059668218,1
C_dt_half,4,5.0000000000000002e-05,92,0.0045999999999999999,0.14842972614461927,2.7027993931478369e-06,0.14842972614461927,1.1035586824031686e-06,4.3422489998382925e-05,4.3422489998382925e-05,1.1411425182572543e-06,0.93750331555451294,0.99999987548600655,0.97436053786111498,0.14638788093307753,0.14778717666846844,0.97463698610396443,0.055303980509710117,0.14778717666846844,1
C_dt_half,4,5.0000000000000002e-05,93,0.0046500000000000005,0.14842267605840123,2.7320447584451474e-06,0.14842267605840123,1.1154994609283122e-06,4.3891807837570577e-05,4.3891807837570577e-05,1.1534575944383008e-06,0.93750331427211242,0.99999987411811764,0.97435923648299261,0.14637383180039876,0.14777427404528506,0.97463512704683952,0.055298656860342688,0.14777427404528506,1
C_dt_half,4,5.0000000000000002e-05,94,0.0047000000000000002,0.14841562648893047,2.76128727627286e-06,0.14841562648893047,1.1274390736483685e-06,4.436106860190371e-05,4.436106860190371e-05,1.1657707711387744e-06,0.93750331298942147,0.99999987274991897,0.97435793207131871,0.14635978427665822,0.14776137272700457,0.97463326791534743,0.055293333905865119,0.14776137272700457,1
C_dt_half,4,5.0000000000000002e-05,95,0.0047499999999999999,0.14840857744417327,2.7905269469677766e-06,0.14840857744417327,1.1393775207120805e-06,4.4830272296816655e-05,4.4830272296816655e-05,1.1780820488027643e-06,0.93750331170643952,0.99999987138140989,0.97435662462588513,0.14634573836166143,0.14774847271350652,0.97463140870950837,0.055288011646185957,0.14774847271350652,1
C_dt_half,4,5.0000000000000002e-05,96,0.0048000000000000004,0.14840152890113567,2.8197637708271973e-06,0.14840152890113567,1.1513148022542084e-06,4.5299418934989483e-05,4.5299418934989483e-05,1.1903914274302707e-06,0.93750331042316759,0.9999998700125915,0.97435531414644672,0.14633169405516111,0.14773557400463272,0.97462954942930402,0.055282690081193721,0.14773557400463272,1
C_dt_half,4,5.0000000000000002e-05,97,0.0048500000000000001,0.14839448088525256,2.8489977482441531e-06,0.14839448088525256,1.1632509184473257e-06,4.5768508521856527e-05,4.5768508521856527e-05,1.2026989079094719e-06,0.93750330913960489,0.99999986864346302,0.97435400063279187,0.14631765135699834,0.1477226766002345,0.97462769007475036,0.055277369210810418,0.1477226766002345,1
C_dt_half,4,5.0000000000000002e-05,98,0.0048999999999999998,0.14838743338609386,2.8782288795717829e-06,0.14838743338609386,1.1751858694464146e-06,4.623754106466353e-05,4.623754106466353e-05,1.2150044901293455e-06,0.93750330785575176,0.99999986727402468,0.97435268408474129,0.14630361026697078,0.14770978050021286,0.97462583064589925,0.055272049034941761,0.14770978050021286,1
C_dt_half,4,5.0000000000000002e-05,99,0.0049500000000000004,0.14838038641047233,2.907457165201876e-06,0.14838038641047233,1.1871196554251981e-06,4.6706516576090588e-05,4.6706516576090588e-05,1.2273081737568248e-06,0.93750330657160774,0.99999986590427603,0.97435136450205839,0.14628957078484942,0.14769688570435471,0.9746239711427398,0.055266729553483142,0.14769688570435471,1
C_dt_half,4,5.0000000000000002e-05,100,0.0050000000000000001,0.1483733399419003,2.93668260526676e-06,0.1483733399419003,1.1990522764495758e-06,4.7175435059760571e-05,4.7175435059760571e-05,1.2396099601241772e-06,0.93750330528717407,0.99999986453421852,0.97435004188454744,0.14627553291045695,0.14768399221257628,0.9746221115653072,0.055261410766349724,0.14768399221257628,1
C_dt_half,4,5.0000000000000002e-05,101,0.0050500000000000007,0.14836629399365461,2.9659052001757116e-06,0.14836629399365461,1.2109837326984701e-06,4.764429652473068e-05,4.764429652473068e-05,1.2519098484542468e-06,0.93750330400245008,0.99999986316385125,0.97434871623200314,0.14626149664358851,0.14767110002472653,0.97462025191362534,0.055256092673446174,0.14767110002472653,1
C_dt_half,4,5.0000000000000002e-05,102,0.0051000000000000004,0.14835924856135727,2.9951249503393972e-06,0.14835924856135727,1.2229140243518869e-06,4.8113100980058128e-05,4.8113100980058128e-05,1.264207839302145e-06,0.93750330271743565,0.99999986179317424,0.97434738754417882,0.14624746198403749,0.14765820914068492,0.97461839218767399,0.055250775274676471,0.14765820914068492,1
C_dt_half,4,5.0000000000000002e-05,103,0.0051500000000000001,0.14835220365696833,3.0243418560938049e-06,0.14835220365696833,1.2348431515590514e-06,4.8581848432988661e-05,4.8581848432988661e-05,1.276503933111961e-06,0.93750330143213134,0.99999986042218791,0.97434605582088185,0.14623342893159519,0.14764531956026858,0.97461653238749468,0.055245458569943985,0.14764531956026858,1
C_dt_half,4,5.0000000000000002e-05,104,0.0052000000000000006,0.14834515925917086,3.0535559176261513e-06,0.14834515925917086,1.2467711144090906e-06,4.9050538890768041e-05,4.9050538890768041e-05,1.2887981295506279e-06,0.93750330014653682,0.99999985905089217,0.9743447210618893,0.14621939748606738,0.14763243128338346,0.97461467251308653,0.055240142559157206,0.14763243128338346,1
C_dt_half,4,5.0000000000000002e-05,105,0.0052500000000000003,0.14833811536939107,3.0827671351795772e-06,0.14833811536939107,1.2586979130143636e-06,4.951917236064204e-05,4.951917236064204e-05,1.3010904293953018e-06,0.93750329886065198,0.99999985767928667,0.9743433832670072,0.14620536764726996,0.14761954430988181,0.97461281256448384,0.055234827242228689,0.14761954430988181,1
C_dt_half,4,5.0000000000000002e-05,106,0.0053,0.14833107201150247,3.1119755095532781e-06,0.14833107201150247,1.2706235477110926e-06,4.9987748855290719e-05,4.9987748855290719e-05,1.3133808328680274e-06,0.93750329757447681,0.99999985630737154,0.97434204243596467,0.14619133941494991,0.14760665863958392,0.97461095254164698,0.05522951261904497,0.14760665863958392,1
C_dt_half,4,5.0000000000000002e-05,107,0.0053500000000000006,0.1483240291639045,3.141181040546074e-06,0.1483240291639045,1.2825480184312068e-06,5.0456268376525538e-05,5.0456268376525538e-05,1.325669340079827e-06,0.93750329628801143,0.99999985493514676,0.97434069856862926,0.14617731278895604,0.14759377427238629,0.9746090924446692,0.055224198689530962,0.14759377427238629,1
C_dt_half,4,5.0000000000000002e-05,108,0.0054000000000000003,0.148316986844063,3.1703837289007916e-06,0.148316986844063,1.2944713254891487e-06,5.0924730940649454e-05,5.0924730940649454e-05,1.337955951252745e-06,0.9375032950012564,0.99999985356261312,0.97433935166475572,0.1461632877690556,0.14758089120813236,0.97460723227353352,0.055218885453580779,0.14758089120813236,1
C_dt_half,4,5.0000000000000002e-05,109,0.00545,0.1483099450214577,3.199583574619911e-06,0.1483099450214577,1.3063934688991176e-06,5.1393136547662453e-05,5.1393136547662453e-05,1.3502406663867816e-06,0.93750329371421104,0.99999985218976972,0.97433800172412766,0.1461492643550763,0.14756800944671258,0.97460537202825281,0.05521357291111148,0.14756800944671258,1
C_dt_half,4,5.0000000000000002e-05,110,0.0055000000000000005,0.14830290372368568,3.2287805781700173e-06,0.14830290372368568,1.3183144488631927e-06,5.1861485206621751e-05,5.1861485206621751e-05,1.3625234857039814e-06,0.93750329242687624,0.99999985081661769,0.97433664874649761,0.14613524254679353,0.1475551289879373,0.97460351170880777,0.055208261062020265,0.1475551289879373,1
C_dt_half,4,5.0000000000000002e-05,111,0.0055500000000000002,0.14829586295160299,3.2579747399415605e-06,0.14829586295160299,1.3302342655525286e-06,5.232977692839598e-05,5.232977692839598e-05,1.3748044097594558e-06,0.93750329113925113,0.9999998494431559,0.97433529273173458,0.14612122234402866,0.14754224983171205,0.9746016513152973,0.0552029499062218,0.14754224983171205,1
C_dt_half,4,5.0000000000000002e-05,112,0.0055999999999999999,0.14828882269116617,3.2871660602335077e-06,0.14828882269116617,1.3421529191015332e-06,5.2798011720230904e-05,5.2798011720230904e-05,1.3870834388862718e-06,0.93750328985133602,0.9999998480693848,0.97433393367956944,0.14610720374655384,0.14752937197787214,0.97459979084767434,0.055197639443611966,0.14752937197787214,1
C_dt_half,4,5.0000000000000002e-05,113,0.0056500000000000005,0.14828178294775024,3.3163545393072346e-06,0.14828178294775024,1.3540704096300009e-06,5.3266189591183716e-05,5.3266189591183716e-05,1.3993605728623848e-06,0.93750328856313114,0.99999984669530462,0.97433257158980047,0.14609318675417998,0.14751649542626261,0.97459793030596908,0.055192329674101454,0.14751649542626261,1
C_dt_half,4,5.0000000000000002e-05,114,0.0057000000000000002,0.14827474371824703,3.3455401775729466e-06,0.14827474371824703,1.3659867373170247e-06,5.3734310548500189e-05,5.3734310548500189e-05,1.4116358122429062e-06,0.9375032872746365,0.99999984532091535,0.97433120646220184,0.14607917136669704,0.14750362017680768,0.97459606969018153,0.055187020597593062,0.14750362017680768,1
C_dt_half,4,5.0000000000000002e-05,115,0.0057499999999999999,0.14826770500859468,3.3747229753666425e-06,0.14826770500859468,1.3779019023117781e-06,5.4202374601237522e-05,5.4202374601237522e-05,1.4239091569168139e-06,0.93750328598585198,0.99999984394621699,0.97432983829656883,0.14606515758390987,0.14749074622931399,0.97459420900033744,0.055181712213995107,0.14749074622931399,1
C_dt_half,4,5.0000000000000002e-05,116,0.0058000000000000005,0.14826066680946093,3.4039029328577193e-06,0.14826066680946093,1.3898159046960168e-06,5.467038175120714e-05,5.467038175120714e-05,1.4361806077722861e-06,0.93750328469677757,0.99999984257120933,0.97432846709270682,0.14605114540563233,0.14747787358365222,0.97459234823646856,0.055176404523219418,0.14747787358365222,1
C_dt_half,4,5.0000000000000002e-05,117,0.0058500000000000002,0.14825362912747286,3.4330800505292495e-06,0.14825362912747286,1.401728744678756e-06,5.5138332014712022e-05,5.5138332014712022e-05,1.4484501641431891e-06,0.93750328340741396,0.99999984119589314,0.97432709285038321,0.14603713483165676,0.1474650022397129,0.97459048739856702,0.055171097525169521,0.1474650022397129,1
C_dt_half,4,5.0000000000000002e-05,118,0.0058999999999999999,0.14824659196833545,3.4622543287547908e-06,0.14824659196833545,1.41364042242493e-06,5.560622539718648e-05,5.560622539718648e-05,1.4607178265846343e-06,0.93750328211776068,0.99999983982026797,0.97432571556937708,0.14602312586175534,0.14745213219732592,0.97458862648664135,0.055165791219741557,0.14745213219732592,1
C_dt_half,4,5.0000000000000002e-05,119,0.0059500000000000004,0.14823955532287614,3.4914257676855357e-06,0.14823955532287614,1.425550938008398e-06,5.6074061902253389e-05,5.6074061902253389e-05,1.4729835953186665e-06,0.93750328082781764,0.99999983844433382,0.97432433524951112,0.14600911849575499,0.14743926345634747,0.97458676550074452,0.055160485606852272,0.14743926345634747,1
C_dt_half,4,5.0000000000000002e-05,120,0.0060000000000000001,0.14823251919285141,3.5205943678042004e-06,0.14823251919285141,1.437460291638542e-06,5.6541841544404277e-05,5.6541841544404277e-05,1.4852474710114194e-06,0.93750327953758494,0.99999983706809059,0.97432295189056461,0.14599511273345242,0.14742639601664229,0.97458490444087731,0.055155180686406804,0.14742639601664229,1
C_dt_half,4,5.0000000000000002e-05,121,0.0060500000000000007,0.14822548358454715,3.5497601294663543e-06,0.14822548358454715,1.4493684834712874e-06,5.7009564327262027e-05,5.7009564327262027e-05,1.4975094533298261e-06,0.93750327824706292,0.99999983569153883,0.97432156549231619,0.14598110857462301,0.14741352987806383,0.97458304330704715,0.055149876458302487,0.14741352987806383,1
C_dt_half,4,5.0000000000000002e-05,122,0.0061000000000000004,0.14821844848769536,3.5789230528029698e-06,0.14821844848769536,1.4612755135749824e-06,5.7477230259883831e-05,5.7477230259883831e-05,1.5097695428289981e-06,0.93750327695625146,0.99999983431467832,0.97432017605454935,0.14596710601908311,0.14740066504049865,0.97458118209927069,0.055144572922452145,0.14740066504049865,1
C_dt_half,4,5.0000000000000002e-05,123,0.0061500000000000001,0.14821141390473283,3.6080831382614887e-06,0.14821141390473283,1.47318138214297e-06,5.7944839351326899e-05,5.7944839351326899e-05,1.52202773973098e-06,0.93750327566515035,0.99999983293750883,0.97431878357705282,0.14595310506664885,0.14738780150383118,0.97457932081755727,0.055139270078768329,0.14738780150383118,1
C_dt_half,4,5.0000000000000002e-05,124,0.0062000000000000006,0.14820437983669055,3.6372403861780745e-06,0.14820437983669055,1.4850860893242843e-06,5.8412391608836981e-05,5.8412391608836981e-05,1.5342840442578165e-06,0.93750327437375991,0.99999983156003081,0.97431738805963841,0.14593910571710372,0.14737493926789139,0.97457745946194985,0.055133967927151431,0.14737493926789139,1
C_dt_half,4,5.0000000000000002e-05,125,0.0062500000000000003,0.1481973462839084,3.6663947968319874e-06,0.1481973462839084,1.4969896352457363e-06,5.8879887041471285e-05,5.8879887041471285e-05,1.5465384566315521e-06,0.93750327308208037,0.99999983018224425,0.97431598950204745,0.14592510797023675,0.14736207833253162,0.974575598032413,0.055128666467503751,0.14736207833253162,1
C_dt_half,4,5.0000000000000002e-05,126,0.0063,0.1481903132530798,3.6955463707271599e-06,0.1481903132530798,1.5088920201244854e-06,5.9347325656475568e-05,5.9347325656475568e-05,1.5587909767411645e-06,0.93750327179011106,0.99999982880414873,0.97431458790411118,0.14591111182585381,0.14734921869760265,0.97457373652900559,0.055123365699734111,0.14734921869760265,1
C_dt_half,4,5.0000000000000002e-05,127,0.0063500000000000006,0.14818328072996501,3.72469510784637e-06,0.14818328072996501,1.5207932439672835e-06,5.9814707459284148e-05,5.9814707459284148e-05,1.5710416052527876e-06,0.93750327049785287,0.999999827425745,0.97431318326559913,0.14589711728375299,0.14733636036297398,0.97457187495172537,0.05511806562374838,0.14733636036297398,1
C_dt_half,4,5.0000000000000002e-05,128,0.0064000000000000003,0.1481762487306458,3.7538410088961372e-06,0.1481762487306458,1.5326933070724958e-06,6.0282032462577111e-05,6.0282032462577111e-05,1.583290342055399e-06,0.93750326920530547,0.99999982604703286,0.97431177558628856,0.14588312434374109,0.14732350332853619,0.97457001330057946,0.055112766239455796,0.14732350332853619,1
C_dt_half,4,5.0000000000000002e-05,129,0.00645,0.14816921724169813,3.7829840739533518e-06,0.14816921724169813,1.5445922094851307e-06,6.0749300671788774e-05,6.0749300671788774e-05,1.5955371874820656e-06,0.93750326791246874,0.99999982466801207,0.97431036486600442,0.14586913300561691,0.14731064759410922,0.97456815157561116,0.055107467546762177,0.14731064759410922,1
C_dt_half,4,5.0000000000000002e-05,130,0.0065000000000000006,0.14816218627762939,3.8121243035210871e-06,0.14816218627762939,1.5564899514223051e-06,6.1216512094164902e-05,6.1216512094164902e-05,1.6077821416438098e-06,0.9375032666193428,0.99999982328868275,0.97430895110451821,0.14585514326916396,0.14729779315954722,0.97456628977683013,0.055102169545568264,0.14729779315954722,1
C_dt_half,4,5.0000000000000002e-05,131,0.0065500000000000003,0.14815515582221409,3.8412616978405517e-06,0.14815515582221409,1.5683865329943376e-06,6.1683666740574127e-05,6.1683666740574127e-05,1.6200252049847208e-06,0.93750326532592776,0.99999982190904513,0.97430753430158856,0.1458411551341913,0.14728494002474377,0.97456442790421183,0.055096872235783745,0.14728494002474377,1
C_dt_half,4,5.0000000000000002e-05,132,0.0066,0.1481481258843273,3.870396257175183e-06,0.1481481258843273,1.5802819543218089e-06,6.2150764616450782e-05,6.2150764616450782e-05,1.6322663778378654e-06,0.93750326403222339,0.99999982052909886,0.97430611445704651,0.14582716860049932,0.14727208818955873,0.97456256595781598,0.055091575617315404,0.14727208818955873,1
C_dt_half,4,5.0000000000000002e-05,133,0.0066500000000000005,0.14814109645711915,3.8995279819343386e-06,0.14814109645711915,1.5921762155833336e-06,6.2617805730852047e-05,6.2617805730852047e-05,1.6445056606473329e-06,0.9375032627382307,0.99999981914884506,0.97430469157064603,0.14581318366788087,0.14725923765384363,0.97456070393762562,0.055086279690067193,0.14725923765384363,1
C_dt_half,4,5.0000000000000002e-05,134,0.0067000000000000002,0.14813406755404318,3.9286568724539906e-06,0.14813406755404318,1.6040693169280778e-06,6.3084790091023714e-05,6.3084790091023714e-05,1.6567430528580118e-06,0.93750326144394824,0.99999981776828217,0.97430326564218983,0.14579920033614482,0.14724638841748652,0.97455884184366881,0.055080984453949045,0.14724638841748652,1
C_dt_half,4,5.0000000000000002e-05,135,0.0067499999999999999,0.14812703916287404,3.9577829290328859e-06,0.14812703916287404,1.6159612584907003e-06,6.3551717704211507e-05,6.3551717704211507e-05,1.668978554802969e-06,0.93750326014937779,0.99999981638741209,0.97430183667144254,0.14578521860508648,0.14723354048032544,0.97455697967593957,0.055075689908865778,0.14723354048032544,1
C_dt_half,4,5.0000000000000002e-05,136,0.0068000000000000005,0.14812001128520005,3.9869061520247928e-06,0.14812001128520005,1.6278520404271106e-06,6.4018588583095534e-05,6.4018588583095534e-05,1.6812121672593605e-06,0.93750325885451735,0.99999981500623258,0.97430040465824908,0.14577123847449855,0.14722069384218853,0.97455511743450385,0.055070396054721159,0.14722069384218853,1
C_dt_half,4,5.0000000000000002e-05,137,0.0068500000000000002,0.14811298393006669,4.0160265417666044e-06,0.14811298393006669,1.6397416628869031e-06,6.4485402729487227e-05,6.4485402729487227e-05,1.6934438900051418e-06,0.93750325755936836,0.99999981362474544,0.97429896960237838,0.14575725994419503,0.14720784850298335,0.97455325511936286,0.055065102891427173,0.14720784850298335,1
C_dt_half,4,5.0000000000000002e-05,138,0.0069000000000000008,0.14810595708152655,4.0451440984450422e-06,0.14810595708152655,1.6516301259595131e-06,6.4952160154255212e-05,6.4952160154255212e-05,1.7056737234844022e-06,0.93750325626393072,0.99999981224295031,0.97429753150358378,0.14574328301396805,0.14719500446256986,0.97455139273049129,0.055059810418887356,0.14719500446256986,1
C_dt_half,4,5.0000000000000002e-05,139,0.0069500000000000004,0.14809893075322889,4.0742588225994783e-06,0.14809893075322889,1.6635174298760396e-06,6.5418860868268153e-05,6.5418860868268153e-05,1.7179016676971415e-06,0.93750325496820419,0.9999998108608471,0.97429609036169951,0.14572930768359144,0.14718216172075743,0.97454953026794855,0.05505451863699834,0.14718216172075743,1
C_dt_half,4,5.0000000000000002e-05,140,0.0070000000000000001,0.14809190494653787,4.1033707146036734e-06,0.14809190494653787,1.6754035748009685e-06,6.5885504876960358e-05,6.5885504876960358e-05,1.7301277234205159e-06,0.93750325367218901,0.99999980947843592,0.97429464617648531,0.14571533395290304,0.14716932027747062,0.97454766773172408,0.055049227545681138,0.14716932027747062,1
C_dt_half,4,5.0000000000000002e-05,141,0.0070500000000000007,0.14808487964469927,4.1324797744221565e-06,0.14808487964469927,1.68728856073377e-06,6.6352092185766146e-05,6.6352092185766146e-05,1.7423518905435031e-06,0.93750325237588572,0.99999980809571754,0.97429319894776012,0.14570136182169466,0.14715648013254773,0.97454580512186084,0.055043937144839204,0.14715648013254773,1
C_dt_half,4,5.0000000000000002e-05,142,0.0071000000000000004,0.14807785485778047,4.1615860026694617e-06,0.14807785485778047,1.6991723879364124e-06,6.6818622805554168e-05,6.6818622805554168e-05,1.7545741690661032e-06,0.93750325107929278,0.99999980671269006,0.97429174867525592,0.14568739128975539,0.14714364128581697,0.97454394243832088,0.055038647434375157,0.14714364128581697,1
C_dt_half,4,5.0000000000000002e-05,143,0.0071500000000000001,0.14807083059441745,4.1906893996254836e-06,0.14807083059441745,1.7110550565344838e-06,6.7285096741758732e-05,6.7285096741758732e-05,1.766794559321383e-06,0.93750324978241195,0.99999980532935562,0.97429029535883416,0.14567342235688849,0.14713080373720125,0.97454207968118589,0.055033358414196605,0.14713080373720125,1
C_dt_half,4,5.0000000000000002e-05,144,0.0072000000000000007,0.14806380684316114,4.2197899655882141e-06,0.14806380684316114,1.7229365666633318e-06,6.7751514005248475e-05,6.7751514005248475e-05,1.7790130616424094e-06,0.93750324848524202,0.99999980394571275,0.97428883899822194,0.14565945502289496,0.14711796748655553,0.97454021685040892,0.055028070084210616,0.14711796748655553,1
C_dt_half,4,5.0000000000000002e-05,145,0.0072500000000000004,0.1480567836054969,4.2488877008943143e-06,0.1480567836054969,1.7348169184710544e-06,6.8217874603269176e-05,6.8217874603269176e-05,1.7912296760291824e-06,0.93750324718778366,0.99999980256176224,0.97428737959324407,0.14564548928756815,0.14710513253367702,0.97453835394604393,0.055022782444321322,0.14710513253367702,1
C_dt_half,4,5.0000000000000002e-05,146,0.0073000000000000001,0.14804976088230642,4.277982605897942e-06,0.14804976088230642,1.7466961121147969e-06,6.8684178543066584e-05,6.8684178543066584e-05,1.8034444033698804e-06,0.93750324589003708,0.99999980117750431,0.9742859171436663,0.14563152515071284,0.1470922988784864,0.97453649096808181,0.055017495494437171,0.1470922988784864,1
C_dt_half,4,5.0000000000000002e-05,147,0.0073500000000000006,0.14804273867822354,4.3070746809530199e-06,0.14804273867822354,1.7585741477508783e-06,6.9150425833697907e-05,6.9150425833697907e-05,1.815657243109392e-06,0.93750324459200229,0.99999979979293896,0.97428445164931887,0.14561756261212994,0.1470794665207954,0.97453462791657852,0.055012209234465086,0.1470794665207954,1
C_dt_half,4,5.0000000000000002e-05,148,0.0074000000000000003,0.14803571698219886,4.3361639262658192e-06,0.14803571698219886,1.7704510254766402e-06,6.9616616482408883e-05,6.9616616482408883e-05,1.8278681956918064e-06,0.9375032432936784,0.99999979840806519,0.97428298310994599,0.14560360167161754,0.14706663546053464,0.97453276479150086,0.055006923664310911,0.14706663546053464,1
C_dt_half,4,5.0000000000000002e-05,149,0.00745,0.14802869580693589,4.3652503423387471e-06,0.14802869580693589,1.7823267455083887e-06,7.0082750498256746e-05,7.0082750498256746e-05,1.840077261672235e-06,0.93750324199506663,0.99999979702288433,0.97428151152535258,0.14558964232896696,0.14705380569751519,0.97453090159288469,0.055001638783878107,0.14705380569751519,1
C_dt_half,4,5.0000000000000002e-05,150,0.0075000000000000006,0.14802167514574793,4.3943339294162593e-06,0.14802167514574793,1.7942013079576666e-06,7.0548827886675788e-05,7.0548827886675788e-05,1.8522844411617001e-06,0.9375032406961662,0.99999979563739561,0.97428003689533371,0.14557568458399148,0.14704097723157625,0.97452903832074833,0.054996354593078257,0.14704097723157625,1
C_dt_half,4,5.0000000000000002e-05,151,0.0075500000000000003,0.14801465499893374,4.4234146877210524e-06,0.14801465499893374,1.8060747129286631e-06,7.1014848658534663e-05,7.1014848658534663e-05,1.8644897338271349e-06,0.93750323939697711,0.99999979425159902,0.97427855921969464,0.14556172843648046,0.14702815006263742,0.97452717497511798,0.054991071091813851,0.14702815006263742,1
C_dt_half,4,5.0000000000000002e-05,152,0.0076,0.14800763536786529,4.4524926177013627e-06,0.14800763536786529,1.8179469606159982e-06,7.148081281926769e-05,7.148081281926769e-05,1.8766931407787624e-06,0.93750323809750002,0.99999979286549523,0.97427707849819156,0.14554777388623544,0.1470153241905113,0.97452531155598021,0.054985788279992245,0.1470153241905113,1
C_dt_half,4,5.0000000000000002e-05,153,0.0076500000000000005,0.14800061624192037,4.481567719562506e-06,0.14800061624192037,1.8298180511154804e-06,7.1946720377932062e-05,7.1946720377932062e-05,1.8888946615724933e-06,0.93750323679773495,0.99999979147908424,0.97427559473063052,0.14553382093307649,0.14700249961512701,0.97452344806336588,0.054980506157527628,0.14700249961512701,1
C_dt_half,4,5.0000000000000002e-05,154,0.0077000000000000002,0.14799359764479408,4.510639993955677e-06,0.14799359764479408,1.8416879847039233e-06,7.2412571347207878e-05,7.2412571347207878e-05,1.9010942966524169e-06,0.93750323549768133,0.99999979009236539,0.97427410791678926,0.14551986957676005,0.14698967633628221,0.97452158449727477,0.054975224724310101,0.14698967633628221,1
C_dt_half,4,5.0000000000000002e-05,155,0.0077499999999999999,0.14798657955805558,4.5397094408462836e-06,0.14798657955805558,1.8535567613809169e-06,7.2878365725283678e-05,7.2878365725283678e-05,1.9132920463516001e-06,0.93750323419734016,0.9999997887053399,0.97427261805648735,0.14550591981712957,0.14697685435384419,0.9745197208577544,0.054969943980262753,0.14697685435384419,1
C_dt_half,4,5.0000000000000002e-05,156,0.0078000000000000005,0.14797956198259168,4.5687760605888922e-06,0.14797956198259168,1.8654243813032492e-06,7.3344103524839547e-05,7.3344103524839547e-05,1.9254879105590206e-06,0.93750323289671078,0.99999978731800698,0.97427112514945757,0.14549197165396355,0.14696403366771618,0.9745178571447628,0.054964663925284159,0.14696403366771618,1
C_dt_half,4,5.0000000000000002e-05,157,0.0078500000000000011,0.14797254492332546,4.5978398537220734e-06,0.14797254492332546,1.8772908447017889e-06,7.3809784756744137e-05,7.3809784756744137e-05,1.9376818897187675e-06,0.93750323159579285,0.99999978593036631,0.97426962919557702,0.14547802508708349,0.14695121427772942,0.97451599335840189,0.054959384559289032,0.14695121427772942,1
C_dt_half,4,5.0000000000000002e-05,158,0.0079000000000000008,0.14796552837750876,4.6269008205258979e-06,0.14796552837750876,1.8891561517033903e-06,7.4275409428243183e-05,7.4275409428243183e-05,1.9498739844969748e-06,0.93750323029458715,0.99999978454241867,0.97426813019454617,0.1454640801162366,0.14693839618371321,0.97451412949859573,0.054954105882164039,0.14693839618371321,1
C_dt_half,4,5.0000000000000002e-05,159,0.0079500000000000005,0.14795851234944499,4.6559589612636946e-06,0.14795851234944499,1.9010203024274709e-06,7.4740977544771048e-05,7.4740977544771048e-05,1.9620641942275086e-06,0.93750322899309291,0.99999978315416316,0.97426662814622178,0.14545013674126733,0.14692557938554826,0.97451226556542792,0.054948827893832708,0.14692557938554826,1
C_dt_half,4,5.0000000000000002e-05,160,0.0080000000000000002,0.14795149683639125,4.6850142763069611e-06,0.14795149683639125,1.9128832970372875e-06,7.5206489113573453e-05,7.5206489113573453e-05,1.9742525201316141e-06,0.93750322769131089,0.99999978176560078,0.97426512305034729,0.14543619496196691,0.14691276388314406,0.97451040155886492,0.054943550594198261,0.14691276388314406,1
C_dt_half,4,5.0000000000000002e-05,161,0.0080499999999999999,0.14794448183516262,4.7140667658985943e-06,0.14794448183516262,1.9247451356456198e-06,7.5671944147330495e-05,7.5671944147330495e-05,1.9864389613211131e-06,0.93750322638924122,0.99999978037673154,0.97426361490674063,0.14542225477812981,0.14689994967629744,0.97450853747894906,0.054938273983165281,0.14689994967629744,1
C_dt_half,4,5.0000000000000002e-05,162,0.0080999999999999996,0.14793746735051991,4.7431164304494586e-06,0.14793746735051991,1.9366058184309004e-06,7.6137342651476481e-05,7.6137342651476481e-05,1.9986235186841839e-06,0.93750322508688322,0.99999977898755477,0.97426210371519295,0.14540831618955616,0.1468871367649181,0.97450667332570051,0.0549329980606406,0.1468871367649181,1
C_dt_half,4,5.0000000000000002e-05,163,0.008150000000000001,0.14793051755662531,4.7721632701285158e-06,0.14793051755662531,1.9484653454750602e-06,7.6602684629634312e-05,7.6602684629634312e-05,2.0108061928869603e-06,0.93750322378423767,0.99999977759807124,0.97426058947547722,0.1453943791960505,0.14687432514882995,0.97450480909911041,0.054927722826532403,0.14687432514882995,1
C_dt_half,4,5.0000000000000002e-05,164,0.0082000000000000007,0.14792407655413892,4.8012072854934237e-06,0.14792407655413892,1.9603237170171008e-06,7.7067970094484058e-05,7.7067970094484058e-05,2.0229869830412639e-06,0.93750322248130447,0.99999977620828095,0.97425907218741126,0.14538044379741241,0.14686151482791324,0.97450294479922583,0.054922448280747292,0.14686151482791324,1
C_dt_half,4,5.0000000000000002e-05,165,0.0082500000000000004,0.14791763598788105,4.8302484767873188e-06,0.14791763598788105,1.9721809331680519e-06,7.7533199055082927e-05,7.7533199055082927e-05,2.0351658900352732e-06,0.93750322117808371,0.99999977481818392,0.97425755185076102,0.14536650999344417,0.14684870580206388,0.97450108042603856,0.054917174423192841,0.14684870580206388,1
C_dt_half,4,5.0000000000000002e-05,166,0.0083000000000000001,0.14791119584949655,4.8592868441982044e-06,0.14791119584949655,1.9840369940178539e-06,7.7998371515053782e-05,7.7998371515053782e-05,2.0473429140910326e-06,0.93750321987457463,0.99999977342777924,0.97425602846529546,0.1453525777839591,0.14683589807110584,0.97449921597953937,0.054911901253780697,0.14683589807110584,1
C_dt_half,4,5.0000000000000002e-05,167,0.0083499999999999998,0.14790475614510967,4.8883223882645959e-06,0.14790475614510967,1.9958918997977379e-06,7.8463487487076718e-05,7.8463487487076718e-05,2.0595180552085424e-06,0.93750321857077812,0.99999977203706814,0.97425450203084285,0.14533864716872735,0.14682309163489288,0.97449735145977689,0.054906628772406124,0.14682309163489288,1
C_dt_half,4,5.0000000000000002e-05,168,0.0084000000000000012,0.14789831687690583,4.917355109212204e-06,0.14789831687690583,2.0077456506114469e-06,7.8928546976586055e-05,7.8928546976586055e-05,2.0716913140539361e-06,0.9375032172666945,0.99999977064605061,0.97425297254719168,0.14532471814755304,0.14681028649330169,0.97449548686677012,0.054901356978977467,0.14681028649330169,1
C_dt_half,4,5.0000000000000002e-05,169,0.0084500000000000009,0.14789187804044945,4.9463850074502922e-06,0.14789187804044945,2.0195982466383061e-06,7.9393549992638987e-05,7.9393549992638987e-05,2.0838626904051694e-06,0.93750321596232267,0.99999976925472578,0.97425144001411434,0.14531079072024486,0.14679748264620054,0.9744936222005145,0.054896085873404679,0.14679748264620054,1
C_dt_half,4,5.0000000000000002e-05,170,0.0085000000000000006,0.14788543963745709,4.9754120832221443e-06,0.14788543963745709,2.031449687990271e-06,7.9858496542481279e-05,7.9858496542481279e-05,2.0960321849283758e-06,0.93750321465766351,0.99999976786309441,0.9742499044314189,0.14529686488660512,0.14678468009343779,0.97449175746104089,0.054890815455595279,0.14678468009343779,1
C_dt_half,4,5.0000000000000002e-05,171,0.0085500000000000003,0.14787900166407289,5.0044363368268138e-06,0.14787900166407289,2.0432999748011264e-06,8.0323386633358694e-05,8.0323386633358694e-05,2.108199797401511e-06,0.9375032133527168,0.9999997664711564,0.97424836579889229,0.14528294064642572,0.1467718788348619,0.97448989264836028,0.054885545725452879,0.1467718788348619,1
C_dt_half,4,5.0000000000000002e-05,172,0.0086,0.14787256413171276,5.0334577686182996e-06,0.14787256413171276,2.0551491072277663e-06,8.0788220272516982e-05,8.0788220272516982e-05,2.1203655279355971e-06,0.93750321204748244,0.99999976507891153,0.9742468241162896,0.14526901799951139,0.1467590788703472,0.97448802776245147,0.054880276682885892,0.1467590788703472,1
C_dt_half,4,5.0000000000000002e-05,173,0.0086499999999999997,0.14786612702359955,5.0624763788767061e-06,0.14786612702359955,2.0669970853957238e-06,8.1252997469013339e-05,8.1252997469013339e-05,2.1325293769747233e-06,0.93750321074196075,0.99999976368636012,0.97424527938346395,0.14525509694567562,0.14674628019975403,0.97448616280339473,0.054875008327806209,0.14674628019975403,1
C_dt_half,4,5.0000000000000002e-05,174,0.0087000000000000011,0.14785969035158214,5.0914921681047185e-06,0.14785969035158214,2.0788439095228966e-06,8.1717718231904984e-05,8.1717718231904984e-05,2.144691344962979e-06,0.93750320943615184,0.9999997622935024,0.97424373160013722,0.14524117748469972,0.14673348282295465,0.97448429777113355,0.054869740660113402,0.14673348282295465,1
C_dt_half,4,5.0000000000000002e-05,175,0.0087500000000000008,0.14785325411090958,5.1205051364156725e-06,0.14785325411090958,2.0906895796672521e-06,8.2182382566626239e-05,8.2182382566626239e-05,2.156851431900364e-06,0.93750320813005517,0.99999976090033771,0.97424218076616531,0.14522725961640753,0.14672068673980088,0.97448243266574752,0.054864473679723129,0.14672068673980088,1
C_dt_half,4,5.0000000000000002e-05,176,0.0088000000000000005,0.14784681830733346,5.1495152842754546e-06,0.14784681830733346,2.1025340960312371e-06,8.2646990484045729e-05,8.2646990484045729e-05,2.1690096378979007e-06,0.93750320682367116,0.99999975950686659,0.97424062688132007,0.14521334334057698,0.1467078919501606,0.97448056748723466,0.054859207386533833,0.1467078919501606,1
C_dt_half,4,5.0000000000000002e-05,177,0.0088500000000000002,0.14784038293346707,5.1785226119816574e-06,0.14784038293346707,2.1143774587477706e-06,8.3111541991409216e-05,8.3111541991409216e-05,2.1811659637327452e-06,0.9375032055170005,0.99999975811308961,0.97423906994538478,0.14519942865702148,0.14669509845390288,0.97447870223559885,0.05485394178045714,0.14669509845390288,1
C_dt_half,4,5.0000000000000002e-05,178,0.0088999999999999999,0.14783394799456384,5.2075271198894129e-06,0.14783394799456384,2.1262196679738536e-06,8.3576037095962465e-05,8.3576037095962465e-05,2.1933204090718306e-06,0.93750320421004218,0.99999975671900587,0.97423750995813074,0.14518551556554063,0.14668230625087497,0.97447683691083953,0.054848676861399735,0.14668230625087497,1
C_dt_half,4,5.0000000000000002e-05,179,0.0089499999999999996,0.14782751348289691,5.2365288082419584e-06,0.14782751348289691,2.1380607238218221e-06,8.404047580495124e-05,8.404047580495124e-05,2.2054729742482237e-06,0.93750320290279621,0.99999975532461527,0.97423594691937698,0.14517160406591137,0.14666951534095921,0.97447497151299312,0.054843412629259451,0.14666951534095921,1
C_dt_half,4,5.0000000000000002e-05,180,0.0090000000000000011,0.14782107941032624,5.2655276774302556e-06,0.14782107941032624,2.1499006264625057e-06,8.4504858127432735e-05,8.4504858127432735e-05,2.2176236597060139e-06,0.93750320159526368,0.99999975392991902,0.97423438082888558,0.14515769415796914,0.14665672572400851,0.97447310604205262,0.054838149083956511,0.14665672572400851,1
C_dt_half,4,5.0000000000000002e-05,181,0.0090500000000000008,0.14781464576652834,5.2945237277711685e-06,0.14781464576652834,2.1617393760370654e-06,8.4969184070652715e-05,8.4969184070652715e-05,2.2297724654452011e-06,0.93750320028744394,0.99999975253491635,0.97423281168649045,0.14514378584149254,0.14664393739986528,0.97447124049806855,0.05483288622538942,0.14664393739986528,1
C_dt_half,4,5.0000000000000002e-05,182,0.0091000000000000004,0.1478082125562058,5.323516959564291e-06,0.1478082125562058,2.1735769726804789e-06,8.5433453643668373e-05,8.5433453643668373e-05,2.2419193917988522e-06,0.93750319897933732,0.99999975113960771,0.97423123949194335,0.14512987911627512,0.14663115036838673,0.97446937488102003,0.054827624053462497,0.14663115036838673,1
C_dt_half,4,5.0000000000000002e-05,183,0.0091500000000000001,0.14780177978182182,5.352507373200593e-06,0.14780177978182182,2.185413416564156e-06,8.5897666853725486e-05,8.5897666853725486e-05,2.2540644392110565e-06,0.93750319767094359,0.99999974974399286,0.97422966424505664,0.14511597398213602,0.14661836462944458,0.97446750919093916,0.054822362568089582,0.14661836462944458,1
C_dt_half,4,5.0000000000000002e-05,184,0.0091999999999999998,0.14779534743282682,5.3814949688481464e-06,0.14779534743282682,2.19724870776835e-06,8.6361823709881237e-05,8.6361823709881237e-05,2.2662076069046577e-06,0.93750319636226276,0.99999974834807182,0.97422808594563104,0.14510207043887011,0.14660558018292474,0.97446564342785635,0.054817101769175633,0.14660558018292474,1
C_dt_half,4,5.0000000000000002e-05,185,0.0092500000000000013,0.1477889155207901,5.410479746992566e-06,0.1477889155207901,2.2090828465038372e-06,8.6825924217569944e-05,8.6825924217569944e-05,2.278348895989879e-06,0.93750319505329516,0.99999974695184479,0.97422650459341842,0.14508816848627054,0.14659279702867195,0.97446377759174474,0.054811841656624713,0.14659279702867195,1
C_dt_half,4,5.0000000000000002e-05,186,0.009300000000000001,0.14778248404166897,5.4394617079498986e-06,0.14778248404166897,2.2209158329106312e-06,8.7289968387660273e-05,8.7289968387660273e-05,2.2904883067997872e-06,0.93750319374404001,0.99999974555531101,0.97422492018824913,0.14507426812415211,0.14658001516654717,0.97446191168265306,0.054806582230348969,0.14658001516654717,1
C_dt_half,4,5.0000000000000002e-05,187,0.0093500000000000007,0.14777605299447566,5.4684408520566432e-06,0.14777605299447566,2.2327476671387368e-06,8.7753956223775073e-05,8.7753956223775073e-05,2.3026258391123378e-06,0.93750319243449887,0.99999974415847226,0.97422333272989514,0.14506036935230129,0.14656723459642598,0.97446004570057954,0.054801323490250131,0.14656723459642598,1
C_dt_half,4,5.0000000000000002e-05,188,0.0094000000000000004,0.14776962238075977,5.4974171795739917e-06,0.14776962238075977,2.2445783493074283e-06,8.821788773859444e-05,8.821788773859444e-05,2.3147614933716198e-06,0.93750319112466984,0.99999974276132642,0.97422174221814972,0.14504647217051692,0.14655445531811725,0.9744581796455406,0.054796065436234463,0.14655445531811725,1
C_dt_half,4,5.0000000000000002e-05,189,0.0094500000000000001,0.14776319219703204,5.5263906907817242e-06,0.14776319219703204,2.2564078795416886e-06,8.8681762939364137e-05,8.8681762939364137e-05,2.3268952697996781e-06,0.93750318981455472,0.99999974136387548,0.97422014865279027,0.14503257657861104,0.14654167733152962,0.97445631351753514,0.054790808068213175,0.14654167733152962,1
C_dt_half,4,5.0000000000000002e-05,190,0.0094999999999999998,0.14775676244820971,5.5553613861646138e-06,0.14775676244820971,2.2682362580518716e-06,8.9145581831518486e-05,8.9145581831518486e-05,2.3390271683965125e-06,0.93750318850415304,0.99999973996611879,0.9742185520336486,0.14501868257638556,0.14652890063652368,0.97445444731661923,0.054785551386093742,0.14652890063652368,1
C_dt_half,4,5.0000000000000002e-05,191,0.0095500000000000012,0.14775033312705244,5.5843292659097784e-06,0.14775033312705244,2.2800634849266474e-06,8.9609344422303234e-05,8.9609344422303234e-05,2.3511571900503014e-06,0.93750318719346426,0.9999997385680558,0.97421695236049977,0.14500479016364343,0.14651612523298102,0.97445258104279497,0.054780295389784135,0.14651612523298102,1
C_dt_half,4,5.0000000000000002e-05,192,0.0096000000000000009,0.14774390424178088,5.6132943303714414e-06,0.14774390424178088,2.2918895603222739e-06,9.0073050722587036e-05,9.0073050722587036e-05,2.3632853342059335e-06,0.93750318588248838,0.99999973716968671,0.9742153496330952,0.14499089934017562,0.14650335112069998,0.97445071469603028,0.054775040079187501,0.14650335112069998,1
C_dt_half,4,5.0000000000000002e-05,193,0.0096500000000000006,0.14773747579139176,5.6422565799779507e-06,0.14773747579139176,2.3037144844251801e-06,9.0536700741427072e-05,9.0536700741427072e-05,2.3754116020846539e-06,0.93750318457122628,0.9999997357710122,0.97421374385128168,0.14497701010578967,0.14649057829959897,0.97444884827639788,0.054769785454213508,0.14649057829959897,1
C_dt_half,4,5.0000000000000002e-05,194,0.0097000000000000003,0.1477310477658958,5.6712160148242358e-06,0.1477310477658958,2.3155382572867417e-06,9.1000294482446243e-05,9.1000294482446243e-05,2.3875359925762396e-06,0.93750318325967741,0.99999973437203193,0.97421213501480275,0.14496312246027582,0.14647780676953778,0.97444698178386724,0.054764531514765236,0.14647780676953778,1
C_dt_half,4,5.0000000000000002e-05,195,0.00975,0.14772462017627641,5.7001726354685346e-06,0.14772462017627641,2.3273608791468353e-06,9.146383195651319e-05,9.146383195651319e-05,2.3996585063468245e-06,0.93750318194784177,0.99999973297274569,0.97421052312351408,0.14494923640345841,0.14646503653036799,0.97444511521851029,0.054759278260758486,0.14646503653036799,1
C_dt_half,4,5.0000000000000002e-05,196,0.0097999999999999997,0.14771819301829534,5.729126442079798e-06,0.14771819301829534,2.3391823500862742e-06,9.1927313169062219e-05,9.1927313169062219e-05,2.4117791437294755e-06,0.93750318063572002,0.99999973157315425,0.97420890817714234,0.1449353519351087,0.14645226758192037,0.97444324858027875,0.054754025692089224,0.14645226758192037,1
C_dt_half,4,5.0000000000000002e-05,197,0.0098500000000000011,0.14771176629468463,5.7580774352158735e-06,0.14771176629468463,2.3510026703438244e-06,9.239073813096198e-05,9.239073813096198e-05,2.4238979053903265e-06,0.9375031793233114,0.99999973017325683,0.9742072901755251,0.14492146905503536,0.14643949992409588,0.97444138186923468,0.054748773808667481,0.14643949992409588,1
C_dt_half,4,5.0000000000000002e-05,198,0.0099000000000000008,0.14770533999805399,5.7870256149341907e-06,0.14770533999805399,2.3628218399561623e-06,9.285410685126967e-05,9.285410685126967e-05,2.436014791218355e-06,0.93750317801061744,0.9999997287730551,0.9742056691184201,0.14490758776305399,0.14642673355675481,0.97443951508535409,0.054743522610405777,0.14642673355675481,1
C_dt_half,4,5.0000000000000002e-05,199,0.0099500000000000005,0.14769891414192399,5.8159709817569395e-06,0.14769891414192399,2.3746398591475527e-06,9.3317419333608176e-05,9.3317419333608176e-05,2.4481298012135611e-06,0.93750317669763605,0.99999972737254672,0.97420404500565683,0.144893708058945,0.14641396847972504,0.97443764822869272,0.054738272097203576,0.14641396847972504,1
C_dt_half,4,5.0000000000000002e-05,200,0.01,0.14769248870819432,5.8449135358334154e-06,0.14769248870819432,2.3864567279917491e-06,9.3780675588846124e-05,9.3780675588846124e-05,2.4602429358200339e-06,0.937503175384369,0.9999997259717337,0.97420241783698081,0.14487982994252038,0.14640120469289722,0.97443578129921748,0.054733022268972122,0.14640120469289722,1
C_dt_half,4,5.0000000000000002e-05,201,0.01005,0.14768606371308096,5.8738532776112685e-06,0.14768606371308096,2.3982724466824051e-06,9.4243875622417847e-05,9.4243875622417847e-05,2.4723541954818629e-06,0.93750317407081507,0.99999972457061459,0.9742007876122446,0.14486595341358571,0.14638844219610248,0.97443391429699988,0.054727773125620181,0.14638844219610248,1
C_dt_half,4,5.0000000000000002e-05,202,0.010100000000000001,0.14767963914693494,5.9027902073147017e-06,0.14767963914693494,2.4100870153244941e-06,9.470701944338054e-05,9.470701944338054e-05,2.4844635800880255e-06,0.93750317275697448,0.99999972316918984,0.97419915433120552,0.14485207847194939,0.14637568098924963,0.97443204722202481,0.054722524667057799,0.14637568098924963,1
C_dt_half,4,5.0000000000000002e-05,203,0.010150000000000001,0.14767321501244682,5.9317243254828379e-06,0.14767321501244682,2.4219004341477981e-06,9.5170107062602855e-05,9.5170107062602855e-05,2.4965710898605664e-06,0.937503171442848,0.99999972176745999,0.97419751799362608,0.1448382051173914,0.14636292107218576,0.97443018007427384,0.054717276893184147,0.14636292107218576,1
C_dt_half,4,5.0000000000000002e-05,204,0.010200000000000001,0.14766679131064694,5.9606556322301579e-06,0.14766679131064694,2.4337127032128807e-06,9.5633138483707653e-05,9.5633138483707653e-05,2.5086767251325526e-06,0.93750317012843531,0.99999972036542495,0.97419587859934598,0.14482433334971803,0.146350162444742,0.97442831285380827,0.05471202980390831,0.146350162444742,1
C_dt_half,4,5.0000000000000002e-05,205,0.01025,0.14766036804063767,5.9895841278911209e-06,0.14766036804063767,2.4455238226678244e-06,9.6096113717563587e-05,9.6096113717563587e-05,2.520780485903984e-06,0.93750316881373685,0.99999971896308504,0.97419423614813272,0.14481046316874846,0.14633740510683521,0.97442644556061742,0.054706783399144247,0.14633740510683521,1
C_dt_half,4,5.0000000000000002e-05,206,0.0103,0.14765394519924194,6.0185098128585751e-06,0.14765394519924194,2.4573337926842704e-06,9.6559032767793533e-05,9.6559032767793533e-05,2.5328823725079275e-06,0.93750316749875184,0.99999971756043948,0.9741925906397938,0.14479659457426303,0.14632464905830603,0.97442457819473616,0.054701537678791518,0.14632464905830603,1
C_dt_half,4,5.0000000000000002e-05,207,0.01035,0.14764752279099294,6.0474326874858204e-06,0.14764752279099294,2.4691426134189426e-06,9.7021895645266128e-05,9.7021895645266128e-05,2.5449823853884723e-06,0.93750316618348051,0.99999971615748851,0.9741909420741367,0.14478272756606339,0.14631189429897648,0.97442271075618525,0.054696292642757188,0.14631189429897648,1
C_dt_half,4,5.0000000000000002e-05,208,0.010400000000000001,0.14764110081766807,6.0763527521633169e-06,0.14764110081766807,2.4809502850425134e-06,9.7484702362661457e-05,9.7484702362661457e-05,2.5570805247676631e-06,0.93750316486792362,0.99999971475423299,0.97418929045091507,0.14476886214396192,0.14629914082875398,0.97442084324494538,0.054691048290952907,0.14629914082875398,1
C_dt_half,4,5.0000000000000002e-05,209,0.010450000000000001,0.14763467927835461,6.1052700071354219e-06,0.14763467927835461,2.4927568076671483e-06,9.7947452921790963e-05,9.7947452921790963e-05,2.5691767910895891e-06,0.93750316355208085,0.9999997133506725,0.97418763576995293,0.1447549983077461,0.14628638864746643,0.97441897566106273,0.054685804623280716,0.14628638864746643,1
C_dt_half,4,5.0000000000000002e-05,210,0.010500000000000001,0.14762825816383707,6.1341844526076915e-06,0.14762825816383707,2.5045621813889258e-06,9.8410147331711855e-05,9.8410147331711855e-05,2.581271183910161e-06,0.93750316223595165,0.99999971194680648,0.97418597803099849,0.14474113605722785,0.14627363775501165,0.97441710800450509,0.05468056163965182,0.14627363775501165,1
C_dt_half,4,5.0000000000000002e-05,211,0.01055,0.14762183748387867,6.1630960889713898e-06,0.14762183748387867,2.5163664063795064e-06,9.8872785601481313e-05,9.8872785601481313e-05,2.5933637033404011e-06,0.93750316091953656,0.99999971054263559,0.97418431723389654,0.14472727539220026,0.14626088815121149,0.97441524027533966,0.054675319339970378,0.14626088815121149,1
C_dt_half,4,5.0000000000000002e-05,212,0.0106,0.14761541723535296,6.1920049165998567e-06,0.14761541723535296,2.5281694828028452e-06,9.9335367734722227e-05,9.9335367734722227e-05,2.6054543504905325e-06,0.93750315960283548,0.99999970913815961,0.97418265337841081,0.14471341631248186,0.14624813983598123,0.97441337247355353,0.054670077724150265,0.14624813983598123,1
C_dt_half,4,5.0000000000000002e-05,213,0.01065,0.14760899741741362,6.2209109358832711e-06,0.14760899741741362,2.53997141082997e-06,9.979789374592611e-05,9.979789374592611e-05,2.617543124916466e-06,0.93750315828584896,0.9999997077333791,0.9741809864643427,0.14469955881785843,0.14623539280912559,0.97441150459916592,0.054664836792092761,0.14623539280912559,1
C_dt_half,4,5.0000000000000002e-05,214,0.010700000000000001,0.14760257803182397,6.2498141470652881e-06,0.14760257803182397,2.551772190572175e-06,0.0001002603636405273,0.0001002603636405273,2.6296300271733131e-06,0.93750315696857678,0.99999970632829394,0.97417931649149003,0.14468570290813187,0.1462226470705702,0.97440963665220204,0.054659596543705537,0.1462226470705702,1
C_dt_half,4,5.0000000000000002e-05,215,0.010750000000000001,0.14759615907735169,6.2787145504263881e-06,0.14759615907735169,2.5635718221565143e-06,0.0001007227774239601,0.0001007227774239601,2.6417150574831183e-06,0.93750315565101827,0.99999970492290335,0.9741776434596241,0.14467184858310869,0.14620990262009254,0.97440776863265033,0.054654356978897679,0.14620990262009254,1
C_dt_half,4,5.0000000000000002e-05,216,0.010800000000000001,0.14758974055611573,6.3076121463768587e-06,0.14758974055611573,2.5753703057617733e-06,0.00010118513510528173,0.00010118513510528173,2.6537982158458817e-06,0.9375031543331741,0.99999970351720802,0.97417596736855971,0.14465799584259628,0.14619715945763645,0.97440590054054188,0.054649118097578685,0.14619715945763645,1
C_dt_half,4,5.0000000000000002e-05,217,0.01085,0.14758332246726044,6.3365069352317301e-06,0.14758332246726044,2.5871676415282837e-06,0.00010164743669536081,0.00010164743669536081,2.6658795027056925e-06,0.93750315301504428,0.99999970211120803,0.97417428821808605,0.14464414468638717,0.14618441758301898,0.9744040323758999,0.054643879899652831,0.14618441758301898,1
C_dt_half,4,5.0000000000000002e-05,218,0.0109,0.14757690480702362,6.3653989172735208e-06,0.14757690480702362,2.5989638295841059e-06,0.00010210968219782021,0.00010210968219782021,2.677958918173573e-06,0.9375031516966289,0.9999997007049034,0.97417260600801558,0.14463029511428105,0.14617167699614522,0.97440216413874758,0.054638642385026526,0.14617167699614522,1
C_dt_half,4,5.0000000000000002e-05,219,0.01095,0.1475704875775295,6.3942880928364394e-06,0.1475704875775295,2.6107588700767024e-06,0.00010257187162352861,0.00010257187162352861,2.6900364624715678e-06,0.93750315037792786,0.99999969929829413,0.97417092073810241,0.14461644712607918,0.14615893769682384,0.97440029582906296,0.054633405553607128,0.14615893769682384,1
C_dt_half,4,5.0000000000000002e-05,220,0.011000000000000001,0.14756407078049116,6.4231744622569031e-06,0.14756407078049116,2.6225527631558917e-06,0.00010303400497973175,0.00010303400497973175,2.7021121359327438e-06,0.9375031490589415,0.99999969789138043,0.97416923240815312,0.14460260072160111,0.14614619968497322,0.9743984274468751,0.054628169405308818,0.14614619968497322,1
C_dt_half,4,5.0000000000000002e-05,221,0.011050000000000001,0.14755765441470833,6.4520580258522948e-06,0.14755765441470833,2.6343455089635892e-06,0.00010349608227186394,0.00010349608227186394,2.7141859378909672e-06,0.93750314773966947,0.99999969648416209,0.97416754101797953,0.14458875590061754,0.14613346296039437,0.97439655899221433,0.054622933940027263,0.14613346296039437,1
C_dt_half,4,5.0000000000000002e-05,222,0.0111,0.14755123847974036,6.4809387839571437e-06,0.14755123847974036,2.6461371076468519e-06,0.00010395810351260528,0.00010395810351260528,2.7262578700115725e-06,0.93750314642011201,0.99999969507663933,0.97416584656732885,0.14457491266295439,0.14612072752299674,0.97439469046504879,0.054617699157679112,0.14612072752299674,1
C_dt_half,4,5.0000000000000002e-05,223,0.01115,0.14754482297727634,6.5098167369450919e-06,0.14754482297727634,2.6579275593707515e-06,0.00010442006870739007,0.00010442006870739007,2.7383279318504705e-06,0.93750314510026878,0.9999996936688117,0.97416414905605508,0.14456107100839594,0.14610799337260941,0.9743928218654585,0.054612465058165298,0.14610799337260941,1
C_dt_half,4,5.0000000000000002e-05,224,0.0112,0.1475384079036533,6.5386918850216102e-06,0.1475384079036533,2.6697168642313292e-06,0.00010488197786346409,0.00010488197786346409,2.7503961235186836e-06,0.93750314378014099,0.99999969226068053,0.97416244848389977,0.14454723093676156,0.14609526050913055,0.97439095319340141,0.054607231641399856,0.14609526050913055,1
C_dt_half,4,5.0000000000000002e-05,225,0.011250000000000001,0.14753199326340286,6.5675642286341937e-06,0.14753199326340286,2.6815050224230306e-06,0.00010534383098988451,0.00010534383098988451,2.7624624453492785e-06,0.93750314245972677,0.99999969085224383,0.97416074485070503,0.14453339244784655,0.14608252893240539,0.97438908444894057,0.05460199890728782,0.14608252893240539,1
C_dt_half,4,5.0000000000000002e-05,226,0.011300000000000001,0.14752557904797056,6.5964337679329571e-06,0.14752557904797056,2.6932920340190614e-06,0.00010580562809027426,0.00010580562809027426,2.7745268971202108e-06,0.93750314113902755,0.99999968944350326,0.97415903815623628,0.14451955554145376,0.14606979864231093,0.97438721563206476,0.054596766855737167,0.14606979864231093,1
C_dt_half,4,5.0000000000000002e-05,227,0.011350000000000001,0.14751916527204342,6.6253005035869012e-06,0.14751916527204342,2.7050778993033743e-06,0.00010626736918093626,0.00010626736918093626,2.7865894802747704e-06,0.93750313981804301,0.99999968803445816,0.97415732840029923,0.14450572021737706,0.1460570696386701,0.97438534674279553,0.054591535486652229,0.1460570696386701,1
C_dt_half,4,5.0000000000000002e-05,228,0.0114,0.14751275192426755,6.6541644355618391e-06,0.14751275192426755,2.7168626182752403e-06,0.00010672905426187052,0.00010672905426187052,2.7986501939247788e-06,0.93750313849677291,0.99999968662510863,0.97415561558265562,0.144491886475417,0.14604434192134594,0.97438347778111967,0.054586304799940207,0.14604434192134594,1
C_dt_half,4,5.0000000000000002e-05,229,0.01145,0.14750633900668034,6.6830255643777345e-06,0.14750633900668034,2.7286461911578522e-06,0.00010719068334575712,0.00010719068334575712,2.8107090386253475e-06,0.93750313717521772,0.9999996852154549,0.97415389970316213,0.14447805431539085,0.14603161549023863,0.97438160874710977,0.054581074795514252,0.14603161549023863,1
C_dt_half,4,5.0000000000000002e-05,230,0.0115,0.14749992652057156,6.7118838902232024e-06,0.14749992652057156,2.7404286180411987e-06,0.00010765225643803039,0.00010765225643803039,2.8227660142654543e-06,0.9375031358533773,0.99999968380549686,0.97415218076154197,0.14446422373707637,0.14601889034518151,0.97437973964071556,0.054575845473272981,0.14601889034518151,1
C_dt_half,4,5.0000000000000002e-05,231,0.011550000000000001,0.14749351446311171,6.7407394135069376e-06,0.14749351446311171,2.7522098991027965e-06,0.00010811377354593609,0.00010811377354593609,2.8348211214002106e-06,0.937503134531252,0.99999968239523507,0.97415045875763051,0.14445039474029669,0.14600616648607886,0.97437787046198787,0.054570616833131823,0.14600616648607886,1
C_dt_half,4,5.0000000000000002e-05,232,0.011600000000000001,0.14748710283799207,6.7695921345836235e-06,0.14748710283799207,2.7639900345002468e-06,0.00010857523468215428,0.00010857523468215428,2.846874360584728e-06,0.93750313320884138,0.99999968098466896,0.97414873369119714,0.14443656732484644,0.14599344391274097,0.97437600121091705,0.054565388874995582,0.14599344391274097,1
C_dt_half,4,5.0000000000000002e-05,233,0.011650000000000001,0.14748069164239622,6.7984420536228707e-06,0.14748069164239622,2.7757690243133421e-06,0.00010903663984668497,0.00010903663984668497,2.8589257318190064e-06,0.93750313188614587,0.99999967957379887,0.97414700556207989,0.14442274149054113,0.14598072262509537,0.97437413188756372,0.05456016159877701,0.14598072262509537,1
C_dt_half,4,5.0000000000000002e-05,234,0.0117,0.14747428087795039,6.8272891711812427e-06,0.14747428087795039,2.7875468687825337e-06,0.00010949798905583114,0.00010949798905583114,2.8709752345479345e-06,0.93750313056316525,0.99999967816262469,0.97414527437000509,0.14440891723715826,0.14596800262293511,0.97437226249187225,0.054554935004374409,0.14596800262293511,1
C_dt_half,4,5.0000000000000002e-05,235,0.01175,0.14746787054861527,6.8561334875216481e-06,0.14746787054861527,2.7993235680258294e-06,0.00010995928231140422,0.00010995928231140422,2.8830228699927574e-06,0.93750312923989942,0.99999967675114632,0.9741435401148113,0.14439509456450569,0.14595528390613741,0.97437039302390049,0.054549709091697512,0.14595528390613741,1
C_dt_half,4,5.0000000000000002e-05,236,0.0118,0.14746146064617696,6.8849750028122079e-06,0.14746146064617696,2.8110991221244788e-06,0.00011042051962427283,0.00011042051962427283,2.8950686380424528e-06,0.93750312791634915,0.99999967533936451,0.97414180279627738,0.14438127347240526,0.14594256647461348,0.97436852348365022,0.05454448386066154,0.14594256647461348,1
C_dt_half,4,5.0000000000000002e-05,237,0.011850000000000001,0.14745505117496194,6.9138137175738389e-06,0.14745505117496194,2.8228735313026575e-06,0.00011088170100349418,0.00011088170100349418,2.9071125389190655e-06,0.93750312659251389,0.99999967392727873,0.97414006241422879,0.14436745396062667,0.14592985032815953,0.97436665387116461,0.054539259311161742,0.14592985032815953,1
C_dt_half,4,5.0000000000000002e-05,238,0.011900000000000001,0.14744864213654771,6.9426496320323989e-06,0.14744864213654771,2.8346467956640594e-06,0.00011134282645087974,0.00011134282645087974,2.9191545727336177e-06,0.93750312526839374,0.99999967251488908,0.97413831896843017,0.14435363602900184,0.14591713546671189,0.97436478418643013,0.054534035443117135,0.14591713546671189,1
C_dt_half,4,5.0000000000000002e-05,239,0.011950000000000001,0.14744223352517513,6.9714827464471529e-06,0.14744223352517513,2.8464189153269734e-06,0.00011180389598092099,0.00011180389598092099,2.9311947399301985e-06,0.93750312394398894,0.99999967110219579,0.9741365724586708,0.1443398196773045,0.14590442189004713,0.97436291442945733,0.054528812256424683,0.14590442189004713,1
C_dt_half,4,5.0000000000000002e-05,240,0.012,0.14743582534511471,7.0003130613033915e-06,0.14743582534511471,2.8581898905010869e-06,0.00011226490960086371,0.00011226490960086371,2.9432330403977858e-06,0.9375031226192988,0.99999966968919818,0.97413482288474451,0.14432600490534508,0.14589170959805881,0.97436104460025885,0.05452358975099509,0.14589170959805881,1
C_dt_half,4,5.0000000000000002e-05,241,0.01205,0.1474294175975836,7.0291405767703875e-06,0.1474294175975836,2.8699597212677208e-06,0.00011272586731433079,0.00011272586731433079,2.9552694746914909e-06,0.93750312129432423,0.99999966827589715,0.97413307024649398,0.14431219171294721,0.14587899859065928,0.97435917469889433,0.054518367926744082,0.14587899859065928,1
C_dt_half,4,5.0000000000000002e-05,242,0.012100000000000001,0.1474230102802058,7.0579652933129713e-06,0.1474230102802058,2.8817284078274518e-06,0.00011318676913219085,0.00011318676913219085,2.9673040432554032e-06,0.9375031199690651,0.99999966686229258,0.97413131454364821,0.14429838009989471,0.14586628886765157,0.97435730472531146,0.054513146783572393,0.14586628886765157,1
C_dt_half,4,5.0000000000000002e-05,243,0.012150000000000001,0.14741660338896048,7.086787210989462e-06,0.14741660338896048,2.8934959502172498e-06,0.00011364761505806677,0.00011364761505806677,2.9793367456454334e-06,0.93750311864352098,0.99999966544838403,0.97412955577604765,0.14428457006599613,0.14585358042894378,0.97435543467957331,0.054507926321390156,0.14585358042894378,1
C_dt_half,4,5.0000000000000002e-05,244,0.012200000000000001,0.14741019693328003,7.1156063305604139e-06,0.14741019693328003,2.9052623487579214e-06,0.00011410840510826152,0.00011410840510826152,2.9913675823056707e-06,0.93750311731769265,0.99999966403417229,0.97412779394344562,0.14427076161104269,0.14584087327435283,0.97435356456165534,0.054502706540100969,0.14584087327435283,1
C_dt_half,4,5.0000000000000002e-05,245,0.01225,0.14740379090717859,7.1444226519553268e-06,0.14740379090717859,2.9170276034336038e-06,0.00011456913928277511,0.00011456913928277511,3.003396553569182e-06,0.93750311599157898,0.99999966261965623,0.97412602904566281,0.1442569547348512,0.14582816740376514,0.97435169437159208,0.054497487439617923,0.14582816740376514,1
C_dt_half,4,5.0000000000000002e-05,246,0.0123,0.14739738531027846,7.1732361757123062e-06,0.14739738531027846,2.9287917144753155e-06,0.00011502981759428761,0.00011502981759428761,3.0154236598800566e-06,0.93750311466518133,0.9999996612048373,0.97412426108250583,0.14424314943722097,0.14581546281707378,0.97434982410941151,0.054492269019847647,0.14581546281707378,1
C_dt_half,4,5.0000000000000002e-05,247,0.01235,0.14739098014637156,7.2020469021490498e-06,0.14739098014637156,2.9405546820242014e-06,0.00011549044005004478,0.00011549044005004478,3.0274489010162497e-06,0.93750311333849834,0.99999965978971395,0.97412249005375884,0.14422934571794527,0.1458027595140958,0.97434795377512029,0.054487051280694546,0.1458027595140958,1
C_dt_half,4,5.0000000000000002e-05,248,0.012400000000000001,0.14738457541214384,7.2308548314727323e-06,0.14738457541214384,2.9523165061777122e-06,0.00011595100665366949,0.00011595100665366949,3.0394722776438954e-06,0.93750311201153191,0.99999965837428828,0.97412071595919847,0.14421554357682109,0.14579005749468735,0.97434608336870909,0.054481834222064221,0.14579005749468735,1
C_dt_half,4,5.0000000000000002e-05,249,0.012450000000000001,0.1473781711049916,7.2596599640537275e-06,0.1473781711049916,2.9640771870981835e-06,0.00011641151741965327,0.00011641151741965327,3.0514937898740158e-06,0.93750311068428094,0.99999965695855908,0.97411893879864453,0.14420174301367147,0.14577735675875331,0.97434421289021855,0.054476617843872296,0.14577735675875331,1
C_dt_half,4,5.0000000000000002e-05,250,0.012500000000000001,0.14737176722835954,7.2884623001554278e-06,0.14737176722835954,2.975836724905046e-06,0.00011687197234980758,0.00011687197234980758,3.063513437373544e-06,0.93750310935674541,0.99999965554252634,0.97411715857187231,0.14418794402829585,0.14576465730612881,0.97434234233964545,0.054471402146025465,0.14576465730612881,1
C_dt_half,4,5.0000000000000002e-05,251,0.01255,0.14736536378186621,7.3172618401874881e-06,0.14736536378186621,2.9875951197771504e-06,0.00011733237145318959,0.00011733237145318959,3.0755312208086139e-06,0.937503108028925,0.99999965412618974,0.97411537527869574,0.14417414662048422,0.14575195913669076,0.97434047171702409,0.054466187128426845,0.14575195913669076,1
C_dt_half,4,5.0000000000000002e-05,252,0.0126,0.14735896076921703,7.3460585845776913e-06,0.14735896076921703,2.9993523719005571e-06,0.00011779271474066795,0.00011779271474066795,3.08754714040127e-06,0.93750310670082115,0.99999965270955082,0.97411358891888677,0.14416035079003778,0.14573926225028386,0.97433860102233827,0.054460972790983608,0.14573926225028386,1
C_dt_half,4,5.0000000000000002e-05,253,0.01265,0.14735255818276535,7.3748525334204392e-06,0.14735255818276535,3.0111084813267747e-06,0.00011825300221948842,0.00011825300221948842,3.099561196373557e-06,0.93750310537243253,0.99999965129260815,0.97411179949228122,0.14414655653676303,0.14572656664676586,0.97433673025565304,0.054455759133605341,0.14572656664676586,1
C_dt_half,4,5.0000000000000002e-05,254,0.012700000000000001,0.14734615602874149,7.4036436872375778e-06,0.14734615602874149,3.0228634482795656e-06,0.00011871323389508533,0.00011871323389508533,3.1115733890585417e-06,0.93750310404375969,0.99999964987536238,0.9741100069986417,0.14413276386047061,0.14571387232604938,0.97433485941694353,0.054450546156202775,0.14571387232604938,1
C_dt_half,4,5.0000000000000002e-05,255,0.012750000000000001,0.14733975430424978,7.4324320462710512e-06,0.14733975430424978,3.0346172728694943e-06,0.00011917340977832731,0.00011917340977832731,3.1235837185672466e-06,0.93750310271480275,0.99999964845781342,0.9741082114377605,0.14411897276095112,0.14570117928794799,0.97433298850622008,0.054445333858679203,0.14570117928794799,1
C_dt_half,4,5.0000000000000002e-05,256,0.012800000000000001,0.14733335301077663,7.4612176108578825e-06,0.14733335301077663,3.0463699552462754e-06,0.00011963352987464869,0.00011963352987464869,3.1355921852327384e-06,0.93750310138556137,0.99999964703996114,0.97410641280945909,0.14410518323801635,0.14568848753235553,0.97433111752352319,0.054440122240946007,0.14568848753235553,1
C_dt_half,4,5.0000000000000002e-05,257,0.01285,0.14732695214730707,7.4900003812953408e-06,0.14732695214730707,3.0581214955429686e-06,0.00012009359419310667,0.00012009359419310667,3.1475987888329726e-06,0.93750310005603632,0.99999964562180632,0.97410461111349522,0.14409139529145876,0.14567579705910363,0.97432924646883534,0.054434911302907375,0.14567579705910363,1
C_dt_half,4,5.0000000000000002e-05,258,0.0129,0.14732055171100736,7.5187803577902382e-06,0.14732055171100736,3.0698718938566066e-06,0.00012055360273913555,0.00012055360273913555,3.1596035301451053e-06,0.93750309872622684,0.99999964420334808,0.97410280634968827,0.14407760892108168,0.14566310786806086,0.97432737534218661,0.054429701044471181,0.14566310786806086,1
C_dt_half,4,5.0000000000000002e-05,259,0.012950000000000001,0.14731415170829198,7.5475575409741888e-06,0.14731415170829198,3.0816211504548822e-06,0.00012101355552541542,0.00012101355552541542,3.1716064089470919e-06,0.93750309739613369,0.99999964278458719,0.97410099851784171,0.14406382412671401,0.14565041995913247,0.97432550414360375,0.054424491465555461,0.14565041995913247,1
C_dt_half,4,5.0000000000000002e-05,260,0.013000000000000001,0.14730775213354358,7.5763319309233745e-06,0.14730775213354358,3.093369265382092e-06,0.00012147345255738063,0.00012147345255738063,3.183607425460977e-06,0.93750309606575588,0.99999964136552277,0.97409918761770653,0.14405004090812265,0.14563773333212321,0.97432363287305368,0.05441928256605446,0.14563773333212321,1
C_dt_half,4,5.0000000000000002e-05,261,0.013050000000000001,0.14730135298611127,7.6051035279003859e-06,0.14730135298611127,3.1051162387576913e-06,0.00012193329383865401,0.00012193329383865401,3.1956065807969836e-06,0.93750309473509452,0.99999963994615582,0.97409737364909565,0.14403625926513181,0.14562504798694584,0.97432176153056782,0.054414074345884259,0.14562504798694584,1
C_dt_half,4,5.0000000000000002e-05,262,0.013100000000000001,0.14729495427233427,7.6338723325910578e-06,0.14729495427233427,3.1168620708713911e-06,0.00012239307938553855,0.00012239307938553855,3.2076038738448887e-06,0.9375030934041495,0.99999963852648632,0.97409555661184,0.14402247919752628,0.14561236392343394,0.97431989011619657,0.054408866804946027,0.14561236392343394,1
C_dt_half,4,5.0000000000000002e-05,263,0.01315,0.14728855598665858,7.6626383449438957e-06,0.14728855598665858,3.1286067617158109e-06,0.0001228528091998457,0.0001228528091998457,3.2195993059369599e-06,0.93750309207292015,0.99999963710651363,0.97409373650570708,0.14400870070511346,0.14559968114142213,0.97431801862992573,0.054403659943149461,0.14559968114142213,1
C_dt_half,4,5.0000000000000002e-05,264,0.0132,0.14728215812843914,7.6914015653674652e-06,0.14728215812843914,3.1403503114688699e-06,0.00012331248328882122,0.00012331248328882122,3.2315928762960411e-06,0.93750309074140747,0.99999963568623862,0.97409191333051182,0.14399492378770865,0.14558699964084446,0.97431614707178926,0.054398453760407278,0.14558699964084446,1
C_dt_half,4,5.0000000000000002e-05,265,0.013250000000000001,0.14727576070603646,7.7201619944386294e-06,0.14727576070603646,3.1520927203771128e-06,0.00012377210166514515,0.00012377210166514515,3.2435845860323553e-06,0.93750308940961014,0.99999963426565996,0.97409008708601885,0.14398114844511575,0.14557431942149993,0.9743142754417693,0.054393248256627821,0.14557431942149993,1
C_dt_half,4,5.0000000000000002e-05,266,0.013300000000000001,0.14726936370976124,7.7489196321223976e-06,0.14726936370976124,3.1638339884388865e-06,0.00012423166433244041,0.00012423166433244041,3.2555744345907911e-06,0.9375030880775298,0.99999963284477944,0.97408825777205743,0.14396737467713408,0.14556164048330436,0.97431240373991501,0.054388043431717784,0.14556164048330436,1
C_dt_half,4,5.0000000000000002e-05,267,0.013350000000000001,0.14726296714346201,7.7776744789587939e-06,0.14726296714346201,3.1755741158862522e-06,0.00012469117129976418,0.00012469117129976418,3.2675624234146383e-06,0.93750308674516536,0.99999963142359594,0.97408642538839862,0.14395360248355385,0.14554896282608848,0.97431053196621165,0.054382839285580312,0.14554896282608848,1
C_dt_half,4,5.0000000000000002e-05,268,0.0134,0.14725657100617734,7.8064265351526274e-06,0.14725657100617734,3.1873131028144639e-06,0.00012515062257436224,0.00012515062257436224,3.279548551393674e-06,0.93750308541251737,0.99999963000211001,0.97408458993485125,0.14393983186418377,0.14553628644969949,0.97430866012068817,0.054377635818125623,0.14553628644969949,1
C_dt_half,4,5.0000000000000002e-05,269,0.01345,0.14725017530169487,7.8351758011889753e-06,0.14725017530169487,3.1990509494335227e-06,0.00012561001816529177,0.00012561001816529177,3.2915328193050541e-06,0.93750308407958571,0.99999962858032143,0.97408275141122802,0.14392606281883408,0.14552361135403657,0.97430678820337535,0.054372433029264554,0.14552361135403657,1
C_dt_half,4,5.0000000000000002e-05,270,0.0135,0.14724378002286118,7.8639222771801373e-06,0.14724378002286118,3.210787655800868e-06,0.00012606935807979856,0.00012606935807979856,3.3035152274818458e-06,0.93750308274636995,0.99999962715822976,0.97408090981728923,0.14391229534729469,0.14551093753894126,0.97430491621425175,0.054367230918900201,0.14551093753894126,1
C_dt_half,4,5.0000000000000002e-05,271,0.013550000000000001,0.14723738517347321,7.8926659635358976e-06,0.14723738517347321,3.2225232220950886e-06,0.00012652864232693976,0.00012652864232693976,3.3154957759240489e-06,0.93750308141287142,0.99999962573583656,0.97407906515286069,0.14389852944937079,0.14549826500430346,0.974303044153361,0.054362029486941417,0.14549826500430346,1
C_dt_half,4,5.0000000000000002e-05,272,0.013600000000000001,0.14723099075289001,7.9214068607216416e-06,0.14723099075289001,3.234257648518179e-06,0.00012698787091577261,0.00012698787091577261,3.3274744650757526e-06,0.93750308007908956,0.99999962431314116,0.9740772174177047,0.14388476512488016,0.14548559374995837,0.97430117202068311,0.054356828733301853,0.14548559374995837,1
C_dt_half,4,5.0000000000000002e-05,273,0.013650000000000001,0.14722459676454661,7.9501449689444671e-06,0.14722459676454661,3.2459909351660978e-06,0.00012744704384991999,0.00012744704384991999,3.3394512947149124e-06,0.93750307874502314,0.99999962289014221,0.97407536661162231,0.14387100237361594,0.1454729237757941,0.97429929981623409,0.054351628657885807,0.1454729237757941,1
C_dt_half,4,5.0000000000000002e-05,274,0.0137,0.14721820320545198,7.9788802884649267e-06,0.14721820320545198,3.25772308215757e-06,0.0001279061611384391,0.0001279061611384391,3.3514262655076621e-06,0.93750307741067396,0.99999962146684163,0.97407351273446641,0.14385724119538085,0.14546025508163826,0.97429742754008941,0.054346429260601334,0.14546025508163826,1
C_dt_half,4,5.0000000000000002e-05,275,0.01375,0.14721181007325293,8.0076128196554741e-06,0.14721181007325293,3.2694540896560592e-06,0.00012836522279038713,0.00012836522279038713,3.3633993774540016e-06,0.93750307607604089,0.99999962004323817,0.974071655785958,0.14384348158999261,0.14544758766740676,0.97429555519218425,0.05434123054136196,0.14544758766740676,1
C_dt_half,4,5.0000000000000002e-05,276,0.013800000000000002,0.14720541737539039,8.0363425629811577e-06,0.14720541737539039,3.2811839578629916e-06,0.0001288242288166327,0.0001288242288166327,3.3753706311090426e-06,0.93750307474112526,0.9999996186193334,0.974069795765937,0.14382972355722756,0.1454349215329076,0.97429368277257811,0.054336032500065787,0.1454349215329076,1
C_dt_half,4,5.0000000000000002e-05,277,0.013850000000000001,0.14719902510287114,8.0650695184643933e-06,0.14719902510287114,3.2929126867995181e-06,0.00012928317921717585,0.00012928317921717585,3.3873400260286957e-06,0.93750307340592554,0.99999961719512553,0.97406793267417202,0.14381596709690267,0.14542225667800998,0.97429181028125256,0.054330835136625982,0.14542225667800998,1
C_dt_half,4,5.0000000000000002e-05,278,0.013900000000000001,0.1471926332613965,8.0937936867173637e-06,0.1471926332613965,3.3046402767271469e-06,0.00012974207400469662,0.00012974207400469662,3.399307562990117e-06,0.93750307207044237,0.99999961577061536,0.9740660665105163,0.14380221220881817,0.14540959310260829,0.97428993771827987,0.054325638450949655,0.14540959310260829,1
C_dt_half,4,5.0000000000000002e-05,279,0.013950000000000001,0.14718624184804191,8.1225150678161716e-06,0.14718624184804191,3.3163667276888045e-06,0.00013020091318825225,0.00013020091318825225,3.4112732419933067e-06,0.93750307073467631,0.99999961434580353,0.97406419727468474,0.14378845889277819,0.14539693080651736,0.97428806508359633,0.054320442442945427,0.14539693080651736,1
C_dt_half,4,5.0000000000000002e-05,280,0.014,0.14717985086447327,8.1512336622456111e-06,0.14717985086447327,3.3280920398939069e-06,0.00013065969677146562,0.00013065969677146562,3.4232370630382647e-06,0.93750306939862726,0.99999961292068973,0.97406232496653078,0.14377470714858959,0.14538426978966784,0.97428619237726966,0.05431524711252269,0.14538426978966784,1
C_dt_half,4,5.0000000000000002e-05,281,0.01405,0.14717346030809098,8.1799494703582156e-06,0.14717346030809098,3.3398162134979771e-06,0.00013111842476882821,0.00013111842476882821,3.435199027235214e-06,0.93750306806229478,0.99999961149527361,0.97406044958584936,0.14376095697604319,0.14537161005186366,0.97428431959931194,0.054310052459584986,0.14537161005186366,1
C_dt_half,4,5.0000000000000002e-05,282,0.014100000000000001,0.14716707018391645,8.2086624923615456e-06,0.14716707018391645,3.351539248597451e-06,0.0001315770971821515,0.0001315770971821515,3.4471591342510877e-06,0.93750306672567896,0.99999961006955529,0.97405857113241956,0.14374720837495203,0.14535895159301707,0.97428244674972209,0.054304858484044226,0.14535895159301707,1
C_dt_half,4,5.0000000000000002e-05,283,0.014150000000000001,0.14716068048767006,8.2373727286462407e-06,0.14716068048767006,3.36326114536376e-06,0.00013203571402049265,0.00013203571402049265,3.4591173838638412e-06,0.93750306538878037,0.99999960864353532,0.97405668960602343,0.14373346134510809,0.14534629441293889,0.97428057382849587,0.054299665185804258,0.14534629441293889,1
C_dt_half,4,5.0000000000000002e-05,284,0.014200000000000001,0.1471542912187539,8.2660801795476751e-06,0.1471542912187539,3.3749819039449059e-06,0.00013249427529109746,0.00013249427529109746,3.4710737765175637e-06,0.93750306405159878,0.99999960721721359,0.97405480500649078,0.14371971588634236,0.14533363851155071,0.97427870083567969,0.054294472564783737,0.14533363851155071,1
C_dt_half,4,5.0000000000000002e-05,285,0.014250000000000001,0.14714790238436934,8.2947848453829831e-06,0.14714790238436934,3.3867015244825785e-06,0.000132952781006646,0.000132952781006646,3.4830283129894113e-06,0.93750306271413408,0.99999960579058977,0.97405291733359656,0.14370597199842874,0.14532098388865194,0.97427682777126479,0.054289280620879725,0.14532098388865194,1
C_dt_half,4,5.0000000000000002e-05,286,0.0143,0.14714151397386332,8.3234867263957426e-06,0.14714151397386332,3.3984200070883178e-06,0.00013341123116894973,0.00013341123116894973,3.4949809927242725e-06,0.93750306137638661,0.99999960436366431,0.97405102658713738,0.14369222968117235,0.14530833054416906,0.97427495463526947,0.054284089354001253,0.14530833054416906,1
C_dt_half,4,5.0000000000000002e-05,287,0.01435,0.14713512599055484,8.3521858228834366e-06,0.14713512599055484,3.4101373518949532e-06,0.0001338696257870658,0.0001338696257870658,3.5069318164993035e-06,0.9375030600383556,0.99999960293643653,0.97404913276691807,0.14367848893440563,0.14529567847794897,0.97427308142771041,0.054278898764067406,0.14529567847794897,1
C_dt_half,4,5.0000000000000002e-05,288,0.014400000000000001,0.14712873844213881,8.3808821354422221e-06,0.14712873844213881,3.4218535591567434e-06,0.00013432796487367432,0.00013432796487367432,3.5188807845365488e-06,0.93750305870004191,0.9999996015089071,0.9740472358727652,0.14366474975790119,0.14528302768984211,0.97427120814863244,0.054273708850974829,0.14528302768984211,1
C_dt_half,4,5.0000000000000002e-05,289,0.014450000000000001,0.14712235131970713,8.409575664073551e-06,0.14712235131970713,3.4335686288867026e-06,0.00013478624843058672,0.00013478624843058672,3.5308278969470308e-06,0.93750305736144568,0.99999960008107636,0.97404533590441611,0.14365101215147658,0.14527037817971025,0.97426933479799116,0.054268519614637183,0.14527037817971025,1
C_dt_half,4,5.0000000000000002e-05,290,0.014500000000000001,0.1471159646226945,8.4382664091134056e-06,0.1471159646226945,3.4452825612336685e-06,0.00013524447646504878,0.00013524447646504878,3.5427731535087048e-06,0.93750305602256634,0.99999959865294363,0.97404343286170503,0.1436372761149331,0.14525772994740913,0.97426746137583498,0.054263331054961852,0.14525772994740913,1
C_dt_half,4,5.0000000000000002e-05,291,0.01455,0.14710957835845406,8.4669543710822115e-06,0.14710957835845406,3.4569953564217925e-06,0.00013570264899155201,0.00013570264899155201,3.554716554998727e-06,0.93750305468340445,0.99999959722450948,0.97404152674443623,0.14362354164808769,0.14524508299282543,0.97426558788218531,0.054258143171862214,0.14524508299282543,1
C_dt_half,4,5.0000000000000002e-05,292,0.0146,0.14710319252255252,8.4956395502786647e-06,0.14710319252255252,3.468707014584278e-06,0.00013616076601371928,0.00013616076601371928,3.566658101306075e-06,0.93750305334395945,0.99999959579577347,0.97403961755237478,0.14360980875071111,0.14523243731578445,0.97426371431702707,0.05425295596523428,0.14523243731578445,1
C_dt_half,4,5.0000000000000002e-05,293,0.014650000000000002,0.14709680711440615,8.5243219469639494e-06,0.14709680711440615,3.4804175358392097e-06,0.00013661882754060779,0.00013661882754060779,3.5785977934299495e-06,0.93750305200423212,0.99999959436673613,0.97403770528533529,0.14359607742262154,0.14521979291618967,0.97426184068038779,0.054247769434991822,0.14521979291618967,1
C_dt_half,4,5.0000000000000002e-05,294,0.014700000000000001,0.14709042213504947,8.5530015613822704e-06,0.14709042213504947,3.4921269202989965e-06,0.00013707683357584043,0.00013707683357584043,3.5905356301491054e-06,0.9375030506642219,0.99999959293739715,0.97403578994312612,0.14358234766362107,0.14520714979389823,0.97425996697229167,0.0542425835810426,0.14520714979389823,1
C_dt_half,4,5.0000000000000002e-05,295,0.014750000000000001,0.14708403758605665,8.5816783940161873e-06,0.14708403758605665,3.5038351681713953e-06,0.00013753478413390874,0.00013753478413390874,3.6024716129068324e-06,0.93750304932392914,0.99999959150775675,0.97403387152551391,0.14356861947352612,0.14519450794874333,0.9742580931927235,0.054237398403299802,0.14519450794874333,1
C_dt_half,4,5.0000000000000002e-05,296,0.014800000000000001,0.14707765346495399,8.6103524450721697e-06,0.14707765346495399,3.5155422795521865e-06,0.00013799267921843557,0.00013799267921843557,3.6144057413700637e-06,0.93750304798335349,0.99999959007781469,0.97403195003232124,0.14355489285214132,0.14518186738061992,0.97425621934172191,0.054232213901672204,0.14518186738061992,1
C_dt_half,4,5.0000000000000002e-05,297,0.01485,0.14707126977276427,8.639023714867743e-06,0.14707126977276427,3.527248254583608e-06,0.00013845051883485526,0.00013845051883485526,3.6263380159828884e-06,0.93750304664249517,0.99999958864757099,0.97403002546333606,0.14354116779925577,0.14516922808936958,0.97425434541929012,0.054227030076062617,0.14516922808936958,1
C_dt_half,4,5.0000000000000002e-05,298,0.0149,0.14706488650918173,8.6676922037929844e-06,0.14706488650918173,3.5389530934357886e-06,0.0001389083029976593,0.0001389083029976593,3.6382684368563289e-06,0.93750304530135431,0.99999958721702598,0.97402809781836674,0.14352744431466319,0.14515659007486578,0.97425247142545313,0.054221846926375696,0.14515659007486578,1
C_dt_half,4,5.0000000000000002e-05,299,0.014950000000000001,0.14705850367335865,8.6963579121100508e-06,0.14705850367335865,3.5506567962284195e-06,0.00013936603171047063,0.00013936603171047063,3.6501970044344745e-06,0.937503043959931,0.99999958578617976,0.97402616709718604,0.14351372239819593,0.14514395333699781,0.97425059736019892,0.054216664452530622,0.14514395333699781,1
C_dt_half,4,5.0000000000000002e-05,300,0.015000000000000001,0.14705212126500283,8.725020840191164e-06,0.14705212126500283,3.5623593631233844e-06,0.00013982370498234636,0.00013982370498234636,3.6621237184952804e-06,0.93750304261822559,0.99999958435503256,0.97402423329963261,0.14350000204963692,0.14513131787557285,0.97424872322358214,0.054211482654427934,0.14513131787557285,1
C_dt_half,4,5.0000000000000002e-05,301,0.015050000000000001,0.14704573928724302,8.7536809883538631e-06,0.14704573928724302,3.5740607942632749e-06,0.00014028132282053234,0.00014028132282053234,3.6740485795938582e-06,0.93750304127623829,0.9999995829235846,0.97402229642549409,0.14348628326879703,0.14511868369050709,0.97424684901560721,0.05420630153197873,0.14511868369050709,1
C_dt_half,4,5.0000000000000002e-05,302,0.015100000000000001,0.14703935773554408,8.7823383568039109e-06,0.14703935773554408,3.585761089743447e-06,0.00014073888523227429,0.00014073888523227429,3.6859715879522525e-06,0.93750303993396833,0.99999958149183521,0.974020356474535,0.14347256605548112,0.14510605078165814,0.97424497473625538,0.054201121085091938,0.14510605078165814,1
C_dt_half,4,5.0000000000000002e-05,303,0.01515,0.14703297661512946,8.8109929460806287e-06,0.14703297661512946,3.5974602497956439e-06,0.00014119639222662941,0.00014119639222662941,3.6978927435704634e-06,0.93750303859141548,0.99999958005978418,0.97401841344656981,0.14345885040947917,0.14509341914884619,0.97424310038555595,0.054195941313670712,0.14509341914884619,1
C_dt_half,4,5.0000000000000002e-05,304,0.0152,0.14702659592358147,8.8396447564081515e-06,0.14702659592358147,3.6091582745222298e-06,0.00014165384381084346,0.00014165384381084346,3.7098120467815576e-06,0.93750303724858086,0.99999957862743249,0.97401646734139669,0.14344513633060943,0.14508078879197653,0.97424122596352103,0.054190762217628884,0.14508078879197653,1
C_dt_half,4,5.0000000000000002e-05,305,0.015250000000000001,0.14702021565824661,8.8682937879932078e-06,0.14702021565824661,3.6208551640208115e-06,0.00014211123999216218,0.00014211123999216218,3.7217294976965576e-06,0.9375030359054638,0.9999995771947795,0.97401451815881701,0.14343142381867557,0.1450681597109027,0.97423935147016871,0.054185583796874895,0.1450681597109027,1
C_dt_half,4,5.0000000000000002e-05,306,0.015300000000000001,0.14701383582066746,8.8969400412451349e-06,0.14701383582066746,3.6325509184689918e-06,0.00014256858077783138,0.00014256858077783138,3.7336450965375079e-06,0.93750303456206452,0.99999957576182552,0.97401256589864649,0.14341771287347405,0.14505553190549672,0.97423747690552898,0.054180406051314321,0.14505553190549672,1
C_dt_half,4,5.0000000000000002e-05,307,0.015350000000000001,0.14700745641210078,8.9255835165733376e-06,0.14700745641210078,3.6442455380455598e-06,0.00014302586617871967,0.00014302586617871967,3.7455588436374754e-06,0.9375030332183838,0.99999957432857134,0.97401061056066107,0.14340400349483012,0.14504290537558306,0.97423560226959827,0.054175228980863945,0.14504290537558306,1
C_dt_half,4,5.0000000000000002e-05,308,0.0154,0.14700107743171967,8.9542242141641801e-06,0.14700107743171967,3.6559390228389403e-06,0.00014348309620207283,0.00014348309620207283,3.7574707396625939e-06,0.93750303187442008,0.99999957289501529,0.97400865214466081,0.14339029568252162,0.14503028012105118,0.97423372756238624,0.054170052585422193,0.14503028012105118,1
C_dt_half,4,5.0000000000000002e-05,309,0.01545,0.14699469888103264,8.9828621343192332e-06,0.14699469888103264,3.6676313729829361e-06,0.00014394027084970227,0.00014394027084970227,3.769380784057752e-06,0.9375030305301747,0.99999957146115881,0.97400669065044543,0.1433765894363816,0.14501765614178913,0.97423185278390956,0.054164876864908632,0.14501765614178913,1
C_dt_half,4,5.0000000000000002e-05,310,0.0155,0.1469883207576842,9.011497277574618e-06,0.1469883207576842,3.6793225887085819e-06,0.00014439739013791098,0.00014439739013791098,3.7812889773780611e-06,0.93750302918564721,0.99999957002700135,0.97400472607779975,0.14336288475617814,0.14500503343763915,0.97422997793417243,0.054159701819218295,0.14500503343763915,1
C_dt_half,4,5.0000000000000002e-05,311,0.015550000000000001,0.14698194306087167,9.040129644045304e-06,0.14698194306087167,3.6910126700746464e-06,0.00014485445407032179,0.00014485445407032179,3.7931953201786328e-06,0.93750302784083772,0.99999956859254313,0.97400275842653417,0.14334918164171939,0.14499241200843724,0.97422810301319451,0.054154527448261137,0.14499241200843724,1
C_dt_half,4,5.0000000000000002e-05,312,0.015600000000000001,0.14697556579566312,9.0687592341230303e-06,0.14697556579566312,3.7027016172521989e-06,0.0001453114626523691,0.0001453114626523691,3.8050998121264001e-06,0.93750302649574579,0.99999956715778371,0.97400078769645926,0.14333548009282016,0.14497979185408785,0.97422622802100445,0.054149353751949854,0.14497979185408785,1
C_dt_half,4,5.0000000000000002e-05,313,0.015650000000000001,0.14696918895412631,9.0973860480860625e-06,0.14696918895412631,3.7143894303667716e-06,0.00014576841589673294,0.00014576841589673294,3.8170024534434077e-06,0.93750302515037265,0.9999995657227243,0.97399881388736265,0.14332178010928789,0.1449671729744389,0.97422435295760546,0.054144180730194294,0.1449671729744389,1
C_dt_half,4,5.0000000000000002e-05,314,0.015700000000000002,0.14696281254511978,9.1260100864010988e-06,0.14696281254511978,3.7260761096193605e-06,0.00014622531380703617,0.00014622531380703617,3.8289032449068117e-06,0.93750302380471706,0.99999956428736358,0.97399683699903805,0.14330808169093057,0.14495455536936278,0.97422247782300497,0.054139008382904481,0.14495455536936278,1
C_dt_half,4,5.0000000000000002e-05,315,0.01575,0.14695643656023491,9.1546313491247651e-06,0.14695643656023491,3.7377616550468947e-06,0.00014668215639233604,0.00014668215639233604,3.8408021862945674e-06,0.93750302245877959,0.99999956285170222,0.97399485703126154,0.14329438483754517,0.14494193903873553,0.97422060261719357,0.054133836709986255,0.14494193903873553,1
C_dt_half,4,5.0000000000000002e-05,316,0.015800000000000002,0.14695006100501476,9.1832498368526492e-06,0.14695006100501476,3.7494460669019771e-06,0.00014713894366350118,0.00014713894366350118,3.8526992777176972e-06,0.9375030211125609,0.99999956141574087,0.97399287398389467,0.14328068954894027,0.14492932398241076,0.97421872734025239,0.054128665711350027,0.14492932398241076,1
C_dt_half,4,5.0000000000000002e-05,317,0.01585,0.1469436858766415,9.2118655497354178e-06,0.1469436858766415,3.761129345258771e-06,0.000147595675622343,0.000147595675622343,3.8645945196202902e-06,0.93750301976606021,0.99999955997947865,0.97399088785668175,0.14326699582491254,0.14491671020023436,0.97421685199213293,0.054123495386901366,0.14491671020023436,1
C_dt_half,4,5.0000000000000002e-05,318,0.015900000000000001,0.1469373111763369,9.2404784881075984e-06,0.1469373111763369,3.772811490265752e-06,0.00014805235228154161,0.00014805235228154161,3.8764879121133688e-06,0.93750301841927752,0.99999955854291578,0.97398889864943505,0.14325330366525851,0.14490409769205401,0.97421497657286982,0.054118325736546236,0.14490409769205401,1
C_dt_half,4,5.0000000000000002e-05,319,0.015950000000000002,0.14693093690581882,9.2690886524351893e-06,0.14693093690581882,3.7844925021235589e-06,0.00014850897364834275,0.00014850897364834275,3.8883794558630669e-06,0.93750301707221328,0.99999955710605248,0.97398690636197049,0.14323961306979566,0.14489148645775407,0.97421310108248738,0.05411315676019806,0.14489148645775407,1
C_dt_half,4,5.0000000000000002e-05,320,0.016,0.14692456306056004,9.2976960428862317e-06,0.14692456306056004,3.7961723809134852e-06,0.00014896553972999218,0.00014896553972999218,3.9002691503142728e-06,0.93750301572486738,0.99999955566888876,0.97398491099408235,0.14322592403832235,0.14487887649719974,0.97421122552099693,0.054107988457763344,0.14487887649719974,1
C_dt_half,4,5.0000000000000002e-05,321,0.016050000000000002,0.14691818964524431,9.3263006597423404e-06,0.14691818964524431,3.8078511267618269e-06,0.00014942205053192423,0.00014942205053192423,3.9121569961331204e-06,0.93750301437723937,0.99999955423142417,0.97398291254555347,0.14321223657066107,0.14486626781026729,0.97420934988839725,0.054102820829157676,0.14486626781026729,1
C_dt_half,4,5.0000000000000002e-05,322,0.0161,0.14691181665810812,9.3549025035416118e-06,0.14691181665810812,3.819528739898872e-06,0.00014987850606500757,0.00014987850606500757,3.9240429937636989e-06,0.93750301302933048,0.99999955279365993,0.97398091101622719,0.14319855066659989,0.14485366039682099,0.97420747418474507,0.054097653874283544,0.14485366039682099,1
C_dt_half,4,5.0000000000000002e-05,323,0.016150000000000001,0.14690544409614745,9.3835015743233006e-06,0.14690544409614745,3.8312052203541086e-06,0.00015033490633467649,0.00015033490633467649,3.9359271428729414e-06,0.93750301168114003,0.99999955135559537,0.97397890640580898,0.14318486632593649,0.14484105425670796,0.97420559840996124,0.05409248759304712,0.14484105425670796,1
C_dt_half,4,5.0000000000000002e-05,324,0.016199999999999999,0.14689907196672339,9.4120978728117303e-06,0.14689907196672339,3.842880568432428e-06,0.00015079125135361105,0.00015079125135361105,3.9478094442380041e-06,0.93750301033266747,0.99999954991722995,0.9739768987141928,0.14317118354847869,0.14482844938979467,0.97420372256415433,0.05408732198535849,0.14482844938979467,1
C_dt_half,4,5.0000000000000002e-05,325,0.016250000000000001,0.14689270026143531,9.4406913988991276e-06,0.14689270026143531,3.8545547841034462e-06,0.00015124754112181128,0.00015124754112181128,3.9596898978588868e-06,0.93750300898391414,0.99999954847856498,0.97397488794112252,0.14315750233403116,0.14481584579596332,0.97420184664727794,0.054082157051126283,0.14481584579596332,1
C_dt_half,4,5.0000000000000002e-05,326,0.016300000000000002,0.14688632898175016,9.4692821530113537e-06,0.14688632898175016,3.8662278675519249e-06,0.00015170377565376869,0.00015170377565376869,3.9715685040686566e-06,0.93750300763487904,0.99999954703959948,0.97397287408639444,0.1431438226824075,0.14480324347506127,0.97419997065934993,0.054076992790262915,0.14480324347506127,1
C_dt_half,4,5.0000000000000002e-05,327,0.01635,0.14687995813276122,9.4978701357089801e-06,0.14687995813276122,3.8778998190180512e-06,0.00015215995495310617,0.00015215995495310617,3.9834452625342465e-06,0.93750300628556282,0.99999954560033411,0.97397085714986031,0.14313014459339399,0.14479064242694936,0.97419809460042861,0.054071829202670063,0.14479064242694936,1
C_dt_half,4,5.0000000000000002e-05,328,0.016400000000000001,0.14687358771173589,9.5264553470669165e-06,0.14687358771173589,3.8895706385441014e-06,0.00015261607903069234,0.00015261607903069234,3.9953201740328126e-06,0.93750300493596528,0.99999954416076864,0.97396883713126503,0.14311646806681927,0.14477804265149116,0.97419621847047699,0.054066666288265695,0.14477804265149116,1
C_dt_half,4,5.0000000000000002e-05,329,0.016449999999999999,0.14686721771671835,9.5550377875126743e-06,0.14686721771671835,3.9012403263160906e-06,0.00015307214789377299,0.00015307214789377299,4.0071932386753772e-06,0.93750300358608607,0.99999954272090275,0.97396681403044028,0.14310279310247601,0.14476544414855189,0.97419434226954316,0.054061504046954166,0.14476544414855189,1
C_dt_half,4,5.0000000000000002e-05,330,0.016500000000000001,0.14686084815032854,9.5836174573097279e-06,0.14686084815032854,3.9129088824533109e-06,0.00015352816154597096,0.00015352816154597096,4.019064456683985e-06,0.93750300223592553,0.99999954128073687,0.97396478784719387,0.1430891197001615,0.14475284691800328,0.97419246599764397,0.054056342478641418,0.14475284691800328,1
C_dt_half,4,5.0000000000000002e-05,331,0.016550000000000002,0.14685447901061643,9.6121943567915526e-06,0.14685447901061643,3.9245763071031095e-06,0.00015398411999996639,0.00015398411999996639,4.0309338279476137e-06,0.93750300088548377,0.9999995398402709,0.97396275858129822,0.14307544785969015,0.1447402509597121,0.9741905896547689,0.054051181583239981,0.1447402509597121,1
C_dt_half,4,5.0000000000000002e-05,332,0.0166,0.14684811029708175,9.64076848631294e-06,0.14684811029708175,3.9362426004220435e-06,0.00015444002326119355,0.00015444002326119355,4.0428013532434193e-06,0.93750299953476079,0.99999953839950495,0.97396072623252972,0.14306177758087382,0.1447276562735694,0.97418871324090817,0.0540460213606615,0.1447276562735694,1
C_dt_half,4,5.0000000000000002e-05,333,0.016650000000000002,0.14684174201231942,9.6693398461538667e-06,0.14684174201231942,3.9479077625362997e-06,0.00015489587133870965,0.00015489587133870965,4.0546670323493572e-06,0.9375029981837566,0.99999953695843913,0.97395869080071817,0.14304810886350497,0.14471506285941069,0.97418683675610462,0.054040861810810088,0.14471506285941069,1
C_dt_half,4,5.0000000000000002e-05,334,0.0167,0.14683537415463957,9.6979084367612256e-06,0.14683537415463957,3.9595717936390938e-06,0.0001553516642415719,0.0001553516642415719,4.0665308657095167e-06,0.9375029968324714,0.99999953551707355,0.97395665228568074,0.14303444170739454,0.1447024707170807,0.9741849602003908,0.054035702933597038,0.1447024707170807,1
C_dt_half,4,5.0000000000000002e-05,335,0.016750000000000001,0.14682900672446988,9.726474258211668e-06,0.14682900672446988,3.9712346937743861e-06,0.00015580740197159172,0.00015580740197159172,4.0783928531018532e-06,0.9375029954809051,0.99999953407540809,0.97395461068718969,0.14302077611233474,0.14468987984644474,0.97418308357374972,0.054030544728926419,0.14468987984644474,1
C_dt_half,4,5.0000000000000002e-05,336,0.016800000000000002,0.14682263972014184,9.7550373109879062e-06,0.14682263972014184,3.9828964631496521e-06,0.00015626308454326068,0.00015626308454326068,4.0902529949704558e-06,0.93750299412905824,0.99999953263344332,0.97395256600504765,0.14300711207812433,0.14467729024738449,0.97418120687619925,0.054025387196704841,0.14467729024738449,1
C_dt_half,4,5.0000000000000002e-05,337,0.01685,0.14681627314611148,9.7835975955003835e-06,0.14681627314611148,3.9945571019447094e-06,0.00015671871196201305,0.00015671871196201305,4.1021112919814584e-06,0.93750299277693017,0.99999953119117868,0.97395051823907508,0.14299344960458052,0.14466470191974815,0.97417933010777524,0.054020230336846005,0.14466470191974815,1
C_dt_half,4,5.0000000000000002e-05,338,0.016900000000000002,0.14680990699692856,9.8121551118616656e-06,0.14680990699692856,4.0062166102166378e-06,0.00015717428423328315,0.00015717428423328315,4.1139677442458833e-06,0.93750299142452098,0.99999952974861417,0.97394846738903518,0.14297978869152225,0.14465211486345653,0.97417745326844885,0.054015074149263924,0.14465211486345653,1
C_dt_half,4,5.0000000000000002e-05,339,0.01695,0.1468035412751538,9.8407098605007407e-06,0.1468035412751538,4.0178749881525519e-06,0.00015762980136612822,0.00015762980136612822,4.1258223515416859e-06,0.93750299007183102,0.99999952830575023,0.97394641345478583,0.14296612933874356,0.14463952907831934,0.97417557635829344,0.054009918633863542,0.14463952907831934,1
C_dt_half,4,5.0000000000000002e-05,340,0.017000000000000001,0.14679717598216468,9.8692618417711232e-06,0.14679717598216468,4.0295322359076757e-06,0.00015808526337141688,0.00015808526337141688,4.1376751145349999e-06,0.93750298871886029,0.99999952686258664,0.9739443564360557,0.14295247154603322,0.14462694456419273,0.97417369937725606,0.054004763790547833,0.14462694456419273,1
C_dt_half,4,5.0000000000000002e-05,341,0.017049999999999999,0.14679081111396097,9.8978110558600344e-06,0.14679081111396097,4.0411883535703741e-06,0.000158540670252772,0.000158540670252772,4.1495260327817363e-06,0.93750298736560822,0.99999952541912307,0.97394229633269203,0.1429388153132094,0.14461436132093911,0.9741718223253919,0.053999609619230615,0.14461436132093911,1
C_dt_half,4,5.0000000000000002e-05,342,0.017100000000000001,0.14678444667355814,9.9263575031964795e-06,0.14678444667355814,4.0528433413276865e-06,0.0001589960220192508,0.0001589960220192508,4.1613751075031402e-06,0.93750298601207593,0.99999952397536063,0.97394023314447742,0.14292516064007693,0.14460177934846816,0.97416994520269817,0.053994456119820809,0.14460177934846816,1
C_dt_half,4,5.0000000000000002e-05,343,0.017150000000000002,0.14677808266046213,9.9549011840601997e-06,0.14677808266046213,4.064497199304197e-06,0.00015945131867809901,0.00015945131867809901,4.1732223381441003e-06,0.93750298465826276,0.99999952253129853,0.97393816687123447,0.14291150752645337,0.14458919864661959,0.97416806800920996,0.053989303292232158,0.14458919864661959,1
C_dt_half,4,5.0000000000000002e-05,344,0.0172,0.14677171907579833,9.9834420989153894e-06,0.14677171907579833,4.076149927701523e-06,0.00015990656024018529,0.00015990656024018529,4.185067724926661e-06,0.93750298330416848,0.99999952108693657,0.97393609751273869,0.14289785597211005,0.14457661921523327,0.97416619074491773,0.053984151136361,0.14457661921523327,1
C_dt_half,4,5.0000000000000002e-05,345,0.017250000000000001,0.14676535591722503,1.0011980247912556e-05,0.14676535591722503,4.0878015265931161e-06,0.00016036174671275541,0.00016036174671275541,4.1969112688500232e-06,0.93750298194979353,0.99999951964227529,0.97393402506879356,0.1428842059768711,0.14456404105422405,0.97416431340983933,0.053978999652123556,0.14456404105422405,1
C_dt_half,4,5.0000000000000002e-05,346,0.017299999999999999,0.14675899318587163,1.0040515631351514e-05,0.14675899318587163,4.0994519961126522e-06,0.00016081687809762081,0.00016081687809762081,4.2087529688039638e-06,0.93750298059513837,0.99999951819731503,0.97393194953918305,0.14287055754053782,0.14455146416341491,0.97416243600396524,0.053973848839427248,0.14455146416341491,1
C_dt_half,4,5.0000000000000002e-05,347,0.017350000000000001,0.14675263087829024,1.0069048249585169e-05,0.14675263087829024,4.111101336415524e-06,0.00016127195440746156,0.00016127195440746156,4.2205928260097281e-06,0.93750297924020254,0.99999951675205545,0.97392987092374772,0.14285691066292897,0.1445388885427058,0.97416055852735306,0.053968698698186379,0.1445388885427058,1
C_dt_half,4,5.0000000000000002e-05,348,0.017400000000000002,0.14674626900040905,1.0097578103060589e-05,0.14674626900040905,4.1227495476955485e-06,0.00016172697565133484,0.00016172697565133484,4.2324308406893607e-06,0.93750297788498593,0.99999951530649633,0.97392778922226109,0.14284326534383462,0.14452631419192055,0.97415868097998992,0.053963549228304382,0.14452631419192055,1
C_dt_half,4,5.0000000000000002e-05,349,0.01745,0.14673990755013569,1.0126105192020709e-05,0.14673990755013569,4.1343966300635322e-06,0.00016218194183286358,0.00016218194183286358,4.2442670125097948e-06,0.93750297652948855,0.99999951386063779,0.97392570443451731,0.14282962158305834,0.14451374111092788,0.97415680336188237,0.053958400429689642,0.14451374111092788,1
C_dt_half,4,5.0000000000000002e-05,350,0.017500000000000002,0.14673354652516898,1.0154629516615403e-05,0.14673354652516898,4.1460425835921783e-06,0.00016263685296291638,0.00016263685296291638,4.256101342470231e-06,0.93750297517371117,0.99999951241448048,0.97392361656036708,0.14281597938042606,0.14450116929964202,0.97415492567309137,0.053953252302258996,0.14450116929964202,1
C_dt_half,4,5.0000000000000002e-05,351,0.01755,0.14672718593002396,1.0183151077495895e-05,0.14672718593002396,4.1576874085591392e-06,0.00016309170904873899,0.00016309170904873899,4.2679338297935132e-06,0.93750297381765302,0.99999951096802375,0.97392152559956757,0.1428023387357058,0.14448859875785625,0.97415304791358825,0.053948104845907591,0.14448859875785625,1
C_dt_half,4,5.0000000000000002e-05,352,0.017600000000000001,0.14672082575608575,1.0211669874681622e-05,0.14672082575608575,4.1693311049834427e-06,0.00016354651009757722,0.00016354651009757722,4.2797644755898645e-06,0.93750297246131475,0.99999950952126826,0.97391943155189376,0.14278869964872104,0.14447602948550103,0.97415117008336305,0.053942958060551431,0.14447602948550103,1
C_dt_half,4,5.0000000000000002e-05,353,0.017650000000000002,0.1467144660143993,1.0240185908731723e-05,0.1467144660143993,4.1809736731046484e-06,0.00016400125611667679,0.00016400125611667679,4.2915932797482625e-06,0.93750297110469571,0.99999950807421323,0.97391733441718253,0.14277506211929597,0.1444634614823751,0.97414929218246227,0.053937811946106702,0.1444634614823751,1
C_dt_half,4,5.0000000000000002e-05,354,0.0177,0.14670810669434975,1.0268699179702718e-05,0.14670810669434975,4.192615112958024e-06,0.00016445594711509494,0.00016445594711509494,4.3034202424907519e-06,0.93750296974779657,0.99999950662685944,0.97391523419522907,0.14276142614722273,0.14445089474840325,0.97414741421089213,0.053932666502477522,0.14445089474840325,1
C_dt_half,4,5.0000000000000002e-05,355,0.017750000000000002,0.14670174780401826,1.0297209688134875e-05,0.14670174780401826,4.2042554247749189e-06,0.00016491058309826595,0.00016491058309826595,4.3152453640393773e-06,0.93750296839061698,0.99999950517920655,0.97391313088583231,0.14274779173229474,0.14443832928344238,0.97414553616866917,0.053927521729568703,0.14443832928344238,1
C_dt_half,4,5.0000000000000002e-05,356,0.0178,0.14669538934089596,1.0325717434307258e-05,0.14669538934089596,4.2158946086813038e-06,0.0001653651640788699,0.0001653651640788699,4.3270686442831163e-06,0.93750296703315705,0.99999950373125457,0.97391102448881306,0.14273415887433419,0.14442576508731561,0.97414365805582015,0.053922377627295535,0.14442576508731561,1
C_dt_half,4,5.0000000000000002e-05,357,0.017850000000000001,0.1466890313014034,1.0354222418371274e-05,0.1466890313014034,4.2275326647506826e-06,0.00016581969005690682,0.00016581969005690682,4.3388900836660582e-06,0.93750296567541713,0.99999950228300394,0.97390891500391952,0.14272052757312864,0.14441320215992526,0.97414177987231054,0.053917234195560639,0.14441320215992526,1
C_dt_half,4,5.0000000000000002e-05,358,0.017899999999999999,0.14668267369175927,1.0382724640939401e-05,0.14668267369175927,4.2391695932430842e-06,0.00016627416104686822,0.00016627416104686822,4.3507096825212699e-06,0.9375029643173971,0.99999950083445455,0.97390680243099292,0.14270689782848062,0.1444006405010852,0.97413990161818931,0.053912091434271961,0.1444006405010852,1
C_dt_half,4,5.0000000000000002e-05,359,0.017950000000000001,0.14667631650460916,1.0411224101995295e-05,0.14667631650460916,4.2508053941652797e-06,0.00016672857705237696,0.00016672857705237696,4.3625274409597736e-06,0.93750296295909707,0.99999949938560651,0.97390468676985764,0.14269326964022191,0.14438808011071813,0.97413802329349719,0.053906949343348741,0.14438808011071813,1
C_dt_half,4,5.0000000000000002e-05,360,0.018000000000000002,0.14666995974791472,1.0439720802189709e-05,0.14666995974791472,4.2624400677927778e-06,0.00016718293808430171,0.00016718293808430171,4.374343359536681e-06,0.93750296160051672,0.99999949793645948,0.97390256802027775,0.14267964300813896,0.14437552098866735,0.97413614489820788,0.053901807922692932,0.14437552098866735,1
C_dt_half,4,5.0000000000000002e-05,361,0.01805,0.14666360341458279,1.0468214741580318e-05,0.14666360341458279,4.2740736141615822e-06,0.00016763724414807678,0.00016763724414807678,4.386157437918925e-06,0.93750296024165625,0.99999949648701358,0.97390044618203697,0.14266601793203113,0.14436296313480645,0.97413426643232015,0.053896667172211532,0.14436296313480645,1
C_dt_half,4,5.0000000000000002e-05,362,0.018100000000000002,0.14665724750900722,1.0496705920687013e-05,0.14665724750900722,4.2857060334946855e-06,0.00016809149525457079,0.00016809149525457079,4.3979696764395726e-06,0.93750295888251589,0.99999949503726915,0.97389832125496512,0.14265239441171695,0.1443504065489685,0.97413238789587198,0.053891527091818596,0.1443504065489685,1
C_dt_half,4,5.0000000000000002e-05,363,0.018149999999999999,0.14665089203072151,1.0525194339716584e-05,0.14665089203072151,4.2973373258885106e-06,0.00016854569140740665,0.00016854569140740665,4.4097800756537353e-06,0.93750295752309543,0.99999949358722595,0.97389619323886401,0.14263877244699988,0.14433785123105825,0.97413050928887746,0.053886387681422544,0.14433785123105825,1
C_dt_half,4,5.0000000000000002e-05,364,0.018200000000000001,0.14664453697904076,1.0553679998986439e-05,0.14664453697904076,4.3089674914842586e-06,0.00016899983261564155,0.00016899983261564155,4.4215886360055023e-06,0.93750295616339518,0.99999949213688433,0.97389406213355179,0.14262515203768117,0.14432529718092205,0.97412863061136623,0.053881248940931041,0.14432529718092205,1
C_dt_half,4,5.0000000000000002e-05,365,0.018250000000000002,0.14663818235046888,1.0582162898756712e-05,0.14663818235046888,4.320596530399385e-06,0.00016945391888652123,0.00016945391888652123,4.433395356495673e-06,0.93750295480341528,0.9999994906862445,0.97389192793878976,0.14261153318357378,0.14431274439842884,0.97412675186331166,0.053876110870256101,0.14431274439842884,1
C_dt_half,4,5.0000000000000002e-05,366,0.0183,0.14663182814957615,1.0610643039530071e-05,0.14663182814957615,4.3322244428497029e-06,0.00016990795023272582,0.00016990795023272582,4.4452002386785594e-06,0.93750295344315526,0.99999948923530579,0.97388979065438719,0.14259791588447679,0.14430019288343326,0.97412487304473661,0.053870973469304619,0.14430019288343326,1
C_dt_half,4,5.0000000000000002e-05,367,0.018350000000000002,0.14662547437697071,1.0639120421531512e-05,0.14662547437697071,4.3438512289398819e-06,0.00017036192665425526,0.00017036192665425526,4.4570032818880279e-06,0.93750295208261514,0.99999948778406822,0.97388765028015334,0.14258430014018159,0.14428764263578231,0.97412299415565984,0.053865836737980406,0.14428764263578231,1
C_dt_half,4,5.0000000000000002e-05,368,0.0184,0.14661912102917138,1.0667595044966508e-05,0.14661912102917138,4.3554768887647116e-06,0.00017081584816378969,0.00017081584816378969,4.4688044867902121e-06,0.93750295072179479,0.99999948633253188,0.97388550681590824,0.14257068595050776,0.14427509365535687,0.97412111519611244,0.053860700676198033,0.14427509365535687,1
C_dt_half,4,5.0000000000000002e-05,369,0.018450000000000001,0.14661276810746812,1.0696066910318446e-05,0.14661276810746812,4.367101422532502e-06,0.0001712697147685748,0.0001712697147685748,4.4806038534961345e-06,0.93750294936069523,0.99999948488069768,0.97388336026144418,0.14255707331527043,0.14426254594203072,0.97411923616609941,0.053855565283870407,0.14426254594203072,1
C_dt_half,4,5.0000000000000002e-05,370,0.018500000000000003,0.1466064156114168,1.072453601784842e-05,0.1466064156114168,4.3787248303618819e-06,0.00017172352647585641,0.00017172352647585641,4.4924013820057951e-06,0.93750294799931622,0.99999948342856537,0.97388121061655508,0.14254346223425496,0.14424999949567308,0.97411735706562619,0.053850430560899144,0.14424999949567308,1
C_dt_half,4,5.0000000000000002e-05,371,0.018550000000000001,0.14660006354207419,1.0753002367893611e-05,0.14660006354207419,4.3903471124012056e-06,0.00017217728329106883,0.00017217728329106883,4.5041970730963499e-06,0.9375029466376571,0.99999948197613431,0.97387905788104445,0.14252985270729354,0.1442374543161393,0.97411547789471009,0.053845296507203648,0.1442374543161393,1
C_dt_half,4,5.0000000000000002e-05,372,0.018600000000000002,0.14659371189877485,1.0781465960731902e-05,0.14659371189877485,4.4019682687760321e-06,0.00017263098522689213,0.00017263098522689213,4.5159909265457543e-06,0.93750294527571831,0.99999948052340493,0.97387690205470168,0.14251624473417177,0.14422491040328425,0.97411359865334846,0.053840163122685546,0.14422491040328425,1
C_dt_half,4,5.0000000000000002e-05,373,0.01865,0.14658736068278491,1.0809926796756059e-05,0.14658736068278491,4.4135882996577808e-06,0.0001730846322869492,0.0001730846322869492,4.5277829426870753e-06,0.93750294391349998,0.99999947907037734,0.97387474313734623,0.14250263831469923,0.14421236775700974,0.97411171934157126,0.05383503040725561,0.14421236775700974,1
C_dt_half,4,5.0000000000000002e-05,374,0.018700000000000001,0.14658100989046932,1.0838384876078233e-05,0.14658100989046932,4.4252072051041395e-06,0.00017353822447667433,0.00017353822447667433,4.5395731215203128e-06,0.93750294255100231,0.99999947761705177,0.97387258112875452,0.14248903344868352,0.14419982637712772,0.97410983995936828,0.053829898360823983,0.14419982637712772,1
C_dt_half,4,5.0000000000000002e-05,375,0.018749999999999999,0.14657465952606685,1.0866840199293632e-05,0.14657465952606685,4.4368249853690564e-06,0.00017399176181237051,0.00017399176181237051,4.551361463822623e-06,0.93750294118822519,0.99999947616342821,0.97387041602875812,0.1424754301359126,0.14418728626354163,0.97410796050678194,0.053824766983293228,0.14418728626354163,1
C_dt_half,4,5.0000000000000002e-05,376,0.018800000000000001,0.14656830958764966,1.0895292766570976e-05,0.14656830958764966,4.4484416405328319e-06,0.00017444524429403773,0.00017444524429403773,4.5631479692609389e-06,0.9375029398251683,0.99999947470950612,0.9738682478371522,0.14246182837622498,0.14417474741609154,0.97410608098381579,0.053819636274585046,0.14417474741609154,1
C_dt_half,4,5.0000000000000002e-05,377,0.018850000000000002,0.14656196007456684,1.0923742578282498e-05,0.14656196007456684,4.4600571707595083e-06,0.00017489867193435607,0.00017489867193435607,4.5749326382793498e-06,0.93750293846183219,0.99999947325528626,0.9738660765537307,0.14244822816939509,0.14416220983465308,0.97410420139047516,0.053814506234596923,0.14416220983465308,1
C_dt_half,4,5.0000000000000002e-05,378,0.0189,0.14655561098660494,1.0952189634653329e-05,0.14655561098660494,4.471671576151525e-06,0.00017535204473513699,0.00017535204473513699,4.5867154712109226e-06,0.93750293709821675,0.99999947180076854,0.97386390217828878,0.14243462951526134,0.14414967351912597,0.97410232172676725,0.053809376863250644,0.14414967351912597,1
C_dt_half,4,5.0000000000000002e-05,379,0.018950000000000002,0.14654926232480264,1.0980633936148057e-05,0.14654926232480264,4.4832848569099464e-06,0.00017580536271087199,0.00017580536271087199,4.5984964680556573e-06,0.93750293573432186,0.9999994703459526,0.97386172471066534,0.1424210324135988,0.14413713846932716,0.97410044199274293,0.053804248160443949,0.14413713846932716,1
C_dt_half,4,5.0000000000000002e-05,380,0.019,0.14654291408705214,1.1009075482897977e-05,0.14654291408705214,4.4948970131011222e-06,0.00017625862586518394,0.00017625862586518394,4.6102756289245761e-06,0.93750293437014776,0.99999946889083891,0.97385954415057974,0.14240743686422144,0.14412460468514007,0.97409856218833168,0.053799120126089311,0.14412460468514007,1
C_dt_half,4,5.0000000000000002e-05,381,0.019050000000000001,0.14653656627752243,1.1037514275424579e-05,0.14653656627752243,4.5065080449478247e-06,0.00017671183420713007,0.00017671183420713007,4.6220529540397237e-06,0.93750293300569421,0.99999946743542711,0.97385736049794724,0.14239384286693774,0.1441120721664059,0.97409668231365787,0.053793992760097054,0.1441120721664059,1
C_dt_half,4,5.0000000000000002e-05,382,0.019100000000000002,0.14653021889576662,1.1065950314026701e-05,0.14653021889576662,4.5181179525837945e-06,0.00017716498774395613,0.00017716498774395613,4.6338284439562116e-06,0.93750293164096121,0.99999946597971723,0.97385517375246955,0.14238025042154362,0.14409954091299854,0.97409480236863566,0.053788866062372966,0.14409954091299854,1
C_dt_half,4,5.0000000000000002e-05,383,0.01915,0.14652387193678212,1.1094383598835042e-05,0.14652387193678212,4.5297267360745343e-06,0.00017761808648290785,0.00017761808648290785,4.6456020986740398e-06,0.93750293027594922,0.9999994645237098,0.9738529839140232,0.14236665952785937,0.14408701092482359,0.97409292235334988,0.053783740032831748,0.14408701092482359,1
C_dt_half,4,5.0000000000000002e-05,384,0.019200000000000002,0.14651752540161248,1.1122814130204564e-05,0.14651752540161248,4.5413343955758075e-06,0.00017807113042941959,0.00017807113042941959,4.6573739184152529e-06,0.93750292891065834,0.99999946306740484,0.9738507909823737,0.14235307018569246,0.14407448220169297,0.9740910422677781,0.053778614671383486,0.14407448220169297,1
C_dt_half,4,5.0000000000000002e-05,385,0.01925,0.14651117929603827,1.1151241908692846e-05,0.14651117929603827,4.5529409313262258e-06,0.00017852411959617143,0.00017852411959617143,4.6691439036239402e-06,0.93750292754508768,0.99999946161080144,0.97384859495731102,0.14233948239484248,0.14406195474347538,0.97408916211192054,0.05377348997793524,0.14406195474347538,1
C_dt_half,4,5.0000000000000002e-05,386,0.019300000000000001,0.14650483361178415,1.1179666934300197e-05,0.14650483361178415,4.5645463433380273e-06,0.0001789770539904091,0.0001789770539904091,4.6809120539670346e-06,0.93750292617923847,0.99999946015390095,0.97384639583868526,0.14232589615511904,0.14404942855008965,0.97408728188583771,0.053768365952397812,0.14404942855008965,1
C_dt_half,4,5.0000000000000002e-05,387,0.019350000000000003,0.14649848835626458,1.1208089207604786e-05,0.14649848835626458,4.5761506318583998e-06,0.00017942993361756696,0.00017942993361756696,4.6926783704437369e-06,0.93750292481310993,0.99999945869670248,0.9738441936262493,0.14231231146632298,0.14403690362135002,0.97408540158949219,0.053763242594678781,0.14403690362135002,1
C_dt_half,4,5.0000000000000002e-05,388,0.019400000000000001,0.14649214352432449,1.1236508728775579e-05,0.14649214352432449,4.5877537969676352e-06,0.00017988275848307926,0.00017988275848307926,4.7044428527209803e-06,0.9375029234467025,0.99999945723920658,0.97384198831983271,0.1422987283282578,0.14402437995715103,0.97408352122292452,0.053758119904686597,0.14402437995715103,1
C_dt_half,4,5.0000000000000002e-05,389,0.019450000000000002,0.14648579911862375,1.1264925498183893e-05,0.14648579911862375,4.5993558388284597e-06,0.00018033552860143761,0.00018033552860143761,4.7162055010208093e-06,0.93750292208001607,0.99999945578141314,0.9738397799192422,0.14228514674074233,0.14401185755733475,0.97408164078614912,0.053752997882335583,0.14401185755733475,1
C_dt_half,4,5.0000000000000002e-05,390,0.0195,0.14647945513853133,1.1293339516110711e-05,0.14647945513853133,4.6109567575678544e-06,0.00018078824397264195,0.00018078824397264195,4.7279663154542462e-06,0.93750292071305064,0.99999945432332193,0.97383756842426938,0.14227156670357308,0.14399933642178947,0.97407976027917031,0.053747876527531692,0.14399933642178947,1
C_dt_half,4,5.0000000000000002e-05,391,0.019550000000000001,0.14647311158404661,1.1321750783001799e-05,0.14647311158404661,4.6225565533776461e-06,0.00018124090461118383,0.00018124090461118383,4.7397252969094694e-06,0.93750291934580599,0.99999945286493297,0.97383535383472031,0.14225798821655583,0.14398681655034001,0.97407787970200288,0.053742755840184279,0.14398681655034001,1
C_dt_half,4,5.0000000000000002e-05,392,0.019599999999999999,0.14646676845575521,1.1350159299064153e-05,0.14646676845575521,4.6341552263552012e-06,0.00018169351052068613,0.00018169351052068613,4.7514824449423898e-06,0.93750291797828245,0.99999945140624658,0.97383313615036371,0.14224441127948814,0.14397429794288871,0.97407599905462672,0.05373763582019965,0.14397429794288871,1
C_dt_half,4,5.0000000000000002e-05,393,0.019650000000000001,0.14646042575182575,1.1378565064595038e-05,0.14646042575182575,4.6457527766328017e-06,0.00018214606171020601,0.00018214606171020601,4.7632377598860742e-06,0.93750291661048046,0.99999944994726309,0.97383091537105393,0.14223083589217519,0.14396178059926568,0.97407411833710233,0.05373251646748689,0.14396178059926568,1
C_dt_half,4,5.0000000000000002e-05,394,0.019700000000000002,0.14645408347206068,1.1406968079892905e-05,0.14645408347206068,4.657349204343142e-06,0.00018259855818698929,0.00018259855818698929,4.7749912424066565e-06,0.9375029152423997,0.99999944848798228,0.9738286914965687,0.14221726205444737,0.14394926451937901,0.97407223754942374,0.053727397781964913,0.14394926451937901,1
C_dt_half,4,5.0000000000000002e-05,395,0.01975,0.14644774161886917,1.1435368345404498e-05,0.14644774161886917,4.6689445096805078e-06,0.00018305099995828168,0.00018305099995828168,4.7867428920600474e-06,0.93750291387403994,0.99999944702840393,0.97382646452670341,0.14220368976609868,0.14393674970308898,0.9740703566915907,0.053722279763538522,0.14393674970308898,1
C_dt_half,4,5.0000000000000002e-05,396,0.019800000000000002,0.14644140019162724,1.1463765861318715e-05,0.14644140019162724,4.6805386927335886e-06,0.00018350338703132898,0.00018350338703132898,4.7984927097344254e-06,0.93750291250540174,0.99999944556852849,0.9738242344612863,0.14219011902693615,0.14392423615022068,0.97406847576363975,0.053717162412117478,0.14392423615022068,1
C_dt_half,4,5.0000000000000002e-05,397,0.01985,0.14643505918872859,1.149216062807892e-05,0.14643505918872859,4.6921317536940425e-06,0.00018395571941881125,0.00018395571941881125,4.8102406947636567e-06,0.93750291113648454,0.99999944410835551,0.97382200130009156,0.14217654983675451,0.14391172386065448,0.97406659476555879,0.053712045727607224,0.14391172386065448,1
C_dt_half,4,5.0000000000000002e-05,398,0.019900000000000001,0.14642871860956927,1.1520552645820353e-05,0.14642871860956927,4.7037236926291824e-06,0.00018440799711891704,0.00018440799711891704,4.8219868481469419e-06,0.93750290976728912,0.99999944264788576,0.97381976504295087,0.14216298219537465,0.14389921283428486,0.97406471369738867,0.05370692970992285,0.14389921283428486,1
C_dt_half,4,5.0000000000000002e-05,399,0.019950000000000002,0.14642237845813236,1.1548941915024473e-05,0.14642237845813236,4.7153145097457003e-06,0.00018486022014794931,0.00018486022014794931,4.8337311699953034e-06,0.9375029083978148,0.99999944118711848,0.97381752568964686,0.14214941610257573,0.14388670307091292,0.97406283255912196,0.053701814358963706,0.14388670307091292,1
C_dt_half,4,5.0000000000000002e-05,400,0.02,0.14641603873121933,1.1577328436008377e-05,0.14641603873121933,4.72690420518598e-06,0.0001853123885113424,0.0001853123885113424,4.8454736601977189e-06,0.93750290702806216,0.99999943972605432,0.97381528323999988,0.14213585155819958,0.14387419457045664,0.97406095135078563,0.053696699674652772,0.14387419457045664,1
